name1,name2,distance,group
Vanessa,Vivien,0.9590269923210144,FF
Sara,Vanessa,0.9626211524009703,FF
Emma,Vivien,1.0289841890335083,FF
Bell,Doughnut,1.0332728624343872,FF
Camila,Millie,1.0726385116577148,FF
Bell,Jenna,1.085882306098938,FF
April,SabrinatheWitch,1.088872313499451,FF
Sara,Vivien,1.089726209640503,FF
Camila,Jenna,1.103798270225525,FF
Bell,Camila,1.1082583665847778,FF
Doughnut,Jenna,1.111775279045105,FF
Avery,Nana,1.1119900941848757,FF
Nia,Nova,1.1283468008041382,FF
Camila,Lindsay,1.1450735330581665,FF
Camila,Doughnut,1.1508530378341677,FF
Amber,Echo,1.1790531873703003,FF
Jennifer,ReporterCatalina,1.1810463666915894,FF
Abigail,Amber,1.1847554445266724,FF
Emma,Vanessa,1.1847639083862305,FF
Lindsay,Millie,1.188029646873474,FF
Kristen,Skylar,1.1884342432022097,FF
MrsClaus,Sophia,1.1984766721725464,FF
Helena,Jenna,1.2059142589569092,FF
Alex,Emma,1.2118991613388062,FF
Charlotte,Olivia,1.2135331630706787,FF
Carol,Lydia,1.2184773683547974,FF
Amber,Athena,1.222094178199768,FF
Jennifer,Nana,1.2294434309005735,FF
Margaret,ReporterCatalina,1.2295290231704712,FF
Liz,Olivia,1.233863353729248,FF
Bell,Lindsay,1.2347272634506226,FF
Jenna,Lydia,1.2398523092269895,FF
Avery,Harper,1.2490041255950928,FF
Emma,Sara,1.250396966934204,FF
Carol,Nana,1.2562543153762815,FF
Doughnut,Lydia,1.257535099983215,FF
Jenna,Lindsay,1.261005997657776,FF
Patricia,Riley,1.261947512626648,FF
Liz,Starling,1.2703438997268677,FF
Nana,ReporterCatalina,1.2744156122207642,FF
Bell,Lydia,1.282335638999939,FF
Jodie,SabrinatheWitch,1.2836909294128418,FF
Abigail,April,1.288442850112915,FF
Bell,Millie,1.290594458580017,FF
Abigail,Echo,1.2919213771820068,FF
Norah,Nova,1.2923544645309448,FF
Lydia,Natalie,1.2955337762832642,FF
Chloe,Nova,1.2997137308120728,FF
Lydia,Rebecca,1.3053855895996094,FF
Abigail,MrsClaus,1.3253026008605957,FF
Jenna,Liz,1.3296966552734375,FF
Kelsey,Olivia,1.332624435424805,FF
Lydia,Stephanie,1.337934136390686,FF
Lindsay,Stephanie,1.3448880910873413,FF
Abigail,Rebecca,1.3459211587905884,FF
Avery,Carol,1.3461514711380005,FF
Nova,Skylar,1.347051739692688,FF
Lydia,Margaret,1.3479775190353394,FF
Alex,Vivien,1.3496102094650269,FF
Alex,Lindsay,1.3501943349838257,FF
Kristen,Nova,1.3515933752059937,FF
Echo,Rebecca,1.3532729148864746,FF
Liz,Lydia,1.354244828224182,FF
AnnabelletheGhost,Stephanie,1.3546901941299438,FF
Lydia,Olivia,1.3554301261901855,FF
Janet,Tessa,1.365648865699768,FF
Carol,Natalie,1.3669222593307495,FF
Jennifer,Margaret,1.366949200630188,FF
Carol,Kelsey,1.367617130279541,FF
AnnabelletheGhost,Lindsay,1.3719953298568726,FF
Harper,Katie,1.3721590042114258,FF
AnnabelletheGhost,Olivia,1.3772501945495603,FF
Jenna,Millie,1.3783355951309204,FF
Abigail,Athena,1.3792824745178225,FF
Helena,Liz,1.3804850578308103,FF
Charlotte,Jodie,1.3842549324035645,FF
Helena,Vanessa,1.3876686096191406,FF
Amber,Kristen,1.3878058195114136,FF
April,Norah,1.3910211324691772,FF
Norah,SabrinatheWitch,1.3915787935256958,FF
Chloe,Natalie,1.3930236101150513,FF
Doughnut,Helena,1.3948116302490234,FF
Alex,Vanessa,1.3972800970077517,FF
Abigail,Natalie,1.401756763458252,FF
Carol,Stephanie,1.4038180112838743,FF
Carol,ReporterCatalina,1.4048773050308228,FF
Athena,Patricia,1.4062522649765017,FF
Helena,Lydia,1.408113956451416,FF
April,MrsClaus,1.4091492891311646,FF
AnnabelletheGhost,SabrinatheWitch,1.4106823205947876,FF
Athena,Echo,1.410938739776611,FF
Bell,Stephanie,1.4113553762435913,FF
MrsClaus,SabrinatheWitch,1.411476492881775,FF
Amber,Natalie,1.4116826057434082,FF
Doughnut,Liz,1.4157270193099976,FF
Mia,Rebecca,1.4168157577514648,FF
Jenna,Stephanie,1.4199284315109253,FF
Audrey,Natalie,1.421545386314392,FF
MrsClaus,Samantha,1.421995759010315,FF
Lydia,SabrinatheWitch,1.4220741987228394,FF
Alex,Sara,1.4223837852478027,FF
Doughnut,Lindsay,1.42350971698761,FF
Camila,Lydia,1.4241379499435425,FF
Charlotte,SabrinatheWitch,1.4248775243759155,FF
Shana,Sylvia,1.425818920135498,FF
Kelsey,ReporterCatalina,1.426313400268555,FF
Lydia,Nana,1.4272089004516602,FF
Katie,Samantha,1.428338885307312,FF
Olivia,SabrinatheWitch,1.4303017854690552,FF
Kelsey,Liz,1.4309048652648926,FF
Margaret,Rita,1.4318760633468628,FF
Carol,Olivia,1.4321292638778689,FF
Amber,MrsClaus,1.433215618133545,FF
Athena,Samantha,1.434350609779358,FF
Lindsay,Olivia,1.4385700225830078,FF
Alex,Bell,1.4387844800949097,FF
Carol,Margaret,1.4395040273666382,FF
Camila,Helena,1.440466046333313,FF
Claire,Margaret,1.4446371793746948,FF
Amber,Rebecca,1.4451998472213743,FF
Kristen,Norah,1.4454870223999023,FF
Harper,Lindsay,1.4458850622177124,FF
Harper,Jenna,1.4460114240646362,FF
Kristen,Natalie,1.4462575912475586,FF
Nia,Skylar,1.4482170343399048,FF
April,Echo,1.4482415914535522,FF
Harper,Lydia,1.4490199089050293,FF
Avery,Natalie,1.449302077293396,FF
Mia,Sylvia,1.451987624168396,FF
Amber,April,1.4524773359298706,FF
Nana,Natalie,1.4536266326904297,FF
Emma,Harper,1.453933835029602,FF
Maisie,Sylvia,1.45498788356781,FF
Maisie,Natalie,1.4577583074569702,FF
Angela,Claire,1.4600297212600708,FF
Lydia,Maisie,1.4605120420455933,FF
Jodie,Lydia,1.462391018867493,FF
Echo,Natalie,1.462557315826416,FF
Kelsey,Nana,1.4630203247070312,FF
Emma,Lindsay,1.4640976190567017,FF
Carol,Rebecca,1.4642022848129272,FF
Natalie,Norah,1.464496612548828,FF
April,Athena,1.4646631479263306,FF
AnnabelletheGhost,Helena,1.4653316736221311,FF
Bell,Helena,1.4656676054000854,FF
April,Rebecca,1.466275691986084,FF
Rebecca,Verna,1.4670462608337402,FF
Oliver,Verna,1.4671629667282104,FF
Avery,Jennifer,1.4686040878295898,FF
Oliver,Tessa,1.4689465761184692,FF
Lydia,Vanessa,1.4702987670898438,FF
Kelsey,Natalie,1.4704605340957642,FF
Doughnut,Millie,1.4714347124099731,FF
Lindsay,Lydia,1.471706748008728,FF
Camila,Stephanie,1.4722485542297363,FF
Camila,Liz,1.4730244874954224,FF
Katie,Lydia,1.4733818769454956,FF
Carol,Jenna,1.4742439985275269,FF
Harper,Natalie,1.474423050880432,FF
Samantha,Sophia,1.4748252630233765,FF
Charlotte,Lydia,1.4748455286026,FF
Abigail,Verna,1.4776434898376465,FF
Abigail,Lydia,1.4783424139022827,FF
Nana,SabrinatheWitch,1.4783505201339722,FF
Jenna,Vanessa,1.4796525239944458,FF
Carol,SabrinatheWitch,1.4796770811080933,FF
Shana,Victoria,1.4803284406661987,FF
Helena,Lindsay,1.4813488721847534,FF
Caitlyn,Vivien,1.481393337249756,FF
Margaret,Natalie,1.4828602075576782,FF
AnnabelletheGhost,Rebecca,1.483188271522522,FF
Abigail,Nova,1.4834638833999634,FF
Margaret,Nana,1.4850783348083496,FF
Harper,Vanessa,1.485089898109436,FF
Glenda,ReporterCatalina,1.4859126806259155,FF
Claire,Sylvia,1.4860743284225464,FF
Jenna,Starling,1.4861723184585571,FF
Camila,Nana,1.486227035522461,FF
Natalie,SabrinatheWitch,1.487712264060974,FF
Jenna,Olivia,1.4883912801742554,FF
Nia,Norah,1.4886435270309448,FF
Amber,Chloe,1.4886727333068848,FF
Abigail,Mia,1.4890278577804563,FF
Helena,Olivia,1.4910439252853394,FF
Rebecca,Stephanie,1.4911822080612185,FF
Athena,Natalie,1.4929184913635254,FF
Doughnut,Stephanie,1.4934258460998535,FF
Echo,Nova,1.4936858415603638,FF
Natalie,Rachel,1.4937571287155151,FF
Norah,Skylar,1.4941989183425903,FF
Harper,Norah,1.4946203231811523,FF
Rebecca,SabrinatheWitch,1.4947772026062012,FF
Jennifer,Lydia,1.4955692291259766,FF
Claire,Shana,1.4959720373153689,FF
Carol,Liz,1.496051788330078,FF
Avery,ReporterCatalina,1.4980201721191406,FF
Amber,Jodie,1.4985421895980835,FF
Rachel,Shana,1.4986733198165894,FF
Charlotte,Helena,1.4987891912460327,FF
AnnabelletheGhost,Bell,1.5006948709487915,FF
AnnabelletheGhost,Camila,1.5017484426498413,FF
Carol,Harper,1.5021095275878906,FF
Jodie,Olivia,1.5021878480911257,FF
Lydia,ReporterCatalina,1.502848505973816,FF
Harper,Nana,1.503219485282898,FF
April,Nova,1.5036271810531616,FF
Mia,Norah,1.503859519958496,FF
Rachel,Sylvia,1.5050477981567385,FF
Amber,Lydia,1.5054351091384888,FF
Abigail,SabrinatheWitch,1.5057592391967771,FF
Shana,Vivien,1.5066882371902466,FF
Helena,Kelsey,1.508331298828125,FF
April,Chloe,1.5090879201889038,FF
AnnabelletheGhost,Doughnut,1.5101298093795776,FF
Abigail,Sylvia,1.5101855993270874,FF
Glenda,Rachel,1.510627269744873,FF
Mia,Nia,1.511001706123352,FF
Natalie,Sylvia,1.512977123260498,FF
Catherine,Sylvia,1.513319492340088,FF
Nova,Vivien,1.5133728981018066,FF
AnnabelletheGhost,Charlotte,1.5140303373336792,FF
Caitlyn,Nova,1.5143966674804688,FF
Lindsay,Liz,1.514593482017517,FF
Patricia,Samantha,1.515760064125061,FF
Angela,Shana,1.516814112663269,FF
April,Natalie,1.5168722867965698,FF
Grace,Margot,1.5176424980163574,FF
Shana,Skylar,1.5179227590560913,FF
Lydia,Sylvia,1.5181268453598022,FF
Echo,Norah,1.5182757377624512,FF
April,Patricia,1.5217691659927368,FF
Charlotte,Liz,1.522247314453125,FF
Echo,Verna,1.5229172706604004,FF
Avery,Kelsey,1.5230140686035156,FF
April,Carol,1.523342251777649,FF
Natalie,Samantha,1.523664116859436,FF
Natalie,Olivia,1.5242539644241333,FF
Natalie,Shana,1.5242986679077148,FF
Nana,Stephanie,1.5245281457901,FF
Nova,Verna,1.5247329473495483,FF
Katie,Margaret,1.526448130607605,FF
Carol,Echo,1.526544213294983,FF
Kelsey,Lydia,1.5265628099441528,FF
Claire,Nana,1.5267963409423828,FF
Chloe,ReporterCatalina,1.5270904302597046,FF
Natalie,ReporterCatalina,1.5281906127929688,FF
Chloe,Sylvia,1.528784155845642,FF
Alex,Camila,1.5289875268936155,FF
Bell,Liz,1.5290590524673462,FF
Abigail,Jodie,1.529667854309082,FF
Lydia,Norah,1.5302914381027222,FF
Harper,Vivien,1.5303597450256348,FF
Amber,Nova,1.53081214427948,FF
Amber,Sophia,1.532855987548828,FF
ReporterCatalina,SabrinatheWitch,1.533830165863037,FF
Norah,Rebecca,1.5356287956237793,FF
Nana,Norah,1.535658836364746,FF
April,Lydia,1.5358365774154663,FF
Avery,Jenna,1.5359050035476685,FF
Harper,Skylar,1.5359697341918943,FF
Jennifer,Kelsey,1.53691828250885,FF
Olivia,Stephanie,1.537030577659607,FF
Lindsay,Nana,1.5370696783065796,FF
Kelsey,Rachel,1.5378369092941284,FF
Abigail,Victoria,1.5378693342208862,FF
AnnabelletheGhost,Jenna,1.538440823554993,FF
Norah,Samantha,1.5384982824325562,FF
April,Sophia,1.5387810468673706,FF
Catherine,Rachel,1.5392441749572754,FF
Lydia,Sara,1.539663314819336,FF
Nia,Oliver,1.5396934747695925,FF
Athena,MrsClaus,1.539887309074402,FF
Chloe,Olivia,1.5400103330612185,FF
AnnabelletheGhost,Liz,1.540958046913147,FF
Angela,Nova,1.5436482429504397,FF
Avery,Lydia,1.5455816984176636,FF
Helena,Vivien,1.5456055402755735,FF
Doughnut,Olivia,1.5459165573120115,FF
Nova,Shana,1.5463849306106567,FF
Claire,Jennifer,1.5464749336242676,FF
Olivia,ReporterCatalina,1.546889305114746,FF
Nova,Paige,1.5474247932434082,FF
Oliver,Shana,1.5474909543991089,FF
MrsClaus,Tessa,1.5478378534317017,FF
Emma,Jenna,1.5478724241256714,FF
Carol,Charlotte,1.5479429960250854,FF
Margaret,Sylvia,1.548392653465271,FF
Caitlyn,Norah,1.548411250114441,FF
Chloe,Norah,1.548632264137268,FF
Chloe,Maisie,1.549718737602234,FF
Amber,Norah,1.5500235557556152,FF
Natalie,Nova,1.5505026578903198,FF
MrsClaus,Natalie,1.5508413314819336,FF
Lucille,Victoria,1.553017020225525,FF
Charlotte,Sylvia,1.5533561706542969,FF
Katie,Stephanie,1.554438233375549,FF
Abigail,Margaret,1.5548001527786257,FF
SabrinatheWitch,Verna,1.5558761358261108,FF
MrsClaus,Norah,1.5560827255249023,FF
Katie,SabrinatheWitch,1.5564250946044922,FF
Jenna,Margaret,1.5566776990890503,FF
Liz,Stephanie,1.556970715522766,FF
Jodie,Natalie,1.557184815406799,FF
Carol,Maisie,1.5577071905136108,FF
Camila,Harper,1.5578464269638062,FF
Abigail,Norah,1.5582042932510376,FF
Jenna,Kelsey,1.559598088264465,FF
Jenna,Katie,1.5596922636032104,FF
Abigail,ReporterCatalina,1.5597352981567385,FF
Lydia,Vivien,1.5606809854507446,FF
SabrinatheWitch,Stephanie,1.5613102912902832,FF
Claire,Natalie,1.561825394630432,FF
Carol,Vanessa,1.5619291067123413,FF
Lindsay,Vanessa,1.5626064538955688,FF
Echo,Kristen,1.5642765760421753,FF
Mia,Nova,1.5647770166397097,FF
Mia,Verna,1.565104842185974,FF
Charlotte,Jennifer,1.565323829650879,FF
April,Samantha,1.5660127401351929,FF
Carol,Helena,1.5662530660629272,FF
Avery,Norah,1.5671483278274536,FF
Natalie,Skylar,1.5673807859420776,FF
AnnabelletheGhost,Millie,1.568006992340088,FF
Jodie,Sylvia,1.568325161933899,FF
Lydia,Starling,1.568625807762146,FF
Kelsey,Margaret,1.568832516670227,FF
Rachel,Vivien,1.5689992904663086,FF
Chloe,Kristen,1.5690913200378418,FF
Amber,Margaret,1.5691975355148315,FF
Tessa,Verna,1.5692235231399536,FF
Nova,Rebecca,1.5693551301956177,FF
Charlotte,Chloe,1.5699691772460938,FF
Echo,MrsClaus,1.5709675550460815,FF
Natalie,Rebecca,1.571205735206604,FF
Harper,Margaret,1.5714179277420044,FF
Alex,Doughnut,1.5715750455856323,FF
Helena,Sylvia,1.5722018480300903,FF
Millie,Starling,1.5724902153015137,FF
Jennifer,Natalie,1.572512984275818,FF
Camila,Carol,1.5728449821472168,FF
Natalie,Vanessa,1.5732804536819458,FF
Norah,Sylvia,1.573447585105896,FF
Camila,Olivia,1.573844075202942,FF
Carol,Chloe,1.5744495391845703,FF
Chloe,Skylar,1.575190544128418,FF
Abigail,Kristen,1.5752242803573608,FF
Natalie,Patricia,1.5753229856491089,FF
April,Jodie,1.5761269330978394,FF
Carol,Sara,1.5763702392578125,FF
Amber,Carol,1.5765331983566284,FF
Catherine,Claire,1.5766515731811523,FF
Abigail,Sophia,1.5770946741104126,FF
Liz,Natalie,1.5772088766098022,FF
Kristen,Nia,1.5777724981307983,FF
Camila,Starling,1.5778498649597168,FF
Athena,Kristen,1.578515887260437,FF
April,Charlotte,1.578542709350586,FF
Maisie,Mia,1.5787864923477173,FF
Amber,SabrinatheWitch,1.5788475275039673,FF
Jodie,Liz,1.5789709091186523,FF
Helena,Millie,1.5796104669570925,FF
Jennifer,Starling,1.5798920392990112,FF
Harper,Jennifer,1.5799371004104614,FF
Jodie,Viqqie,1.579938530921936,FF
Echo,Oliver,1.5801855325698853,FF
Camila,Charlotte,1.5802645683288574,FF
Abigail,Samantha,1.5806492567062378,FF
Carol,Katie,1.5811233520507812,FF
Chloe,Patricia,1.581147074699402,FF
Millie,Nana,1.5819512605667114,FF
Rachel,ReporterCatalina,1.582093596458435,FF
Abigail,Chloe,1.5825252532958984,FF
Nia,Shana,1.5827999114990234,FF
Carol,Doughnut,1.583362698554993,FF
Echo,Margaret,1.583798050880432,FF
Camila,Emma,1.5840197801589966,FF
Echo,Nia,1.584455132484436,FF
AnnabelletheGhost,Lydia,1.584579348564148,FF
Skylar,Vivien,1.5846747159957886,FF
Abigail,Maisie,1.5854114294052124,FF
Natalie,Vivien,1.5861196517944336,FF
Jennifer,Liz,1.5865463018417358,FF
April,Verna,1.5866131782531738,FF
Nana,Olivia,1.5889812707901,FF
Tessa,Vivien,1.5898090600967407,FF
Rebecca,Vanessa,1.5898257493972778,FF
Echo,Patricia,1.5902217626571655,FF
Kristen,MrsClaus,1.5904806852340698,FF
Carol,Norah,1.591145634651184,FF
Chloe,Vivien,1.5915158987045288,FF
Athena,Margaret,1.591529369354248,FF
Chloe,Lydia,1.5919359922409058,FF
Abigail,Shana,1.5920408964157104,FF
Jenna,Vivien,1.59280264377594,FF
Jodie,Margaret,1.593025803565979,FF
Emma,Lydia,1.5935083627700806,FF
Margaret,Samantha,1.5935250520706177,FF
Helena,Stephanie,1.5938396453857422,FF
April,Sylvia,1.59398353099823,FF
Angela,Kristen,1.5946999788284302,FF
Carol,Jennifer,1.5950498580932615,FF
Camila,Katie,1.5956159830093384,FF
Angela,Skylar,1.5959495306015017,FF
April,Katie,1.595955491065979,FF
AnnabelletheGhost,Vanessa,1.596086502075195,FF
Millie,Stephanie,1.5962485074996948,FF
Lydia,Shana,1.5970025062561035,FF
Abigail,Vanessa,1.5972751379013062,FF
Emma,Helena,1.5976051092147827,FF
Camila,Claire,1.598462462425232,FF
Margaret,Shana,1.599039077758789,FF
Claire,Lydia,1.599388599395752,FF
ReporterCatalina,Samantha,1.599508285522461,FF
Natalie,Sophia,1.5997234582901,FF
Norah,ReporterCatalina,1.5997906923294067,FF
Echo,Mia,1.60014808177948,FF
Helena,Natalie,1.600256323814392,FF
Carol,Tessa,1.6004122495651243,FF
ReporterCatalina,Shana,1.6006765365600586,FF
SabrinatheWitch,Samantha,1.600754737854004,FF
Jenna,Jennifer,1.6008620262145996,FF
Catherine,Doughnut,1.6014456748962402,FF
Harper,Rebecca,1.602989673614502,FF
Amber,Shana,1.603212833404541,FF
Audrey,Nova,1.603548526763916,FF
Avery,Margaret,1.6043297052383425,FF
Alex,Jenna,1.6045236587524414,FF
Sylvia,Vivien,1.6047402620315552,FF
April,ReporterCatalina,1.6050647497177124,FF
MrsClaus,Shana,1.6055320501327517,FF
Liz,Vanessa,1.6057043075561523,FF
Nia,Tessa,1.6057204008102417,FF
Avery,Skylar,1.6057676076889038,FF
Claire,Harper,1.606031894683838,FF
Chloe,Margaret,1.6061118841171265,FF
Glenda,Jennifer,1.6063143014907837,FF
Liz,ReporterCatalina,1.6069369316101074,FF
Katie,Rita,1.6071704626083374,FF
Lydia,Millie,1.6071845293045044,FF
Audrey,Rachel,1.607221603393555,FF
Harper,Nova,1.6075068712234497,FF
Harper,Stephanie,1.607514500617981,FF
Angela,Vivien,1.6076226234436035,FF
Emma,Liz,1.607643485069275,FF
Angela,Margaret,1.607648849487305,FF
Janet,Verna,1.6081897020339966,FF
Amber,Victoria,1.6082340478897097,FF
Charlotte,Margaret,1.6083132028579712,FF
Lydia,Mia,1.608685851097107,FF
Jenna,Natalie,1.6087013483047483,FF
Avery,Claire,1.6098318099975586,FF
Avery,Camila,1.609881043434143,FF
Carol,Lindsay,1.6099847555160522,FF
April,Olivia,1.6102296113967896,FF
Verna,Vivien,1.612047553062439,FF
Charlotte,ReporterCatalina,1.612254023551941,FF
Margaret,Olivia,1.612284779548645,FF
Helena,Sara,1.612601637840271,FF
Carol,Jodie,1.6126275062561035,FF
Chloe,Rachel,1.6128559112548828,FF
Chloe,Vanessa,1.612989902496338,FF
Rita,Samantha,1.6133114099502563,FF
Maisie,Margaret,1.6135891675949097,FF
Bell,Olivia,1.6136492490768433,FF
Jenna,Nana,1.614205837249756,FF
Caitlyn,Natalie,1.6142807006835938,FF
Caitlyn,Nana,1.6143559217453003,FF
Shana,Verna,1.614368557929993,FF
Nova,SabrinatheWitch,1.6145401000976562,FF
Athena,Jodie,1.6148008108139038,FF
Abigail,Nia,1.615134835243225,FF
Rita,Sophia,1.6152037382125854,FF
Angela,Victoria,1.6153799295425415,FF
Echo,Tessa,1.615519404411316,FF
Sophia,Sylvia,1.6166871786117554,FF
ReporterCatalina,Sylvia,1.617210030555725,FF
SabrinatheWitch,Shana,1.6173542737960815,FF
Doughnut,Starling,1.617503046989441,FF
Nova,Vanessa,1.6175899505615234,FF
Claire,Vivien,1.6180377006530762,FF
Liz,Millie,1.618054747581482,FF
Mia,Natalie,1.6184015274047852,FF
Alex,AnnabelletheGhost,1.6184138059616089,FF
Claire,Mia,1.6184210777282717,FF
Mia,Oliver,1.6185396909713743,FF
Bell,Emma,1.6186094284057615,FF
Charlotte,Kelsey,1.618830680847168,FF
Chloe,SabrinatheWitch,1.619293212890625,FF
Audrey,Vivien,1.6205188035964966,FF
Harper,ReporterCatalina,1.6205586194992063,FF
Jenna,Maddie,1.6206512451171875,FF
Natalie,Tessa,1.620960712432861,FF
Norah,Rachel,1.6212925910949707,FF
Angela,Natalie,1.621591567993164,FF
Millie,Olivia,1.6219991445541382,FF
Maisie,Norah,1.6223634481430054,FF
Natalie,Rita,1.622780203819275,FF
Margaret,Norah,1.622784972190857,FF
Nova,Patricia,1.6227952241897583,FF
Sylvia,Verna,1.6231433153152466,FF
Bell,Vivien,1.6236926317214966,FF
MrsClaus,Rebecca,1.623753547668457,FF
Camila,Rachel,1.623756766319275,FF
Doughnut,Vivien,1.623843550682068,FF
Nia,Verna,1.6241406202316284,FF
Athena,Sophia,1.6244691610336304,FF
April,Mia,1.6247931718826294,FF
Liz,Rebecca,1.6249761581420898,FF
Catherine,Helena,1.625005841255188,FF
Katie,Olivia,1.6254342794418335,FF
Charlotte,Natalie,1.625568389892578,FF
Jenna,Rebecca,1.6255874633789062,FF
Audrey,Norah,1.6258436441421509,FF
Avery,Lindsay,1.62598717212677,FF
Echo,Lydia,1.6263656616210938,FF
Catherine,Shana,1.626781940460205,FF
Katie,MrsClaus,1.6268318891525269,FF
Kristen,Rachel,1.6272281408309937,FF
Amber,ReporterCatalina,1.6275397539138794,FF
April,Margaret,1.6277427673339844,FF
Rita,Sylvia,1.6278371810913086,FF
Nova,Rachel,1.6281877756118774,FF
Angela,Chloe,1.6282774209976196,FF
Claire,Jenna,1.6282978057861328,FF
Paige,Skylar,1.628663182258606,FF
Charlotte,Jenna,1.6296225786209106,FF
Margaret,Patricia,1.6298155784606934,FF
Katie,Lindsay,1.6300182342529297,FF
Nova,Victoria,1.630165934562683,FF
Amber,Sylvia,1.6308027505874634,FF
Amber,Verna,1.630940556526184,FF
Echo,SabrinatheWitch,1.631717562675476,FF
Abigail,Carol,1.6321104764938354,FF
Jodie,Shana,1.6321783065795898,FF
Jennifer,Rachel,1.632291316986084,FF
Mia,SabrinatheWitch,1.6323752403259275,FF
Sara,Tessa,1.6323894262313845,FF
SabrinatheWitch,Victoria,1.6328459978103638,FF
Doughnut,Harper,1.6331782341003418,FF
Angela,Jennifer,1.6336346864700315,FF
Annie,Tina,1.634238839149475,FF
Olivia,Rebecca,1.6343470811843872,FF
ReporterCatalina,Vivien,1.6345535516738892,FF
Athena,Rita,1.6346535682678225,FF
Abigail,Patricia,1.6346710920333862,FF
Carol,Vivien,1.635090470314026,FF
Jodie,MrsClaus,1.6352444887161257,FF
Norah,Sophia,1.635301947593689,FF
Olivia,Sylvia,1.635602355003357,FF
Natalie,Victoria,1.6365922689437866,FF
Bell,Harper,1.6367673873901367,FF
Mia,Vivien,1.6379190683364868,FF
Charlotte,Patricia,1.6382321119308472,FF
Nana,Shana,1.6382461786270142,FF
Katie,Liz,1.638426661491394,FF
Camila,Catherine,1.638882040977478,FF
Angela,Nana,1.63901948928833,FF
Lydia,Verna,1.6392096281051636,FF
Audrey,Shana,1.639398217201233,FF
Alex,Millie,1.639517307281494,FF
Amber,Samantha,1.639593482017517,FF
Tessa,Vanessa,1.6397032737731934,FF
Athena,Riley,1.6402387619018557,FF
Charlotte,Nana,1.640508770942688,FF
Angela,Nia,1.640811324119568,FF
Lydia,Sophia,1.6412230730056765,FF
Camila,Jennifer,1.6414456367492676,FF
Doughnut,Emma,1.6422301530838013,FF
SabrinatheWitch,Sylvia,1.643488526344299,FF
Rebecca,Sara,1.6437458992004397,FF
Nana,Vivien,1.6439236402511597,FF
Avery,Stephanie,1.6440666913986206,FF
Catherine,Vivien,1.6441842317581177,FF
Emma,Nova,1.644236445426941,FF
Katie,Rebecca,1.6444754600524902,FF
Mia,MrsClaus,1.6454254388809204,FF
Claire,Lindsay,1.6455305814743042,FF
Maddie,Maisie,1.6458210945129397,FF
Margaret,Rebecca,1.6460226774215698,FF
MrsClaus,Sylvia,1.6462688446044922,FF
AnnabelletheGhost,Sara,1.646463394165039,FF
Amber,Patricia,1.6465907096862793,FF
Caitlyn,ReporterCatalina,1.646825671195984,FF
Rachel,Tina,1.6470035314559937,FF
Claire,Jodie,1.6470574140548706,FF
Abigail,Vivien,1.6471468210220337,FF
Amber,Skylar,1.6471811532974243,FF
MrsClaus,Oliver,1.6472395658493042,FF
Bell,Starling,1.647278904914856,FF
Charlotte,Lindsay,1.647813320159912,FF
Alex,Harper,1.647861361503601,FF
Chloe,Mia,1.648340106010437,FF
Rebecca,Sylvia,1.6485285758972168,FF
Chloe,Shana,1.649127960205078,FF
Jodie,Rachel,1.6492549180984497,FF
Bell,Carol,1.6492552757263184,FF
AnnabelletheGhost,Katie,1.649545669555664,FF
Nana,Nova,1.6496700048446655,FF
Norah,Tessa,1.6496715545654297,FF
Norah,Vivien,1.6496882438659668,FF
Nia,Paige,1.6501964330673218,FF
Abigail,Audrey,1.650528073310852,FF
Doughnut,Vanessa,1.6510329246520996,FF
Sylvia,Victoria,1.6512407064437866,FF
Katie,Natalie,1.6512627601623535,FF
Avery,Chloe,1.6512789726257324,FF
Amber,Rita,1.652110934257507,FF
Echo,Maisie,1.6528897285461426,FF
AnnabelletheGhost,Sylvia,1.6531366109848022,FF
Nana,Rebecca,1.6532459259033203,FF
Rita,Shana,1.6537460088729858,FF
Nova,Sara,1.6539520025253296,FF
Carol,Patricia,1.6543402671813965,FF
Lindsay,Rebecca,1.6546010971069336,FF
Kristen,Shana,1.6547966003417969,FF
Doughnut,Jennifer,1.6552516222000122,FF
Chloe,Harper,1.655318260192871,FF
Caitlyn,Samantha,1.6558235883712769,FF
Lydia,MrsClaus,1.6558938026428225,FF
Doughnut,Natalie,1.6558952331542969,FF
Katie,Skylar,1.6560221910476685,FF
Abigail,Rita,1.6572962999343872,FF
AnnabelletheGhost,Emma,1.657427430152893,FF
MrsClaus,Rita,1.657687783241272,FF
Avery,Katie,1.6577104330062866,FF
Claire,Liz,1.6580238342285156,FF
Annie,Doughnut,1.6583490371704102,FF
Catherine,Maisie,1.6587079763412476,FF
Patricia,SabrinatheWitch,1.6591511964797974,FF
Charlotte,Rachel,1.6591755151748655,FF
Audrey,ReporterCatalina,1.6592544317245483,FF
Natalie,Stephanie,1.6593858003616333,FF
Claire,Kelsey,1.6593955755233765,FF
Claire,Maisie,1.6594972610473633,FF
Bell,Katie,1.659582495689392,FF
Margaret,SabrinatheWitch,1.6596916913986206,FF
Shana,Tina,1.6597987413406372,FF
Oliver,Rebecca,1.6600817441940308,FF
Avery,Nova,1.660330891609192,FF
Angela,Norah,1.6607164144515991,FF
Claire,ReporterCatalina,1.6608818769454956,FF
Margaret,Tessa,1.660908341407776,FF
Glenda,SabrinatheWitch,1.6609326601028442,FF
Abigail,Oliver,1.6611820459365845,FF
Jennifer,Shana,1.6613200902938845,FF
Chloe,Verna,1.6617943048477173,FF
Lindsay,Sara,1.6618242263793943,FF
Nana,Rachel,1.6619714498519895,FF
Grace,Natalie,1.6619735956192017,FF
Rebecca,Tessa,1.662242412567139,FF
Norah,Patricia,1.6622730493545532,FF
Lydia,Tessa,1.6626421213150024,FF
Rebecca,ReporterCatalina,1.6627298593521118,FF
Norah,Sara,1.6630953550338743,FF
Lucille,Verna,1.6633094549179075,FF
Claire,Doughnut,1.663605809211731,FF
Carol,Sylvia,1.6636918783187866,FF
Liz,Margaret,1.6642483472824097,FF
Doughnut,Margaret,1.6645073890686035,FF
Catherine,Natalie,1.664634108543396,FF
Echo,ReporterCatalina,1.664678692817688,FF
Camila,Vivien,1.6649051904678345,FF
Angela,Vanessa,1.6649233102798462,FF
Samantha,Stephanie,1.6651066541671753,FF
Sylvia,Tessa,1.6651681661605835,FF
Samantha,Shana,1.6654982566833496,FF
Jodie,ReporterCatalina,1.6659746170043943,FF
Nana,Vanessa,1.6663227081298828,FF
Katie,Norah,1.666845679283142,FF
Bell,Vanessa,1.6668672561645508,FF
Helena,Margaret,1.666983723640442,FF
Liz,Shana,1.6673082113265991,FF
Patricia,ReporterCatalina,1.6674877405166626,FF
Nana,Tessa,1.6678661108016968,FF
Jenna,Mia,1.6681584119796753,FF
Olivia,Rachel,1.66866934299469,FF
Audrey,Tessa,1.668774962425232,FF
Charlotte,Doughnut,1.6688848733901978,FF
Angela,ReporterCatalina,1.668979525566101,FF
Liz,Nana,1.669082760810852,FF
Mia,Tessa,1.6692949533462524,FF
Katie,Sophia,1.6694999933242798,FF
Audrey,Maisie,1.6695952415466309,FF
Harper,Kristen,1.6698099374771118,FF
Doughnut,Rebecca,1.669906497001648,FF
Riley,SabrinatheWitch,1.6700876951217651,FF
Claire,Skylar,1.6701406240463257,FF
Natalie,Verna,1.670836329460144,FF
Nova,Samantha,1.6709985733032229,FF
Chloe,Echo,1.671026349067688,FF
Catherine,Starling,1.6712437868118286,FF
Claire,Helena,1.6720470190048218,FF
AnnabelletheGhost,Vivien,1.6722809076309204,FF
Katie,Starling,1.672432541847229,FF
Olivia,Starling,1.6724809408187866,FF
Harper,Mia,1.6730856895446775,FF
Claire,Vanessa,1.6733425855636597,FF
Olivia,Vanessa,1.6734439134597778,FF
Jennifer,Vivien,1.6734849214553833,FF
Audrey,Verna,1.6735968589782717,FF
Avery,Olivia,1.6739557981491089,FF
AnnabelletheGhost,Jodie,1.67396080493927,FF
Glenda,Nana,1.6740978956222534,FF
Claire,Millie,1.6741493940353394,FF
Margaret,Vivien,1.6742724180221558,FF
Caitlyn,Patricia,1.6743093729019165,FF
Jenna,Sylvia,1.6746402978897097,FF
Charlotte,Millie,1.6751166582107544,FF
Harper,Rachel,1.6751857995986938,FF
Margaret,Skylar,1.6752067804336548,FF
Caitlyn,Shana,1.6752132177352903,FF
Harper,Liz,1.6752549409866333,FF
ReporterCatalina,Verna,1.6755636930465698,FF
Abigail,AnnabelletheGhost,1.6760655641555786,FF
Margaret,Stephanie,1.6762713193893433,FF
Rebecca,Vivien,1.6763907670974731,FF
Margaret,Mia,1.6765156984329224,FF
Skylar,Tessa,1.6767148971557615,FF
Abigail,Lucille,1.676742672920227,FF
AnnabelletheGhost,Carol,1.6767586469650269,FF
SabrinatheWitch,Viqqie,1.6767703294754028,FF
Echo,Shana,1.6770631074905396,FF
Norah,Verna,1.6773325204849243,FF
Chloe,Nia,1.677432417869568,FF
Annie,Jennifer,1.677509307861328,FF
Kristen,Sophia,1.6775908470153809,FF
MrsClaus,Skylar,1.6776528358459473,FF
Nana,Victoria,1.677948832511902,FF
Catherine,Maddie,1.6785926818847656,FF
Rachel,SabrinatheWitch,1.6786905527114868,FF
Natalie,Riley,1.6787322759628296,FF
Margaret,Vanessa,1.6790670156478882,FF
MrsClaus,Victoria,1.6797747611999512,FF
Nova,ReporterCatalina,1.679890513420105,FF
Nia,Rebecca,1.6800432205200195,FF
Nova,Sylvia,1.6801365613937378,FF
Margaret,Verna,1.68025541305542,FF
Samantha,Skylar,1.6804465055465698,FF
Maddie,Starling,1.6806031465530396,FF
Harper,Sara,1.680637240409851,FF
Rachel,Skylar,1.6810030937194824,FF
Kelsey,Tessa,1.681198000907898,FF
Audrey,Chloe,1.6812610626220703,FF
Liz,Maisie,1.6815179586410522,FF
ReporterCatalina,Tessa,1.6815215349197388,FF
Abigail,Angela,1.681535720825195,FF
Jodie,Nana,1.6819192171096802,FF
Harper,Samantha,1.6820716857910156,FF
Emma,Rachel,1.6821556091308594,FF
Kristen,Patricia,1.682230830192566,FF
Doughnut,Nana,1.6832342147827148,FF
Claire,Rachel,1.6832929849624634,FF
Lindsay,Vivien,1.6833882331848145,FF
April,Riley,1.6838005781173706,FF
AnnabelletheGhost,Natalie,1.6844457387924194,FF
Jodie,Verna,1.684864521026611,FF
Athena,SabrinatheWitch,1.6850451231002808,FF
Jodie,Maisie,1.6853128671646118,FF
AnnabelletheGhost,Mia,1.6854325532913208,FF
Echo,Sylvia,1.6855707168579102,FF
Chloe,Nana,1.6856399774551392,FF
Liz,SabrinatheWitch,1.6857651472091677,FF
Charlotte,Rebecca,1.6864380836486816,FF
Jennifer,SabrinatheWitch,1.6865086555480957,FF
Liz,Vivien,1.686705470085144,FF
Echo,Samantha,1.6868747472763062,FF
Caitlyn,Rachel,1.6869319677352903,FF
Lydia,Rita,1.6869450807571411,FF
Harper,Olivia,1.686969757080078,FF
Kristen,Maisie,1.6870681047439575,FF
ReporterCatalina,Viqqie,1.6873847246170044,FF
Harper,Maddie,1.6875349283218384,FF
Claire,Tessa,1.6879416704177856,FF
Caitlyn,Riley,1.6879726648330688,FF
Mia,Paige,1.6880933046340942,FF
Kristen,Samantha,1.6880946159362793,FF
Harper,Maisie,1.6886879205703735,FF
Lydia,Rachel,1.6890382766723633,FF
Margaret,Rachel,1.6890783309936523,FF
Bell,Rebecca,1.6893038749694824,FF
Riley,Samantha,1.6905851364135742,FF
Stephanie,Tessa,1.690740942955017,FF
Caitlyn,Skylar,1.690803050994873,FF
Kelly,Rachel,1.6908522844314575,FF
AnnabelletheGhost,April,1.6910895109176636,FF
Kelsey,Vivien,1.691152572631836,FF
Abigail,Stephanie,1.6911929845809937,FF
Bell,Nana,1.6912556886672974,FF
Natalie,Sara,1.6915725469589231,FF
Athena,Nova,1.6916298866271973,FF
Audrey,Grace,1.6918953657150269,FF
SabrinatheWitch,Vivien,1.692050814628601,FF
Emma,Shana,1.6921862363815308,FF
Camila,SabrinatheWitch,1.6924285888671875,FF
April,Kristen,1.6924762725830078,FF
Lydia,Samantha,1.692525029182434,FF
Athena,ReporterCatalina,1.692663311958313,FF
Kelsey,Vanessa,1.692753791809082,FF
ReporterCatalina,Stephanie,1.6932215690612793,FF
Mia,Shana,1.6933060884475708,FF
Kristen,Victoria,1.6937428712844849,FF
Kelsey,SabrinatheWitch,1.694163799285889,FF
Helena,Starling,1.6943165063858032,FF
Jodie,Rebecca,1.6943902969360352,FF
Jennifer,Jodie,1.6945418119430542,FF
AnnabelletheGhost,Nana,1.694989800453186,FF
Carol,Nova,1.6954050064086914,FF
Nova,Oliver,1.6955381631851196,FF
MrsClaus,Patricia,1.6955913305282593,FF
Athena,Chloe,1.6957489252090454,FF
Sylvia,Vanessa,1.6959394216537476,FF
Echo,Skylar,1.6959433555603027,FF
Camila,Kelsey,1.6959730386734009,FF
Norah,Oliver,1.6959799528121948,FF
Katie,Nana,1.6962790489196775,FF
Jennifer,Vanessa,1.696375012397766,FF
Chloe,Paige,1.6966105699539185,FF
Mia,Skylar,1.696865439414978,FF
April,Rita,1.6971594095230105,FF
Avery,Bell,1.6972402334213257,FF
Kristen,Mia,1.697457194328308,FF
Avery,Starling,1.6974743604660034,FF
Jennifer,Olivia,1.6977680921554563,FF
Margaret,Viqqie,1.6977802515029907,FF
Katie,Shana,1.6983815431594849,FF
Maisie,Vivien,1.6985621452331543,FF
Sara,Verna,1.6989240646362305,FF
Jenna,ReporterCatalina,1.698954463005066,FF
Victoria,Vivien,1.6990264654159546,FF
Jenna,Sara,1.699296951293945,FF
Mia,ReporterCatalina,1.6997747421264648,FF
Angela,Mia,1.6998265981674194,FF
Catherine,Jenna,1.699963092803955,FF
Nana,Starling,1.7004624605178833,FF
Liz,Sylvia,1.7007408142089844,FF
Harper,Tessa,1.7007416486740112,FF
Caitlyn,Chloe,1.7008506059646606,FF
Doughnut,Katie,1.7008668184280396,FF
Maisie,Rebecca,1.7008748054504397,FF
Maisie,Vanessa,1.7008811235427856,FF
Vanessa,Verna,1.7011442184448242,FF
Rebecca,Shana,1.7012706995010376,FF
Jennifer,Tina,1.7013088464736938,FF
Nana,Samantha,1.7016949653625488,FF
Harper,SabrinatheWitch,1.7017145156860352,FF
Helena,Jennifer,1.7018494606018066,FF
Abigail,Liz,1.7020444869995115,FF
ReporterCatalina,Riley,1.7023309469223022,FF
Janet,Oliver,1.7030595541000366,FF
Nia,Vivien,1.703254222869873,FF
Angela,Rita,1.7033206224441528,FF
Caitlyn,Sara,1.7033270597457886,FF
April,Maisie,1.7034670114517212,FF
Claire,Starling,1.7036014795303345,FF
Katie,ReporterCatalina,1.70361328125,FF
Audrey,Nia,1.7038215398788452,FF
Claire,Olivia,1.704022765159607,FF
Mia,Vanessa,1.704674243927002,FF
Amber,Angela,1.7047128677368164,FF
Chloe,Katie,1.704802393913269,FF
Claire,Katie,1.7051047086715698,FF
Emma,Natalie,1.7051178216934204,FF
Helena,Tessa,1.7053004503250122,FF
Avery,Maddie,1.705325722694397,FF
Grace,ReporterCatalina,1.7054880857467651,FF
Harper,Starling,1.7061213254928589,FF
Katie,Nova,1.7062840461730957,FF
Alex,Lydia,1.7063099145889282,FF
ReporterCatalina,Vanessa,1.707034707069397,FF
Jodie,Mia,1.7070420980453491,FF
Helena,Nana,1.7071127891540527,FF
Riley,Viqqie,1.7074066400527954,FF
April,Nia,1.7076493501663208,FF
Avery,Vanessa,1.7076841592788696,FF
Athena,Viqqie,1.7080858945846558,FF
Glenda,Kelsey,1.7081300020217896,FF
Chloe,Kelsey,1.7081942558288574,FF
Echo,Riley,1.7084780931472778,FF
Lydia,Nova,1.708603024482727,FF
Abigail,Sara,1.708699107170105,FF
Chloe,Jodie,1.7090758085250854,FF
Emma,Stephanie,1.709164023399353,FF
Avery,Liz,1.7093669176101685,FF
Athena,Rebecca,1.709678053855896,FF
Harper,Millie,1.709983229637146,FF
Maisie,Nova,1.7101022005081177,FF
Avery,Vivien,1.7102642059326172,FF
Margaret,MrsClaus,1.710487723350525,FF
Katie,Sylvia,1.7106975317001345,FF
SabrinatheWitch,Sophia,1.7107640504837036,FF
MrsClaus,Viqqie,1.7109864950180054,FF
Athena,Verna,1.71098792552948,FF
Camila,Tessa,1.7111612558364868,FF
Audrey,Echo,1.7113128900527954,FF
Maisie,ReporterCatalina,1.711525321006775,FF
MrsClaus,Nova,1.7115769386291504,FF
Chloe,Victoria,1.711701512336731,FF
Skylar,Sylvia,1.7120399475097656,FF
Shana,Starling,1.7121230363845823,FF
Jodie,Norah,1.7122546434402466,FF
Camila,Margaret,1.7122749090194702,FF
Emma,Katie,1.7124152183532717,FF
Harper,Kelsey,1.712852954864502,FF
Chloe,Helena,1.712859034538269,FF
Emma,Skylar,1.7129279375076294,FF
Athena,Shana,1.713227391242981,FF
Caitlyn,Catherine,1.7134841680526731,FF
Avery,Caitlyn,1.7136348485946655,FF
Liz,Rachel,1.7137116193771362,FF
Nova,Tessa,1.7137402296066284,FF
Emma,Norah,1.71395742893219,FF
Abigail,Olivia,1.714248538017273,FF
Camila,ReporterCatalina,1.7144180536270142,FF
Echo,Nana,1.714441180229187,FF
Amber,Vivien,1.7145414352416992,FF
Oliver,SabrinatheWitch,1.714950680732727,FF
Helena,Rebecca,1.7152934074401855,FF
Amber,Liz,1.715402603149414,FF
Liz,Tessa,1.7157268524169922,FF
MrsClaus,ReporterCatalina,1.7158185243606567,FF
Bell,Margaret,1.7158476114273071,FF
Claire,Rita,1.716197490692139,FF
Kelsey,Starling,1.7162705659866333,FF
April,Stephanie,1.7165387868881226,FF
Stephanie,Vanessa,1.7165523767471311,FF
Avery,Patricia,1.716617226600647,FF
Oliver,Vivien,1.7166271209716797,FF
MrsClaus,Verna,1.7169653177261353,FF
Abigail,Tessa,1.717084527015686,FF
Avery,Kristen,1.7176629304885864,FF
Chloe,Samantha,1.7176822423934937,FF
Carol,Rachel,1.7178568840026855,FF
Kristen,Sylvia,1.7180970907211304,FF
Rachel,Victoria,1.7183407545089722,FF
Avery,Samantha,1.7186716794967651,FF
Annie,Jenna,1.718713879585266,FF
Victoria,Zoey,1.7189569473266602,FF
Mia,Patricia,1.719516396522522,FF
Rita,SabrinatheWitch,1.7195320129394531,FF
ReporterCatalina,Victoria,1.71969735622406,FF
SabrinatheWitch,Tessa,1.7199492454528809,FF
Verna,Victoria,1.720969796180725,FF
Angela,Lydia,1.7215619087219238,FF
Angela,Grace,1.7215632200241089,FF
Rita,Skylar,1.7216721773147583,FF
Camila,Sylvia,1.7222169637680054,FF
Doughnut,Kelsey,1.7225335836410522,FF
Audrey,Victoria,1.7225942611694336,FF
Carol,Viqqie,1.7228621244430542,FF
April,Victoria,1.7233691215515137,FF
Lydia,Maddie,1.7238105535507202,FF
Nana,Sara,1.7244027853012085,FF
Abigail,Skylar,1.724873661994934,FF
Norah,Victoria,1.7250703573226929,FF
Angela,Caitlyn,1.7251644134521484,FF
Doughnut,Tessa,1.7253342866897583,FF
Audrey,Sylvia,1.7253717184066772,FF
Oliver,Sylvia,1.7253737449645996,FF
Chloe,Rebecca,1.7257591485977173,FF
Doughnut,Jodie,1.7263199090957642,FF
Rachel,Viqqie,1.7266845703125,FF
Helena,Maisie,1.7268568277359009,FF
Harper,Sylvia,1.7269166707992554,FF
Audrey,Carol,1.7272580862045288,FF
Emma,Rebecca,1.7274481058120728,FF
Kristen,Vivien,1.7274900674819946,FF
AnnabelletheGhost,Verna,1.7276829481124878,FF
Camila,Jodie,1.7282967567443848,FF
AnnabelletheGhost,Shana,1.7283062934875488,FF
Camila,Vanessa,1.7283296585083008,FF
Carol,Samantha,1.7284084558486938,FF
Kelsey,Sylvia,1.7284737825393677,FF
Bell,Jennifer,1.7285151481628418,FF
Katie,Vanessa,1.7286734580993652,FF
MrsClaus,Stephanie,1.7288626432418823,FF
Jodie,Rita,1.7290016412734983,FF
Jodie,Oliver,1.7290678024291992,FF
Audrey,Sara,1.7291898727416992,FF
Claire,Emma,1.7292922735214231,FF
Angela,Catherine,1.7293152809143066,FF
Margaret,Nova,1.729422688484192,FF
Claire,Norah,1.729468822479248,FF
Catherine,Nova,1.7296327352523804,FF
ReporterCatalina,Rita,1.7297717332839966,FF
Bell,Claire,1.7297877073287964,FF
AnnabelletheGhost,Starling,1.7309294939041138,FF
Nia,Sylvia,1.7318354845046997,FF
Emma,Sylvia,1.732249736785889,FF
Echo,Stephanie,1.7326478958129885,FF
Grace,Norah,1.7326749563217163,FF
Lindsay,Starling,1.7330366373062134,FF
Charlotte,Mia,1.733157753944397,FF
Catherine,Nana,1.7332539558410645,FF
Nia,Victoria,1.7335253953933716,FF
Abigail,Jennifer,1.7335747480392456,FF
Echo,Rita,1.7336138486862185,FF
Norah,Paige,1.733617663383484,FF
Camila,Natalie,1.733905792236328,FF
Agatha,Tessa,1.733959078788757,FF
Agatha,Audrey,1.7339826822280884,FF
Kelsey,Lindsay,1.7343164682388306,FF
Liz,Mia,1.734380125999451,FF
Bell,Sara,1.7348518371582031,FF
Olivia,Vivien,1.7349172830581665,FF
Jenna,Maisie,1.7351969480514526,FF
Harper,Helena,1.7354587316513062,FF
Echo,Sophia,1.7359561920166016,FF
Caitlyn,Harper,1.7360867261886597,FF
Harper,MrsClaus,1.7361708879470823,FF
Natalie,Nia,1.7362490892410278,FF
Catherine,Liz,1.7363481521606443,FF
Bell,Sylvia,1.7367305755615234,FF
Caitlyn,Jenna,1.73674738407135,FF
Emma,Olivia,1.7367864847183228,FF
Abigail,Katie,1.7371915578842163,FF
Kelsey,Millie,1.7373229265213013,FF
Alex,Helena,1.7374969720840454,FF
Tessa,Viqqie,1.737618923187256,FF
SabrinatheWitch,Sara,1.7378911972045898,FF
Agatha,Margot,1.7381101846694946,FF
Carol,Shana,1.7381922006607056,FF
Audrey,Vanessa,1.7383042573928833,FF
Amber,Nia,1.7383190393447876,FF
Grace,Margaret,1.738418698310852,FF
Olivia,Riley,1.738479733467102,FF
Abigail,Charlotte,1.7386239767074585,FF
Patricia,Rachel,1.738726258277893,FF
Charlotte,Claire,1.7394657135009766,FF
Agatha,Nana,1.7394737005233765,FF
Katie,Patricia,1.7395726442337036,FF
Margaret,Sophia,1.7396222352981567,FF
Norah,Shana,1.7396316528320312,FF
Angela,Harper,1.7397290468215942,FF
Olivia,Sara,1.740251898765564,FF
April,Nana,1.7403658628463743,FF
Caitlyn,Jennifer,1.740427017211914,FF
Amber,Mia,1.7404505014419556,FF
Claire,Maddie,1.740726113319397,FF
Claire,Victoria,1.7407878637313845,FF
Carol,Claire,1.7408093214035034,FF
Audrey,Riley,1.7410427331924438,FF
Kelly,Patricia,1.7411543130874634,FF
Caitlyn,Vanessa,1.7412967681884766,FF
Amber,Charlotte,1.741336464881897,FF
Glenda,Victoria,1.741446852684021,FF
Amber,Nana,1.7418512105941772,FF
Avery,Rachel,1.7419365644454956,FF
Carol,MrsClaus,1.742040753364563,FF
Angela,Echo,1.7421032190322876,FF
Carol,Mia,1.7422051429748535,FF
Lindsay,Natalie,1.7424112558364868,FF
Patricia,Rebecca,1.7424665689468384,FF
AnnabelletheGhost,Patricia,1.7428306341171265,FF
April,Lucille,1.7429475784301758,FF
Maisie,Rachel,1.7430113554000854,FF
Audrey,Caitlyn,1.7431951761245728,FF
Lindsay,SabrinatheWitch,1.743834376335144,FF
Angela,Sylvia,1.7439991235733032,FF
Lindsay,Sylvia,1.7443121671676636,FF
Grace,Nana,1.744531750679016,FF
Carol,Emma,1.7445720434188845,FF
Agatha,Caitlyn,1.7446584701538086,FF
Caitlyn,Emma,1.744682788848877,FF
Kristen,Rebecca,1.7447614669799805,FF
Charlotte,Vanessa,1.7449685335159302,FF
Olivia,Patricia,1.7450050115585327,FF
Angela,Audrey,1.7450753450393677,FF
Rebecca,Samantha,1.7450865507125854,FF
Verna,Viqqie,1.745632529258728,FF
Amber,Viqqie,1.7458600997924805,FF
Catherine,Lydia,1.7459288835525513,FF
Doughnut,Sylvia,1.7460618019104004,FF
AnnabelletheGhost,MrsClaus,1.7460732460021973,FF
Avery,Millie,1.7461413145065308,FF
Lindsay,Margaret,1.7461522817611694,FF
Abigail,Claire,1.7462905645370483,FF
Nana,Verna,1.7463544607162476,FF
Amber,Tessa,1.746497631072998,FF
Glenda,Shana,1.7465275526046753,FF
Chloe,Jennifer,1.7465301752090454,FF
Nana,Oliver,1.746834397315979,FF
Agatha,Vivien,1.7469582557678225,FF
MrsClaus,Riley,1.747139811515808,FF
Lucille,Shana,1.7472244501113892,FF
AnnabelletheGhost,Claire,1.747546672821045,FF
Angela,Maddie,1.7476301193237305,FF
Athena,Norah,1.7480168342590332,FF
Amber,Maisie,1.7483474016189575,FF
Norah,Olivia,1.7483586072921753,FF
Carol,Kristen,1.7484564781188965,FF
AnnabelletheGhost,Harper,1.7488384246826172,FF
Caitlyn,Paige,1.7490848302841189,FF
Avery,Helena,1.749260425567627,FF
Maisie,Shana,1.749317646026611,FF
Angela,Katie,1.749351978302002,FF
Agatha,ReporterCatalina,1.7495986223220823,FF
SabrinatheWitch,Vanessa,1.7498884201049805,FF
Audrey,Emma,1.7501429319381714,FF
Jodie,Kristen,1.7502447366714478,FF
Avery,Emma,1.7503561973571775,FF
Margot,Zoey,1.7506800889968872,FF
Camila,Maddie,1.7507271766662598,FF
Starling,Stephanie,1.7509671449661257,FF
Emma,Millie,1.7512623071670532,FF
Catherine,Olivia,1.7512739896774292,FF
Jodie,Patricia,1.751293659210205,FF
Chloe,Liz,1.751400113105774,FF
Jodie,Victoria,1.7516969442367554,FF
Rachel,Rita,1.7517234086990356,FF
Agatha,Angela,1.7518906593322754,FF
Abigail,Riley,1.7521427869796753,FF
Caitlyn,Margaret,1.752217411994934,FF
Alex,Liz,1.7523378133773804,FF
Catherine,Katie,1.752574801445007,FF
Camila,Norah,1.7529163360595703,FF
Charlotte,Valerie,1.7530635595321655,FF
Jodie,Riley,1.753427028656006,FF
Janet,Vivien,1.7536295652389526,FF
Claire,Nova,1.753767967224121,FF
Doughnut,Rachel,1.754048466682434,FF
Charlotte,Norah,1.7542520761489868,FF
Maddie,Margaret,1.7544795274734497,FF
Patricia,Sylvia,1.7545729875564575,FF
Helena,Rachel,1.7546601295471191,FF
Jennifer,Rebecca,1.754714846611023,FF
Emma,SabrinatheWitch,1.7549422979354858,FF
Athena,Lydia,1.7550193071365356,FF
Athena,Carol,1.7558221817016602,FF
Oliver,ReporterCatalina,1.7561469078063965,FF
Lydia,Patricia,1.756159782409668,FF
Mia,Riley,1.7563985586166382,FF
Jennifer,Millie,1.7565521001815796,FF
Agatha,SabrinatheWitch,1.7565988302230835,FF
Alex,Stephanie,1.7569869756698608,FF
AnnabelletheGhost,Riley,1.7575381994247437,FF
Carol,Millie,1.7576597929000854,FF
Chloe,Emma,1.7580652236938477,FF
Caitlyn,Kristen,1.758120894432068,FF
Abigail,Nana,1.758901596069336,FF
Rita,Verna,1.7589740753173828,FF
Lucille,ReporterCatalina,1.759185791015625,FF
Rachel,Tessa,1.759260654449463,FF
Liz,Sara,1.75927734375,FF
Chloe,Sara,1.75931978225708,FF
Claire,SabrinatheWitch,1.7594175338745115,FF
Amber,Jennifer,1.759511947631836,FF
Liz,Patricia,1.7595926523208618,FF
Nana,Viqqie,1.7599682807922363,FF
Kristen,Lydia,1.760013222694397,FF
Angela,Maisie,1.7601919174194336,FF
MrsClaus,Nia,1.7603002786636353,FF
Nana,Sylvia,1.7603384256362915,FF
Avery,Doughnut,1.7607159614562988,FF
Mia,Stephanie,1.760921835899353,FF
Catherine,Jennifer,1.761144518852234,FF
Sara,Stephanie,1.7611680030822754,FF
Agatha,Norah,1.7614651918411257,FF
Jenna,SabrinatheWitch,1.76158607006073,FF
Lindsay,Norah,1.7617521286010742,FF
Sara,Sylvia,1.7620325088500977,FF
Charlotte,Vivien,1.7621229887008667,FF
Camila,Sara,1.7621663808822632,FF
Abigail,Valerie,1.7622947692871094,FF
Angela,Tessa,1.762455940246582,FF
Lucille,Sylvia,1.7624717950820925,FF
Nana,Skylar,1.7628930807113647,FF
Maisie,Sophia,1.7629204988479614,FF
April,Harper,1.763053059577942,FF
Natalie,Starling,1.7633179426193235,FF
Emma,Nana,1.7633410692214966,FF
Norah,Vanessa,1.7633520364761353,FF
AnnabelletheGhost,Tessa,1.763771891593933,FF
Catherine,Tina,1.7637747526168823,FF
Olivia,Shana,1.7638808488845823,FF
Emma,Kristen,1.7641040086746216,FF
Oliver,Victoria,1.7642951011657717,FF
Chloe,Claire,1.7643529176712036,FF
Catherine,Emma,1.7643824815750122,FF
April,Shana,1.764515995979309,FF
Alex,Olivia,1.7646774053573608,FF
Chloe,Sophia,1.7647452354431152,FF
Chloe,Jenna,1.7647819519042969,FF
Abigail,Viqqie,1.7649235725402832,FF
AnnabelletheGhost,Samantha,1.7658066749572754,FF
Katie,Rachel,1.7661582231521606,FF
Natalie,Viqqie,1.7666674852371216,FF
Bell,Charlotte,1.766865372657776,FF
MrsClaus,Nana,1.766945719718933,FF
AnnabelletheGhost,Kelsey,1.7669992446899414,FF
Nova,Zoey,1.7670539617538452,FF
Rachel,Verna,1.7672691345214844,FF
Bell,Kelsey,1.767360806465149,FF
Lucille,MrsClaus,1.7673803567886353,FF
Emma,Tessa,1.7674773931503296,FF
Angela,Paige,1.767666935920715,FF
Bell,Tessa,1.767842411994934,FF
Amber,Vanessa,1.7679052352905271,FF
Nova,Riley,1.7681573629379272,FF
Maisie,SabrinatheWitch,1.7681655883789062,FF
Bell,Natalie,1.7686686515808103,FF
Doughnut,Sara,1.7688603401184082,FF
Avery,Maisie,1.7691446542739868,FF
Norah,Riley,1.7691969871520996,FF
Caitlyn,Camila,1.7693079710006714,FF
Stephanie,Verna,1.7693819999694824,FF
Amber,Oliver,1.7695146799087524,FF
Olivia,Tessa,1.7695592641830444,FF
Maisie,Nia,1.7695804834365845,FF
Carol,Verna,1.7697662115097046,FF
Paige,Patricia,1.769847393035889,FF
Shana,Vanessa,1.7698625326156616,FF
Sara,Shana,1.7701263427734375,FF
Norah,Rita,1.7702094316482544,FF
Katie,Vivien,1.7703231573104858,FF
Charlotte,Harper,1.7705693244934082,FF
Kelly,Natalie,1.7706254720687866,FF
Lucille,SabrinatheWitch,1.7708697319030762,FF
Janet,Sara,1.7709064483642578,FF
Oliver,Riley,1.7714815139770508,FF
Jennifer,Tessa,1.7716560363769531,FF
Kelly,Viqqie,1.7716928720474243,FF
Angela,Oliver,1.7723712921142578,FF
Maisie,Samantha,1.7725549936294556,FF
Caitlyn,Nia,1.772988200187683,FF
Angela,Rebecca,1.7732518911361694,FF
Angela,Emma,1.773253083229065,FF
Jennifer,Norah,1.773333191871643,FF
Katie,Sara,1.773343205451965,FF
Angela,Rachel,1.7737785577774048,FF
Audrey,Kristen,1.7742363214492798,FF
Maddie,Natalie,1.775104522705078,FF
Lydia,Victoria,1.7754230499267578,FF
Shana,Tessa,1.7757664918899536,FF
AnnabelletheGhost,Margaret,1.775797724723816,FF
Caitlyn,SabrinatheWitch,1.776133418083191,FF
Emma,Verna,1.7761491537094116,FF
Margot,Oliver,1.776206135749817,FF
Angela,Avery,1.776220679283142,FF
Grace,Victoria,1.7763437032699585,FF
Caitlyn,Carol,1.7767046689987185,FF
Rachel,Vanessa,1.7767959833145142,FF
Shana,Zoey,1.7768954038619995,FF
Margaret,Sara,1.7769631147384644,FF
Carol,Nia,1.777021050453186,FF
Angela,MrsClaus,1.7770644426345823,FF
Carol,Riley,1.777145504951477,FF
Maisie,Patricia,1.7774845361709597,FF
Kelsey,Stephanie,1.7775152921676636,FF
Rita,Stephanie,1.7775472402572632,FF
Jenna,Tessa,1.7775731086730957,FF
Glenda,Natalie,1.7781267166137695,FF
Helena,SabrinatheWitch,1.778302788734436,FF
Claire,Stephanie,1.7789011001586914,FF
Abigail,Harper,1.7789149284362793,FF
Stephanie,Sylvia,1.779025673866272,FF
AnnabelletheGhost,ReporterCatalina,1.7791138887405396,FF
Jodie,Sophia,1.779193878173828,FF
Audrey,Oliver,1.7792725563049316,FF
Nana,Patricia,1.779631495475769,FF
Camila,Rebecca,1.779633641242981,FF
Jodie,Stephanie,1.779773235321045,FF
Athena,Skylar,1.7798000574111938,FF
Lydia,Riley,1.7800441980361938,FF
Claire,Tina,1.780192255973816,FF
Jenna,Rachel,1.7803397178649902,FF
Maisie,Riley,1.7804993391036987,FF
Audrey,Lydia,1.780806064605713,FF
Caitlyn,Oliver,1.7809261083602903,FF
Avery,Rebecca,1.78093421459198,FF
Margaret,Riley,1.781280517578125,FF
April,Tessa,1.7814043760299685,FF
Patricia,Shana,1.7815074920654297,FF
Charlotte,Starling,1.781610131263733,FF
Skylar,Tina,1.7817426919937134,FF
Kelsey,Shana,1.7818235158920288,FF
Jodie,Tessa,1.782125473022461,FF
Caitlyn,Tina,1.7822338342666626,FF
Claire,Nia,1.7822657823562622,FF
SabrinatheWitch,Valerie,1.7823907136917114,FF
Lucille,Valerie,1.7826992273330688,FF
Angela,Verna,1.7827965021133425,FF
April,Rachel,1.7828856706619265,FF
Carol,Skylar,1.783004879951477,FF
Echo,Grace,1.7835402488708496,FF
Jenna,Patricia,1.783696174621582,FF
Millie,Vivien,1.7849202156066897,FF
Nova,Rita,1.7850569486618042,FF
Lindsay,Tessa,1.785155177116394,FF
Bell,Jodie,1.7853994369506836,FF
Jennifer,Lindsay,1.7854748964309692,FF
Nia,SabrinatheWitch,1.785536289215088,FF
Audrey,Nana,1.7857298851013184,FF
Audrey,Kelsey,1.7859643697738647,FF
Caitlyn,Verna,1.7860432863235474,FF
Audrey,Samantha,1.7861145734786987,FF
Margaret,Starling,1.7861226797103882,FF
ReporterCatalina,Sara,1.786309838294983,FF
April,Kelsey,1.7863787412643433,FF
Nia,Vanessa,1.7865252494812012,FF
AnnabelletheGhost,Victoria,1.7865633964538574,FF
Amber,Audrey,1.786671757698059,FF
Mia,Rita,1.7870181798934937,FF
Kristen,Rita,1.7871655225753784,FF
Bell,SabrinatheWitch,1.787270188331604,FF
Jennifer,Patricia,1.787363052368164,FF
Rachel,Riley,1.7873843908309937,FF
Maisie,Olivia,1.787711262702942,FF
Charlotte,Verna,1.7878237962722778,FF
Kelsey,Victoria,1.7878317832946775,FF
Norah,Viqqie,1.788565158843994,FF
Caitlyn,Lydia,1.7886861562728882,FF
Harper,Nia,1.7886885404586792,FF
Nia,Zoey,1.7887119054794312,FF
Skylar,Vanessa,1.788840889930725,FF
Echo,Jodie,1.7889442443847656,FF
Avery,Mia,1.7889556884765625,FF
Jennifer,Oliver,1.7890783548355105,FF
Valerie,Victoria,1.7893120050430298,FF
Viqqie,Vivien,1.7894138097763062,FF
Emma,Mia,1.7896639108657837,FF
Patricia,Skylar,1.7896933555603027,FF
AnnabelletheGhost,Catherine,1.7899943590164185,FF
Catherine,Margaret,1.7901047468185425,FF
Avery,SabrinatheWitch,1.7906619310379028,FF
Audrey,SabrinatheWitch,1.7907840013504028,FF
Chloe,MrsClaus,1.7908536195755005,FF
Oliver,Zoey,1.7909356355667114,FF
Kelsey,Sara,1.7910332679748535,FF
Catherine,Chloe,1.7913371324539185,FF
April,Vanessa,1.7920042276382446,FF
Amber,Stephanie,1.7921985387802124,FF
Chloe,Riley,1.7925187349319458,FF
Patricia,Sophia,1.7925618886947632,FF
Katie,Maddie,1.7926502227783203,FF
Audrey,Lucille,1.7928305864334106,FF
Sophia,Tessa,1.7929037809371948,FF
Jodie,Katie,1.7930423021316528,FF
Kristen,SabrinatheWitch,1.7931824922561646,FF
Caitlyn,Katie,1.7935066223144531,FF
Helena,Patricia,1.7935891151428225,FF
Charlotte,Stephanie,1.7937544584274292,FF
Bell,Mia,1.793850064277649,FF
Maisie,Tessa,1.7938934564590454,FF
Starling,Sylvia,1.7942508459091189,FF
Nana,Nia,1.7944647073745728,FF
Lydia,Viqqie,1.7947427034378052,FF
Doughnut,Shana,1.7948602437973022,FF
Carol,Oliver,1.7951713800430298,FF
Glenda,Viqqie,1.7952113151550293,FF
April,Audrey,1.7952280044555664,FF
Abigail,Caitlyn,1.796091914176941,FF
Angela,Carol,1.7962592840194702,FF
Agatha,Viqqie,1.7963889837265017,FF
Bell,Maddie,1.7963937520980835,FF
Claire,Rebecca,1.7966594696044922,FF
Catherine,Skylar,1.7966742515563965,FF
Nana,Zoey,1.7967289686203003,FF
Mia,Victoria,1.7969571352005005,FF
Harper,Shana,1.7975687980651855,FF
Olivia,Samantha,1.797572135925293,FF
Jenna,Shana,1.7978700399398804,FF
Harper,Patricia,1.7979717254638672,FF
Margaret,Oliver,1.798049807548523,FF
April,Valerie,1.7983803749084473,FF
Athena,Audrey,1.7983826398849487,FF
MrsClaus,Rachel,1.798384666442871,FF
Catherine,Harper,1.7987641096115112,FF
April,Oliver,1.7989929914474487,FF
Angela,Tina,1.7991057634353638,FF
Katie,Mia,1.7991943359375,FF
Bell,Catherine,1.7992526292800903,FF
Glenda,Vivien,1.7997642755508425,FF
Abigail,Helena,1.8000831604003906,FF
Margot,Nana,1.8003424406051636,FF
AnnabelletheGhost,Chloe,1.800346851348877,FF
Emma,Nia,1.800355315208435,FF
Norah,Stephanie,1.8004626035690308,FF
Doughnut,Maddie,1.8010212182998655,FF
Jenna,Jodie,1.8016549348831177,FF
Riley,Verna,1.801768779754639,FF
Lindsay,ReporterCatalina,1.8020299673080444,FF
Nia,Rachel,1.802236557006836,FF
Glenda,Zoey,1.8023589849472048,FF
Jennifer,Maddie,1.8024001121520996,FF
Mia,Nana,1.8026200532913208,FF
Amber,Emma,1.8026466369628904,FF
Liz,Riley,1.8028095960617063,FF
Liz,Samantha,1.8031214475631712,FF
Audrey,Liz,1.8035550117492676,FF
Glenda,Norah,1.8036556243896484,FF
Katie,Kristen,1.8036781549453735,FF
Rebecca,Victoria,1.8039036989212036,FF
Doughnut,Maisie,1.8040285110473633,FF
AnnabelletheGhost,Norah,1.8040684461593628,FF
Abigail,Jenna,1.8042176961898804,FF
MrsClaus,Olivia,1.804378628730774,FF
Jennifer,MrsClaus,1.804742693901062,FF
Amber,Katie,1.8051263093948364,FF
Jodie,Vivien,1.8052124977111816,FF
Kristen,Tessa,1.8062094449996948,FF
Annie,Liz,1.8062471151351929,FF
Alex,Katie,1.8062504529953003,FF
ReporterCatalina,Skylar,1.8062859773635864,FF
Grace,Oliver,1.8063918352127075,FF
Avery,Sylvia,1.806463599205017,FF
Amber,Olivia,1.806799292564392,FF
Harper,Verna,1.80685555934906,FF
Amber,Sara,1.8069863319396973,FF
Sylvia,Viqqie,1.8074828386306765,FF
Jennifer,Katie,1.8077000379562376,FF
Avery,Jodie,1.8078651428222656,FF
Helena,ReporterCatalina,1.8079134225845337,FF
Vanessa,Victoria,1.808518409729004,FF
Jodie,Lindsay,1.8086944818496704,FF
Caitlyn,Tessa,1.808727145195007,FF
Sylvia,Valerie,1.8088902235031128,FF
Angela,SabrinatheWitch,1.8091731071472168,FF
Avery,Tessa,1.809280037879944,FF
Annie,Camila,1.809650421142578,FF
Echo,Victoria,1.8096665143966677,FF
Jenna,Riley,1.8098379373550415,FF
Glenda,Margaret,1.8098907470703125,FF
Catherine,Tessa,1.8099790811538696,FF
Jennifer,Mia,1.8102045059204104,FF
Maddie,Tina,1.8103693723678589,FF
Nova,Olivia,1.8109172582626345,FF
Avery,Paige,1.811087727546692,FF
Amber,Kelsey,1.811281681060791,FF
Abigail,Grace,1.8116998672485352,FF
ReporterCatalina,Sophia,1.8118540048599243,FF
Agatha,Oliver,1.8118716478347776,FF
Kelsey,Norah,1.81205952167511,FF
Jennifer,Skylar,1.81228506565094,FF
Athena,Sylvia,1.812377333641052,FF
Patricia,Rita,1.812510371208191,FF
Hailey,Norah,1.8128257989883425,FF
Avery,Sara,1.8130332231521609,FF
April,Sara,1.8130954504013064,FF
Grace,Lydia,1.8131561279296875,FF
Olivia,Victoria,1.8132113218307495,FF
Jennifer,Nova,1.8133779764175415,FF
Athena,Mia,1.813555359840393,FF
Glenda,Nova,1.8138213157653809,FF
Catherine,Vanessa,1.8138842582702637,FF
Kristen,Paige,1.8139840364456177,FF
April,Vivien,1.8140698671340945,FF
Patricia,Viqqie,1.8141306638717651,FF
Harper,Jodie,1.8141318559646609,FF
Lydia,Skylar,1.814450740814209,FF
Angela,Patricia,1.8145893812179563,FF
Sara,Skylar,1.8149210214614868,FF
Maisie,MrsClaus,1.8151211738586424,FF
Mia,Rachel,1.8153700828552248,FF
Audrey,Avery,1.815565586090088,FF
Amber,Rachel,1.8155932426452637,FF
Harper,Rita,1.816136360168457,FF
Bell,ReporterCatalina,1.816285729408264,FF
Mia,Olivia,1.816480278968811,FF
Glenda,Kelly,1.816594123840332,FF
Helena,Mia,1.8167248964309692,FF
Lydia,Nia,1.8167818784713743,FF
April,Skylar,1.8167985677719116,FF
Paige,Sylvia,1.817033290863037,FF
Millie,Sylvia,1.81705904006958,FF
Doughnut,ReporterCatalina,1.8171706199645996,FF
Catherine,Lindsay,1.8172279596328735,FF
Rachel,Starling,1.817379593849182,FF
Camila,Tina,1.817639946937561,FF
Jodie,Samantha,1.8178869485855105,FF
Katie,Maisie,1.8183668851852417,FF
Bell,Caitlyn,1.8185291290283203,FF
Carol,Starling,1.8185406923294067,FF
Echo,Viqqie,1.8185580968856812,FF
Rebecca,Riley,1.8185811042785645,FF
Audrey,Olivia,1.818622589111328,FF
Claire,Oliver,1.8186951875686648,FF
Chloe,Rita,1.8187352418899536,FF
Natalie,Oliver,1.818913817405701,FF
Paige,Rita,1.8195737600326536,FF
Samantha,Tessa,1.819653868675232,FF
Alex,Rachel,1.8201031684875488,FF
Agatha,MrsClaus,1.8201838731765747,FF
Agatha,Natalie,1.8204518556594849,FF
Amber,Claire,1.8206772804260256,FF
Emma,ReporterCatalina,1.8209309577941897,FF
MrsClaus,Vivien,1.820975422859192,FF
Angela,Samantha,1.821205973625183,FF
Amber,AnnabelletheGhost,1.8212822675704956,FF
Maisie,Nana,1.821377635002136,FF
Catherine,Millie,1.8216408491134644,FF
Maddie,Nana,1.8219157457351685,FF
AnnabelletheGhost,Athena,1.8222169876098633,FF
Emma,Kelsey,1.822291374206543,FF
April,Viqqie,1.822292685508728,FF
Riley,Stephanie,1.822348952293396,FF
Charlotte,Shana,1.822710037231445,FF
Caitlyn,Mia,1.8227124214172363,FF
Shana,Sophia,1.8228368759155271,FF
Patricia,Stephanie,1.822959899902344,FF
Bell,Rachel,1.8231371641159055,FF
Audrey,Patricia,1.8238927125930784,FF
Jodie,Valerie,1.8240405321121216,FF
Abigail,Janet,1.8243104219436648,FF
Millie,Rachel,1.824418067932129,FF
Glenda,Sylvia,1.8244186639785769,FF
Maddie,Skylar,1.8246703147888184,FF
Rebecca,Skylar,1.824832320213318,FF
Millie,SabrinatheWitch,1.824903964996338,FF
Jennifer,Sylvia,1.824934959411621,FF
Catherine,Mia,1.8250294923782349,FF
Shana,Viqqie,1.825204372406006,FF
Camila,Shana,1.825778007507324,FF
Avery,Charlotte,1.825796127319336,FF
Caitlyn,Doughnut,1.8264846801757812,FF
Athena,Stephanie,1.8265351057052612,FF
Kelsey,Patricia,1.8265517950057983,FF
Charlotte,Katie,1.8265806436538696,FF
Grace,Tessa,1.8266047239303589,FF
Alex,Claire,1.8268412351608276,FF
Abigail,Emma,1.827254295349121,FF
Margot,ReporterCatalina,1.8272687196731567,FF
Lindsay,Rachel,1.827364802360535,FF
Bell,Norah,1.8274308443069456,FF
Doughnut,SabrinatheWitch,1.8276952505111697,FF
Charlotte,Kelly,1.828050971031189,FF
Echo,Vanessa,1.8280692100524905,FF
Audrey,Margot,1.828079342842102,FF
Angela,Sara,1.8285212516784668,FF
Margaret,Tina,1.8286131620407104,FF
Hailey,Rachel,1.8290306329727173,FF
Catherine,ReporterCatalina,1.82909631729126,FF
Claire,Sara,1.8291062116622925,FF
Nova,Stephanie,1.829979419708252,FF
Amber,Grace,1.830012321472168,FF
Charlotte,Maisie,1.8301256895065308,FF
Kelsey,Viqqie,1.8301564455032349,FF
Riley,Sylvia,1.830201506614685,FF
Charlotte,Sara,1.830272197723389,FF
Liz,MrsClaus,1.830685257911682,FF
Maddie,Rachel,1.830690860748291,FF
Hailey,Nana,1.83100163936615,FF
Rachel,Sophia,1.8312498331069944,FF
Samantha,Sylvia,1.831713080406189,FF
April,Glenda,1.832223892211914,FF
Lydia,Oliver,1.8328876495361328,FF
Millie,Tessa,1.8331069946289065,FF
Liz,Maddie,1.833606243133545,FF
Harper,Paige,1.8338102102279663,FF
Victoria,Viqqie,1.833820343017578,FF
Amber,Caitlyn,1.8339685201644895,FF
Jodie,Kelsey,1.834084630012512,FF
Charlotte,Rita,1.8341941833496096,FF
Grace,Verna,1.8343485593795776,FF
Echo,Sara,1.8345065116882324,FF
Claire,Kristen,1.8345707654953003,FF
Nana,Rita,1.8346400260925293,FF
Caitlyn,Echo,1.8347774744033811,FF
Kristen,Oliver,1.8349080085754397,FF
Lucille,Nova,1.834922790527344,FF
Oliver,Rachel,1.8349504470825195,FF
Glenda,Jodie,1.835156798362732,FF
Abigail,Kelly,1.83521032333374,FF
Audrey,Viqqie,1.8352117538452148,FF
Olivia,Verna,1.835297465324402,FF
Nia,Samantha,1.83563232421875,FF
Emma,Victoria,1.835734724998474,FF
Lucille,Rachel,1.8358335494995115,FF
Hailey,ReporterCatalina,1.835920333862305,FF
Alex,Carol,1.83602774143219,FF
Camila,Patricia,1.8362733125686648,FF
Olivia,Viqqie,1.8364330530166624,FF
Jenna,Norah,1.836615204811096,FF
Helena,Jodie,1.8370436429977417,FF
Abigail,Glenda,1.837511658668518,FF
Rita,Viqqie,1.8382211923599243,FF
Caitlyn,Sylvia,1.838481903076172,FF
SabrinatheWitch,Skylar,1.8386622667312624,FF
Emma,Jennifer,1.838756442070007,FF
Carol,Margot,1.838778376579285,FF
Skylar,Verna,1.8387876749038696,FF
Oliver,Skylar,1.83888041973114,FF
Riley,Tessa,1.838903546333313,FF
Rita,Tessa,1.8389912843704224,FF
Jodie,Millie,1.8391547203063965,FF
Caitlyn,Maddie,1.84019935131073,FF
Carol,Grace,1.840343117713928,FF
Avery,Echo,1.8404687643051147,FF
SabrinatheWitch,Starling,1.84061336517334,FF
Grace,Mia,1.8408726453781128,FF
Margot,Victoria,1.840959906578064,FF
Patricia,Vivien,1.8410325050354004,FF
Doughnut,Mia,1.8414350748062136,FF
Stephanie,Vivien,1.8416152000427248,FF
Audrey,Catherine,1.8416805267333984,FF
Claire,Samantha,1.8418458700180056,FF
Abigail,Zoey,1.8420616388320925,FF
Tina,Vivien,1.8425650596618652,FF
AnnabelletheGhost,Echo,1.8426364660263064,FF
Skylar,Victoria,1.8426982164382937,FF
Audrey,Margaret,1.84274423122406,FF
Avery,Catherine,1.84275484085083,FF
Audrey,MrsClaus,1.8432825803756712,FF
Chloe,Kelly,1.8435794115066528,FF
Jodie,Starling,1.843671798706055,FF
Margaret,Nia,1.8436747789382937,FF
Claire,Glenda,1.843827724456787,FF
Riley,Shana,1.843892216682434,FF
Audrey,Glenda,1.8439496755599976,FF
Amber,Harper,1.8439841270446775,FF
Claire,MrsClaus,1.8441095352172852,FF
Doughnut,Rita,1.844202160835266,FF
Jennifer,Rita,1.8442264795303345,FF
Agatha,Carol,1.8442726135253904,FF
ReporterCatalina,Starling,1.8443459272384644,FF
Angela,Jodie,1.8443697690963743,FF
Glenda,Hailey,1.8446015119552612,FF
Jennifer,Verna,1.844688057899475,FF
Katie,Kelsey,1.8448222875595093,FF
Paige,Rachel,1.844967007637024,FF
Angela,Charlotte,1.8450504541397097,FF
Annie,Catherine,1.8451193571090696,FF
Maisie,Skylar,1.8451800346374512,FF
Grace,Rebecca,1.8453491926193235,FF
Kelsey,Rebecca,1.84549343585968,FF
Maisie,Sara,1.8460596799850464,FF
Kelsey,Nova,1.8464032411575315,FF
Abigail,Kelsey,1.8468631505966189,FF
Glenda,Patricia,1.8470796346664429,FF
Annie,Claire,1.8482909202575684,FF
Echo,Harper,1.848534107208252,FF
Carol,Catherine,1.8485569953918457,FF
Maddie,Sylvia,1.849129557609558,FF
Agatha,Samantha,1.8492103815078735,FF
Catherine,SabrinatheWitch,1.8494848012924192,FF
Amber,Kelly,1.8495877981185913,FF
Patricia,Verna,1.850044846534729,FF
April,Caitlyn,1.85011625289917,FF
Chloe,Lindsay,1.8503309488296509,FF
Camila,Rita,1.85090434551239,FF
Maisie,Oliver,1.851166844367981,FF
ReporterCatalina,Zoey,1.85117769241333,FF
Helena,Shana,1.8512381315231323,FF
AnnabelletheGhost,Rachel,1.8513261079788208,FF
Sophia,Victoria,1.8519163131713867,FF
Emma,Maisie,1.8520050048828125,FF
Millie,Sara,1.8520065546035769,FF
Mia,Starling,1.8521441221237185,FF
Nia,Sara,1.852455496788025,FF
Skylar,Sophia,1.85264790058136,FF
Audrey,Skylar,1.8526554107666016,FF
Kristen,Margaret,1.8531999588012695,FF
Athena,Charlotte,1.8537793159484863,FF
Nia,Rita,1.853906273841858,FF
Rachel,Samantha,1.8540343046188352,FF
Catherine,Charlotte,1.8541232347488403,FF
Millie,Vanessa,1.8548041582107544,FF
Shana,Stephanie,1.8554600477218628,FF
Agatha,Verna,1.855526089668274,FF
Lucille,Oliver,1.8556385040283203,FF
Annie,Vanessa,1.8556485176086424,FF
Agatha,Jennifer,1.8558064699172976,FF
Katie,Nia,1.8560975790023804,FF
Riley,Sophia,1.8561030626296997,FF
Kelsey,Riley,1.8562355041503904,FF
Echo,Paige,1.8563724756240845,FF
Caitlyn,Rebecca,1.8565678596496584,FF
Amber,Valerie,1.8566702604293823,FF
Samantha,Sara,1.8568204641342163,FF
Agatha,Rachel,1.8569096326828003,FF
Abigail,Rachel,1.8573466539382937,FF
Carol,Sophia,1.857731819152832,FF
Bell,MrsClaus,1.857943058013916,FF
Emma,Margaret,1.858036994934082,FF
Maddie,Vanessa,1.8581438064575195,FF
Valerie,Verna,1.858277678489685,FF
Echo,Vivien,1.858484148979187,FF
Agatha,Shana,1.8586281538009644,FF
Lindsay,Maddie,1.858973503112793,FF
Samantha,Victoria,1.8590316772460935,FF
Grace,Lucille,1.859066367149353,FF
Caitlyn,MrsClaus,1.8592987060546875,FF
Avery,Nia,1.8593014478683472,FF
Kelly,Valerie,1.8594822883605957,FF
Annie,Bell,1.8596655130386353,FF
Abigail,Margot,1.8599839210510256,FF
Charlotte,Emma,1.8601876497268677,FF
Audrey,Harper,1.8604636192321775,FF
Oliver,Paige,1.860594153404236,FF
Agatha,Olivia,1.8606138229370115,FF
Kristen,Tina,1.860625386238098,FF
Alex,Norah,1.86066997051239,FF
Catherine,Kelsey,1.8606715202331543,FF
Catherine,Kristen,1.860679030418396,FF
Carol,Hailey,1.8608498573303225,FF
Margaret,Paige,1.8610997200012207,FF
Jenna,Rita,1.8614000082015991,FF
Alex,Tessa,1.861458420753479,FF
Annie,Vivien,1.8616572618484497,FF
Paige,Verna,1.8617912530899048,FF
April,Jennifer,1.8621917963027952,FF
Nana,Tina,1.8621984720230105,FF
Amber,Helena,1.8623195886611936,FF
Alex,Catherine,1.862815022468567,FF
AnnabelletheGhost,Viqqie,1.8629041910171509,FF
Kristen,Verna,1.8634333610534668,FF
Agatha,Claire,1.8634485006332395,FF
Lindsay,Mia,1.8640098571777344,FF
SabrinatheWitch,Zoey,1.864155411720276,FF
AnnabelletheGhost,Oliver,1.8641971349716189,FF
Athena,Jennifer,1.864526867866516,FF
Chloe,Stephanie,1.864585518836975,FF
Katie,Verna,1.864721655845642,FF
Janet,Vanessa,1.8648954629898071,FF
Audrey,Mia,1.865047574043274,FF
Angela,April,1.865115523338318,FF
Abigail,Avery,1.865158200263977,FF
Nova,Sophia,1.865220546722412,FF
Liz,Verna,1.86548376083374,FF
Carol,Victoria,1.8658274412155151,FF
Katie,Millie,1.8661636114120483,FF
Margaret,Victoria,1.866183876991272,FF
Helena,Maddie,1.8662556409835815,FF
Athena,Victoria,1.866322636604309,FF
Paige,Tessa,1.866542935371399,FF
Abigail,Bell,1.8666216135025024,FF
Camila,Mia,1.86678946018219,FF
Oliver,Viqqie,1.8670145273208616,FF
Avery,Shana,1.8670614957809448,FF
Caitlyn,Helena,1.867085337638855,FF
Echo,Valerie,1.867132782936096,FF
Catherine,Nia,1.8672832250595093,FF
Annie,Nana,1.8673580884933472,FF
Claire,Viqqie,1.867432713508606,FF
Harper,Sophia,1.8674970865249632,FF
Athena,Katie,1.867814540863037,FF
Amber,Avery,1.8681186437606812,FF
Athena,Oliver,1.8684654235839844,FF
Charlotte,Nova,1.8686002492904663,FF
Abigail,Agatha,1.868813395500183,FF
Katie,Victoria,1.868877410888672,FF
Maddie,Nova,1.868929386138916,FF
Natalie,Paige,1.8689898252487185,FF
April,Liz,1.869057536125183,FF
Caitlyn,Victoria,1.869205355644226,FF
Emma,Oliver,1.8692227602005005,FF
Patricia,Vanessa,1.869519829750061,FF
Rita,Victoria,1.8695813417434692,FF
Lindsay,Samantha,1.869922757148743,FF
Echo,Jennifer,1.870030403137207,FF
Chloe,Maddie,1.8702278137207031,FF
Maddie,Samantha,1.8711713552474976,FF
Kelly,Sylvia,1.8711915016174316,FF
Jodie,Nova,1.8715535402297976,FF
AnnabelletheGhost,Jennifer,1.8720451593399048,FF
Patricia,Tessa,1.8722267150878904,FF
Caitlyn,Glenda,1.8724913597106936,FF
Nova,Valerie,1.8726969957351685,FF
Patricia,Starling,1.8727269172668457,FF
Hailey,Nova,1.8728982210159304,FF
Nia,ReporterCatalina,1.872992157936096,FF
Hailey,Natalie,1.873031497001648,FF
Agatha,Victoria,1.8730741739273071,FF
Jennifer,Stephanie,1.8732966184616089,FF
Jennifer,Maisie,1.8734086751937864,FF
Camila,Skylar,1.8735270500183103,FF
Janet,MrsClaus,1.873528003692627,FF
Annie,Margaret,1.8736337423324585,FF
Oliver,Samantha,1.8736640214920044,FF
Kristen,Nana,1.8738876581192017,FF
Janet,SabrinatheWitch,1.8740625381469729,FF
Margot,Natalie,1.8741812705993652,FF
Agatha,Margaret,1.8743816614151,FF
Bell,Shana,1.87447726726532,FF
Jennifer,Victoria,1.8747748136520384,FF
Jenna,Viqqie,1.8747817277908323,FF
Helena,Katie,1.875052571296692,FF
Athena,Tessa,1.875111699104309,FF
Grace,Jennifer,1.875476956367493,FF
AnnabelletheGhost,Nova,1.8759406805038452,FF
Alex,Nana,1.8761521577835083,FF
Jennifer,Sara,1.8761965036392212,FF
Jenna,Nova,1.876445770263672,FF
Angela,Zoey,1.8765794038772583,FF
Emma,Starling,1.8770960569381712,FF
Kelsey,MrsClaus,1.8774909973144531,FF
Millie,Natalie,1.877635478973389,FF
Abigail,Doughnut,1.877664566040039,FF
Helena,Norah,1.8776822090148928,FF
Lucille,Margot,1.878030776977539,FF
April,Kelly,1.8784140348434448,FF
Maddie,Millie,1.8787094354629517,FF
Lindsay,Nova,1.8787130117416384,FF
Agatha,Sylvia,1.878764033317566,FF
Audrey,Sophia,1.8791522979736328,FF
Chloe,Viqqie,1.8794184923171997,FF
Jodie,Vanessa,1.879921793937683,FF
Amber,Riley,1.8801757097244265,FF
April,Claire,1.8802093267440796,FF
Maddie,Vivien,1.8805174827575684,FF
Liz,Tina,1.880773425102234,FF
Agatha,Vanessa,1.8810009956359863,FF
Jenna,Skylar,1.8811888694763184,FF
Starling,Verna,1.8813581466674805,FF
Mia,Sophia,1.8815189599990845,FF
ReporterCatalina,Valerie,1.881710171699524,FF
Agatha,Avery,1.882057785987854,FF
Alex,Caitlyn,1.882272720336914,FF
Amber,Jenna,1.8825310468673704,FF
Samantha,Vivien,1.8829745054244995,FF
Liz,Rita,1.883402705192566,FF
Abigail,Paige,1.8834995031356812,FF
Camila,Viqqie,1.8836923837661743,FF
Glenda,Lucille,1.883745193481445,FF
Emma,Jodie,1.8838034868240356,FF
AnnabelletheGhost,Maisie,1.8840909004211424,FF
Kelly,Nova,1.88455331325531,FF
Agatha,Sara,1.8848589658737185,FF
Charlotte,Echo,1.88491952419281,FF
Vivien,Zoey,1.8849859237670896,FF
Athena,Kelly,1.8851486444473269,FF
Oliver,Stephanie,1.885336995124817,FF
Nia,Patricia,1.8855470418930056,FF
Patricia,Valerie,1.88607120513916,FF
Margot,Shana,1.8861507177352903,FF
Starling,Vivien,1.8864132165908811,FF
Kelly,ReporterCatalina,1.8864365816116333,FF
Annie,Carol,1.886658191680908,FF
Rebecca,Starling,1.886849045753479,FF
Maisie,Stephanie,1.8868666887283323,FF
Athena,Nia,1.88701856136322,FF
Kelly,Victoria,1.8870872259140017,FF
Helena,Nova,1.8872355222702024,FF
Camila,Maisie,1.887263298034668,FF
Millie,ReporterCatalina,1.887346625328064,FF
Verna,Zoey,1.8875550031661987,FF
Camila,Samantha,1.8880239725112915,FF
Katie,Tessa,1.8885568380355835,FF
Audrey,Claire,1.88908588886261,FF
Amber,Lucille,1.8892842531204224,FF
Starling,Tina,1.889448285102844,FF
Glenda,Valerie,1.8895829916000368,FF
Grace,Shana,1.8896805047988892,FF
Charlotte,Glenda,1.8897536993026731,FF
Jodie,Skylar,1.8897933959960935,FF
Alex,Sylvia,1.8903483152389529,FF
Charlotte,Tessa,1.890443205833435,FF
Sophia,Stephanie,1.8905253410339355,FF
Mia,Valerie,1.890846610069275,FF
Paige,Vivien,1.8913474082946775,FF
Agatha,Riley,1.8914448022842407,FF
Mia,Viqqie,1.8914819955825808,FF
Janet,Rebecca,1.891490459442139,FF
Margot,Rebecca,1.8915890455245972,FF
Alex,Avery,1.8922196626663208,FF
Nia,Stephanie,1.8923949003219604,FF
Caitlyn,Viqqie,1.8924384117126465,FF
Skylar,Starling,1.8927699327468872,FF
Nana,Riley,1.8928438425064087,FF
Millie,Shana,1.8932709693908691,FF
Kelsey,Maisie,1.8933342695236208,FF
Emma,MrsClaus,1.89337694644928,FF
Avery,Viqqie,1.8934260606765747,FF
Maddie,Nia,1.8936055898666384,FF
Charlotte,MrsClaus,1.8939155340194704,FF
Alex,SabrinatheWitch,1.8940014839172363,FF
Grace,Vivien,1.8940280675888064,FF
Olivia,Rita,1.8943012952804563,FF
Maisie,Victoria,1.8946601152420044,FF
Hailey,SabrinatheWitch,1.8946620225906372,FF
Grace,Sylvia,1.8946863412857056,FF
Kelsey,Verna,1.8947067260742188,FF
Athena,Glenda,1.8947595357894895,FF
Chloe,Tessa,1.8948320150375368,FF
Paige,Vanessa,1.8951783180236816,FF
Grace,Viqqie,1.895280361175537,FF
April,Avery,1.8954333066940308,FF
Caitlyn,Maisie,1.8957319259643557,FF
AnnabelletheGhost,Rita,1.895790696144104,FF
Catherine,Norah,1.8961591720581057,FF
Lucille,Natalie,1.8966749906539917,FF
Jenna,Verna,1.896738886833191,FF
Angela,Olivia,1.8969260454177856,FF
Carol,Maddie,1.8973146677017212,FF
Natalie,Valerie,1.8973941802978516,FF
Claire,Patricia,1.897436261177063,FF
Catherine,Rita,1.8975077867507937,FF
Norah,Zoey,1.8976889848709104,FF
ReporterCatalina,Tina,1.8979334831237793,FF
Athena,Claire,1.8979414701461792,FF
Liz,Sophia,1.8982006311416624,FF
Bell,Patricia,1.8984729051589968,FF
Athena,Rachel,1.8985029458999632,FF
Audrey,Jennifer,1.898566722869873,FF
Samantha,Verna,1.898882269859314,FF
Janet,Lucille,1.8989216089248655,FF
Emma,Samantha,1.8991461992263792,FF
Annie,Harper,1.8994115591049192,FF
Maisie,Verna,1.9000186920166016,FF
Stephanie,Viqqie,1.900037169456482,FF
Margot,Norah,1.9000760316848757,FF
Avery,Riley,1.9002426862716677,FF
Rebecca,Sophia,1.9005545377731323,FF
Agatha,Jodie,1.900726318359375,FF
Athena,Vivien,1.9007301330566408,FF
Grace,Rachel,1.9011116027832031,FF
Rita,Vivien,1.9011415243148804,FF
Lucille,Nana,1.9011651277542112,FF
Catherine,Verna,1.901178002357483,FF
Annie,ReporterCatalina,1.9016776084899905,FF
Agatha,Nova,1.901856541633606,FF
April,Jenna,1.9020605087280271,FF
Angela,Liz,1.902147889137268,FF
Maddie,Paige,1.902202010154724,FF
Athena,Kelsey,1.9022825956344604,FF
Caitlyn,Liz,1.9023337364196775,FF
AnnabelletheGhost,Avery,1.902382731437683,FF
Echo,Katie,1.9024114608764648,FF
Audrey,Jodie,1.9025477170944216,FF
Sara,Victoria,1.902566909790039,FF
Lindsay,Patricia,1.9036065340042112,FF
Katie,Riley,1.9037340879440308,FF
Agatha,Rebecca,1.9037407636642456,FF
Angela,Camila,1.903940200805664,FF
AnnabelletheGhost,Caitlyn,1.9043577909469604,FF
Audrey,Kelly,1.9045284986495972,FF
Bell,Riley,1.9045408964157104,FF
Kelly,Vivien,1.904591679573059,FF
Margaret,Millie,1.9046387672424316,FF
Amber,Doughnut,1.9046964645385744,FF
Rita,Valerie,1.9049545526504517,FF
AnnabelletheGhost,Valerie,1.9049748182296753,FF
Jenna,Samantha,1.9050415754318235,FF
Agatha,Patricia,1.9052942991256712,FF
Millie,Norah,1.9053336381912231,FF
Liz,Victoria,1.9054404497146609,FF
Natalie,Tina,1.905495524406433,FF
Rachel,Sara,1.9055176973342896,FF
Athena,Olivia,1.9055309295654297,FF
Agatha,Hailey,1.9058027267456057,FF
Chloe,Glenda,1.9061163663864136,FF
Glenda,Margot,1.9061603546142576,FF
Athena,Liz,1.906188488006592,FF
Camila,Kristen,1.9072400331497192,FF
Camila,Nova,1.9075231552124023,FF
Nana,Paige,1.9078179597854616,FF
Echo,Liz,1.907861351966858,FF
Liz,Nova,1.908457636833191,FF
Paige,Zoey,1.9085594415664673,FF
Oliver,Patricia,1.9086203575134275,FF
Glenda,Helena,1.9087166786193848,FF
Kristen,Liz,1.9089053869247437,FF
Maddie,Mia,1.9089938402175903,FF
Oliver,Sara,1.909014344215393,FF
Echo,Rachel,1.9091709852218628,FF
Avery,MrsClaus,1.909361481666565,FF
Oliver,Vanessa,1.9097810983657837,FF
April,Emma,1.909817814826965,FF
Jennifer,Samantha,1.909988522529602,FF
Jenna,Nia,1.910096526145935,FF
Agatha,Glenda,1.9104695320129397,FF
Athena,Nana,1.910541534423828,FF
Kelsey,Mia,1.9110296964645384,FF
Samantha,Viqqie,1.911070704460144,FF
Angela,AnnabelletheGhost,1.9113246202468872,FF
Lucille,Norah,1.91145122051239,FF
Glenda,Mia,1.9114516973495483,FF
Glenda,Oliver,1.911452293395996,FF
Lindsay,Shana,1.9119304418563845,FF
Kristen,Vanessa,1.9121127128601072,FF
Carol,Glenda,1.9121934175491333,FF
Kristen,ReporterCatalina,1.912571907043457,FF
Maisie,Starling,1.9135950803756712,FF
Starling,Vanessa,1.9140324592590332,FF
Audrey,Rebecca,1.9141039848327637,FF
Harper,Viqqie,1.914615273475647,FF
Audrey,Hailey,1.914838910102844,FF
Rebecca,Rita,1.9149198532104492,FF
Katie,Tina,1.9150444269180296,FF
Amber,Bell,1.9155254364013672,FF
Maisie,Rita,1.9155827760696411,FF
Jennifer,Viqqie,1.9158588647842407,FF
Grace,Nia,1.9161430597305296,FF
Doughnut,Norah,1.916493535041809,FF
Margot,SabrinatheWitch,1.9165534973144531,FF
Kristen,Viqqie,1.9169124364852903,FF
Charlotte,Riley,1.9170182943344116,FF
Camila,Verna,1.9170408248901367,FF
Maddie,Norah,1.9170535802841189,FF
Alex,Charlotte,1.9171093702316284,FF
Olivia,Sophia,1.91725492477417,FF
Kelsey,Skylar,1.9176992177963257,FF
Alex,Rebecca,1.917890191078186,FF
Glenda,Riley,1.9180363416671753,FF
Kelly,Kelsey,1.918110489845276,FF
Samantha,Vanessa,1.918279767036438,FF
Agatha,Nia,1.918584227561951,FF
Janet,Nana,1.9186393022537231,FF
Claire,Grace,1.9186760187149048,FF
Amber,Glenda,1.918734073638916,FF
Athena,Caitlyn,1.918787121772766,FF
Glenda,MrsClaus,1.9192079305648804,FF
Riley,Vivien,1.9195913076400757,FF
Bell,Viqqie,1.9196921586990356,FF
Helena,Kelly,1.919761300086975,FF
Echo,Margot,1.9198967218399048,FF
Margot,Sylvia,1.919969081878662,FF
Liz,Norah,1.919973850250244,FF
Angela,Doughnut,1.9200443029403689,FF
Janet,ReporterCatalina,1.9204115867614744,FF
Catherine,Samantha,1.9204574823379517,FF
Caitlyn,Grace,1.920477032661438,FF
Nia,Riley,1.920638084411621,FF
Alex,Kelsey,1.92070734500885,FF
Doughnut,Tina,1.92078697681427,FF
Athena,Maisie,1.9212740659713743,FF
Catherine,Oliver,1.921286463737488,FF
MrsClaus,Vanessa,1.9213567972183228,FF
Kelly,SabrinatheWitch,1.9216679334640503,FF
Caitlyn,Lindsay,1.9220399856567385,FF
MrsClaus,Valerie,1.9220484495162964,FF
Claire,Echo,1.9223203659057615,FF
Emma,Maddie,1.922482967376709,FF
Agatha,Lydia,1.9226542711257937,FF
Mia,Zoey,1.9227741956710815,FF
Abigail,Catherine,1.9229329824447632,FF
Echo,Jenna,1.9230748414993288,FF
Caitlyn,Zoey,1.923227906227112,FF
Liz,Skylar,1.9232560396194456,FF
Agatha,Maisie,1.9234343767166135,FF
Amber,Janet,1.923581600189209,FF
Lucille,Margaret,1.9236098527908323,FF
Paige,Riley,1.9236222505569456,FF
Lindsay,Verna,1.9236801862716677,FF
April,Lindsay,1.9240727424621584,FF
Charlotte,Victoria,1.924176812171936,FF
MrsClaus,Zoey,1.9241814613342283,FF
Bell,Skylar,1.924183249473572,FF
Carol,Rita,1.9243626594543457,FF
Bell,Samantha,1.9246244430541992,FF
Bell,Maisie,1.9248346090316772,FF
Carol,Janet,1.92511785030365,FF
Catherine,Stephanie,1.9251338243484497,FF
Avery,Rita,1.9252032041549685,FF
Liz,Nia,1.9252854585647583,FF
Kelly,Kristen,1.925317883491516,FF
Jennifer,Zoey,1.9254902601242063,FF
Margaret,Margot,1.925573229789734,FF
Rachel,Valerie,1.925993800163269,FF
Lindsay,Maisie,1.9259968996047976,FF
Mia,Sara,1.926371455192566,FF
Audrey,Janet,1.926650881767273,FF
April,Helena,1.9270415306091309,FF
Echo,Kelsey,1.9271172285079956,FF
Grace,Nova,1.9271574020385744,FF
Alex,Natalie,1.9276204109191897,FF
Glenda,Olivia,1.9279359579086304,FF
Emma,Janet,1.9289751052856443,FF
Jennifer,Riley,1.9293488264083865,FF
Jennifer,Kristen,1.9294742345809937,FF
Maddie,ReporterCatalina,1.9298771619796753,FF
Margot,Tessa,1.93077290058136,FF
Angela,Lucille,1.931086540222168,FF
Agatha,Grace,1.9310983419418335,FF
Claire,Paige,1.9316139221191408,FF
Annie,Lindsay,1.931649088859558,FF
Audrey,Stephanie,1.932043433189392,FF
Annie,Rachel,1.9320486783981323,FF
Annie,Maddie,1.932694435119629,FF
MrsClaus,Starling,1.932925581932068,FF
AnnabelletheGhost,Nia,1.932952880859375,FF
Hailey,Lydia,1.9330121278762815,FF
Sophia,Verna,1.9331988096237185,FF
Rita,Vanessa,1.9332362413406372,FF
Agatha,Camila,1.9333230257034304,FF
Natalie,Zoey,1.9334444999694824,FF
Margot,Verna,1.9336553812026975,FF
Caitlyn,Kelsey,1.9341344833374023,FF
Kelly,Mia,1.9342036247253416,FF
Glenda,Verna,1.934219241142273,FF
Grace,Rita,1.9342559576034544,FF
Glenda,Samantha,1.934435248374939,FF
Annie,Lydia,1.934676170349121,FF
Tessa,Victoria,1.934693694114685,FF
Skylar,Viqqie,1.9348019361495972,FF
Mia,Samantha,1.934850811958313,FF
Kelsey,Sophia,1.9348721504211424,FF
Doughnut,Oliver,1.9350723028182983,FF
Amber,Tina,1.9351778030395508,FF
Bell,Rita,1.9352823495864868,FF
Catherine,Glenda,1.9356032609939575,FF
Rebecca,Viqqie,1.9356640577316284,FF
Carol,Kelly,1.9356752634048464,FF
Camila,MrsClaus,1.9357484579086304,FF
Camila,Riley,1.9358001947402952,FF
Claire,Verna,1.9358006715774536,FF
Annie,Starling,1.935877799987793,FF
Margot,Stephanie,1.935912489891052,FF
Caitlyn,Claire,1.9362987279891968,FF
Harper,Tina,1.936358094215393,FF
Angela,Helena,1.9366401433944704,FF
Harper,Oliver,1.9368597269058228,FF
Amber,Camila,1.9370346069335935,FF
Catherine,Victoria,1.937036156654358,FF
Starling,Tessa,1.93706738948822,FF
Caitlyn,Olivia,1.9375172853469849,FF
Audrey,Helena,1.9377951622009275,FF
Rita,Starling,1.9378501176834104,FF
Patricia,Victoria,1.9384093284606936,FF
Rachel,Rebecca,1.938430428504944,FF
Lydia,Valerie,1.938608765602112,FF
Jodie,Nia,1.93914258480072,FF
Glenda,Grace,1.9394736289978027,FF
Grace,Vanessa,1.939730167388916,FF
Caitlyn,Rita,1.9399241209030151,FF
Amber,Paige,1.940317988395691,FF
Kelly,Nana,1.9404462575912476,FF
Nana,Valerie,1.940813660621643,FF
Paige,Victoria,1.941182017326355,FF
Jodie,Sara,1.941405177116394,FF
Margot,Nia,1.941526770591736,FF
Lindsay,MrsClaus,1.941649794578552,FF
Katie,Paige,1.941718578338623,FF
Grace,SabrinatheWitch,1.9425486326217651,FF
Janet,Sylvia,1.94260835647583,FF
Kelsey,Margot,1.9426318407058716,FF
Alex,Mia,1.9426913261413576,FF
Echo,Helena,1.9428526163101196,FF
Agatha,Liz,1.9429035186767576,FF
Janet,Nova,1.9429625272750857,FF
Catherine,Rebecca,1.9429646730422976,FF
Harper,Riley,1.94297456741333,FF
Tessa,Tina,1.9431554079055784,FF
Kelly,Olivia,1.9432429075241089,FF
Maisie,Tina,1.943696141242981,FF
Helena,Paige,1.944069743156433,FF
Athena,Valerie,1.944172739982605,FF
Echo,Glenda,1.944530963897705,FF
Abigail,Lindsay,1.9446183443069456,FF
Janet,Kelsey,1.9446805715560913,FF
Hailey,Tessa,1.9452513456344604,FF
Abigail,Camila,1.945449709892273,FF
Chloe,Valerie,1.9456108808517456,FF
Kristen,Maddie,1.9456678628921509,FF
AnnabelletheGhost,Skylar,1.9458699226379397,FF
Charlotte,Kristen,1.9463615417480469,FF
Glenda,Tessa,1.9464426040649416,FF
Angela,Jenna,1.9465588331222536,FF
Alex,Skylar,1.9467090368270872,FF
Agatha,Catherine,1.946786403656006,FF
Annie,Kelsey,1.9482942819595337,FF
Emma,Patricia,1.94904625415802,FF
Sylvia,Zoey,1.94908344745636,FF
Patricia,Sara,1.9491634368896484,FF
Doughnut,Verna,1.949741005897522,FF
Grace,Stephanie,1.949816346168518,FF
Nova,Tina,1.950345158576965,FF
Lindsay,Nia,1.9503694772720337,FF
Alex,Margaret,1.9504677057266235,FF
Angela,Athena,1.9506702423095703,FF
Alex,Shana,1.9506840705871584,FF
Hailey,Riley,1.9513649940490725,FF
Riley,Valerie,1.9513658285140991,FF
Audrey,Jenna,1.951684594154358,FF
Jenna,Paige,1.9518269300460815,FF
Claire,Margot,1.9518494606018064,FF
Kelly,Norah,1.951964020729065,FF
Avery,Sophia,1.9524871110916135,FF
Abigail,Starling,1.9525188207626345,FF
April,Janet,1.9525599479675293,FF
Katie,Lucille,1.9526094198226929,FF
Amber,Zoey,1.9527058601379397,FF
Agatha,Helena,1.952804446220398,FF
Chloe,Starling,1.9531718492507937,FF
Charlotte,Sophia,1.9532049894332888,FF
Avery,Victoria,1.95324182510376,FF
Annie,Avery,1.9539295434951784,FF
Charlotte,Viqqie,1.954357624053955,FF
Kelsey,Samantha,1.9544183015823364,FF
Helena,Skylar,1.9544814825057983,FF
Jennifer,Nia,1.9546104669570925,FF
Alex,Verna,1.9547525644302368,FF
Kristen,Riley,1.9551645517349243,FF
Athena,Sara,1.955194115638733,FF
Grace,Maisie,1.955403208732605,FF
Camila,Nia,1.9554920196533203,FF
Catherine,Jodie,1.955757737159729,FF
Glenda,Vanessa,1.9557846784591677,FF
Glenda,Liz,1.9558005332946775,FF
Angela,Margot,1.9558672904968264,FF
Valerie,Viqqie,1.9563909769058228,FF
Riley,Starling,1.956619143486023,FF
Caitlyn,Hailey,1.9570335149765017,FF
Jodie,Lucille,1.957152009010315,FF
Caitlyn,Stephanie,1.9579957723617551,FF
Angela,Lindsay,1.958201885223389,FF
Kristen,Sara,1.958361268043518,FF
Agatha,Emma,1.9586132764816284,FF
Annie,Caitlyn,1.9588602781295776,FF
Paige,ReporterCatalina,1.9589347839355469,FF
Annie,Helena,1.9589691162109375,FF
Angela,Kelsey,1.9590610265731812,FF
April,Hailey,1.9591150283813477,FF
April,Camila,1.959211826324463,FF
Catherine,Sara,1.9593805074691772,FF
Lindsay,Riley,1.9595293998718264,FF
Oliver,Valerie,1.9596718549728391,FF
Avery,Hailey,1.9596892595291135,FF
April,Zoey,1.960007071495056,FF
Athena,Avery,1.960103154182434,FF
Hailey,Kelsey,1.9602149724960327,FF
Lindsay,Skylar,1.9606518745422363,FF
AnnabelletheGhost,Glenda,1.9607181549072263,FF
MrsClaus,Paige,1.960790991783142,FF
Agatha,Amber,1.9610732793807983,FF
Avery,Verna,1.961419701576233,FF
Camila,Oliver,1.9617685079574585,FF
Maddie,Rita,1.962399125099182,FF
Riley,Rita,1.962401032447815,FF
Carol,Zoey,1.9625205993652344,FF
Alex,Starling,1.963024616241455,FF
Amber,Starling,1.963062763214111,FF
Patricia,Zoey,1.963298797607422,FF
Janet,Shana,1.963301658630371,FF
Bell,Oliver,1.9633727073669431,FF
Jenna,MrsClaus,1.9634851217269895,FF
AnnabelletheGhost,Paige,1.963706135749817,FF
Agatha,Lucille,1.9637608528137207,FF
Oliver,Sophia,1.9638608694076536,FF
Helena,Riley,1.9639087915420532,FF
Hailey,Samantha,1.9640487432479856,FF
Shana,Valerie,1.9643362760543823,FF
Skylar,Stephanie,1.96480131149292,FF
Norah,Valerie,1.9649395942687988,FF
Agatha,Chloe,1.9650760889053345,FF
Paige,Viqqie,1.965252995491028,FF
Annie,Olivia,1.9653271436691284,FF
Audrey,Zoey,1.965438723564148,FF
Agatha,Kristen,1.9655112028121948,FF
Jennifer,Margot,1.9655508995056152,FF
Harper,Victoria,1.965561032295227,FF
Nia,Sophia,1.96574604511261,FF
Angela,Viqqie,1.9657691717147827,FF
AnnabelletheGhost,Audrey,1.9658011198043823,FF
Samantha,Zoey,1.965981125831604,FF
Caitlyn,Charlotte,1.9661202430725095,FF
Jenna,Tina,1.9661511182785032,FF
Angela,Glenda,1.9663106203079224,FF
Maddie,Shana,1.966467022895813,FF
Carol,Paige,1.9671489000320437,FF
Grace,Kelsey,1.9672006368637085,FF
AnnabelletheGhost,Kristen,1.968056082725525,FF
Glenda,Maisie,1.9689593315124512,FF
Doughnut,Viqqie,1.9689730405807495,FF
Kelly,Vanessa,1.9689784049987793,FF
Lucille,Samantha,1.9690507650375368,FF
Agatha,April,1.969075083732605,FF
Agatha,Sophia,1.9691435098648071,FF
Doughnut,Skylar,1.969283938407898,FF
Jennifer,Sophia,1.9694899320602417,FF
Lucille,Vivien,1.969612956047058,FF
Riley,Vanessa,1.969627022743225,FF
Angela,Stephanie,1.9697185754776,FF
Emma,Viqqie,1.9699500799179075,FF
Liz,Oliver,1.9700661897659304,FF
Kelly,Margaret,1.970842719078064,FF
Helena,Rita,1.971235752105713,FF
Hailey,Victoria,1.971308350563049,FF
Paige,Rebecca,1.9714237451553345,FF
Echo,Kelly,1.9716399908065796,FF
Oliver,Rita,1.9717446565628052,FF
Lucille,Sophia,1.9717512130737305,FF
Rachel,Zoey,1.9719467163085935,FF
Doughnut,Kristen,1.9719600677490232,FF
Avery,Glenda,1.9726566076278689,FF
Margaret,Valerie,1.9727482795715332,FF
Agatha,Janet,1.9730747938156128,FF
Rita,Tina,1.973152756690979,FF
Hailey,Olivia,1.973271727561951,FF
Angela,Sophia,1.973613142967224,FF
Hailey,Rebecca,1.9736727476119995,FF
Athena,Harper,1.974363923072815,FF
Agatha,AnnabelletheGhost,1.9744157791137695,FF
Caitlyn,Kelly,1.9746809005737305,FF
Glenda,Lydia,1.9748455286026,FF
Oliver,Tina,1.974860668182373,FF
Alex,Jodie,1.9748862981796265,FF
Katie,Viqqie,1.975056767463684,FF
Echo,Olivia,1.9752758741378784,FF
Audrey,Camila,1.9754055738449097,FF
Helena,Nia,1.9754923582077024,FF
Amber,Lindsay,1.9758373498916624,FF
Audrey,Rita,1.9760369062423704,FF
Doughnut,MrsClaus,1.976046562194824,FF
Avery,Zoey,1.9760626554489136,FF
Janet,Natalie,1.9761883020401,FF
Kelsey,Kristen,1.9763792753219604,FF
Millie,Verna,1.9765992164611816,FF
Millie,Rebecca,1.976651310920715,FF
Caitlyn,Jodie,1.97669780254364,FF
Agatha,Echo,1.97682523727417,FF
MrsClaus,Sara,1.976922631263733,FF
Emma,Tina,1.97696316242218,FF
Chloe,Oliver,1.9770532846450808,FF
Avery,Oliver,1.9771671295166016,FF
Camila,Chloe,1.97722065448761,FF
Millie,Nova,1.9774049520492551,FF
Nana,Sophia,1.9780079126358032,FF
Sylvia,Tina,1.9784704446792605,FF
Camila,Victoria,1.9785794019699097,FF
Kristen,Olivia,1.978679656982422,FF
Helena,MrsClaus,1.9790533781051636,FF
Janet,Norah,1.9791769981384275,FF
Kelly,MrsClaus,1.9793578386306765,FF
Catherine,MrsClaus,1.9794234037399292,FF
Lydia,Tina,1.9800044298171997,FF
Nia,Tina,1.9801043272018433,FF
Lucille,Rita,1.980960249900818,FF
Agatha,Stephanie,1.9811030626296997,FF
Sophia,Vivien,1.9811201095581057,FF
Maddie,Patricia,1.9814461469650269,FF
Helena,Viqqie,1.9815688133239744,FF
Lucille,Nia,1.9815956354141235,FF
Alex,Annie,1.9816418886184692,FF
Lucille,Zoey,1.981645941734314,FF
Helena,Victoria,1.9820915460586548,FF
Kelly,Verna,1.982568860054016,FF
Maisie,Viqqie,1.9829689264297483,FF
Alex,Angela,1.9833078384399416,FF
Glenda,Nia,1.9834057092666624,FF
Emma,Riley,1.9836534261703491,FF
Olivia,Skylar,1.983697772026062,FF
Paige,Shana,1.9837045669555664,FF
AnnabelletheGhost,Kelly,1.98372220993042,FF
Abigail,Maddie,1.9838175773620603,FF
Hailey,Vivien,1.983859658241272,FF
April,Catherine,1.9845415353775024,FF
Stephanie,Victoria,1.9846354722976685,FF
Claire,Sophia,1.9850974082946775,FF
Jenna,Kristen,1.9852291345596311,FF
Echo,Zoey,1.985273003578186,FF
Annie,Millie,1.985348343849182,FF
Bell,Verna,1.9853601455688477,FF
Abigail,Hailey,1.985382914543152,FF
Jodie,Tina,1.985501766204834,FF
Bell,Chloe,1.9855934381484983,FF
Skylar,Zoey,1.9857449531555176,FF
Hailey,Patricia,1.986043930053711,FF
Angela,Bell,1.986066460609436,FF
Lucille,Viqqie,1.9861130714416504,FF
Agatha,Harper,1.9862149953842163,FF
Sophia,Viqqie,1.9863308668136597,FF
Kelly,Riley,1.986499905586243,FF
Kelly,Lucille,1.98717200756073,FF
Bell,Sophia,1.987565994262695,FF
Janet,Lydia,1.987669587135315,FF
Glenda,Tina,1.9877796173095703,FF
Helena,Verna,1.9878557920455933,FF
Lydia,Margot,1.987897515296936,FF
Catherine,Kelly,1.9880452156066897,FF
Abigail,Alex,1.9880677461624143,FF
Kelly,Rita,1.9883991479873655,FF
Audrey,Valerie,1.98867928981781,FF
Athena,Grace,1.9889668226242063,FF
Chloe,Lucille,1.988969326019287,FF
Lindsay,Victoria,1.9891730546951296,FF
Jennifer,Lucille,1.9891966581344604,FF
Agatha,Zoey,1.9895037412643433,FF
Alex,Jennifer,1.9904303550720217,FF
Janet,Nia,1.9905858039855957,FF
Kristen,Stephanie,1.9908307790756223,FF
April,Paige,1.9910069704055784,FF
Millie,Skylar,1.991194248199463,FF
Grace,MrsClaus,1.9912360906600952,FF
Carol,Tina,1.9916486740112305,FF
Helena,Samantha,1.992007613182068,FF
Echo,Janet,1.992080569267273,FF
Hailey,Jennifer,1.9923371076583865,FF
Paige,Samantha,1.9926038980484009,FF
Echo,Lucille,1.9926122426986697,FF
Oliver,Starling,1.9927444458007812,FF
Janet,Viqqie,1.9927812814712524,FF
Nova,Viqqie,1.9928563833236697,FF
Audrey,Lindsay,1.9928841590881348,FF
Glenda,Rita,1.993044376373291,FF
Doughnut,Riley,1.993257522583008,FF
Alex,Nova,1.9936342239379885,FF
Jennifer,Kelly,1.9938331842422483,FF
Catherine,Janet,1.9940062761306765,FF
Margot,Rachel,1.9946409463882449,FF
Nia,Olivia,1.994842529296875,FF
Catherine,Patricia,1.9952603578567505,FF
Millie,MrsClaus,1.995557188987732,FF
AnnabelletheGhost,Lucille,1.9958701133728027,FF
Jennifer,Valerie,1.9962605237960815,FF
Kelsey,Rita,1.9962888956069944,FF
Doughnut,Samantha,1.996372103691101,FF
Katie,Oliver,1.9966168403625488,FF
Helena,Kristen,1.9971987009048464,FF
Audrey,Charlotte,1.9973243474960327,FF
Lucille,Lydia,1.9973602294921875,FF
Chloe,Tina,1.997421145439148,FF
Samantha,Starling,1.9974640607833865,FF
Millie,Nia,1.9978693723678589,FF
Sophia,Starling,1.9980788230895996,FF
Kristen,Lindsay,1.9982457160949707,FF
Doughnut,Nia,1.9985233545303345,FF
Emma,Lucille,1.9985352754592896,FF
Camila,Kelly,1.9986419677734375,FF
Bell,Kristen,1.998656153678894,FF
Caitlyn,Sophia,1.999048113822937,FF
Emma,Rita,1.9990525245666504,FF
Agatha,Lindsay,1.9991518259048464,FF
Avery,Grace,1.999317646026611,FF
Maddie,Olivia,1.9995479583740232,FF
Vanessa,Zoey,1.9995776414871216,FF
Carol,Valerie,1.999800205230713,FF
Grace,Jenna,2.000153064727783,FF
Charlotte,Oliver,2.0004067420959473,FF
Nia,Valerie,2.000445604324341,FF
Grace,Jodie,2.000497579574585,FF
Hailey,Nia,2.0005991458892822,FF
Doughnut,Nova,2.0008962154388428,FF
Camila,Echo,2.0011441707611084,FF
Amber,Hailey,2.001145601272583,FF
April,Bell,2.0012738704681396,FF
Kelly,Rebecca,2.0014631748199463,FF
Grace,Sara,2.002058506011963,FF
Lindsay,Oliver,2.00206995010376,FF
Annie,Tessa,2.0023200511932373,FF
Hailey,Sara,2.002441167831421,FF
Kristen,Zoey,2.0025699138641357,FF
Nia,Viqqie,2.002654552459717,FF
Olivia,Valerie,2.002796173095703,FF
Amber,Catherine,2.004338026046753,FF
Mia,Millie,2.004568099975586,FF
Doughnut,Patricia,2.004791736602783,FF
Kelly,Lydia,2.0049662590026855,FF
April,Grace,2.005049467086792,FF
Glenda,Skylar,2.0053789615631104,FF
Lucille,Olivia,2.0053884983062744,FF
Avery,Tina,2.0056684017181396,FF
Charlotte,Skylar,2.00571346282959,FF
Margot,Mia,2.0059804916381836,FF
Liz,Viqqie,2.006565809249878,FF
Agatha,Mia,2.0066444873809814,FF
Kelly,Shana,2.0068209171295166,FF
Agatha,Kelsey,2.006831645965576,FF
Audrey,Katie,2.0071821212768555,FF
Hailey,Vanessa,2.00724196434021,FF
Millie,Patricia,2.0073115825653076,FF
Claire,Riley,2.0074477195739746,FF
Angela,Starling,2.007467031478882,FF
Vanessa,Viqqie,2.0077450275421143,FF
Abigail,Millie,2.007890224456787,FF
Nia,Starling,2.007984399795532,FF
Margot,Nova,2.008922815322876,FF
Catherine,Riley,2.0098307132720947,FF
Nova,Starling,2.0100996494293213,FF
Annie,Katie,2.0105674266815186,FF
Riley,Sara,2.0105738639831543,FF
Margot,Viqqie,2.0107767581939697,FF
Jodie,Zoey,2.01094126701355,FF
Chloe,Grace,2.0111656188964844,FF
Lucille,Tessa,2.0114145278930664,FF
Doughnut,Echo,2.011563539505005,FF
Millie,Viqqie,2.0116007328033447,FF
Charlotte,Lucille,2.0117695331573486,FF
Annie,Emma,2.01210618019104,FF
Sara,Viqqie,2.0125935077667236,FF
Annie,Rebecca,2.014145612716675,FF
Kelly,Liz,2.0143516063690186,FF
Lucille,Vanessa,2.0143520832061768,FF
Claire,Lucille,2.0146484375,FF
Amber,Margot,2.0151946544647217,FF
Jenna,Kelly,2.0153305530548096,FF
Charlotte,Samantha,2.0157806873321533,FF
Kelly,Tessa,2.015864610671997,FF
Margot,MrsClaus,2.0160930156707764,FF
Echo,Emma,2.0161244869232178,FF
Rebecca,Zoey,2.0163369178771973,FF
Grace,Zoey,2.0164928436279297,FF
Glenda,Rebecca,2.01723575592041,FF
Lucille,Sara,2.01737380027771,FF
Caitlyn,Millie,2.0174436569213867,FF
Chloe,Doughnut,2.0177695751190186,FF
Athena,Emma,2.0178675651550293,FF
Agatha,Tina,2.018355369567871,FF
Athena,Vanessa,2.018759489059448,FF
Sara,Starling,2.019073247909546,FF
Maddie,Tessa,2.0194904804229736,FF
Athena,Jenna,2.0197203159332275,FF
Paige,SabrinatheWitch,2.019819498062134,FF
Riley,Victoria,2.0208680629730225,FF
Charlotte,Paige,2.021235227584839,FF
Charlotte,Maddie,2.0213255882263184,FF
Jodie,Kelly,2.0214197635650635,FF
Jenna,Victoria,2.0214731693267822,FF
Caitlyn,Starling,2.0216100215911865,FF
Maddie,Sara,2.022019147872925,FF
Grace,Kristen,2.0233726501464844,FF
Agatha,Bell,2.02345871925354,FF
Maddie,Stephanie,2.0234603881835938,FF
Kelsey,Nia,2.0242979526519775,FF
Jenna,Oliver,2.024388074874878,FF
Agatha,Maddie,2.0245397090911865,FF
Alex,Janet,2.0245580673217773,FF
Tina,Victoria,2.0245959758758545,FF
MrsClaus,Tina,2.024740695953369,FF
Carol,Lucille,2.024858236312866,FF
Hailey,Oliver,2.0251781940460205,FF
Starling,Victoria,2.0252256393432617,FF
April,Margot,2.0253264904022217,FF
Janet,Victoria,2.0261077880859375,FF
Lucille,Rebecca,2.0262269973754883,FF
Claire,Kelly,2.02634596824646,FF
Oliver,Olivia,2.0271267890930176,FF
Bell,Nova,2.0277793407440186,FF
Margot,Vivien,2.0279905796051025,FF
Caitlyn,Margot,2.028001546859741,FF
Angela,Riley,2.028065919876098,FF
Janet,Stephanie,2.0287394523620605,FF
Agatha,Doughnut,2.029019594192505,FF
Liz,Margot,2.029101610183716,FF
Emma,Paige,2.029334306716919,FF
Sophia,Valerie,2.029444932937622,FF
Janet,Olivia,2.029996395111084,FF
Audrey,Doughnut,2.030130624771118,FF
Millie,Tina,2.0305612087249756,FF
Harper,Kelly,2.031454563140869,FF
Alex,MrsClaus,2.032174825668335,FF
Amber,Millie,2.0328590869903564,FF
Samantha,Tina,2.033113956451416,FF
Alex,ReporterCatalina,2.0332000255584717,FF
Norah,Tina,2.033453941345215,FF
Catherine,Echo,2.033482074737549,FF
Hailey,Verna,2.0336239337921143,FF
Alex,Amber,2.0338199138641357,FF
Rachel,Stephanie,2.0338244438171387,FF
Echo,Starling,2.03389048576355,FF
Lindsay,Viqqie,2.0342323780059814,FF
Claire,Zoey,2.0345051288604736,FF
Alex,Maddie,2.0345263481140137,FF
Catherine,Lucille,2.0345423221588135,FF
Athena,Starling,2.0347845554351807,FF
Alex,Oliver,2.034863233566284,FF
Emma,Zoey,2.0349433422088623,FF
AnnabelletheGhost,Grace,2.0351574420928955,FF
Emma,Glenda,2.0352606773376465,FF
Doughnut,Grace,2.0355401039123535,FF
Camila,Paige,2.0355889797210693,FF
Kristen,Starling,2.0362837314605713,FF
Millie,Victoria,2.0365564823150635,FF
Sara,Sophia,2.0366852283477783,FF
Stephanie,Valerie,2.03682017326355,FF
Emma,Kelly,2.0368435382843018,FF
AnnabelletheGhost,Margot,2.037623405456543,FF
Janet,Liz,2.0376644134521484,FF
Paige,Stephanie,2.0378096103668213,FF
Hailey,MrsClaus,2.0380730628967285,FF
Echo,Lindsay,2.03814959526062,FF
Angela,Hailey,2.0382301807403564,FF
Annie,Maisie,2.038605213165283,FF
Glenda,Sara,2.038628339767456,FF
Jenna,Valerie,2.0390090942382812,FF
Catherine,Zoey,2.0393850803375244,FF
Camila,Margot,2.039531946182251,FF
Sophia,Vanessa,2.039628505706787,FF
Jennifer,Paige,2.0397746562957764,FF
Millie,Oliver,2.0399413108825684,FF
Hailey,Harper,2.040008306503296,FF
Millie,Samantha,2.040102243423462,FF
Kelsey,Tina,2.0405242443084717,FF
Jodie,Paige,2.040932893753052,FF
Alex,Nia,2.0409891605377197,FF
Chloe,Millie,2.041417121887207,FF
Maddie,Oliver,2.0414183139801025,FF
Angela,Valerie,2.041567087173462,FF
Glenda,Kristen,2.0421626567840576,FF
Audrey,Tina,2.0421903133392334,FF
Camila,Valerie,2.042210102081299,FF
April,Doughnut,2.042337656021118,FF
Agatha,Starling,2.0427520275115967,FF
Agatha,Charlotte,2.043200969696045,FF
Janet,Jodie,2.0433294773101807,FF
Grace,Samantha,2.043689012527466,FF
Helena,Valerie,2.0438053607940674,FF
Bell,Nia,2.0439095497131348,FF
Tina,Viqqie,2.0439932346343994,FF
Lindsay,Rita,2.0441629886627197,FF
Helena,Margot,2.0442252159118652,FF
AnnabelletheGhost,Sophia,2.044248580932617,FF
Camila,Glenda,2.0444047451019287,FF
April,Starling,2.0445964336395264,FF
Kelsey,Paige,2.044705629348755,FF
Glenda,Paige,2.0449085235595703,FF
Chloe,Zoey,2.0451409816741943,FF
Valerie,Vanessa,2.045229911804199,FF
Janet,Skylar,2.045396327972412,FF
Athena,Zoey,2.045860290527344,FF
Tessa,Zoey,2.046305894851685,FF
Annie,Sara,2.0468037128448486,FF
Agatha,Kelly,2.046866655349731,FF
Emma,Sophia,2.046961784362793,FF
Doughnut,Victoria,2.047039270401001,FF
Bell,Echo,2.047619581222534,FF
Grace,Harper,2.047701120376587,FF
Agatha,Katie,2.0480103492736816,FF
Lucille,Mia,2.0485928058624268,FF
Bell,Paige,2.0490922927856445,FF
Tina,Vanessa,2.049143075942993,FF
Liz,Zoey,2.0496509075164795,FF
Kelsey,Zoey,2.0502231121063232,FF
Echo,Hailey,2.0506632328033447,FF
Annie,Jodie,2.051438093185425,FF
Harper,Janet,2.051478862762451,FF
Kelsey,Oliver,2.0515196323394775,FF
Maddie,Sophia,2.0518200397491455,FF
Janet,Mia,2.0519728660583496,FF
AnnabelletheGhost,Janet,2.0523266792297363,FF
Caitlyn,Lucille,2.0527775287628174,FF
Avery,Margot,2.052905797958374,FF
Abigail,Tina,2.0529873371124268,FF
Bell,Victoria,2.053285837173462,FF
Jenna,Sophia,2.053504467010498,FF
Glenda,Harper,2.053973436355591,FF
Maisie,Paige,2.054683208465576,FF
Caitlyn,Valerie,2.054800510406494,FF
Alex,Chloe,2.0549960136413574,FF
Starling,Valerie,2.0551726818084717,FF
Sara,Tina,2.05566668510437,FF
Grace,Helena,2.0557072162628174,FF
Charlotte,Nia,2.055783987045288,FF
Audrey,Starling,2.055819034576416,FF
Annie,Natalie,2.0561561584472656,FF
Grace,Paige,2.056241750717163,FF
Athena,Paige,2.0562522411346436,FF
Kristen,Valerie,2.056447744369507,FF
Maisie,Millie,2.056745767593384,FF
Charlotte,Grace,2.05683970451355,FF
Grace,Kelly,2.0568788051605225,FF
Margaret,Zoey,2.057563304901123,FF
Hailey,Margot,2.0580670833587646,FF
Annie,Sylvia,2.058166742324829,FF
Catherine,Paige,2.058351993560791,FF
Glenda,Jenna,2.058570623397827,FF
Agatha,Skylar,2.058659076690674,FF
Rebecca,Valerie,2.058801651000977,FF
Grace,Olivia,2.0594418048858643,FF
Kelsey,Lucille,2.06009292602539,FF
Kristen,Millie,2.060128688812256,FF
Starling,Zoey,2.0602054595947266,FF
Norah,Starling,2.060206174850464,FF
Athena,Helena,2.060748815536499,FF
Tessa,Valerie,2.0607919692993164,FF
Margot,Olivia,2.062462568283081,FF
Glenda,Starling,2.0625758171081543,FF
Hailey,Liz,2.0628747940063477,FF
Grace,Valerie,2.0628976821899414,FF
Athena,Doughnut,2.063938617706299,FF
Margot,Rita,2.064016819000244,FF
Starling,Viqqie,2.064678907394409,FF
Margot,Vanessa,2.064929723739624,FF
Maddie,Rebecca,2.064946174621582,FF
Jenna,Margot,2.065537214279175,FF
Agatha,Alex,2.0660548210144043,FF
Liz,Valerie,2.066253662109375,FF
Agatha,Jenna,2.0669400691986084,FF
Hailey,Jodie,2.0669591426849365,FF
Athena,Lucille,2.067216157913208,FF
Kelly,Paige,2.067312717437744,FF
Riley,Skylar,2.0678622722625732,FF
Alex,Kristen,2.068164348602295,FF
Maisie,Margot,2.068437337875366,FF
Margot,Samantha,2.068514108657837,FF
Athena,Camila,2.0687167644500732,FF
Janet,Rachel,2.069434881210327,FF
Angela,Annie,2.0695810317993164,FF
Claire,Valerie,2.070235252380371,FF
Claire,Janet,2.0706002712249756,FF
Lindsay,Paige,2.071159601211548,FF
AnnabelletheGhost,Zoey,2.0713951587677,FF
Caitlyn,Janet,2.071818590164185,FF
Angela,Kelly,2.072197437286377,FF
Katie,Margot,2.0723743438720703,FF
Annie,Charlotte,2.0731964111328125,FF
Chloe,Hailey,2.073314428329468,FF
Helena,Janet,2.0735480785369873,FF
Katie,Valerie,2.0740931034088135,FF
Bell,Grace,2.074141025543213,FF
Bell,Tina,2.07649302482605,FF
Alex,Samantha,2.0765533447265625,FF
Glenda,Sophia,2.076843738555908,FF
Catherine,Grace,2.076987028121948,FF
Janet,Margaret,2.0773704051971436,FF
Grace,Sophia,2.077632427215576,FF
Annie,Shana,2.0778110027313232,FF
Catherine,Viqqie,2.077831506729126,FF
Riley,Zoey,2.0778915882110596,FF
Echo,Maddie,2.077998399734497,FF
SabrinatheWitch,Tina,2.078620195388794,FF
Harper,Valerie,2.0786521434783936,FF
Alex,Audrey,2.0788612365722656,FF
Agatha,Millie,2.079113245010376,FF
Kelsey,Maddie,2.079271078109741,FF
Angela,Millie,2.0799009799957275,FF
Janet,Jennifer,2.0799014568328857,FF
Millie,Riley,2.0799014568328857,FF
Athena,Lindsay,2.0799083709716797,FF
Helena,Sophia,2.08021879196167,FF
Lucille,Stephanie,2.080239772796631,FF
Alex,April,2.0802464485168457,FF
Athena,Bell,2.080344915390014,FF
Rita,Sara,2.081172227859497,FF
Camila,Hailey,2.0812435150146484,FF
Avery,Kelly,2.081660032272339,FF
Audrey,Maddie,2.081862688064575,FF
Camila,Grace,2.0820631980895996,FF
Charlotte,Zoey,2.082919120788574,FF
Helena,Tina,2.0830588340759277,FF
Annie,Chloe,2.0833051204681396,FF
Grace,Skylar,2.0837199687957764,FF
Camila,Sophia,2.0846657752990723,FF
Kelly,Lindsay,2.08514142036438,FF
Kelly,Maisie,2.0851447582244873,FF
Harper,Lucille,2.0860848426818848,FF
April,Millie,2.086300849914551,FF
Agatha,Athena,2.087351083755493,FF
Paige,Valerie,2.087815999984741,FF
Alex,Victoria,2.0882952213287354,FF
Kelly,Sophia,2.088303565979004,FF
Camila,Lucille,2.0886714458465576,FF
Agatha,Rita,2.088909387588501,FF
Grace,Maddie,2.089066743850708,FF
Sara,Zoey,2.089538812637329,FF
Tina,Verna,2.089681625366211,FF
Angela,Janet,2.090273857116699,FF
Paige,Sara,2.090566873550415,FF
Kelly,Skylar,2.0917441844940186,FF
Doughnut,Kelly,2.091897964477539,FF
Amber,Maddie,2.0929160118103027,FF
Millie,Rita,2.093149900436402,FF
Margot,Valerie,2.0941238403320312,FF
Maisie,Zoey,2.094533681869507,FF
Lydia,Paige,2.094539165496826,FF
Audrey,Paige,2.094888687133789,FF
Jodie,Maddie,2.095702648162842,FF
Kelly,Samantha,2.096151113510132,FF
Glenda,Katie,2.0962517261505127,FF
Catherine,Margot,2.0964126586914062,FF
Margot,Paige,2.09704852104187,FF
Grace,Janet,2.0976810455322266,FF
Audrey,Bell,2.09796404838562,FF
Annie,SabrinatheWitch,2.100362539291382,FF
Valerie,Vivien,2.100400686264038,FF
Hailey,Margaret,2.10074782371521,FF
Catherine,Sophia,2.1022539138793945,FF
Grace,Katie,2.102609157562256,FF
Hailey,Kristen,2.1026594638824463,FF
Olivia,Paige,2.103011131286621,FF
Maddie,Riley,2.1036503314971924,FF
Hailey,Zoey,2.1046674251556396,FF
Maisie,Valerie,2.105296850204468,FF
Jodie,Margot,2.105795383453369,FF
Emma,Grace,2.106440305709839,FF
Annie,Verna,2.1068384647369385,FF
Olivia,Tina,2.1070544719696045,FF
Avery,Janet,2.107070207595825,FF
Avery,Lucille,2.108328104019165,FF
AnnabelletheGhost,Annie,2.1085126399993896,FF
Kelsey,Valerie,2.109147548675537,FF
Helena,Oliver,2.109361410140991,FF
Maddie,Verna,2.109380006790161,FF
Kristen,Lucille,2.109591245651245,FF
Grace,Lindsay,2.11035680770874,FF
Grace,Riley,2.110565662384033,FF
Glenda,Millie,2.1107866764068604,FF
Hailey,Maisie,2.1113574504852295,FF
Hailey,Sophia,2.111987352371216,FF
Alex,Viqqie,2.1127374172210693,FF
Lydia,Zoey,2.112961530685425,FF
Hailey,Lucille,2.113060712814331,FF
Hailey,Katie,2.113708734512329,FF
Doughnut,Margot,2.113722085952759,FF
Helena,Zoey,2.1138854026794434,FF
Audrey,Millie,2.1139819622039795,FF
Millie,Valerie,2.1141512393951416,FF
Katie,Zoey,2.114460706710815,FF
Doughnut,Glenda,2.114898920059204,FF
Maddie,MrsClaus,2.1150336265563965,FF
Lindsay,Sophia,2.115196466445923,FF
Rita,Zoey,2.1158602237701416,FF
Doughnut,Sophia,2.116516351699829,FF
Olivia,Zoey,2.11777925491333,FF
Alex,Rita,2.117835760116577,FF
Alex,Patricia,2.1181633472442627,FF
Bell,Kelly,2.118483304977417,FF
Viqqie,Zoey,2.118515729904175,FF
Lucille,Riley,2.119396448135376,FF
Harper,Zoey,2.1202826499938965,FF
Lindsay,Valerie,2.120684862136841,FF
Kelly,Millie,2.1210224628448486,FF
Echo,Millie,2.121875047683716,FF
Valerie,Zoey,2.122056722640991,FF
Alex,Riley,2.1221845149993896,FF
Kelly,Stephanie,2.122471332550049,FF
Hailey,Janet,2.1228551864624023,FF
Chloe,Janet,2.1229279041290283,FF
Alex,Tina,2.1231815814971924,FF
AnnabelletheGhost,Hailey,2.124103307723999,FF
Hailey,Viqqie,2.1243510246276855,FF
Doughnut,Paige,2.125007152557373,FF
Grace,Liz,2.125229835510254,FF
Lucille,Skylar,2.125333547592163,FF
Lucille,Patricia,2.1254427433013916,FF
Charlotte,Tina,2.1266703605651855,FF
Amber,Annie,2.1273016929626465,FF
Annie,Oliver,2.1288821697235107,FF
Echo,Tina,2.129822015762329,FF
Janet,Margot,2.130169153213501,FF
Grace,Patricia,2.132067918777466,FF
Janet,Samantha,2.1323721408843994,FF
AnnabelletheGhost,Maddie,2.1333365440368652,FF
Lindsay,Tina,2.1345038414001465,FF
Margot,Sara,2.135016679763794,FF
Glenda,Janet,2.135127067565918,FF
Grace,Hailey,2.1352856159210205,FF
Charlotte,Margot,2.135615825653076,FF
Athena,Catherine,2.1358139514923096,FF
Maddie,SabrinatheWitch,2.137369155883789,FF
Patricia,Tina,2.137827634811402,FF
Sophia,Tina,2.138760805130005,FF
Millie,Sophia,2.1389873027801514,FF
Margot,Starling,2.139991521835327,FF
Alex,Maisie,2.1410210132598877,FF
Janet,Kristen,2.14127254486084,FF
Katie,Kelly,2.1416351795196533,FF
Doughnut,Valerie,2.1435840129852295,FF
Janet,Zoey,2.1458847522735596,FF
Charlotte,Hailey,2.145932674407959,FF
Kelly,Tina,2.1459414958953857,FF
Janet,Tina,2.146101236343384,FF
Kelly,Nia,2.147606134414673,FF
Hailey,Paige,2.1479673385620117,FF
Bell,Hailey,2.148501396179199,FF
Camila,Janet,2.1489028930664062,FF
Emma,Hailey,2.149608373641968,FF
Agatha,Paige,2.1498284339904785,FF
Annie,Nova,2.1504790782928467,FF
Stephanie,Zoey,2.1511049270629883,FF
Athena,Millie,2.152679204940796,FF
Maddie,Victoria,2.1527507305145264,FF
Kelly,Margot,2.154174327850342,FF
Janet,Maisie,2.154559373855591,FF
Harper,Margot,2.1548044681549072,FF
Annie,Stephanie,2.155845880508423,FF
Liz,Paige,2.156201124191284,FF
Janet,Paige,2.15903639793396,FF
Mia,Tina,2.1593258380889893,FF
Doughnut,Janet,2.1605405807495117,FF
Athena,Tina,2.161958694458008,FF
Abigail,Annie,2.1619627475738525,FF
Sophia,Zoey,2.162330150604248,FF
Bell,Glenda,2.163525342941284,FF
Annie,Mia,2.163792133331299,FF
Hailey,Skylar,2.164130687713623,FF
Margot,Tina,2.1650495529174805,FF
Bell,Janet,2.1650755405426025,FF
Janet,Sophia,2.1655280590057373,FF
Hailey,Mia,2.1657180786132812,FF
Samantha,Valerie,2.1657989025115967,FF
Kelly,Zoey,2.166590452194214,FF
Rebecca,Tina,2.1669812202453613,FF
Annie,Nia,2.167372465133667,FF
Camila,Zoey,2.1684327125549316,FF
Charlotte,Janet,2.16897964477539,FF
Avery,Valerie,2.1695382595062256,FF
Millie,Paige,2.1703908443450928,FF
Jenna,Lucille,2.170442819595337,FF
Janet,Rita,2.1708643436431885,FF
April,Maddie,2.171264886856079,FF
Alex,Paige,2.171295404434204,FF
Lucille,Maisie,2.171424627304077,FF
Lucille,Millie,2.172473430633545,FF
Kelly,Sara,2.172529458999634,FF
Lindsay,Lucille,2.172898054122925,FF
Paige,Sophia,2.1741373538970947,FF
Paige,Tina,2.174928903579712,FF
Janet,Starling,2.1751468181610107,FF
Janet,Jenna,2.1757261753082275,FF
Glenda,Stephanie,2.1766107082366943,FF
Hailey,Shana,2.1769869327545166,FF
Catherine,Valerie,2.1772115230560303,FF
Lucille,Paige,2.1772632598876953,FF
Margot,Millie,2.1776421070098877,FF
Alex,Lucille,2.178715944290161,FF
Margot,Riley,2.179161071777344,FF
Paige,Starling,2.1793019771575928,FF
Annie,Skylar,2.1796352863311768,FF
Hailey,Kelly,2.179797410964966,FF
Athena,Margot,2.1824121475219727,FF
Alex,Sophia,2.1825459003448486,FF
Hailey,Millie,2.1826162338256836,FF
Liz,Lucille,2.182769536972046,FF
Maddie,Zoey,2.1844699382781982,FF
Doughnut,Hailey,2.1849124431610107,FF
Janet,Millie,2.1852221488952637,FF
Athena,Hailey,2.1856625080108643,FF
Bell,Margot,2.1863203048706055,FF
Lindsay,Margot,2.1866915225982666,FF
Kristen,Margot,2.187211036682129,FF
Grace,Tina,2.188236951828003,FF
Janet,Lindsay,2.1887011528015137,FF
Lucille,Starling,2.1903693675994873,FF
Annie,Norah,2.190997362136841,FF
Margot,Patricia,2.1919078826904297,FF
Lucille,Tina,2.191969156265259,FF
Janet,Riley,2.192307949066162,FF
Athena,Janet,2.1931164264678955,FF
Emma,Margot,2.1955044269561768,FF
Kelly,Starling,2.1977179050445557,FF
Emma,Valerie,2.19773530960083,FF
Alex,Hailey,2.2009124755859375,FF
Glenda,Lindsay,2.2039997577667236,FF
Hailey,Helena,2.2044942378997803,FF
Agatha,Annie,2.2052197456359863,FF
Grace,Millie,2.2064263820648193,FF
Janet,Kelly,2.2069766521453857,FF
Jenna,Zoey,2.2101495265960693,FF
Bell,Lucille,2.2102649211883545,FF
Grace,Starling,2.210296869277954,FF
Hailey,Lindsay,2.210674524307251,FF
Alex,Kelly,2.2112696170806885,FF
Margot,Skylar,2.2113125324249268,FF
Hailey,Stephanie,2.2113256454467773,FF
Annie,Glenda,2.2114078998565674,FF
Chloe,Margot,2.2121195793151855,FF
Hailey,Maddie,2.212574243545532,FF
Millie,Zoey,2.214952230453491,FF
Hailey,Jenna,2.2150752544403076,FF
Annie,Janet,2.216496229171753,FF
Margot,Sophia,2.220677137374878,FF
Alex,Grace,2.222506523132324,FF
Janet,Katie,2.2279751300811768,FF
Maddie,Margot,2.228487968444824,FF
AnnabelletheGhost,Tina,2.228596448898315,FF
Catherine,Hailey,2.2299649715423584,FF
Hailey,Sylvia,2.231566905975342,FF
Agatha,Valerie,2.2318670749664307,FF
Helena,Lucille,2.232014417648315,FF
Athena,Maddie,2.232304334640503,FF
Kelly,Oliver,2.232707262039185,FF
Lucille,Maddie,2.2330243587493896,FF
April,Tina,2.233527421951294,FF
Doughnut,Lucille,2.2351715564727783,FF
Annie,Rita,2.2357051372528076,FF
Skylar,Valerie,2.2365851402282715,FF
Sara,Valerie,2.242379665374756,FF
Hailey,Tina,2.24243426322937,FF
Alex,Athena,2.2467145919799805,FF
Doughnut,Zoey,2.2489044666290283,FF
Annie,Viqqie,2.2519638538360596,FF
Bell,Valerie,2.252278089523315,FF
Alex,Echo,2.2548043727874756,FF
Claire,Hailey,2.2558412551879883,FF
Lindsay,Zoey,2.257375478744507,FF
Tina,Zoey,2.2586023807525635,FF
Tina,Valerie,2.261075735092163,FF
Annie,Echo,2.261937379837036,FF
Janet,Valerie,2.2626771926879883,FF
Annie,Kristen,2.263941764831543,FF
Annie,Margot,2.263996839523315,FF
Janet,Patricia,2.2701382637023926,FF
Glenda,Maddie,2.2738735675811768,FF
Hailey,Starling,2.2749476432800293,FF
Alex,Glenda,2.275521039962769,FF
Annie,Audrey,2.2765309810638428,FF
Alex,Zoey,2.277289867401123,FF
Riley,Tina,2.2791125774383545,FF
Maddie,Viqqie,2.284336566925049,FF
Alex,Valerie,2.2869601249694824,FF
Annie,Paige,2.2888574600219727,FF
Maddie,Valerie,2.2984743118286133,FF
Annie,Victoria,2.3004868030548096,FF
Annie,MrsClaus,2.3031837940216064,FF
Alex,Margot,2.3055574893951416,FF
Bell,Zoey,2.305755615234375,FF
Annie,Samantha,2.3068597316741943,FF
Janet,Maddie,2.308490037918091,FF
Hailey,Valerie,2.309415578842163,FF
Annie,Grace,2.3117599487304688,FF
Hailey,Rita,2.312337636947632,FF
Annie,Patricia,2.318100690841675,FF
Stephanie,Tina,2.3248205184936523,FF
Kelly,Maddie,2.3261544704437256,FF
Annie,April,2.34578800201416,FF
Annie,Riley,2.3458187580108643,FF
Annie,Valerie,2.3537466526031494,FF
Annie,Hailey,2.3798816204071045,FF
Annie,Zoey,2.4107697010040283,FF
Annie,Kelly,2.4246981143951416,FF
Annie,Lucille,2.4327871799468994,FF
Annie,Athena,2.434361219406128,FF
Annie,Sophia,2.467966079711914,FF
