name1,name2,distance,group
Chester,Oliver,1.419209599494934,MF
Chester,Nia,1.4555846452713013,MF
DollarJr,Oliver,1.4935108423233032,MF
Mia,Slushy,1.5535486936569214,MF
Oliver,Slushy,1.5787372589111328,MF
Carlos,Oliver,1.587637424468994,MF
Logan,Margot,1.6015033721923828,MF
Dean,Shana,1.6042591333389282,MF
Dean,MrsClaus,1.6105908155441284,MF
JackoLantern,Margot,1.6153740882873535,MF
JackoLantern,ReporterCatalina,1.618278980255127,MF
Chester,Mia,1.6225470304489136,MF
JackoLantern,Shana,1.6232572793960571,MF
Chester,Nova,1.6279911994934082,MF
Logan,Verna,1.6289421319961548,MF
Nia,Slushy,1.634848713874817,MF
Ryan,Shana,1.6348791122436523,MF
Chester,Shana,1.6357916593551636,MF
JackoLantern,Oliver,1.6391383409500122,MF
Logan,Shana,1.6429166793823242,MF
ReporterCatalina,Ryan,1.6467924118041992,MF
Rachel,Ryan,1.648314118385315,MF
Chester,Tessa,1.6494706869125366,MF
Matthew,Shana,1.653304100036621,MF
Dean,SabrinatheWitch,1.6555501222610474,MF
Audrey,JackoLantern,1.656954646110535,MF
Carlos,ReporterCatalina,1.657338261604309,MF
Nathan,Shana,1.6574753522872925,MF
Carol,JackoLantern,1.658521294593811,MF
Oliver,Simon,1.6600881814956665,MF
DollarJr,ReporterCatalina,1.661107063293457,MF
JackoLantern,Nana,1.661624312400818,MF
Abigail,Chester,1.663963794708252,MF
Dean,Oliver,1.6691895723342896,MF
Shana,Slushy,1.6707887649536133,MF
Eman,ReporterCatalina,1.671802043914795,MF
Cole,ReporterCatalina,1.6735916137695312,MF
JackoLantern,Victoria,1.673959732055664,MF
Dean,Verna,1.6748086214065552,MF
Grace,JackoLantern,1.682421088218689,MF
Abigail,Dean,1.684909462928772,MF
Chester,Natalie,1.6849913597106934,MF
Matthew,Rachel,1.688213348388672,MF
Nana,Nathan,1.6891967058181765,MF
Dean,Rachel,1.6906366348266602,MF
Larry,Shana,1.6912511587142944,MF
Logan,Lucille,1.6916707754135132,MF
Larry,Verna,1.6924508810043335,MF
Natalie,Ryan,1.6930221319198608,MF
Dean,Tessa,1.695067048072815,MF
JackoLantern,Natalie,1.695466160774231,MF
Ryan,SabrinatheWitch,1.7006330490112305,MF
Slushy,Sylvia,1.700941562652588,MF
Dan,Verna,1.7010363340377808,MF
Dean,Victoria,1.7023829221725464,MF
Larry,Rachel,1.7024661302566528,MF
Nathan,ReporterCatalina,1.7042614221572876,MF
Doug,ReporterCatalina,1.7062658071517944,MF
Kevin,ReporterCatalina,1.7068644762039185,MF
ReporterCatalina,Wade,1.7079476118087769,MF
Chester,Verna,1.7084406614303589,MF
Abigail,Joshua,1.708877444267273,MF
Jennifer,Wade,1.7093558311462402,MF
Joshua,Shana,1.7116246223449707,MF
Dan,ReporterCatalina,1.7117104530334473,MF
Noa,Rachel,1.712849497795105,MF
Chester,ReporterCatalina,1.714236855506897,MF
JackoLantern,Norah,1.7146258354187012,MF
Logan,Rachel,1.7146791219711304,MF
Dean,Sylvia,1.7167290449142456,MF
Gus,Oliver,1.717078685760498,MF
JackoLantern,SabrinatheWitch,1.7172154188156128,MF
Verna,Wade,1.7173476219177246,MF
Dean,Jodie,1.7174324989318848,MF
Damian,Oliver,1.7181237936019895,MF
Jimmy,Victoria,1.7188717126846311,MF
Abigail,Logan,1.7202831506729126,MF
Neel,ReporterCatalina,1.7217373847961426,MF
Jodie,Ryan,1.7222448587417605,MF
Nana,Simon,1.723482608795166,MF
Shana,Xavier,1.7247530221939087,MF
Chester,Sylvia,1.7251816987991333,MF
Dean,Natalie,1.7281087636947632,MF
Margaret,Nathan,1.7285571098327637,MF
Matthew,Vivien,1.7295762300491333,MF
Chester,Nana,1.73031747341156,MF
Caitlyn,JackoLantern,1.7307395935058594,MF
Dylan,Rachel,1.7323468923568726,MF
Matthew,Oliver,1.7331461906433103,MF
Dylan,Oliver,1.7333498001098633,MF
Ryan,Sylvia,1.7335141897201538,MF
JackoLantern,Tessa,1.733991026878357,MF
JackoLantern,Rachel,1.7344762086868286,MF
Abigail,Xavier,1.7349048852920532,MF
Cole,Nana,1.7352951765060425,MF
Logan,ReporterCatalina,1.735357403755188,MF
Kevin,Margot,1.7363200187683103,MF
Oliver,PN,1.7363553047180176,MF
SabrinatheWitch,Wade,1.7366615533828735,MF
Logan,Oliver,1.7367233037948608,MF
Angela,Matthew,1.7371855974197388,MF
Chester,Norah,1.7377525568008425,MF
Abigail,Jimmy,1.73893404006958,MF
Ben,Oliver,1.7402805089950562,MF
Edward,Oliver,1.7405966520309448,MF
Dean,Nia,1.7406206130981443,MF
Chester,Rebecca,1.7406624555587769,MF
Noa,Oliver,1.7406920194625854,MF
JackoLantern,Kelsey,1.741398811340332,MF
Carlos,Margot,1.7414311170578003,MF
JackoLantern,Margaret,1.7425061464309692,MF
Kelsey,Logan,1.7426244020462036,MF
Abigail,Dan,1.7428631782531738,MF
Angela,JackoLantern,1.7431544065475464,MF
PN,Tessa,1.743819236755371,MF
Rebecca,Slushy,1.7442059516906738,MF
Chester,Echo,1.744497776031494,MF
Carlos,Tessa,1.7449880838394165,MF
Carol,Nathan,1.7456603050231934,MF
Noa,Shana,1.7462331056594849,MF
JackoLantern,Sylvia,1.7474969625473022,MF
Angela,Ryan,1.7476987838745115,MF
DollarJr,Shana,1.747764229774475,MF
Cole,Shana,1.7486557960510254,MF
JackoLantern,Mia,1.7489596605300903,MF
Dan,Shana,1.7504342794418335,MF
Shana,Wade,1.7507858276367188,MF
Rachel,Wade,1.751423954963684,MF
Brad,Shana,1.752172350883484,MF
SabrinatheWitch,Simon,1.7522071599960327,MF
Landon,ReporterCatalina,1.752573013305664,MF
Dean,ReporterCatalina,1.7538504600524902,MF
Joshua,Natalie,1.7541524171829224,MF
Hans,Nana,1.754251480102539,MF
Abigail,Ryan,1.7542810440063477,MF
DollarJr,Nana,1.7557889223098757,MF
Rachel,Sindarin,1.757743239402771,MF
JackoLantern,Verna,1.7579870223999023,MF
Joshua,ReporterCatalina,1.7582706212997437,MF
Chester,Jennifer,1.7582732439041138,MF
Larry,SabrinatheWitch,1.758846879005432,MF
Noa,Tessa,1.7589788436889648,MF
Nathan,Sylvia,1.7592010498046875,MF
Agatha,JackoLantern,1.7594631910324097,MF
Jennifer,Larry,1.7594990730285645,MF
Larry,ReporterCatalina,1.7596477270126345,MF
Natalie,Nathan,1.760939598083496,MF
Doug,Vivien,1.7610477209091189,MF
Carol,Cole,1.7612720727920532,MF
Logan,SabrinatheWitch,1.7613502740859983,MF
JackoLantern,Jennifer,1.761499047279358,MF
Jimmy,Rachel,1.7615509033203125,MF
Nana,Ryan,1.761645793914795,MF
Dean,Norah,1.7620383501052856,MF
SabrinatheWitch,Xavier,1.762247085571289,MF
Cole,Oliver,1.763468623161316,MF
Carlos,Margaret,1.7636224031448364,MF
Aiden,ReporterCatalina,1.763867974281311,MF
KlipKim,Oliver,1.7640992403030396,MF
Cole,Rachel,1.7642388343811035,MF
Jodie,Wade,1.764797329902649,MF
Cole,SabrinatheWitch,1.7655645608901978,MF
Logan,MrsClaus,1.765799641609192,MF
Dan,Rachel,1.7658785581588743,MF
Carlos,Nana,1.7659753561019895,MF
ReporterCatalina,Walter,1.7661118507385254,MF
Kanno,ReporterCatalina,1.766580581665039,MF
Joshua,Nana,1.7678594589233398,MF
JackoLantern,Viqqie,1.768735408782959,MF
Justin,Rachel,1.7687969207763672,MF
Nova,Slushy,1.769023299217224,MF
Dan,Nia,1.769418716430664,MF
Claire,JackoLantern,1.7696499824523926,MF
Abigail,JackoLantern,1.769869685173035,MF
Abigail,Wade,1.7712410688400269,MF
Shana,Walter,1.7712575197219849,MF
Carol,Dan,1.7715014219284058,MF
Aiden,Nia,1.7715529203414917,MF
Angela,Larry,1.771746039390564,MF
Verna,Xavier,1.7723482847213743,MF
Lydia,Ryan,1.772588849067688,MF
Dean,Nova,1.772591233253479,MF
JackoLantern,Vivien,1.7731140851974487,MF
Cole,Glenda,1.7732219696044922,MF
Olivia,Xavier,1.773229718208313,MF
Nathan,Starling,1.7733349800109863,MF
Justin,Viqqie,1.7740381956100464,MF
Charlotte,Larry,1.7744741439819336,MF
Chester,Jodie,1.7747440338134766,MF
Noa,ReporterCatalina,1.775029182434082,MF
Angela,Dean,1.775302529335022,MF
Eman,Margaret,1.7754168510437012,MF
Agatha,Dean,1.7756327390670776,MF
Logan,Margaret,1.7759186029434204,MF
Natalie,Xavier,1.7761465311050415,MF
Logan,Natalie,1.7764304876327517,MF
Shana,Simon,1.7765570878982544,MF
Jennifer,Noa,1.777015209197998,MF
Brad,Margaret,1.7773590087890625,MF
Dan,Rebecca,1.7773610353469849,MF
Victoria,Xavier,1.777596950531006,MF
Brad,Rachel,1.777905821800232,MF
JackoLantern,Riley,1.7780555486679075,MF
Brad,ReporterCatalina,1.778122067451477,MF
Avery,Chester,1.7787812948226929,MF
Dylan,Shana,1.7795524597167969,MF
Logan,Nana,1.779685139656067,MF
Natalie,Wade,1.7798155546188354,MF
Agatha,Joshua,1.7799137830734253,MF
CaptainBill,Oliver,1.7800534963607788,MF
JackoLantern,Nia,1.7803746461868286,MF
JackoLantern,Nova,1.7806577682495115,MF
CaptainBill,Margaret,1.7807015180587769,MF
Jimmy,ReporterCatalina,1.7807618379592896,MF
Matthew,Tessa,1.781002640724182,MF
Jodie,Larry,1.7813262939453125,MF
Furnando,Rachel,1.7814313173294067,MF
Margaret,Ryan,1.7814921140670776,MF
Neoguard,Shana,1.781596541404724,MF
Eman,Shana,1.7819275856018066,MF
Dan,Natalie,1.7821602821350098,MF
Larry,Natalie,1.7826204299926758,MF
Chad,Rachel,1.7826980352401731,MF
Dan,Mia,1.783117651939392,MF
Ravi,Zoey,1.783147215843201,MF
Logan,Victoria,1.7833846807479858,MF
Neoguard,Tessa,1.7834625244140625,MF
Claire,Matthew,1.7834936380386353,MF
Abigail,Larry,1.7835532426834106,MF
Larry,Sylvia,1.7836546897888184,MF
Olivia,Ryan,1.7836861610412598,MF
Dan,Nana,1.783979415893555,MF
Aiden,Nana,1.7839945554733276,MF
April,Logan,1.7841776609420776,MF
Graham,ReporterCatalina,1.7847415208816528,MF
Echo,Logan,1.785049557685852,MF
Aiden,Shana,1.785413146018982,MF
Lydia,Slushy,1.785920023918152,MF
Landon,SabrinatheWitch,1.7863014936447144,MF
Larry,MrsClaus,1.7864407300949097,MF
Chester,Claire,1.7868199348449707,MF
Aiden,Natalie,1.787282109260559,MF
MrsClaus,Wade,1.7875434160232544,MF
Doug,Shana,1.788206696510315,MF
Charlotte,Wade,1.7886228561401367,MF
Abigail,Aiden,1.788779854774475,MF
Neoguard,Rachel,1.7890504598617554,MF
ReporterCatalina,Simon,1.789164662361145,MF
David,Shana,1.7900031805038452,MF
Graham,Nana,1.790392518043518,MF
Neoguard,ReporterCatalina,1.7907031774520874,MF
Carol,Ryan,1.7908767461776731,MF
Furnando,ReporterCatalina,1.790904879570007,MF
Shana,Sindarin,1.7912989854812622,MF
ReporterCatalina,Sindarin,1.7913880348205566,MF
Doug,Rachel,1.7917400598526,MF
Carol,Logan,1.7918895483016968,MF
Aaron,ReporterCatalina,1.792178511619568,MF
Sean,Shana,1.792231202125549,MF
Buddy,ReporterCatalina,1.7922388315200806,MF
KlipKim,Shana,1.792248249053955,MF
Norah,Ryan,1.7927361726760864,MF
Landon,Rachel,1.792943835258484,MF
George,Shana,1.7935868501663208,MF
Cole,Natalie,1.7936639785766602,MF
ReporterCatalina,Xavier,1.793818473815918,MF
Dan,Nova,1.7939811944961548,MF
Chester,Rachel,1.794091820716858,MF
Oliver,Vincent,1.7945575714111328,MF
Sylvia,Wade,1.7945590019226074,MF
Jodie,Justin,1.794736385345459,MF
Landon,Nana,1.7947444915771484,MF
Agatha,Graham,1.794795036315918,MF
Lydia,Nathan,1.7948881387710571,MF
Norah,Slushy,1.7949613332748413,MF
Carlos,Shana,1.7951420545578003,MF
Jennifer,Ryan,1.795249342918396,MF
Nathan,Rachel,1.7954336404800415,MF
Margot,Tim,1.7959741353988647,MF
Margaret,Matthew,1.7962428331375122,MF
JackoLantern,Lydia,1.7964476346969604,MF
Chad,Natalie,1.7965158224105835,MF
Jennifer,Nathan,1.7967448234558103,MF
Chase,Shana,1.7969249486923218,MF
Agatha,Doug,1.7969907522201538,MF
Echo,JackoLantern,1.7974013090133667,MF
Glenda,JackoLantern,1.797402024269104,MF
Jimmy,Shana,1.7975035905838013,MF
Dean,Nana,1.7977555990219116,MF
Lloyd,Rachel,1.7979717254638672,MF
ReporterCatalina,Ron,1.7983371019363403,MF
Slushy,Vivien,1.798604130744934,MF
Jackson,Margot,1.79902446269989,MF
Aaron,Oliver,1.7992545366287231,MF
ReporterCatalina,Royce,1.8004199266433716,MF
Chester,Olivia,1.8007904291152954,MF
Nana,Noa,1.8012728691101074,MF
Dean,Olivia,1.801416039466858,MF
Gus,Tessa,1.8014761209487915,MF
Carlos,Sylvia,1.8015929460525513,MF
Rita,Ryan,1.8022078275680544,MF
Jimmy,Natalie,1.8022538423538208,MF
Eman,Oliver,1.8023492097854616,MF
KlipKim,ReporterCatalina,1.80250883102417,MF
Doug,Jennifer,1.8029929399490356,MF
DollarJr,Margot,1.8030872344970703,MF
Margot,Matthew,1.803515911102295,MF
DollarJr,Riley,1.803544998168945,MF
Carlos,Viqqie,1.803860664367676,MF
Vivien,Wade,1.8039655685424805,MF
Carlos,Natalie,1.8039947748184204,MF
Olivia,Wade,1.804309368133545,MF
Oscar,Shana,1.8043252229690552,MF
Rachel,Slushy,1.8043789863586424,MF
Audrey,Elias,1.80441415309906,MF
Claire,Nathan,1.804527282714844,MF
Liz,Nathan,1.8046528100967407,MF
Tessa,Wade,1.8052886724472048,MF
ReporterCatalina,Tim,1.805357813835144,MF
Dylan,Nia,1.8057466745376587,MF
Aiden,Carol,1.806159496307373,MF
Chester,Chloe,1.8061875104904177,MF
Simon,Tessa,1.8062323331832888,MF
Chester,Vivien,1.807042121887207,MF
Vivien,Walter,1.8071130514144895,MF
Cole,Jodie,1.807160496711731,MF
Jimmy,Sylvia,1.8071774244308472,MF
Cyrus,Rachel,1.807193398475647,MF
Jimmy,Nia,1.80728018283844,MF
Nathan,Olivia,1.807326912879944,MF
Gus,ReporterCatalina,1.807409405708313,MF
Ben,Tessa,1.8075742721557615,MF
Amber,Chester,1.807613730430603,MF
Logan,Viqqie,1.8077497482299805,MF
ReporterCatalina,Sean,1.8077656030654907,MF
Landon,Oliver,1.807827830314636,MF
Audrey,Joshua,1.8081074953079224,MF
Neel,Tessa,1.8085020780563352,MF
Carol,Chester,1.808550715446472,MF
Logan,Nova,1.8085966110229492,MF
Carl,Shana,1.8088284730911257,MF
Chester,Riley,1.808833599090576,MF
Dan,Tessa,1.8088502883911133,MF
Eman,Rachel,1.8089994192123413,MF
Mia,Ryan,1.809110641479492,MF
Michael,Verna,1.8093353509902952,MF
Aiden,Rachel,1.8093420267105105,MF
Doughnut,Keybo,1.8094195127487185,MF
Natalie,Noa,1.8096369504928589,MF
Matthew,ReporterCatalina,1.809747099876404,MF
Justin,ReporterCatalina,1.809911608695984,MF
KlipKim,Zoey,1.810128092765808,MF
Agatha,Furnando,1.8101873397827148,MF
Jeff,ReporterCatalina,1.8103480339050293,MF
Maisie,Slushy,1.810818076133728,MF
Kelsey,Nathan,1.8108857870101929,MF
Avery,JackoLantern,1.8109511137008667,MF
Glenda,Ryan,1.810958743095398,MF
Damian,Shana,1.8110750913619995,MF
Rachel,Ron,1.8111881017684937,MF
Jeff,Rachel,1.8113651275634768,MF
JackoLantern,Jenna,1.8115628957748413,MF
Ben,Shana,1.812106966972351,MF
Charlotte,Dean,1.81224262714386,MF
Dylan,Jodie,1.8125008344650269,MF
Caitlyn,Slushy,1.8125184774398804,MF
AnnabelletheGhost,Dean,1.8128042221069336,MF
Kanno,Nana,1.812829613685608,MF
JackoLantern,MrsClaus,1.813038349151611,MF
Nana,Ravi,1.8134193420410156,MF
Chloe,Wade,1.8134499788284304,MF
Nathan,Vivien,1.8135470151901243,MF
DollarJr,Rachel,1.8136075735092163,MF
Kevin,Nana,1.8138612508773804,MF
Joshua,MrsClaus,1.8140573501586912,MF
Aaron,Rachel,1.8145614862442017,MF
Audrey,Ryan,1.815060019493103,MF
Oliver,Sindarin,1.815129637718201,MF
Larry,Oliver,1.81539523601532,MF
Nia,Ryan,1.815407633781433,MF
JackoLantern,Jodie,1.815778374671936,MF
Brad,Jennifer,1.8158445358276367,MF
Natalie,Slushy,1.816026210784912,MF
Oliver,Ryan,1.8160390853881836,MF
PN,Shana,1.8160616159439087,MF
Cole,Tessa,1.8160619735717771,MF
SabrinatheWitch,Slushy,1.8160972595214844,MF
Hans,Zoey,1.8163304328918457,MF
Jake,Oliver,1.8164016008377075,MF
Chester,Victoria,1.816475749015808,MF
Audrey,Sindarin,1.816625475883484,MF
Logan,Nia,1.8166416883468628,MF
Dean,Vivien,1.817306399345398,MF
MrsClaus,Ryan,1.8173772096633911,MF
Dan,Margot,1.817399978637695,MF
Landon,Shana,1.8178058862686155,MF
Jackson,Oliver,1.8180724382400513,MF
Dan,SabrinatheWitch,1.8180789947509768,MF
Grace,Matthew,1.818113923072815,MF
Larry,Margaret,1.8181740045547483,MF
Cyrus,ReporterCatalina,1.8183244466781616,MF
MrsClaus,Xavier,1.8183808326721191,MF
Dean,Jennifer,1.8184579610824585,MF
Rachel,Xavier,1.8186172246932983,MF
Neoguard,Oliver,1.8187063932418823,MF
Nathan,Nova,1.8189020156860352,MF
Dylan,Nana,1.8191347122192385,MF
Keybo,Oliver,1.819167733192444,MF
Henry,Rachel,1.8192490339279177,MF
Brad,Natalie,1.819481372833252,MF
Matthew,Skylar,1.8196104764938352,MF
Chester,SabrinatheWitch,1.8198899030685425,MF
Kanno,Olivia,1.8199065923690796,MF
Rachel,Ravi,1.8200377225875857,MF
Chase,Oliver,1.820234298706055,MF
Nia,Walter,1.8202353715896609,MF
Nana,Xavier,1.8203606605529783,MF
Amber,Dean,1.8204094171524048,MF
Angela,Joshua,1.8208969831466677,MF
Audrey,Dean,1.8209577798843384,MF
Justin,Verna,1.8213454484939575,MF
Landon,Norah,1.8219269514083865,MF
Carlos,Claire,1.8220314979553225,MF
Nathan,SabrinatheWitch,1.822101593017578,MF
ReporterCatalina,Slushy,1.82213294506073,MF
Audrey,Carlos,1.8223506212234497,MF
Neel,Rachel,1.8223646879196167,MF
Jodie,Xavier,1.822569489479065,MF
Joshua,Oliver,1.822595238685608,MF
Aiden,SabrinatheWitch,1.822623372077942,MF
Ben,Nana,1.8226323127746584,MF
Nova,Sindarin,1.8226813077926636,MF
Nathan,Oliver,1.8227876424789429,MF
Jennifer,Kanno,1.8229784965515137,MF
Larry,Vivien,1.8230242729187012,MF
Larry,Lydia,1.8230282068252563,MF
Chad,Oliver,1.8231462240219116,MF
CaptainBill,Verna,1.823200225830078,MF
Oscar,ReporterCatalina,1.82325279712677,MF
Chad,Margot,1.823549747467041,MF
Logan,Sylvia,1.8236488103866575,MF
Carol,Dylan,1.8236995935440063,MF
Grace,Logan,1.8240550756454468,MF
Catherine,Slushy,1.8242250680923464,MF
Audrey,Nathan,1.8242453336715696,MF
Chester,Lydia,1.824713110923767,MF
Viqqie,Xavier,1.824887752532959,MF
Chester,Paige,1.8249163627624512,MF
Chester,Margaret,1.8249993324279783,MF
Jennifer,Walter,1.8252328634262085,MF
Dean,Liz,1.825234055519104,MF
Cole,Jennifer,1.825485587120056,MF
Chad,Nana,1.825603485107422,MF
Oliver,Walter,1.825995922088623,MF
Audrey,Logan,1.8262825012207031,MF
Nova,Walter,1.8263384103775024,MF
Larry,Olivia,1.8264431953430176,MF
Brad,Jodie,1.8266282081604004,MF
Amber,Nathan,1.8267523050308228,MF
AnnabelletheGhost,JackoLantern,1.8269720077514648,MF
Carlos,Olivia,1.8271900415420532,MF
Logan,Lydia,1.8275642395019531,MF
Liam,Vivien,1.8276262283325195,MF
Agatha,Xavier,1.8277708292007449,MF
Carlos,Verna,1.8279379606246948,MF
Dean,Mia,1.8279725313186648,MF
Justin,Olivia,1.828148365020752,MF
Eman,Natalie,1.828175663948059,MF
Cole,Victoria,1.8282047510147097,MF
Dean,Echo,1.8282837867736816,MF
Chase,Natalie,1.828469395637512,MF
Carol,DollarJr,1.8287066221237185,MF
CaptainBill,Tessa,1.8287320137023928,MF
Eman,Vivien,1.829472541809082,MF
Furnando,Margaret,1.8296087980270384,MF
Matthew,Nia,1.8296416997909544,MF
Audrey,Larry,1.8299084901809692,MF
Dean,Lucille,1.8299192190170288,MF
Oscar,SabrinatheWitch,1.8300410509109497,MF
George,Rachel,1.8302439451217651,MF
Chad,Margaret,1.8303054571151731,MF
Edward,Rachel,1.8305402994155884,MF
Olivia,Oscar,1.8305989503860471,MF
Royce,Shana,1.8307089805603027,MF
Carlos,Kelsey,1.8308807611465456,MF
April,Dean,1.8309803009033203,MF
Dean,Lydia,1.831076502799988,MF
DollarJr,MrsClaus,1.831116199493408,MF
Dean,Viqqie,1.8313225507736208,MF
Jennifer,Neel,1.8313813209533691,MF
Liam,Tessa,1.831414818763733,MF
Logan,Zoey,1.8315492868423464,MF
DollarJr,Tessa,1.831979751586914,MF
Tim,Viqqie,1.83232843875885,MF
Caitlyn,Joshua,1.8325058221817017,MF
Brad,SabrinatheWitch,1.8325234651565552,MF
Margot,Ravi,1.8328191041946411,MF
Landon,Natalie,1.833394169807434,MF
Nova,Simon,1.8335269689559937,MF
DollarJr,SabrinatheWitch,1.8335407972335815,MF
JackoLantern,Olivia,1.8337253332138064,MF
Ravi,ReporterCatalina,1.8337348699569704,MF
Matthew,Natalie,1.83375346660614,MF
Chad,Tessa,1.833792805671692,MF
Dean,Sophia,1.8339247703552248,MF
Logan,Tessa,1.8340896368026731,MF
Aaron,Audrey,1.8340986967086792,MF
Dean,Skylar,1.8343082666397097,MF
Dan,Jennifer,1.8343743085861208,MF
Rachel,Simon,1.8344138860702517,MF
Doug,Nana,1.834486484527588,MF
CaptainBill,Rita,1.834840416908264,MF
Furnando,Margot,1.8348407745361328,MF
Avery,Nathan,1.8348493576049805,MF
Glenda,Wade,1.8349127769470217,MF
Carlos,Jodie,1.835073471069336,MF
Hugh,ReporterCatalina,1.8354525566101072,MF
Chad,Jennifer,1.8354674577713013,MF
Carlos,Grace,1.8357950448989868,MF
Dan,Olivia,1.8357993364334104,MF
Glenda,Simon,1.8358207941055296,MF
Brad,Kelsey,1.835919976234436,MF
Chester,Skylar,1.8360921144485471,MF
Dean,Starling,1.8361750841140747,MF
Nathan,Zoey,1.8362045288085935,MF
Kevin,Nia,1.8362560272216797,MF
Elias,ReporterCatalina,1.836291790008545,MF
Nathan,Tessa,1.8363770246505735,MF
Liz,Xavier,1.836579442024231,MF
Nana,Neel,1.8366576433181765,MF
Edward,Natalie,1.8369351625442505,MF
KlipKim,Nova,1.8369866609573364,MF
Chloe,Dean,1.8373314142227173,MF
Angela,Edward,1.8373397588729856,MF
Henry,Verna,1.83735990524292,MF
ReporterCatalina,West,1.8376058340072632,MF
Carol,Noa,1.8376532793045044,MF
Rachel,Royce,1.8376635313034055,MF
Rachel,Walter,1.837859034538269,MF
Aiden,Nova,1.837861180305481,MF
Glenda,Xavier,1.8378859758377075,MF
Chase,Jennifer,1.837996006011963,MF
Audrey,Dan,1.8381978273391724,MF
Aiden,Mia,1.8382049798965456,MF
DollarJr,Sylvia,1.8383122682571411,MF
Nova,Ryan,1.8383564949035645,MF
Brad,Nana,1.8383928537368777,MF
Aiden,Audrey,1.8384151458740232,MF
Nia,Noa,1.8385047912597656,MF
Catherine,Nathan,1.8385637998580933,MF
Jack,ReporterCatalina,1.8386694192886353,MF
Robert,Shana,1.8386735916137695,MF
Oliver,Sean,1.8389692306518557,MF
Joshua,Victoria,1.839069962501526,MF
Agatha,Neel,1.839264988899231,MF
Mia,Vincent,1.8392757177352903,MF
MrsClaus,Simon,1.8394585847854616,MF
Hans,Margot,1.8395029306411743,MF
Dan,Oliver,1.8395533561706543,MF
Michael,Nia,1.839633822441101,MF
Ryan,Viqqie,1.8399845361709597,MF
Noa,Olivia,1.839999079704285,MF
Ryan,Tessa,1.8400492668151855,MF
KlipKim,Nia,1.8400611877441408,MF
JackoLantern,Rebecca,1.840190291404724,MF
Nia,Vincent,1.8403972387313845,MF
Ravi,Shana,1.8406434059143064,MF
Oliver,Wade,1.840670108795166,MF
Angela,Chester,1.8407565355300903,MF
Brad,Vivien,1.8410943746566772,MF
Dylan,Jennifer,1.84134042263031,MF
River,Viqqie,1.8413549661636353,MF
Lydia,Xavier,1.8415061235427856,MF
Natalie,Neel,1.8415499925613403,MF
JackoLantern,Vanessa,1.8417075872421265,MF
JackoLantern,Liz,1.8417158126831057,MF
Cole,Nia,1.8417348861694336,MF
Dean,Kelsey,1.8418306112289429,MF
Chase,Tessa,1.8418339490890503,MF
Eman,Jennifer,1.842206120491028,MF
Carlos,Jennifer,1.8422212600708008,MF
Brad,Camila,1.8422770500183103,MF
Callan,Nana,1.8423510789871216,MF
Audrey,Doug,1.8425167798995972,MF
Liz,Ryan,1.8425437211990356,MF
Catherine,Noa,1.8426026105880735,MF
Amber,Jimmy,1.8426060676574707,MF
Abigail,Cole,1.842655062675476,MF
Kevin,Mia,1.842815399169922,MF
Liz,Noa,1.8428155183792112,MF
Neel,Olivia,1.842951416969299,MF
Carlos,Carol,1.843018889427185,MF
Dan,Margaret,1.84334135055542,MF
Jodie,Nathan,1.8437271118164065,MF
Norah,Walter,1.8437719345092771,MF
Lydia,Wade,1.8438949584960935,MF
Dean,Margaret,1.8439322710037231,MF
Justin,Kelsey,1.8439950942993164,MF
Nathan,Skylar,1.8440486192703247,MF
Caitlyn,Ryan,1.8441433906555176,MF
Carol,Kevin,1.8445534706115725,MF
Dan,Glenda,1.8445907831192017,MF
Jennifer,Matthew,1.844692349433899,MF
Dylan,Natalie,1.8446975946426392,MF
Bruce,Rachel,1.844793438911438,MF
Ben,ReporterCatalina,1.8448100090026855,MF
Audrey,Kevin,1.8448771238327024,MF
Caitlyn,Walter,1.8448796272277832,MF
Dylan,ReporterCatalina,1.8449115753173828,MF
Dan,Sylvia,1.8449941873550415,MF
Abigail,Caleb,1.8449997901916504,MF
Carlos,Jenna,1.8450288772583008,MF
Claire,Ryan,1.8450297117233276,MF
Caleb,MrsClaus,1.845089316368103,MF
Simon,Verna,1.845257878303528,MF
Camila,Nathan,1.8454407453536987,MF
Abigail,Nathan,1.8454698324203491,MF
Angela,Brad,1.8455743789672852,MF
Larry,Victoria,1.8458539247512815,MF
Edward,Tessa,1.8458608388900757,MF
Aaron,Natalie,1.8459759950637815,MF
Brad,Claire,1.8462077379226685,MF
Matthew,Viqqie,1.8462566137313845,MF
Brad,Starling,1.8462580442428589,MF
Elias,Margot,1.8462653160095217,MF
Nia,Sindarin,1.846516489982605,MF
Nathan,Norah,1.8465532064437864,MF
April,Chester,1.8467812538146973,MF
Damian,Rachel,1.8467830419540403,MF
Dylan,Olivia,1.847066044807434,MF
Landon,Victoria,1.8472925424575808,MF
Doug,Lucille,1.8473790884017944,MF
Carol,Ravi,1.8474140167236328,MF
Graham,SabrinatheWitch,1.847788453102112,MF
Agatha,Simon,1.8477983474731443,MF
Doughnut,Matthew,1.8478878736495972,MF
Rachel,Santa,1.8478909730911257,MF
Lloyd,Viqqie,1.8479156494140625,MF
DollarJr,Verna,1.8479251861572263,MF
Larry,Viqqie,1.8480042219161987,MF
Edward,Shana,1.8481649160385132,MF
Angela,Walter,1.8481999635696411,MF
Brad,Nova,1.8482074737548828,MF
Logan,Olivia,1.848269820213318,MF
Caitlyn,Matthew,1.8482723236083984,MF
Jimmy,Jodie,1.8483017683029177,MF
Jennifer,Xavier,1.848532557487488,MF
Margaret,Sindarin,1.8485628366470337,MF
Carl,Rachel,1.8485716581344604,MF
Abigail,Kevin,1.848835825920105,MF
Camila,Matthew,1.849032282829285,MF
Kevin,Nova,1.849036693572998,MF
Jennifer,Justin,1.849506974220276,MF
Brad,Carol,1.8495359420776367,MF
Edward,Kristen,1.8496164083480835,MF
Kevin,Sylvia,1.849759221076965,MF
Oliver,Xavier,1.8498469591140747,MF
DollarJr,Olivia,1.8499070405960083,MF
DollarJr,Natalie,1.849985718727112,MF
Dan,Norah,1.8500193357467651,MF
KlipKim,Vivien,1.8502107858657837,MF
Oliver,Tim,1.8504210710525513,MF
Angela,Chase,1.8504949808120728,MF
Santa,Verna,1.8505264520645144,MF
Rachel,Robert,1.850695252418518,MF
Audrey,Wade,1.850887417793274,MF
Glenda,Nathan,1.8509441614151,MF
Brad,Olivia,1.8510066270828247,MF
Justin,SabrinatheWitch,1.8511710166931152,MF
Justin,Nana,1.8511940240859983,MF
Camila,Oscar,1.851293683052063,MF
Larry,Tessa,1.851329445838928,MF
Audrey,DollarJr,1.8513754606246948,MF
Camila,Slushy,1.8514518737792969,MF
Nana,Oscar,1.851662516593933,MF
Glenda,Ravi,1.8516994714736936,MF
Chester,Kelsey,1.851741909980774,MF
Starling,Xavier,1.8517680168151855,MF
Norah,Simon,1.851872801780701,MF
KlipKim,Nana,1.851972579956055,MF
Angela,CaptainBill,1.8520373106002808,MF
Henry,ReporterCatalina,1.8520818948745728,MF
Margot,PN,1.8521441221237185,MF
Rebecca,Ryan,1.8521522283554075,MF
PN,Rachel,1.852162718772888,MF
Buddy,Rachel,1.8523935079574585,MF
DollarJr,Jennifer,1.8524121046066284,MF
Kevin,Oliver,1.8526978492736816,MF
Camila,Carlos,1.852915406227112,MF
Sindarin,Verna,1.852932095527649,MF
Furnando,Natalie,1.8533066511154177,MF
Kevin,Norah,1.8536144495010376,MF
Oliver,Owen,1.8536171913146973,MF
Chase,ReporterCatalina,1.853772521018982,MF
Landon,Sylvia,1.854275703430176,MF
Camila,JackoLantern,1.8543081283569336,MF
David,Rachel,1.8544673919677737,MF
Dean,Janet,1.85452139377594,MF
Sindarin,Tessa,1.854642391204834,MF
Dean,Rita,1.854932427406311,MF
Riley,Ryan,1.8549600839614868,MF
Xavier,Zoey,1.8553448915481567,MF
Caitlyn,Nathan,1.8556052446365356,MF
Rachel,West,1.8556214570999143,MF
Liam,Oliver,1.8556312322616575,MF
Caleb,ReporterCatalina,1.855713963508606,MF
Noa,Starling,1.8557472229003904,MF
Carlos,Rachel,1.855878472328186,MF
Cole,Kelsey,1.8559290170669556,MF
Ryan,Skylar,1.8562012910842896,MF
Kevin,Rachel,1.8562493324279783,MF
Brad,Norah,1.8563798666000368,MF
Abigail,KlipKim,1.8563876152038576,MF
Logan,Starling,1.8564070463180544,MF
Caleb,Nia,1.8564491271972656,MF
Cole,Liz,1.8565858602523804,MF
Noa,Sylvia,1.8569450378417969,MF
George,Natalie,1.8569570779800415,MF
Doug,Olivia,1.8569575548171997,MF
Buddy,Jennifer,1.8571577072143557,MF
Gus,Rachel,1.8571847677230835,MF
Claire,Dean,1.857304096221924,MF
Logan,Stephanie,1.8573890924453735,MF
Chester,Vanessa,1.85755717754364,MF
Hugh,Nana,1.8575721979141235,MF
Glenda,Neel,1.8576273918151855,MF
Natalie,Royce,1.8578776121139529,MF
Abigail,DollarJr,1.8579769134521484,MF
Joshua,Samantha,1.8579992055892944,MF
Abigail,Carlos,1.8580187559127808,MF
Jake,ReporterCatalina,1.8580344915390017,MF
Kevin,Shana,1.858049392700195,MF
Jennifer,Landon,1.8582841157913208,MF
Jennifer,Ravi,1.8583959341049192,MF
Matthew,Sylvia,1.8585028648376465,MF
Jackson,ReporterCatalina,1.858555793762207,MF
Aiden,Glenda,1.8585673570632937,MF
Oscar,Rachel,1.8586429357528689,MF
JackoLantern,Patricia,1.8587870597839355,MF
Nia,Simon,1.858787417411804,MF
Dean,Glenda,1.8589520454406736,MF
Dean,Kristen,1.8589600324630735,MF
Margaret,Wade,1.8595069646835327,MF
Neoguard,Verna,1.8595610857009888,MF
Grace,Jimmy,1.8595625162124632,MF
Chloe,Larry,1.8595943450927737,MF
Hugh,Rachel,1.859599232673645,MF
Benny,ReporterCatalina,1.8596528768539429,MF
Gus,Lucille,1.8596724271774292,MF
Nathan,Viqqie,1.859872341156006,MF
CaptainBill,Shana,1.8598867654800415,MF
Glenda,Justin,1.8599523305892944,MF
Caitlyn,Eman,1.860138773918152,MF
Catherine,Ryan,1.86030912399292,MF
Chase,SabrinatheWitch,1.8604339361190796,MF
Ryan,Victoria,1.8605875968933103,MF
Cole,Olivia,1.86064875125885,MF
Graham,Jennifer,1.8606570959091189,MF
Larry,Rita,1.860772490501404,MF
Eman,Nova,1.8608039617538452,MF
Henry,Shana,1.8609007596969604,MF
Dean,Rebecca,1.861183285713196,MF
Angela,Noa,1.86141574382782,MF
Kanno,Shana,1.8618022203445437,MF
DollarJr,Jodie,1.8618311882019043,MF
Caitlyn,Landon,1.8620682954788208,MF
Brad,Liz,1.8621410131454468,MF
Riley,Slushy,1.862230896949768,MF
Kristen,Matthew,1.8626054525375368,MF
Carlos,Mia,1.862816333770752,MF
Damian,Jodie,1.862887382507324,MF
Larry,Nana,1.862901210784912,MF
DollarJr,Stephanie,1.8629437685012815,MF
Joshua,Nia,1.863012433052063,MF
Abigail,Eman,1.8630820512771609,MF
Liz,Wade,1.863136649131775,MF
Joshua,Tessa,1.863152027130127,MF
Angela,Nathan,1.8632920980453491,MF
Kevin,Natalie,1.863298773765564,MF
AnnabelletheGhost,Xavier,1.8635042905807495,MF
Caleb,Oliver,1.863630294799805,MF
Camila,Noa,1.863934874534607,MF
Angela,Sean,1.86418879032135,MF
Glenda,Hans,1.86427104473114,MF
AnnabelletheGhost,Graham,1.8644870519638064,MF
Eman,Mia,1.864676833152771,MF
Jimmy,Kristen,1.8649921417236328,MF
Aaron,Jodie,1.8650107383728027,MF
Chase,Nana,1.865098476409912,MF
Avery,Carlos,1.8651299476623535,MF
ReporterCatalina,Robert,1.8652420043945312,MF
Carlos,Echo,1.8653059005737305,MF
Lucille,Robert,1.86540424823761,MF
Lucille,Neel,1.8654146194458008,MF
Ravi,Victoria,1.8654580116271973,MF
Oscar,Vivien,1.865529179573059,MF
Logan,Norah,1.8657379150390625,MF
Audrey,Landon,1.8657976388931272,MF
April,Larry,1.8658045530319216,MF
Dylan,Kelsey,1.8658145666122437,MF
Brad,Lydia,1.8658899068832395,MF
Chad,ReporterCatalina,1.8659963607788088,MF
Jodie,Landon,1.866081714630127,MF
Buddy,Oliver,1.86611807346344,MF
Neoguard,Nia,1.8661251068115232,MF
Dylan,Lydia,1.8661913871765137,MF
Gus,Nana,1.8662501573562624,MF
Angela,Jimmy,1.86626398563385,MF
Jimmy,Mia,1.866505742073059,MF
Carol,Oscar,1.8667575120925903,MF
Chad,Verna,1.86678409576416,MF
Aiden,Olivia,1.8668609857559204,MF
Landon,Vivien,1.8669729232788088,MF
Nana,Wade,1.8670927286148071,MF
Jennifer,Neoguard,1.867343544960022,MF
Abigail,Slushy,1.867471694946289,MF
Carlos,Stephanie,1.8674941062927248,MF
Margot,Simon,1.8675575256347656,MF
Nana,Royce,1.8677369356155396,MF
Cyrus,Oliver,1.8678232431411743,MF
Vivien,Xavier,1.867875576019287,MF
Kevin,Verna,1.867995858192444,MF
Verna,Vincent,1.8679994344711304,MF
Jodie,Logan,1.8680987358093264,MF
Jodie,Noa,1.8681002855300903,MF
Dan,Kelsey,1.8683034181594849,MF
Aiden,April,1.8684821128845217,MF
Dylan,Victoria,1.8686243295669556,MF
Grace,Vincent,1.8687171936035156,MF
Avery,Ryan,1.868775725364685,MF
Kristen,Ryan,1.8689149618148804,MF
Aaron,SabrinatheWitch,1.8689912557601929,MF
Chester,Jenna,1.8690332174301147,MF
Doug,Natalie,1.869136333465576,MF
KlipKim,Mia,1.8691816329956057,MF
JackoLantern,Sara,1.8691917657852173,MF
Dylan,Nova,1.869284510612488,MF
Amber,Logan,1.8693310022354128,MF
April,Ryan,1.869653344154358,MF
Furnando,Jennifer,1.8697649240493777,MF
Chloe,Nathan,1.8697878122329712,MF
Glenda,UncleHank,1.869843363761902,MF
PN,Viqqie,1.8698930740356443,MF
Eman,Sylvia,1.869950771331787,MF
Camila,DollarJr,1.8700276613235471,MF
Carol,Simon,1.870449900627136,MF
Matthew,Mia,1.870775818824768,MF
Abigail,Walter,1.8708778619766235,MF
Slushy,Verna,1.870916485786438,MF
Caitlyn,Chester,1.8711785078048704,MF
Rudolph,Shana,1.8712669610977173,MF
Amber,JackoLantern,1.8712745904922483,MF
Victoria,Wade,1.8713217973709104,MF
DollarJr,Echo,1.8713570833206177,MF
Kelsey,Wade,1.8714479207992551,MF
Kanno,Rachel,1.8717433214187624,MF
Margot,Nathan,1.871745228767395,MF
Larry,Norah,1.8718525171279907,MF
Nana,West,1.8718587160110471,MF
Edward,Vivien,1.8719180822372437,MF
Liz,Logan,1.8720507621765137,MF
Oliver,Rudolph,1.8720598220825195,MF
Audrey,Eman,1.8721466064453125,MF
Joshua,Rebecca,1.872356414794922,MF
Gus,Shana,1.8724002838134768,MF
Agatha,DollarJr,1.8724499940872192,MF
Nana,Slushy,1.872480511665344,MF
DollarJr,Rebecca,1.872506618499756,MF
Joshua,Rachel,1.8725413084030151,MF
CaptainBill,Jennifer,1.8725706338882449,MF
Larry,Nova,1.8725719451904297,MF
Larry,Nia,1.8726115226745603,MF
Jennifer,Logan,1.8727017641067505,MF
Natalie,Walter,1.8727355003356936,MF
Abigail,Brad,1.872976779937744,MF
Glenda,Joshua,1.8730602264404297,MF
Audrey,Neel,1.8733047246932983,MF
Chester,MrsClaus,1.8733078241348269,MF
Carol,Dean,1.8733326196670532,MF
Bruce,Vivien,1.8734145164489744,MF
Chester,Liz,1.8734216690063477,MF
Jennifer,Sean,1.873493790626526,MF
Dan,Vivien,1.8736729621887207,MF
Doughnut,Slushy,1.8737090826034544,MF
Brad,Verna,1.8739752769470217,MF
Nana,Walter,1.874214768409729,MF
Keybo,Tessa,1.8742295503616333,MF
Matthew,Victoria,1.87440824508667,MF
Jenna,Nathan,1.874478220939636,MF
Eman,Norah,1.8744988441467283,MF
Graham,Olivia,1.8747342824935913,MF
Glenda,Royce,1.874856948852539,MF
Amber,Cole,1.8748599290847776,MF
Jenna,Slushy,1.8748632669448853,MF
Lloyd,Vivien,1.8749083280563352,MF
Dan,Liz,1.874909520149231,MF
Frankenstein,Jodie,1.8749136924743652,MF
Cole,Echo,1.8750330209732056,MF
Jennifer,Ron,1.8750386238098145,MF
Jodie,Slushy,1.87504243850708,MF
Carl,Verna,1.875062346458435,MF
Camila,Ryan,1.8752431869506836,MF
Caleb,Shana,1.8753031492233276,MF
Joshua,Vivien,1.8753420114517212,MF
Noa,SabrinatheWitch,1.8754817247390747,MF
Damian,Tessa,1.8754820823669431,MF
Carol,Matthew,1.8755470514297483,MF
Amber,Ryan,1.875633120536804,MF
ReporterCatalina,Vincent,1.8757848739624023,MF
Edward,Nia,1.8758420944213867,MF
Kevin,Tessa,1.8758615255355835,MF
CaptainBill,Natalie,1.8759303092956543,MF
Carl,ReporterCatalina,1.876174569129944,MF
Gus,Jodie,1.8763012886047363,MF
Slushy,Tessa,1.876351833343506,MF
Jack,Rachel,1.8764982223510744,MF
Hans,Shana,1.876602292060852,MF
Margaret,Neel,1.8766112327575684,MF
Carlos,Rebecca,1.8766769170761108,MF
Chester,Zoey,1.8767393827438352,MF
DollarJr,Margaret,1.8770471811294556,MF
George,ReporterCatalina,1.87714684009552,MF
Damian,ReporterCatalina,1.8772822618484497,MF
Audrey,Noa,1.877492904663086,MF
George,Sylvia,1.877587914466858,MF
Aiden,Jennifer,1.8776346445083616,MF
George,Verna,1.8776531219482424,MF
Elias,Shana,1.877696871757507,MF
Aiden,Kelsey,1.8778105974197388,MF
Glenda,Neoguard,1.8778642416000368,MF
Glenda,Logan,1.8781505823135376,MF
Carlos,MrsClaus,1.8782501220703125,MF
Nia,Ravi,1.8782542943954468,MF
Gus,Nia,1.8783093690872192,MF
Charlotte,Chester,1.878341555595398,MF
Chester,Doughnut,1.878421664237976,MF
JackoLantern,Maisie,1.8786163330078125,MF
Glenda,Larry,1.8788248300552368,MF
Nova,Ravi,1.8788719177246096,MF
Liam,Shana,1.8789151906967163,MF
Shana,West,1.878994345664978,MF
Jennifer,UncleHank,1.879136562347412,MF
Dan,Skylar,1.879185676574707,MF
Abigail,Ben,1.879338264465332,MF
Rachel,Sean,1.8793749809265137,MF
Kanno,Kelsey,1.879658579826355,MF
Furnando,Olivia,1.8796586990356443,MF
Aaron,Olivia,1.8799099922180176,MF
Carl,Oliver,1.8800402879714968,MF
Lloyd,ReporterCatalina,1.8802728652954104,MF
Sindarin,Vivien,1.8803085088729856,MF
Abigail,Matthew,1.8803189992904663,MF
Michael,Shana,1.8806418180465696,MF
Skylar,Walter,1.8806862831115725,MF
Claire,Slushy,1.8806992769241333,MF
Chad,Shana,1.88123619556427,MF
Dan,Echo,1.8812941312789917,MF
Lydia,Matthew,1.8815016746520996,MF
Echo,Ryan,1.881617546081543,MF
Audrey,Chester,1.8816865682601929,MF
Kelsey,Ryan,1.8817018270492551,MF
Dylan,Tessa,1.8817609548568728,MF
Joshua,Verna,1.8817949295043943,MF
JackoLantern,Lucille,1.8818360567092896,MF
Dan,MrsClaus,1.8818737268447876,MF
Lloyd,Verna,1.8819130659103391,MF
Carl,Natalie,1.8819217681884768,MF
Jackson,Rachel,1.8819869756698608,MF
Joshua,SabrinatheWitch,1.882208228111267,MF
Justin,Victoria,1.882240891456604,MF
Glenda,Kevin,1.882320761680603,MF
George,Nana,1.882634162902832,MF
Rachel,River,1.88267183303833,MF
Caitlyn,Dean,1.882787823677063,MF
Kevin,SabrinatheWitch,1.8829196691513064,MF
Nathan,Verna,1.88302743434906,MF
Nathan,Nia,1.8831089735031128,MF
Ryan,Verna,1.883166790008545,MF
Claire,Larry,1.8832926750183103,MF
DollarJr,Nia,1.8834105730056765,MF
Cole,Lydia,1.8835054636001587,MF
Carlos,Vivien,1.883674144744873,MF
Margot,Noa,1.8838706016540527,MF
Liz,Slushy,1.8841608762741089,MF
Liam,Natalie,1.8841816186904907,MF
Liam,Olivia,1.884198784828186,MF
Landon,Lydia,1.8842482566833496,MF
Nia,Rudolph,1.8842822313308716,MF
Brad,Sylvia,1.884286880493164,MF
Audrey,Oscar,1.884433627128601,MF
CaptainBill,ReporterCatalina,1.884443759918213,MF
Carol,Liam,1.8846620321273804,MF
Agatha,Larry,1.8848780393600464,MF
Matthew,Nova,1.8850502967834473,MF
Matthew,Norah,1.8851237297058103,MF
Carol,Xavier,1.8851872682571411,MF
Agatha,Elias,1.885203838348389,MF
Callan,ReporterCatalina,1.8852829933166504,MF
Dylan,SabrinatheWitch,1.8853044509887695,MF
Chester,Grace,1.885515570640564,MF
Charlotte,Ryan,1.8855756521224976,MF
Avery,Walter,1.8855767250061035,MF
Olivia,Slushy,1.8857249021530151,MF
DollarJr,Kelsey,1.8858104944229128,MF
Dan,Lydia,1.8859089612960815,MF
Sindarin,Sylvia,1.885970115661621,MF
Chloe,JackoLantern,1.8860607147216797,MF
Larry,Starling,1.8860927820205688,MF
Landon,Verna,1.8861507177352903,MF
JackoLantern,Katie,1.886258125305176,MF
Kelsey,Noa,1.886264681816101,MF
Simon,Sylvia,1.8862971067428589,MF
AnnabelletheGhost,Dan,1.8862990140914917,MF
Gus,Victoria,1.8864550590515137,MF
Noa,Nova,1.886467456817627,MF
Hans,Jennifer,1.8864773511886597,MF
Angela,KlipKim,1.8864864110946655,MF
Liz,Oscar,1.8865008354187012,MF
Jennifer,Liam,1.8866385221481323,MF
MrsClaus,Nathan,1.886738419532776,MF
Carol,Wade,1.8867989778518677,MF
Glenda,Noa,1.8869420289993288,MF
Furnando,Tessa,1.8870099782943728,MF
Carol,Slushy,1.887047290802002,MF
Amber,Brad,1.8870795965194704,MF
Rebecca,Xavier,1.8871253728866575,MF
Echo,Nathan,1.88728666305542,MF
Furnando,Kelsey,1.8873125314712524,MF
Aiden,Verna,1.8873800039291384,MF
Charlotte,Justin,1.887485384941101,MF
Benny,Shana,1.8876012563705444,MF
Logan,Valerie,1.88770055770874,MF
Oliver,Ravi,1.8878326416015625,MF
Caleb,Tessa,1.887909770011902,MF
Katie,Ryan,1.887961268424988,MF
Ben,Rebecca,1.8879947662353516,MF
Cyrus,Glenda,1.8880468606948853,MF
CaptainBill,Rachel,1.8880852460861208,MF
Cole,Sylvia,1.8882060050964355,MF
Margaret,Walter,1.8882819414138792,MF
Chad,Jodie,1.8882907629013064,MF
Damian,Natalie,1.8884025812149048,MF
Buddy,Margot,1.888527750968933,MF
Jennifer,Joshua,1.888634204864502,MF
MrsClaus,River,1.888670325279236,MF
Justin,Natalie,1.8887258768081665,MF
Chad,Lydia,1.888856291770935,MF
Brad,Tessa,1.888890266418457,MF
Glenda,Walter,1.8889316320419312,MF
DollarJr,Vivien,1.8889435529708865,MF
Callan,Oliver,1.889051079750061,MF
Buddy,Nana,1.8893250226974487,MF
Kelsey,Xavier,1.8894542455673216,MF
Jake,Tessa,1.8894721269607544,MF
Doug,Sylvia,1.8895214796066284,MF
Simon,Victoria,1.8895277976989744,MF
Rex,Shana,1.8898619413375857,MF
Matthew,Verna,1.8898645639419556,MF
Liz,Walter,1.889897704124451,MF
Cole,Verna,1.889927864074707,MF
Jimmy,Nova,1.8899492025375368,MF
Kelsey,River,1.8901675939559937,MF
Abigail,Damian,1.8902044296264648,MF
Nova,Vincent,1.8902653455734253,MF
Camila,Edward,1.89031982421875,MF
April,JackoLantern,1.8903721570968628,MF
Margaret,Oscar,1.8904012441635132,MF
Noa,Victoria,1.8904118537902832,MF
Michael,ReporterCatalina,1.890586256980896,MF
Larry,Liz,1.8908430337905884,MF
DollarJr,Nova,1.8908480405807495,MF
Sylvia,Xavier,1.8909298181533811,MF
Nathan,Stephanie,1.8912086486816408,MF
Aaron,Verna,1.8912239074707031,MF
Amber,Dan,1.8914657831192017,MF
Simon,Vivien,1.8914796113967896,MF
DollarJr,Mia,1.8914982080459597,MF
George,Glenda,1.8916234970092771,MF
Brad,Skylar,1.891730785369873,MF
Agatha,Nathan,1.8918224573135376,MF
Ravi,Verna,1.8919830322265625,MF
Jimmy,Oliver,1.8919953107833865,MF
Jimmy,MrsClaus,1.892158031463623,MF
Angela,Eman,1.892245888710022,MF
Neoguard,Vivien,1.892408847808838,MF
Kristen,Nathan,1.892565369606018,MF
Landon,Lucille,1.8925710916519165,MF
Rachel,Tim,1.892577528953552,MF
Oliver,Royce,1.892678141593933,MF
Liam,Nana,1.892720341682434,MF
Kelsey,Larry,1.892794609069824,MF
Dylan,Margaret,1.8929386138916016,MF
Nova,Wade,1.8929847478866575,MF
Norah,Vincent,1.8929972648620603,MF
Liam,Liz,1.8930076360702517,MF
Jennifer,Simon,1.8930710554122925,MF
Doug,Glenda,1.89314067363739,MF
Victoria,Walter,1.893165111541748,MF
Agatha,Robert,1.8932682275772097,MF
Carol,Kanno,1.893314242362976,MF
Carlos,Norah,1.8933992385864256,MF
Athena,Nathan,1.893471598625183,MF
Abigail,Simon,1.8935052156448364,MF
Larry,Mia,1.8935600519180296,MF
Angela,Vincent,1.893654227256775,MF
SabrinatheWitch,Walter,1.8937196731567385,MF
Dylan,Sylvia,1.89376163482666,MF
Camila,Dean,1.8937650918960571,MF
JackoLantern,Stephanie,1.893848896026611,MF
Audrey,Simon,1.8938676118850708,MF
Kelsey,Ravi,1.8940497636795044,MF
Chester,Kristen,1.8940653800964355,MF
Charlotte,Doug,1.894076943397522,MF
Furnando,Viqqie,1.8941398859024048,MF
Nathan,Riley,1.894243121147156,MF
Nana,Sean,1.8943647146224976,MF
Kristen,Walter,1.8943824768066408,MF
Caitlyn,Neoguard,1.8944215774536133,MF
DollarJr,Liz,1.8944820165634155,MF
Justin,Oliver,1.8945962190628052,MF
Claire,Sindarin,1.894655704498291,MF
Jennifer,Robert,1.894800305366516,MF
Agatha,Matthew,1.8949071168899536,MF
Eman,Jodie,1.895221710205078,MF
Tessa,Walter,1.895281434059143,MF
Norah,Sindarin,1.895360827445984,MF
Natalie,Neoguard,1.8953680992126465,MF
Owen,ReporterCatalina,1.8953801393508911,MF
Jennifer,Kevin,1.895549774169922,MF
Chester,Harper,1.8955610990524292,MF
Carol,Chad,1.8957480192184448,MF
Grace,Jackson,1.8958053588867188,MF
NewscasterJohn,Rachel,1.8958531618118288,MF
Aaron,Jennifer,1.895861029624939,MF
Jennifer,Oscar,1.8959723711013792,MF
Amber,Joshua,1.8960343599319456,MF
Cyrus,Shana,1.8961172103881836,MF
Jodie,Joshua,1.8961535692214968,MF
DollarJr,Norah,1.8961747884750368,MF
Justin,Vivien,1.8962316513061523,MF
Margaret,Xavier,1.8964394330978391,MF
Eman,Tessa,1.8964638710021973,MF
Jeff,Shana,1.896509289741516,MF
Dean,Zoey,1.8965096473693848,MF
Shana,Vincent,1.8965309858322144,MF
Cyrus,Jennifer,1.8966455459594729,MF
River,SabrinatheWitch,1.896793246269226,MF
Damian,Victoria,1.8968347311019895,MF
Jimmy,Viqqie,1.8968478441238403,MF
Audrey,Liam,1.8969001770019531,MF
Starling,Wade,1.8970280885696411,MF
Logan,Mia,1.8971476554870603,MF
Jake,Shana,1.8971548080444336,MF
Jimmy,Rita,1.8972479104995728,MF
Harper,Oscar,1.8973369598388672,MF
Damian,Nia,1.8974246978759768,MF
Doughnut,Ryan,1.8974589109420776,MF
Amber,Frankenstein,1.8974860906600952,MF
Edward,Grace,1.89762544631958,MF
Jodie,Simon,1.897648811340332,MF
Cole,Margaret,1.8976716995239256,MF
Audrey,Brad,1.897799372673035,MF
Dean,Margot,1.8979140520095823,MF
Carol,Chase,1.8979347944259644,MF
Eman,Nia,1.8979955911636353,MF
Dylan,Verna,1.898049473762512,MF
Aaron,Abigail,1.8981138467788696,MF
Michael,Oliver,1.8981537818908691,MF
Avery,Joshua,1.8981610536575315,MF
Dean,Valerie,1.8986616134643557,MF
Ben,Echo,1.898674488067627,MF
Dylan,Viqqie,1.8987475633621216,MF
Elias,Olivia,1.8989132642745972,MF
Jodie,Sindarin,1.8989238739013672,MF
Elias,Rachel,1.899014949798584,MF
Chloe,Ryan,1.899081349372864,MF
Ben,SabrinatheWitch,1.8994895219802856,MF
Brad,Oliver,1.899612545967102,MF
Aiden,Chloe,1.899649143218994,MF
Jimmy,Vivien,1.8997236490249632,MF
Margaret,Royce,1.8997858762741089,MF
Nathan,Victoria,1.8997920751571655,MF
Avery,DollarJr,1.8998875617980957,MF
Dean,Riley,1.899932861328125,MF
Brad,Glenda,1.8999379873275757,MF
Liam,ReporterCatalina,1.8999996185302737,MF
PN,ReporterCatalina,1.9000377655029297,MF
JackoLantern,Zoey,1.9001106023788452,MF
Kanno,Victoria,1.9001336097717283,MF
Jodie,Matthew,1.9001531600952148,MF
JackoLantern,Skylar,1.9001598358154297,MF
Logan,Rebecca,1.9001917839050293,MF
Carlos,SabrinatheWitch,1.9002386331558228,MF
Catherine,Matthew,1.9006510972976685,MF
Cyrus,Natalie,1.9006885290145872,MF
Viqqie,Wade,1.9007080793380735,MF
Nia,Santa,1.9008370637893677,MF
Nova,Santa,1.900967001914978,MF
George,MrsClaus,1.901032567024231,MF
Norah,Oscar,1.9010404348373413,MF
Nana,UncleHank,1.901116967201233,MF
Joshua,Olivia,1.901124119758606,MF
Santa,Shana,1.9011400938034055,MF
Caitlyn,Oscar,1.9012298583984375,MF
Dan,Viqqie,1.901483416557312,MF
Jack,Sylvia,1.901516318321228,MF
Agatha,Oscar,1.9015175104141235,MF
Aaron,Shana,1.9015437364578247,MF
Claire,Jimmy,1.9017690420150757,MF
Kevin,Margaret,1.901852250099182,MF
Nathan,Tina,1.901941180229187,MF
Audrey,Walter,1.9019802808761597,MF
Edward,Jenna,1.9020012617111208,MF
Charlotte,Xavier,1.9020472764968872,MF
Gus,Margaret,1.902079701423645,MF
Dan,Jodie,1.90208637714386,MF
Larry,Sophia,1.902113437652588,MF
Amber,Larry,1.9021739959716797,MF
Chad,Sylvia,1.9023181200027464,MF
Jodie,Oscar,1.902319312095642,MF
Grace,Ryan,1.9023710489273071,MF
Catherine,Dan,1.9023776054382324,MF
Justin,Shana,1.902392864227295,MF
Harper,Larry,1.9024075269699097,MF
Claire,Noa,1.9024451971054075,MF
Caitlyn,Dan,1.90289306640625,MF
Jimmy,Norah,1.9029597043991089,MF
Jennifer,Sindarin,1.9029988050460815,MF
Royce,SabrinatheWitch,1.9032946825027464,MF
SabrinatheWitch,UncleHank,1.903315544128418,MF
Owen,Tessa,1.9033207893371584,MF
Matthew,MrsClaus,1.90335750579834,MF
Chloe,Dylan,1.903387427330017,MF
Chester,Lucille,1.9034929275512695,MF
Brad,Charlotte,1.9036216735839844,MF
AnnabelletheGhost,Nathan,1.9036225080490112,MF
Dan,Victoria,1.903642535209656,MF
Carol,Landon,1.9039306640625,MF
Eman,Margot,1.9039554595947263,MF
Hans,Kelsey,1.9040590524673464,MF
Nana,Tim,1.9042572975158691,MF
Aiden,Jodie,1.9042658805847168,MF
Landon,Nova,1.9043015241622925,MF
Chase,Jodie,1.9043105840682983,MF
Eman,Skylar,1.904385685920715,MF
Mia,Wade,1.904497027397156,MF
Audrey,Cole,1.904532551765442,MF
Bell,Slushy,1.9045438766479492,MF
Cole,MrsClaus,1.9046297073364256,MF
Benny,Jennifer,1.9047080278396609,MF
Justin,Valerie,1.9047130346298216,MF
Nathan,Rebecca,1.9048675298690796,MF
Athena,Logan,1.904951095581055,MF
April,Dan,1.9050463438034055,MF
Chloe,Jimmy,1.9050631523132324,MF
Cyrus,Jodie,1.9050785303115845,MF
Larry,Lucille,1.9050930738449097,MF
George,SabrinatheWitch,1.9051260948181152,MF
Natalie,Sean,1.9051505327224731,MF
Glenda,Lloyd,1.905152916908264,MF
Jodie,Walter,1.905314326286316,MF
AnnabelletheGhost,Chester,1.9053430557250977,MF
Kevin,Olivia,1.9054818153381348,MF
Eman,Kristen,1.905525803565979,MF
Doug,SabrinatheWitch,1.9055696725845337,MF
Angela,Carlos,1.9055904150009155,MF
Carol,Larry,1.905596613883972,MF
Justin,Tessa,1.9058054685592651,MF
Angela,Slushy,1.9058157205581665,MF
Carlos,Riley,1.905911922454834,MF
Damian,Jennifer,1.905967354774475,MF
Neel,Oliver,1.905985951423645,MF
Caleb,Norah,1.905988097190857,MF
KlipKim,Norah,1.9060205221176147,MF
NewscasterJohn,ReporterCatalina,1.906046986579895,MF
Eman,SabrinatheWitch,1.9060832262039185,MF
Neoguard,Nova,1.9061260223388672,MF
Ryan,Samantha,1.9061588048934937,MF
Kanno,Margaret,1.9064100980758667,MF
AnnabelletheGhost,DollarJr,1.906652569770813,MF
JackoLantern,Samantha,1.906673550605774,MF
Chad,Kelsey,1.9067546129226685,MF
Buddy,Margaret,1.9068098068237305,MF
Amber,Xavier,1.9068139791488647,MF
Emma,JackoLantern,1.9069348573684692,MF
Ravi,SabrinatheWitch,1.906941056251526,MF
Doughnut,JackoLantern,1.9071159362792969,MF
Furnando,Nana,1.907129168510437,MF
Audrey,Slushy,1.9072060585021973,MF
Eman,Lydia,1.907228946685791,MF
Abigail,Kanno,1.9074269533157349,MF
Furnando,Oliver,1.9075106382369995,MF
Aiden,Sylvia,1.9075813293457031,MF
Chad,Nova,1.9076467752456665,MF
Jeff,Oliver,1.90772807598114,MF
Michael,Nova,1.9079222679138184,MF
Walter,Zoey,1.907989501953125,MF
Natalie,Ron,1.908081650733948,MF
Eman,Verna,1.9081324338912964,MF
Dan,Zoey,1.908292293548584,MF
Agatha,Wade,1.9082989692687988,MF
KlipKim,Verna,1.9084213972091677,MF
Graham,Tessa,1.908538818359375,MF
Edward,Nova,1.9086321592330933,MF
Damian,Verna,1.9089117050170896,MF
Abigail,Vincent,1.908968806266785,MF
Caitlyn,Henry,1.909083366394043,MF
Norah,Rudolph,1.9091216325759888,MF
Maisie,Wade,1.9091283082962036,MF
Carl,Victoria,1.9091447591781616,MF
Ben,Carol,1.9092531204223633,MF
CaptainBill,Jodie,1.9093341827392576,MF
Audrey,Chad,1.9094547033309937,MF
Kelsey,Neel,1.9094713926315308,MF
Audrey,Matthew,1.909561276435852,MF
Mia,Walter,1.909646987915039,MF
Chloe,Slushy,1.9097870588302612,MF
Oliver,West,1.9098525047302248,MF
David,Olivia,1.909862041473389,MF
Sophia,Wade,1.9099591970443728,MF
Matthew,Tina,1.910118579864502,MF
Dean,Samantha,1.9101351499557495,MF
Angela,Wade,1.9102216958999632,MF
Jennifer,Jimmy,1.9102325439453125,MF
Kanno,Natalie,1.9105304479599,MF
Jake,Margot,1.9105876684188845,MF
Amber,Carlos,1.9105979204177856,MF
Hans,Olivia,1.9106770753860471,MF
Jimmy,Verna,1.9107099771499632,MF
Rex,Verna,1.910817265510559,MF
Chad,Nia,1.910836696624756,MF
Doughnut,Edward,1.910910725593567,MF
Dean,Grace,1.9109286069869995,MF
Liz,Matthew,1.910929799079895,MF
Jenna,Matthew,1.9109359979629517,MF
David,MrsClaus,1.9109653234481812,MF
Oscar,Stephanie,1.911016821861267,MF
Claire,Dylan,1.9110684394836424,MF
Audrey,Furnando,1.9112210273742676,MF
Chase,Echo,1.9112210273742676,MF
Mia,Nathan,1.9114152193069456,MF
Chad,Victoria,1.9114633798599243,MF
Henry,Sylvia,1.9115666151046753,MF
Bruce,ReporterCatalina,1.9115790128707888,MF
Aiden,Margaret,1.911623477935791,MF
Caleb,Rachel,1.9116435050964355,MF
Jackson,Nana,1.911697030067444,MF
Kristen,Slushy,1.9118956327438352,MF
NewscasterJohn,Shana,1.9119247198104856,MF
Olivia,Sindarin,1.9120010137557983,MF
Angela,Dan,1.912066340446472,MF
ReporterCatalina,UncleHank,1.9121118783950808,MF
Jack,Shana,1.9121289253234863,MF
CaptainBill,Doughnut,1.9121395349502563,MF
Joshua,Nova,1.9121564626693728,MF
Claire,DollarJr,1.9122241735458376,MF
Ben,Natalie,1.9124250411987305,MF
Jack,Verna,1.912443995475769,MF
Abigail,Liam,1.9126368761062624,MF
Kanno,Vivien,1.91273295879364,MF
Gus,Verna,1.9127639532089231,MF
Logan,Millie,1.9129317998886108,MF
Eman,Olivia,1.9129762649536133,MF
Claire,Eman,1.913002610206604,MF
Eman,Liz,1.9130867719650269,MF
Matthew,Nana,1.9131144285202024,MF
Doug,Kelsey,1.913244128227234,MF
Jodie,Liam,1.9133076667785645,MF
Eman,Kelsey,1.9133132696151731,MF
Elias,Natalie,1.91341495513916,MF
Angela,Neoguard,1.913479208946228,MF
Jimmy,Margaret,1.913522243499756,MF
Angela,Caleb,1.9135260581970217,MF
Angela,Cole,1.9137754440307615,MF
Margot,Ryan,1.913837432861328,MF
Charlotte,Noa,1.913885235786438,MF
Justin,Margot,1.9139209985733032,MF
Dan,Harper,1.913960576057434,MF
Aiden,Angela,1.9140006303787231,MF
Ryan,Valerie,1.9140490293502808,MF
Nova,Rudolph,1.914106488227844,MF
Noa,Vivien,1.914167046546936,MF
Joshua,Skylar,1.9141693115234375,MF
Noa,Verna,1.9141942262649536,MF
Agatha,Liam,1.914199709892273,MF
Camila,Chester,1.9142990112304688,MF
Chester,Starling,1.914448618888855,MF
Charlotte,Landon,1.914591908454895,MF
Camila,Landon,1.9146499633789065,MF
Nathan,Rita,1.9147554636001587,MF
Carlos,Doughnut,1.914908766746521,MF
Dan,Grace,1.9149097204208376,MF
Amber,Wade,1.9149197340011597,MF
Amber,Noa,1.9149800539016724,MF
George,Kelsey,1.915131688117981,MF
Emma,Nathan,1.9151641130447388,MF
Kanno,Lydia,1.9152365922927856,MF
Camila,Justin,1.9152814149856567,MF
April,Wade,1.9153016805648804,MF
Natalie,Tim,1.9154152870178225,MF
Kevin,Rebecca,1.915463924407959,MF
Jack,Jennifer,1.915570616722107,MF
Abigail,Rex,1.9157623052597048,MF
DollarJr,Viqqie,1.9159021377563477,MF
Eman,Victoria,1.9159226417541504,MF
Caitlyn,Kanno,1.9159479141235352,MF
Kelsey,Kevin,1.9159866571426392,MF
Audrey,Edward,1.9159895181655884,MF
Aaron,Lucille,1.916013240814209,MF
Lydia,Noa,1.9160226583480835,MF
Nova,Peter,1.9160314798355105,MF
Aaron,Nana,1.916067123413086,MF
Graham,Natalie,1.916071891784668,MF
Kelsey,Matthew,1.9160927534103391,MF
Avery,Slushy,1.9160960912704468,MF
Sindarin,Tina,1.9161931276321411,MF
Nana,Robert,1.916237950325012,MF
Doughnut,Liam,1.9162850379943848,MF
Noa,Skylar,1.9162940979003904,MF
Aiden,Viqqie,1.916340470314026,MF
Abigail,Neoguard,1.9163445234298704,MF
Charlotte,Dan,1.916364669799805,MF
April,Nathan,1.9164255857467651,MF
Bruce,Viqqie,1.916488766670227,MF
Kelsey,Tim,1.916831135749817,MF
Avery,Dan,1.9168485403060913,MF
KlipKim,Margot,1.9168609380722048,MF
Vanessa,Wade,1.9169121980667112,MF
River,Shana,1.9170001745224,MF
JackoLantern,Kristen,1.917142033576965,MF
Claire,Walter,1.917157292366028,MF
Caleb,Nana,1.9172428846359253,MF
Liam,SabrinatheWitch,1.917328715324402,MF
Harper,JackoLantern,1.9173407554626465,MF
Caitlyn,Simon,1.9173744916915896,MF
Chase,Rachel,1.9174283742904663,MF
Neoguard,Zoey,1.917448878288269,MF
Frankenstein,Tessa,1.9174598455429075,MF
Abigail,Chad,1.9174723625183103,MF
Chester,Margot,1.9175457954406736,MF
Liam,Rachel,1.9175457954406736,MF
Chase,Verna,1.917713642120361,MF
Norah,Royce,1.9177290201187136,MF
Caitlyn,Wade,1.9178104400634768,MF
Dean,Harper,1.917856216430664,MF
Margaret,Tim,1.9178770780563352,MF
Angela,Chad,1.9178825616836548,MF
Carol,Joshua,1.9179587364196775,MF
Kelly,Logan,1.9179714918136597,MF
Lydia,Walter,1.9180102348327637,MF
Cole,Valerie,1.9180912971496584,MF
Chester,Stephanie,1.9181033372879028,MF
Caitlyn,Liam,1.9181636571884155,MF
AnnabelletheGhost,Oscar,1.918254256248474,MF
Joshua,Liz,1.9182580709457395,MF
Kevin,Zoey,1.9182592630386353,MF
George,Victoria,1.9182658195495603,MF
Margaret,Simon,1.9183720350265503,MF
George,Starling,1.9184833765029907,MF
Elias,Oliver,1.9184837341308592,MF
Jake,Rachel,1.918523907661438,MF
Angela,Doug,1.9185761213302612,MF
Natalie,Simon,1.918590188026428,MF
Angela,Rudolph,1.918612599372864,MF
Abigail,Cyrus,1.918625235557556,MF
Echo,Gus,1.9186345338821411,MF
River,Sylvia,1.918716311454773,MF
Edward,Mia,1.9187697172164917,MF
Chloe,Kanno,1.918776035308838,MF
Shana,Tim,1.9188709259033203,MF
Aiden,Liz,1.9189223051071167,MF
Robert,Victoria,1.9189425706863403,MF
Audrey,Dylan,1.9190961122512815,MF
Oscar,Tessa,1.9191030263900757,MF
Kevin,Victoria,1.919108510017395,MF
Eman,Glenda,1.9191855192184448,MF
Grace,Kevin,1.919227600097656,MF
Doughnut,Oscar,1.919404149055481,MF
Landon,Margaret,1.9194369316101072,MF
AnnabelletheGhost,Carlos,1.919657826423645,MF
Audrey,Jack,1.9197230339050293,MF
Maisie,Ryan,1.9197484254837036,MF
Gus,MrsClaus,1.9197487831115725,MF
Royce,Verna,1.9198098182678225,MF
Vincent,Vivien,1.919890522956848,MF
Logan,Riley,1.9198960065841677,MF
Brad,Nia,1.919955134391785,MF
Gus,Sylvia,1.92013680934906,MF
Echo,Edward,1.9201737642288208,MF
Emma,Slushy,1.9202747344970703,MF
Amber,Walter,1.920308232307434,MF
Agatha,Ravi,1.9203490018844604,MF
Carlos,Harper,1.920432448387146,MF
Millie,Noa,1.9204386472702024,MF
Benny,Oliver,1.9204901456832888,MF
Claire,Logan,1.9205408096313477,MF
Dean,Patricia,1.9206730127334597,MF
Riley,Simon,1.9207719564437864,MF
Charlotte,Nathan,1.9209049940109253,MF
Jeff,Nana,1.9209288358688352,MF
Jodie,West,1.9209719896316528,MF
Angela,George,1.9211515188217163,MF
Audrey,KlipKim,1.9211634397506712,MF
Ben,Camila,1.921183943748474,MF
Landon,Margot,1.9212141036987305,MF
Harper,Nathan,1.9213207960128784,MF
Brad,Harper,1.9213827848434448,MF
Joshua,Margaret,1.9215463399887085,MF
Agatha,Walter,1.921603083610535,MF
Carl,Sylvia,1.921755313873291,MF
CaptainBill,Viqqie,1.9217976331710815,MF
Audrey,Jimmy,1.9218887090682983,MF
Nova,Oscar,1.9219778776168823,MF
Tessa,West,1.9219948053359983,MF
Jennifer,KlipKim,1.922005534172058,MF
Joshua,Norah,1.9222410917282104,MF
Natalie,Sindarin,1.9222487211227417,MF
KlipKim,Tessa,1.922250270843506,MF
Athena,Brad,1.922283172607422,MF
Ben,Jennifer,1.92230761051178,MF
MrsClaus,Rex,1.922329783439636,MF
Icarus,ReporterCatalina,1.9223322868347168,MF
Claire,Simon,1.922712802886963,MF
Skylar,Slushy,1.922913074493408,MF
Sean,Sylvia,1.9232021570205688,MF
Jake,Nia,1.9232913255691528,MF
Nana,Neoguard,1.9235669374465945,MF
Starling,Walter,1.92359721660614,MF
Neoguard,SabrinatheWitch,1.923625349998474,MF
Avery,Logan,1.923784136772156,MF
Emma,Oscar,1.923867106437683,MF
Rachel,Viktor,1.923909068107605,MF
Aiden,Lydia,1.924002766609192,MF
Ryan,Vivien,1.9240626096725464,MF
Agatha,Eman,1.9241236448287964,MF
Joshua,Sylvia,1.92425537109375,MF
Abigail,Gus,1.924305081367493,MF
Caitlyn,Doug,1.9243268966674805,MF
Ben,MrsClaus,1.9243803024291992,MF
KlipKim,Rachel,1.924433350563049,MF
Kristen,Logan,1.9244685173034668,MF
Caitlyn,KlipKim,1.924495816230774,MF
Carlos,Chloe,1.9246087074279783,MF
Simon,Stephanie,1.9246169328689575,MF
Nova,Xavier,1.924770712852478,MF
Eman,Nana,1.9247931241989136,MF
Chad,SabrinatheWitch,1.924803137779236,MF
Jack,Vivien,1.924815773963928,MF
Avery,Hans,1.9248465299606323,MF
Jake,Victoria,1.92505943775177,MF
PN,Sylvia,1.9250807762145996,MF
George,Jodie,1.925240993499756,MF
Doug,Tessa,1.925264358520508,MF
Abigail,George,1.9253898859024048,MF
Dylan,Vivien,1.9256404638290403,MF
George,Tessa,1.9257121086120603,MF
Bell,Matthew,1.9257375001907349,MF
Avery,Brad,1.9257785081863403,MF
Margaret,Noa,1.925798416137695,MF
Dylan,Norah,1.925801396369934,MF
Cole,Margot,1.9260497093200684,MF
Ryan,Tina,1.9260592460632324,MF
Caleb,Nova,1.9261118173599243,MF
Agatha,Caleb,1.9262062311172483,MF
Glenda,Henry,1.9262304306030271,MF
Joshua,Kristen,1.9263416528701784,MF
Doug,Margaret,1.926350712776184,MF
Edward,Sylvia,1.9263591766357424,MF
Aiden,Stephanie,1.9264155626296997,MF
Brad,Chloe,1.9264849424362185,MF
Frankenstein,Viqqie,1.9264863729476929,MF
KlipKim,Natalie,1.926490306854248,MF
Philip,Rachel,1.9265098571777344,MF
Harper,Wade,1.926515221595764,MF
Camila,Simon,1.9267011880874632,MF
Cyrus,Nana,1.9267257452011108,MF
DollarJr,Zoey,1.9267921447753904,MF
David,Starling,1.9268375635147097,MF
Brad,Catherine,1.9268770217895508,MF
Nana,Vincent,1.9269757270812988,MF
Graham,Shana,1.927013874053955,MF
April,DollarJr,1.9272546768188477,MF
April,Cole,1.9275377988815308,MF
Jimmy,Valerie,1.9276450872421265,MF
Carol,Walter,1.9277609586715696,MF
Duke,Shana,1.9277809858322144,MF
April,Brad,1.9278024435043335,MF
Ron,Sylvia,1.9278990030288696,MF
Chloe,Noa,1.9279203414916992,MF
Henry,Natalie,1.92798376083374,MF
Nana,River,1.9280542135238647,MF
Joshua,Lydia,1.9280996322631836,MF
Aiden,Oliver,1.9281073808670044,MF
Jimmy,Skylar,1.9281688928604128,MF
Buddy,Natalie,1.928202748298645,MF
Philip,ReporterCatalina,1.9282468557357788,MF
Echo,Royce,1.928263783454895,MF
Audrey,Justin,1.9282745122909544,MF
Landon,Olivia,1.9283417463302612,MF
Natalie,Rex,1.9283655881881712,MF
Natalie,Oscar,1.9283767938613892,MF
Carlos,Lydia,1.9284394979476929,MF
Henry,Vivien,1.9286164045333865,MF
Furnando,Kelly,1.928624987602234,MF
Michael,Rachel,1.928658127784729,MF
Dylan,Liz,1.9286705255508425,MF
Jack,Viqqie,1.928688883781433,MF
Caleb,Jennifer,1.9286924600601196,MF
Neel,SabrinatheWitch,1.9287338256835935,MF
Carlos,Victoria,1.9289846420288088,MF
KlipKim,SabrinatheWitch,1.9289859533309937,MF
Harper,Logan,1.9291855096817017,MF
Cole,Viqqie,1.9292069673538208,MF
Charlotte,Cole,1.929232120513916,MF
Margaret,Neoguard,1.929358959197998,MF
Oscar,Starling,1.9294495582580569,MF
Catherine,Joshua,1.9294942617416384,MF
Oliver,Oscar,1.929604172706604,MF
Henry,Oliver,1.9296048879623413,MF
Graham,Verna,1.929791808128357,MF
Justin,Kelly,1.9298542737960815,MF
Caleb,Skylar,1.9299825429916384,MF
Athena,Xavier,1.9300060272216797,MF
Abigail,Dylan,1.9300084114074707,MF
Catherine,JackoLantern,1.930052161216736,MF
Brad,Kristen,1.9300717115402224,MF
AnnabelletheGhost,Larry,1.9300856590270996,MF
Chad,Claire,1.9301146268844604,MF
Jennifer,West,1.9301193952560425,MF
Aiden,Echo,1.9301223754882812,MF
JackoLantern,Starling,1.930195689201355,MF
Jimmy,Lucille,1.9302492141723633,MF
Mia,Michael,1.9302825927734375,MF
Emma,Landon,1.9302864074707031,MF
KlipKim,Margaret,1.9304380416870115,MF
Glenda,Landon,1.930525779724121,MF
Carl,Jennifer,1.9305535554885864,MF
AnnabelletheGhost,Joshua,1.9305949211120603,MF
Brad,MrsClaus,1.930596947669983,MF
Gus,Natalie,1.9305974245071411,MF
Aiden,Avery,1.9306272268295288,MF
River,Verna,1.93065881729126,MF
Benny,Margaret,1.9306927919387815,MF
Chester,Emma,1.9307667016983032,MF
Amber,Dylan,1.93083918094635,MF
Norah,Sean,1.9308520555496216,MF
Callan,SabrinatheWitch,1.930908799171448,MF
Logan,Rita,1.9311977624893188,MF
AnnabelletheGhost,Matthew,1.9312061071395872,MF
Henry,Viqqie,1.9314379692077637,MF
Frankenstein,ReporterCatalina,1.9314581155776975,MF
Damian,Vivien,1.9315019845962524,MF
Jennifer,Royce,1.931644082069397,MF
DollarJr,Lucille,1.9316755533218384,MF
Kanno,Sylvia,1.9317153692245483,MF
Justin,Millie,1.9317283630371096,MF
Elias,Tessa,1.93179452419281,MF
Matthew,Rita,1.9318351745605469,MF
Vivien,West,1.9319143295288088,MF
Graham,Margaret,1.931920051574707,MF
Furnando,Verna,1.9320363998413088,MF
Glenda,Hugh,1.9321759939193728,MF
Charlotte,JackoLantern,1.9323148727416992,MF
Agatha,Kanno,1.9323254823684692,MF
Brad,Doughnut,1.9323347806930544,MF
Victoria,West,1.932454228401184,MF
Chester,Patricia,1.932481288909912,MF
Jack,SabrinatheWitch,1.9325555562973025,MF
Angela,West,1.9326175451278689,MF
Audrey,Xavier,1.9327138662338257,MF
CaptainBill,MrsClaus,1.9327412843704224,MF
Echo,Jimmy,1.9328633546829224,MF
George,Nia,1.9332355260849,MF
Angela,DollarJr,1.9333866834640503,MF
SabrinatheWitch,Sindarin,1.9334105253219604,MF
Grace,Kanno,1.9334406852722168,MF
Brad,Caitlyn,1.933464527130127,MF
Echo,Simon,1.933470606803894,MF
Agatha,Lloyd,1.9335094690322876,MF
JackoLantern,Kelly,1.933613657951355,MF
Hans,Rachel,1.9336878061294556,MF
Angela,Damian,1.933846354484558,MF
Helena,Xavier,1.933893084526062,MF
Joshua,Lucille,1.9339426755905151,MF
Caleb,Verna,1.934203505516052,MF
David,Verna,1.9342530965805056,MF
Neel,Verna,1.934307098388672,MF
Angela,Sindarin,1.9343222379684448,MF
Ben,Doughnut,1.934431552886963,MF
Neoguard,Sylvia,1.9345377683639529,MF
Verna,Walter,1.9345918893814087,MF
Camila,Sindarin,1.9346356391906736,MF
Ben,Lydia,1.9346548318862915,MF
Athena,Dan,1.9349507093429563,MF
Dan,Kelly,1.935019612312317,MF
Hailey,JackoLantern,1.9351884126663208,MF
River,Tessa,1.9352335929870603,MF
David,SabrinatheWitch,1.9352375268936155,MF
Chase,Victoria,1.9353365898132324,MF
Furnando,Shana,1.93537175655365,MF
Lydia,Oscar,1.935452580451965,MF
Caitlyn,Carlos,1.9354711771011353,MF
Amber,Kanno,1.9354783296585083,MF
Neoguard,Olivia,1.935618877410889,MF
Caitlyn,Noa,1.935810685157776,MF
Eman,Rebecca,1.935836911201477,MF
Aaron,Margaret,1.9358510971069336,MF
AnnabelletheGhost,Slushy,1.9358643293380735,MF
Claire,Dan,1.935970664024353,MF
Benny,Jodie,1.9360051155090332,MF
Damian,SabrinatheWitch,1.9360098838806152,MF
Margaret,PN,1.936059832572937,MF
George,Olivia,1.936080813407898,MF
Athena,Dean,1.93608295917511,MF
DollarJr,Glenda,1.9361248016357424,MF
Aiden,MrsClaus,1.9361759424209597,MF
Riley,Xavier,1.9363360404968264,MF
Frankenstein,Natalie,1.9363369941711424,MF
Agatha,David,1.9363714456558228,MF
Icarus,Nana,1.9363855123519895,MF
Riley,Wade,1.9364012479782104,MF
David,ReporterCatalina,1.9364558458328247,MF
David,Natalie,1.9364910125732424,MF
Chase,Rita,1.936498999595642,MF
Agatha,Dan,1.936500906944275,MF
Catherine,Xavier,1.936606526374817,MF
Caitlyn,Xavier,1.9366594552993777,MF
Patricia,Ryan,1.9366908073425293,MF
Bell,Carlos,1.936695575714111,MF
Aaron,Carol,1.9367402791976929,MF
Chester,Sara,1.936842441558838,MF
Joshua,Mia,1.9368630647659304,MF
Chloe,Sindarin,1.936894774436951,MF
Carl,Glenda,1.9371308088302612,MF
Benny,Rachel,1.9371315240859983,MF
Jenna,Ryan,1.937163472175598,MF
Camila,Liam,1.9371767044067385,MF
Aaron,Charlotte,1.9372068643569944,MF
Janet,Wade,1.9372440576553345,MF
Chloe,Xavier,1.937272071838379,MF
Claire,Liam,1.937273025512695,MF
Larry,Skylar,1.937287211418152,MF
Justin,Sylvia,1.9374116659164429,MF
Nia,PN,1.937412142753601,MF
Jenna,Logan,1.9374237060546875,MF
Abigail,Justin,1.937484860420227,MF
Joshua,Starling,1.9375704526901243,MF
Cyrus,Victoria,1.937593460083008,MF
Athena,Joshua,1.9376527070999143,MF
Cyrus,SabrinatheWitch,1.9378209114074707,MF
Norah,Wade,1.937874436378479,MF
Valerie,Wade,1.9379339218139648,MF
NewscasterJohn,Oliver,1.9379969835281372,MF
Sean,Tessa,1.9380760192871096,MF
Ryan,Sophia,1.9380916357040403,MF
Camila,Graham,1.9381557703018188,MF
Doughnut,Landon,1.9381723403930664,MF
Agatha,PN,1.938194274902344,MF
Dean,Sara,1.9381998777389529,MF
Brad,Rita,1.93820059299469,MF
Brad,Jenna,1.938310980796814,MF
Santa,Tessa,1.9383140802383425,MF
Chad,Viqqie,1.9383383989334104,MF
Justin,Margaret,1.9383440017700195,MF
Helena,Nathan,1.9384328126907349,MF
Ravi,Tessa,1.9385610818862915,MF
Edward,Norah,1.9386004209518433,MF
Bell,Ryan,1.9386030435562136,MF
AnnabelletheGhost,Liam,1.9386343955993652,MF
SabrinatheWitch,West,1.9387081861495972,MF
Jack,Tessa,1.9387407302856443,MF
Larry,Valerie,1.93878972530365,MF
Matthew,Starling,1.938829779624939,MF
Agatha,Brad,1.938857913017273,MF
Jimmy,Sophia,1.938998103141785,MF
Abigail,Neel,1.9390230178833008,MF
Graham,Vivien,1.939073920249939,MF
Graham,Jodie,1.9390791654586792,MF
Henry,Nova,1.9392353296279907,MF
Carol,Neoguard,1.9392584562301636,MF
Aiden,Charlotte,1.9393893480300903,MF
PN,Verna,1.9394060373306272,MF
Jodie,Neoguard,1.9394868612289429,MF
Sindarin,Victoria,1.9394880533218384,MF
Buddy,Shana,1.939547061920166,MF
Graham,Rachel,1.939872145652771,MF
Maisie,Nathan,1.9399036169052124,MF
ReporterCatalina,Rex,1.9399272203445437,MF
Harper,Ryan,1.9400954246520996,MF
Simon,Zoey,1.940118432044983,MF
Dan,Jenna,1.9401817321777344,MF
Neel,Sylvia,1.9402337074279783,MF
Carlos,Liz,1.9402413368225095,MF
Aiden,Tessa,1.9403948783874512,MF
Ben,Nia,1.940423846244812,MF
April,Simon,1.9404792785644531,MF
Mia,Simon,1.9404932260513303,MF
Hans,ReporterCatalina,1.940561294555664,MF
Harper,Walter,1.9406242370605469,MF
DollarJr,Lydia,1.940682053565979,MF
Agatha,Justin,1.940711498260498,MF
Helena,Slushy,1.9407159090042112,MF
Robert,Sylvia,1.940837025642395,MF
Chad,Olivia,1.9408470392227173,MF
Angela,Ben,1.940952181816101,MF
Echo,Slushy,1.941023349761963,MF
Chloe,Walter,1.9411405324935913,MF
Jimmy,Zoey,1.941214084625244,MF
Carlos,Nia,1.9412325620651243,MF
Jack,Nana,1.9412813186645508,MF
Avery,Oscar,1.9412938356399536,MF
Furnando,Grace,1.941456317901611,MF
Angela,Xavier,1.9415427446365356,MF
Grace,Noa,1.9415446519851685,MF
Oliver,Rex,1.941555380821228,MF
Margaret,Sean,1.9415674209594729,MF
Liam,Nova,1.9416874647140503,MF
Dan,Kristen,1.94171941280365,MF
Annie,Sindarin,1.9417924880981443,MF
Rachel,Rudolph,1.9417957067489624,MF
Chase,Nia,1.9418116807937624,MF
Jodie,KlipKim,1.9418220520019531,MF
Chad,Lucille,1.9419320821762085,MF
Damian,Nana,1.9420572519302368,MF
Kelsey,Royce,1.9420675039291384,MF
Audrey,Tim,1.942072868347168,MF
Rebecca,Simon,1.9421449899673464,MF
Margaret,River,1.9422682523727417,MF
Aaron,Tessa,1.9423004388809204,MF
Claire,Sean,1.942355751991272,MF
Tim,Vivien,1.942375659942627,MF
Grace,KlipKim,1.9423869848251345,MF
Noa,Viqqie,1.9423953294754028,MF
Chloe,DollarJr,1.9424487352371216,MF
Matthew,SabrinatheWitch,1.9424853324890137,MF
Agatha,Ryan,1.9425910711288452,MF
Amber,Tim,1.942604899406433,MF
Carlos,Lindsay,1.9426188468933103,MF
Agatha,Damian,1.9426840543746948,MF
Carlos,Nova,1.9427566528320312,MF
Nia,Rex,1.9427886009216309,MF
Carol,River,1.9428244829177856,MF
Keybo,Verna,1.9428983926773071,MF
Agatha,Noa,1.9429668188095093,MF
Carol,Eman,1.9430056810379028,MF
Agatha,Philip,1.9430121183395384,MF
Justin,Lydia,1.943029761314392,MF
Athena,Larry,1.9430441856384275,MF
Harper,Kevin,1.9431500434875488,MF
Larry,Patricia,1.9432491064071655,MF
Joshua,Zoey,1.9432681798934937,MF
Tim,Verna,1.943273425102234,MF
Dean,Maisie,1.9433773756027224,MF
Dylan,Kristen,1.9434828758239744,MF
Kelsey,Philip,1.9435852766036987,MF
Avery,Dean,1.9436589479446411,MF
Brad,Viqqie,1.94365918636322,MF
Lloyd,Shana,1.943710207939148,MF
River,Valerie,1.9437464475631712,MF
DollarJr,Doughnut,1.9438575506210327,MF
Graham,Lydia,1.943923592567444,MF
Bell,Chester,1.9439363479614256,MF
Patricia,Wade,1.943938136100769,MF
ReporterCatalina,River,1.9440230131149292,MF
Sindarin,Skylar,1.944136142730713,MF
Helena,Noa,1.9443097114562988,MF
Doughnut,Nathan,1.9443718194961548,MF
Furnando,Vivien,1.9444174766540527,MF
George,Oliver,1.9447312355041504,MF
DollarJr,Victoria,1.9447613954544067,MF
Caitlyn,DollarJr,1.9447687864303589,MF
Neel,Viqqie,1.9447885751724243,MF
Olivia,Ravi,1.944796085357666,MF
Lucille,Wade,1.9448328018188477,MF
Royce,Tessa,1.9448455572128296,MF
George,Jennifer,1.944849133491516,MF
Agatha,Sindarin,1.9449056386947632,MF
Carol,KlipKim,1.944966197013855,MF
Patricia,Xavier,1.9449915885925293,MF
Audrey,Neoguard,1.9450082778930664,MF
Catherine,Dean,1.9450594186782837,MF
Sylvia,Vincent,1.9451099634170532,MF
Abigail,CaptainBill,1.945478081703186,MF
Rebecca,Wade,1.9455169439315796,MF
Dean,Helena,1.9458028078079224,MF
Tessa,Xavier,1.945828914642334,MF
Ravi,Viqqie,1.94622004032135,MF
Nia,Peter,1.946292519569397,MF
Katie,Matthew,1.9463891983032229,MF
Nia,Xavier,1.9464106559753416,MF
Justin,Liz,1.946424961090088,MF
Aiden,Kelly,1.9464353322982788,MF
Joshua,Rita,1.946447253227234,MF
Amber,DollarJr,1.9464569091796875,MF
AnnabelletheGhost,Wade,1.946511149406433,MF
MrsClaus,West,1.946540355682373,MF
Chase,Kelsey,1.9466880559921265,MF
Aiden,Margot,1.94669246673584,MF
Hugh,Kelsey,1.9467371702194216,MF
Kanno,Margot,1.9468530416488647,MF
Abigail,Sindarin,1.9468752145767212,MF
Callan,Carol,1.946879744529724,MF
MrsClaus,Royce,1.9468976259231567,MF
Chester,Maddie,1.946932911872864,MF
JackoLantern,Millie,1.947026252746582,MF
MrsClaus,Walter,1.9470666646957395,MF
Elias,Jennifer,1.9471168518066408,MF
Camila,Neoguard,1.9471505880355835,MF
KlipKim,Sylvia,1.947182059288025,MF
Margot,Owen,1.9472154378890991,MF
Brad,Emma,1.947224736213684,MF
Olivia,Simon,1.947248458862305,MF
Oliver,Robert,1.9473952054977417,MF
Brad,Rebecca,1.9474234580993652,MF
Dean,Stephanie,1.9475064277648928,MF
Bell,Brad,1.9475353956222536,MF
Tessa,Tim,1.9475923776626587,MF
AnnabelletheGhost,Kevin,1.9476432800292969,MF
Bell,JackoLantern,1.9476948976516724,MF
Liam,Nia,1.9477452039718628,MF
Dan,Lucille,1.947747826576233,MF
Abigail,Ravi,1.9477519989013672,MF
Edward,Margaret,1.9478522539138792,MF
Agatha,Sean,1.9479589462280271,MF
Philip,Tessa,1.947989821434021,MF
Samantha,Walter,1.9480876922607424,MF
Dean,Vanessa,1.9483011960983276,MF
Glenda,KlipKim,1.9483963251113892,MF
Abigail,Jack,1.9484621286392212,MF
Claire,George,1.9485255479812624,MF
Elias,Verna,1.9485359191894531,MF
Kelsey,Simon,1.9485582113265991,MF
Jackson,Shana,1.948703646659851,MF
Dylan,Starling,1.948717474937439,MF
Tessa,Vincent,1.9487239122390747,MF
Olivia,Walter,1.9488612413406372,MF
Callan,Jodie,1.9489179849624632,MF
Aaron,Caitlyn,1.9490810632705688,MF
Amber,Ben,1.949126362800598,MF
Grace,Tim,1.949154496192932,MF
Brad,Victoria,1.9491620063781736,MF
Margot,Xavier,1.949197769165039,MF
Lindsay,Oscar,1.9493316411972048,MF
Henry,Tessa,1.9494065046310425,MF
Camila,Eman,1.9494255781173704,MF
Amber,Edward,1.949443817138672,MF
Callan,Victoria,1.9494463205337524,MF
Caitlyn,Jake,1.9495853185653689,MF
Carlos,Charlotte,1.9496110677719116,MF
Buddy,Glenda,1.9496351480484009,MF
Chloe,Dan,1.9497729539871216,MF
Carol,Tim,1.9499439001083376,MF
Bruce,Shana,1.949955463409424,MF
Nathan,Samantha,1.950056552886963,MF
Larry,Vanessa,1.9500573873519895,MF
Margot,Royce,1.9500795602798464,MF
Icarus,SabrinatheWitch,1.950152277946472,MF
Echo,Xavier,1.950248122215271,MF
Amber,Chad,1.9502805471420288,MF
Kevin,Liz,1.9503637552261353,MF
April,Joshua,1.9504295587539673,MF
Agatha,Jake,1.9504523277282717,MF
Annie,Edward,1.9505385160446167,MF
ReporterCatalina,Santa,1.950543999671936,MF
Jack,Natalie,1.9505605697631836,MF
Ben,Kelsey,1.950567364692688,MF
Audrey,Sean,1.9505882263183592,MF
Tessa,Tyson,1.9507542848587036,MF
Oscar,Verna,1.9508429765701296,MF
Cole,Nova,1.950863003730774,MF
Camila,Logan,1.9508899450302124,MF
Caleb,Claire,1.9509596824645996,MF
Caitlyn,Larry,1.9511078596115112,MF
Chloe,KlipKim,1.951188564300537,MF
Matthew,Millie,1.951295018196106,MF
JackoLantern,Paige,1.9513479471206665,MF
Jack,Oliver,1.951363444328308,MF
Graham,Liz,1.9514096975326536,MF
Cole,Norah,1.9514237642288208,MF
Hugh,Jennifer,1.9514516592025757,MF
Dylan,Harper,1.9514755010604856,MF
Hans,SabrinatheWitch,1.9516059160232544,MF
Ben,Jodie,1.951682209968567,MF
Damian,Margaret,1.9517256021499632,MF
Agatha,KlipKim,1.9517375230789185,MF
Kelsey,Ron,1.9517812728881836,MF
Carol,Sindarin,1.9517897367477417,MF
Carol,Ron,1.9519532918930056,MF
Furnando,MrsClaus,1.9519942998886108,MF
Furnando,Sylvia,1.95210063457489,MF
Amber,Chase,1.952248692512512,MF
Gus,Viqqie,1.9523624181747437,MF
Avery,Simon,1.9523696899414065,MF
Jodie,PN,1.952373504638672,MF
Kelly,River,1.9523862600326536,MF
Carlos,Millie,1.9525457620620728,MF
Carol,Sean,1.9525898694992063,MF
Camila,Larry,1.9525976181030271,MF
Catherine,Oscar,1.9527875185012815,MF
Claire,Edward,1.9528652429580688,MF
Doughnut,Noa,1.9530779123306272,MF
Aiden,Vivien,1.9530850648880005,MF
Kelly,Kevin,1.953121542930603,MF
Gus,Jennifer,1.953123688697815,MF
Matthew,Olivia,1.9531916379928589,MF
Gus,Margot,1.9531927108764648,MF
AnnabelletheGhost,Cole,1.9532407522201536,MF
Ben,Verna,1.9534991979599,MF
Nathan,Sara,1.9535737037658691,MF
Robert,Vivien,1.95362389087677,MF
April,Carlos,1.953921675682068,MF
Justin,Tina,1.9539276361465456,MF
Neoguard,Victoria,1.953932285308838,MF
Abigail,Royce,1.9539858102798464,MF
Natalie,West,1.9540053606033323,MF
Neel,Shana,1.9540425539016724,MF
Harper,Sindarin,1.954058051109314,MF
CaptainBill,Lydia,1.9540618658065796,MF
Viqqie,Walter,1.954097270965576,MF
Mia,Rudolph,1.9542170763015747,MF
Rex,SabrinatheWitch,1.9542359113693235,MF
Royce,Sylvia,1.95424222946167,MF
Jodie,Kanno,1.9543136358261108,MF
JackoLantern,Tina,1.9543142318725584,MF
Joshua,Viqqie,1.954360842704773,MF
Frankenstein,Oliver,1.9544668197631836,MF
Kelly,Tim,1.9546284675598145,MF
Shana,Tyson,1.954792857170105,MF
Nia,Oscar,1.9548474550247192,MF
Hans,Natalie,1.9550260305404663,MF
Claire,Wade,1.9550398588180544,MF
Liz,Neoguard,1.9550920724868777,MF
Landon,Tessa,1.9551421403884888,MF
Duke,Vivien,1.9551509618759155,MF
ReporterCatalina,Rusty,1.955271601676941,MF
Chase,Margaret,1.9554322957992551,MF
Audrey,Chase,1.9554643630981443,MF
CaptainBill,Nana,1.9554781913757324,MF
Brad,Stephanie,1.9554985761642456,MF
Aiden,Amber,1.9555139541625977,MF
DollarJr,Jenna,1.955570101737976,MF
Glenda,West,1.9556918144226072,MF
Dylan,Mia,1.9557517766952517,MF
CaptainBill,Olivia,1.9557944536209104,MF
Caitlyn,Edward,1.9558032751083376,MF
KlipKim,Olivia,1.955811619758606,MF
Landon,Valerie,1.955814838409424,MF
Benny,Nana,1.95598566532135,MF
Oscar,Sylvia,1.9559911489486697,MF
Kevin,Lucille,1.9559932947158811,MF
AnnabelletheGhost,Ryan,1.9560009241104128,MF
Cole,Rebecca,1.9560173749923704,MF
Jennifer,Tim,1.9560221433639529,MF
Dean,Tina,1.9560428857803345,MF
Riley,Royce,1.9560614824295044,MF
Dan,Stephanie,1.956067442893982,MF
George,Lydia,1.9561065435409544,MF
Chase,MrsClaus,1.956112504005432,MF
Cole,Mia,1.9561209678649905,MF
Slushy,Zoey,1.9561344385147097,MF
PN,Victoria,1.9562443494796753,MF
Kelly,Neel,1.9562820196151731,MF
Cole,Vivien,1.956303119659424,MF
Sean,Vivien,1.9563287496566772,MF
Jeff,MrsClaus,1.9563484191894531,MF
Agatha,Tim,1.956494927406311,MF
Jeff,SabrinatheWitch,1.9565072059631348,MF
Caitlyn,Sean,1.956525444984436,MF
Kevin,Vivien,1.956528663635254,MF
KlipKim,Lydia,1.9566534757614136,MF
Charlotte,George,1.956668257713318,MF
Catherine,DollarJr,1.9567033052444456,MF
Audrey,Graham,1.956787705421448,MF
Jack,Margaret,1.956882119178772,MF
Henry,Victoria,1.956908106803894,MF
Callan,Shana,1.9569236040115356,MF
Dean,Millie,1.9569624662399292,MF
Abigail,Sean,1.9569681882858276,MF
River,Victoria,1.956976294517517,MF
Edward,Jennifer,1.957068920135498,MF
Ben,Viqqie,1.9571048021316528,MF
Agatha,Carlos,1.9571579694747925,MF
Keybo,Margaret,1.957172393798828,MF
Jennifer,Slushy,1.9572595357894895,MF
Callan,Rachel,1.9573760032653809,MF
Chad,Charlotte,1.9575155973434448,MF
Edward,Tina,1.957523226737976,MF
Amber,Rex,1.9576791524887085,MF
Furnando,Tina,1.9578582048416135,MF
Hugh,Lucille,1.9579224586486816,MF
Agatha,Chester,1.9579509496688845,MF
Liam,Margaret,1.9579914808273315,MF
AnnabelletheGhost,Noa,1.958029627799988,MF
George,Margot,1.958128809928894,MF
Aaron,Margot,1.9582096338272097,MF
Slushy,Victoria,1.9582475423812864,MF
Damian,Sylvia,1.958288073539734,MF
Peter,Shana,1.958293080329895,MF
Dean,Katie,1.9583524465560913,MF
KlipKim,Victoria,1.9584898948669431,MF
Harper,Matthew,1.9584914445877075,MF
Claire,Joshua,1.958630084991455,MF
Oliver,Santa,1.958707332611084,MF
Chad,MrsClaus,1.9587284326553345,MF
Lydia,Neoguard,1.9587539434432983,MF
Echo,Larry,1.958754539489746,MF
Charlotte,DollarJr,1.9587644338607788,MF
Angela,Dylan,1.9588398933410645,MF
Kelsey,Liam,1.9589157104492188,MF
CaptainBill,Vivien,1.9589186906814575,MF
Janet,Logan,1.959014058113098,MF
Margaret,Ravi,1.9591256380081177,MF
Liam,Sara,1.9591618776321411,MF
Graham,Margot,1.9592198133468628,MF
Camila,Tyson,1.9592283964157104,MF
Aiden,Rita,1.9592407941818235,MF
Hugh,SabrinatheWitch,1.959293246269226,MF
Claire,KlipKim,1.9593056440353391,MF
Claire,Cole,1.959372878074646,MF
CaptainBill,SabrinatheWitch,1.959457516670227,MF
Frankenstein,Rachel,1.959610939025879,MF
AnnabelletheGhost,Logan,1.959683895111084,MF
Grace,Nathan,1.9598430395126345,MF
Athena,JackoLantern,1.9599071741104128,MF
Eman,Harper,1.959951877593994,MF
Jimmy,Nana,1.9601889848709104,MF
Harper,Jack,1.9602837562561035,MF
Elias,Margaret,1.9603052139282229,MF
Camila,NewscasterJohn,1.960310459136963,MF
Matthew,Rebecca,1.960349917411804,MF
Buddy,Kelsey,1.9604283571243288,MF
Chester,Lindsay,1.96045982837677,MF
Cole,Starling,1.9606170654296875,MF
Doug,Victoria,1.9606537818908691,MF
Elias,Nana,1.9606752395629885,MF
Camila,Chad,1.9607843160629272,MF
Cyrus,Olivia,1.9607847929000857,MF
Jake,Vivien,1.96082067489624,MF
Mia,Sean,1.96082866191864,MF
George,Liz,1.960875153541565,MF
Amber,Justin,1.9608904123306272,MF
Kelsey,Walter,1.9609047174453735,MF
Angela,Simon,1.9610990285873413,MF
Dylan,Riley,1.9611048698425293,MF
Elias,Kelly,1.96113383769989,MF
Rudolph,Victoria,1.961159110069275,MF
Charlotte,Ron,1.9611711502075195,MF
Ryan,Starling,1.9612222909927368,MF
Jenna,Oscar,1.9612654447555544,MF
Jackson,Natalie,1.9612746238708496,MF
ReporterCatalina,Tyson,1.9613109827041624,MF
Mia,Noa,1.9613137245178225,MF
Edward,Vanessa,1.961341381072998,MF
Amber,Caleb,1.9613806009292605,MF
Abigail,David,1.961432933807373,MF
Avery,Kevin,1.9614653587341309,MF
Chase,Starling,1.9614795446395872,MF
Ben,Stephanie,1.961525559425354,MF
Nana,Sindarin,1.961552619934082,MF
Amber,Cyrus,1.9616066217422483,MF
Graham,Stephanie,1.961692690849304,MF
Kristen,Larry,1.9617128372192385,MF
DollarJr,Starling,1.9617242813110352,MF
Audrey,CaptainBill,1.961755633354187,MF
Edward,Margot,1.9617985486984253,MF
Carlos,Rita,1.9618258476257324,MF
Claire,Justin,1.961864352226257,MF
Vincent,Zoey,1.961887001991272,MF
Carol,Graham,1.9619096517562864,MF
Katie,Logan,1.961927890777588,MF
Chester,Maisie,1.961993098258972,MF
Angela,PN,1.9620007276535032,MF
Michael,Norah,1.9620007276535032,MF
Chase,Claire,1.9620295763015747,MF
Caleb,Viqqie,1.9620418548583984,MF
Chester,Rita,1.9621089696884155,MF
Camila,Philip,1.9622198343276975,MF
Michael,Tessa,1.9622622728347776,MF
Owen,Shana,1.9623017311096191,MF
Chester,Millie,1.9624847173690796,MF
April,Eman,1.962504267692566,MF
Eman,Emma,1.9625214338302612,MF
Cole,Riley,1.9625476598739624,MF
Rachel,SantaClaus,1.9625602960586548,MF
Aiden,Victoria,1.962692141532898,MF
Nia,Sean,1.96273672580719,MF
Edward,Skylar,1.9627760648727417,MF
Caleb,Natalie,1.9627772569656372,MF
Olivia,West,1.9627808332443235,MF
Kanno,Verna,1.962796211242676,MF
Gus,SabrinatheWitch,1.9628015756607056,MF
Caitlyn,Sindarin,1.962811589241028,MF
Echo,Joshua,1.962820529937744,MF
Claire,Oscar,1.962842583656311,MF
Agatha,Buddy,1.9628547430038452,MF
Dylan,Valerie,1.9628947973251345,MF
Chase,Nova,1.9628995656967163,MF
Carol,Jackson,1.962933659553528,MF
Chad,Glenda,1.963216781616211,MF
Aaron,April,1.963223934173584,MF
Jenna,Noa,1.9633293151855469,MF
Damian,Nova,1.9634419679641724,MF
Camila,Cole,1.9634708166122437,MF
Edward,Lydia,1.9635664224624632,MF
Abigail,Carl,1.9637846946716309,MF
Athena,Ryan,1.9639368057250977,MF
Jimmy,Tessa,1.9639607667922976,MF
Philip,Shana,1.964051365852356,MF
Lucille,Sindarin,1.9641880989074707,MF
Buddy,Tessa,1.9642043113708496,MF
MrsClaus,Slushy,1.9642053842544556,MF
Peter,Verna,1.9642351865768433,MF
Chloe,Cole,1.964297890663147,MF
CaptainBill,Grace,1.9643152952194216,MF
Jodie,Neel,1.9643669128417969,MF
Natalie,Ravi,1.9643992185592651,MF
Camila,Dan,1.964488506317139,MF
Camila,Walter,1.964759349822998,MF
Abigail,Noa,1.9647942781448364,MF
David,Viqqie,1.9647960662841797,MF
Bell,DollarJr,1.9649537801742551,MF
Logan,Skylar,1.9649754762649536,MF
Grace,PN,1.965071678161621,MF
Nathan,Patricia,1.9650906324386597,MF
Agatha,NewscasterJohn,1.965160250663757,MF
Gus,Norah,1.9653639793395996,MF
Carol,Furnando,1.9653927087783811,MF
Chloe,Justin,1.965417981147766,MF
Kanno,Lucille,1.965474009513855,MF
Nana,Rex,1.96563184261322,MF
Chad,Norah,1.9656623601913452,MF
David,Tessa,1.9657312631607056,MF
Natalie,Robert,1.9657663106918335,MF
Charlotte,Neel,1.9659420251846311,MF
Rita,Walter,1.96597683429718,MF
Carol,Neel,1.9660145044326784,MF
Liz,West,1.9661377668380735,MF
Abigail,Tim,1.966214179992676,MF
Avery,Matthew,1.966229796409607,MF
Abigail,Owen,1.966233730316162,MF
Carl,Claire,1.9662532806396484,MF
Doug,Jodie,1.9663032293319704,MF
Agatha,Jeff,1.9663066864013672,MF
MrsClaus,Sindarin,1.9664387702941897,MF
Rachel,UncleHank,1.9664483070373535,MF
Audrey,Henry,1.966485857963562,MF
Landon,Nia,1.9665478467941284,MF
Nana,Rudolph,1.9665905237197876,MF
Aiden,Rebecca,1.966620087623596,MF
Ben,Olivia,1.966671109199524,MF
Callan,Lucille,1.9666752815246584,MF
Kanno,Oliver,1.9667795896530151,MF
Oliver,River,1.966840147972107,MF
Margot,Oscar,1.9668914079666135,MF
Kanno,Nova,1.9669402837753296,MF
Avery,Chad,1.9671305418014529,MF
Graham,Oliver,1.9672389030456543,MF
JackoLantern,Valerie,1.9672869443893433,MF
Angela,Landon,1.9673656225204468,MF
Justin,Mia,1.967395901679993,MF
Ryan,Stephanie,1.967396259307861,MF
Ben,Vivien,1.9674516916275024,MF
Stephanie,Xavier,1.9676002264022827,MF
Rebecca,Walter,1.9677947759628296,MF
UncleHank,Victoria,1.9678722620010376,MF
Caleb,Sylvia,1.9679001569747925,MF
Eman,Grace,1.967977523803711,MF
Abigail,Oscar,1.968072533607483,MF
Charlotte,Furnando,1.968127727508545,MF
Camila,CaptainBill,1.9681464433670044,MF
Ben,Millie,1.9681634902954104,MF
CaptainBill,Claire,1.9681649208068848,MF
Philip,Vivien,1.968223571777344,MF
Eman,Maisie,1.9682296514511108,MF
Angela,Oscar,1.968244194984436,MF
Margaret,Slushy,1.9682793617248535,MF
Sean,Viqqie,1.9684263467788696,MF
Michael,Nana,1.9684568643569944,MF
Avery,Ravi,1.9684613943099976,MF
Chad,Chloe,1.968480944633484,MF
Chase,Liz,1.9685912132263184,MF
Jack,Olivia,1.968633055686951,MF
Grace,Larry,1.9686347246170044,MF
Liam,Vanessa,1.9686630964279177,MF
MrsClaus,Oscar,1.9687470197677612,MF
DollarJr,Harper,1.9687800407409668,MF
Catherine,Eman,1.968831181526184,MF
Camila,River,1.96888530254364,MF
Norah,Xavier,1.9689308404922483,MF
Dan,Vanessa,1.9690543413162231,MF
Aaron,Victoria,1.9691786766052248,MF
Kevin,MrsClaus,1.969213366508484,MF
Larry,Margot,1.969227313995361,MF
Emma,Matthew,1.9693379402160645,MF
Athena,Chester,1.9694957733154297,MF
Oliver,Peter,1.9695377349853516,MF
MrsClaus,PN,1.969579815864563,MF
AnnabelletheGhost,Walter,1.969621658325195,MF
Jenna,Justin,1.9696340560913088,MF
Harper,Slushy,1.9698377847671509,MF
Lloyd,SabrinatheWitch,1.9698476791381836,MF
Elias,Glenda,1.9699381589889529,MF
Carol,Edward,1.9699454307556152,MF
Lucille,Rex,1.9699827432632449,MF
KlipKim,Viqqie,1.9700673818588257,MF
Catherine,Wade,1.9700969457626345,MF
Kanno,Tessa,1.9701379537582395,MF
Ben,Rachel,1.9702585935592651,MF
Claire,Kevin,1.9703017473220823,MF
Neel,Norah,1.9703078269958496,MF
Catherine,Kevin,1.970359683036804,MF
Aaron,Kelsey,1.9704389572143557,MF
Caitlyn,Kevin,1.9704475402832031,MF
Noa,Norah,1.970474123954773,MF
Gus,Valerie,1.970478653907776,MF
Amber,Gus,1.9705114364624023,MF
Caleb,Glenda,1.9706374406814575,MF
Abigail,Henry,1.9707273244857788,MF
Glenda,Matthew,1.9707365036010744,MF
Aiden,Skylar,1.9707789421081543,MF
Rachel,Rusty,1.9707943201065063,MF
Kristen,Noa,1.9708040952682495,MF
Margaret,Vincent,1.9708210229873655,MF
Margaret,Ron,1.9708510637283323,MF
Avery,Cole,1.9708632230758667,MF
AnnabelletheGhost,Brad,1.9709471464157104,MF
Jackson,Tessa,1.9709542989730835,MF
Camila,Doug,1.971014618873596,MF
Nana,Ron,1.971142292022705,MF
Callan,Sylvia,1.971204161643982,MF
Olivia,River,1.9712928533554075,MF
Nathan,Vanessa,1.9712995290756223,MF
Henry,Nia,1.9713085889816284,MF
Kanno,SabrinatheWitch,1.9714032411575315,MF
April,Xavier,1.9714627265930176,MF
Audrey,Ravi,1.9714819192886353,MF
Carol,Doug,1.9716912508010864,MF
April,Royce,1.9717921018600464,MF
Chase,Vivien,1.971817135810852,MF
Damian,Margot,1.9718670845031736,MF
Ben,Nova,1.971956729888916,MF
Cole,Grace,1.9719901084899905,MF
Noa,Stephanie,1.9720159769058228,MF
Avery,Kanno,1.9720627069473269,MF
Avery,Landon,1.9720654487609863,MF
Aaron,Glenda,1.9720689058303833,MF
Avery,Dylan,1.972087264060974,MF
Glenda,Tim,1.97220242023468,MF
Ben,Sylvia,1.97221577167511,MF
Chloe,Matthew,1.9722660779953003,MF
Helena,Wade,1.9723583459854128,MF
Olivia,Ron,1.9724315404891968,MF
Dan,Starling,1.9724516868591309,MF
Camila,Kevin,1.9724847078323364,MF
Jackson,Viqqie,1.9725728034973145,MF
April,Kevin,1.9726041555404663,MF
JackoLantern,Lindsay,1.9726309776306152,MF
Doughnut,Kanno,1.9727064371109009,MF
Cole,Stephanie,1.972707748413086,MF
Landon,Zoey,1.9728516340255735,MF
Larry,Riley,1.972877025604248,MF
Justin,Norah,1.9728994369506836,MF
Joshua,Katie,1.9729958772659304,MF
Keybo,Rachel,1.9730316400527952,MF
AnnabelletheGhost,Ben,1.9730411767959597,MF
George,Margaret,1.9730478525161743,MF
Frankenstein,Jennifer,1.9731966257095337,MF
Cole,Doughnut,1.9733072519302368,MF
Bruce,Verna,1.9733253717422483,MF
Furnando,Lydia,1.973354697227478,MF
Cole,Lucille,1.9733847379684448,MF
Justin,MrsClaus,1.973420023918152,MF
Elias,Grace,1.9734700918197632,MF
Nova,Royce,1.9735164642333984,MF
Amber,Matthew,1.973603367805481,MF
Echo,Kevin,1.9736517667770384,MF
Millie,Nathan,1.97376012802124,MF
Jackson,Jennifer,1.9737921953201296,MF
Jodie,Sean,1.9738134145736697,MF
Furnando,Norah,1.9738694429397583,MF
Chloe,Furnando,1.973901391029358,MF
MrsClaus,Neel,1.9739025831222536,MF
Eman,Samantha,1.9739052057266235,MF
Doug,Sara,1.9739056825637815,MF
Brad,Grace,1.9739203453063965,MF
Jimmy,SabrinatheWitch,1.9739264249801636,MF
Verna,West,1.973954677581787,MF
Henry,Skylar,1.9739664793014529,MF
Nova,Rex,1.9739670753479004,MF
Logan,Samantha,1.9739881753921509,MF
Abigail,Chase,1.9740737676620483,MF
Buddy,Caitlyn,1.9742587804794312,MF
Jackson,SabrinatheWitch,1.97432804107666,MF
Elias,Kelsey,1.9743748903274536,MF
Kanno,Viqqie,1.97443687915802,MF
Glenda,Oscar,1.9746073484420776,MF
Brad,Margot,1.974850058555603,MF
Cole,Skylar,1.9748820066452024,MF
Owen,Vivien,1.9749482870101929,MF
Mia,Xavier,1.9750065803527832,MF
Catherine,Logan,1.975012183189392,MF
Cole,Rita,1.9750653505325315,MF
Ben,Margaret,1.975088596343994,MF
Benny,Natalie,1.9751323461532593,MF
Charlotte,Eman,1.975158214569092,MF
Benny,Riley,1.9751850366592407,MF
Agatha,Royce,1.975255846977234,MF
Logan,Vivien,1.975291728973389,MF
Hans,Starling,1.9753241539001465,MF
Angela,Owen,1.9753355979919431,MF
Eman,MrsClaus,1.97535240650177,MF
Jodie,Ravi,1.9753755331039429,MF
Elias,Viqqie,1.975417733192444,MF
Doug,Viqqie,1.9754457473754885,MF
Oliver,Tyson,1.9754687547683716,MF
Matthew,Vanessa,1.9754823446273804,MF
Carol,Hans,1.9755042791366575,MF
Oscar,Viqqie,1.9757546186447144,MF
Caleb,Margaret,1.975830078125,MF
Liam,Sylvia,1.9759427309036257,MF
Brad,Helena,1.9760375022888184,MF
Millie,Neoguard,1.9760617017745972,MF
Abigail,Graham,1.9761170148849487,MF
Jack,Jodie,1.97623348236084,MF
Joshua,Patricia,1.9762483835220337,MF
Furnando,Mia,1.9763015508651731,MF
Charlotte,Oscar,1.976313591003418,MF
Avery,Noa,1.9763431549072263,MF
Charlotte,Slushy,1.9763879776000977,MF
April,Landon,1.976428508758545,MF
Helena,JackoLantern,1.976441979408264,MF
Carl,Margaret,1.9764784574508667,MF
Jeff,Viqqie,1.9765084981918335,MF
Harper,Liam,1.976548671722412,MF
Henry,Margaret,1.9766311645507812,MF
Carlos,Skylar,1.9766364097595217,MF
Graham,Kelsey,1.9766465425491333,MF
Jenna,Keybo,1.9767260551452637,MF
Chase,Skylar,1.976727604866028,MF
Emma,Larry,1.9767831563949585,MF
Catherine,Landon,1.976868987083435,MF
Chloe,Cyrus,1.9769912958145144,MF
Katie,Slushy,1.9770574569702148,MF
Bruce,Glenda,1.9772132635116575,MF
Brad,Mia,1.9772533178329468,MF
Chad,Valerie,1.9773335456848145,MF
Olivia,Robert,1.977554440498352,MF
Brad,Tina,1.977585792541504,MF
Nana,PN,1.9776825904846191,MF
Rudolph,Zoey,1.977709412574768,MF
Dean,Paige,1.97771155834198,MF
Carl,Nova,1.9777475595474243,MF
Glenda,Graham,1.977767825126648,MF
Jake,Sylvia,1.9778624773025513,MF
Caleb,Jodie,1.9778646230697632,MF
Kanno,Liz,1.9778956174850464,MF
Katie,Oscar,1.9778999090194704,MF
Olivia,Rex,1.977933406829834,MF
Slushy,Starling,1.9779435396194456,MF
Chase,Olivia,1.9779824018478391,MF
NewscasterJohn,Tessa,1.9780689477920532,MF
Jeff,Jennifer,1.9780722856521609,MF
Angela,Gus,1.978105068206787,MF
Echo,Walter,1.9781274795532229,MF
Aiden,Athena,1.9781922101974487,MF
Rachel,Rex,1.9782027006149292,MF
Sylvia,West,1.978238224983215,MF
Chester,Katie,1.978259563446045,MF
Carol,PN,1.978271484375,MF
Dan,Doughnut,1.9783339500427248,MF
Buddy,Verna,1.978345274925232,MF
Jenna,Kanno,1.9783796072006223,MF
Millie,Xavier,1.9783926010131836,MF
Liz,Sindarin,1.9783962965011597,MF
Amber,George,1.978414535522461,MF
Jodie,Owen,1.9784220457077024,MF
Jackson,Kelsey,1.978432059288025,MF
Margot,Sindarin,1.9784458875656128,MF
Lydia,Vincent,1.9784626960754397,MF
David,Sylvia,1.978477954864502,MF
Camila,Keybo,1.9785655736923216,MF
AnnabelletheGhost,Jack,1.9785689115524292,MF
Amber,Kevin,1.9785767793655396,MF
Jennifer,KilliantheVampire,1.978579044342041,MF
Eman,Jenna,1.9786983728408811,MF
Dan,Janet,1.9787007570266724,MF
Vanessa,Xavier,1.978719711303711,MF
Jimmy,Paige,1.978843331336975,MF
Nia,Wade,1.978859305381775,MF
Catherine,Larry,1.9788979291915896,MF
Chase,Lydia,1.978977084159851,MF
Kelsey,Oscar,1.9789972305297852,MF
Slushy,Stephanie,1.9790749549865725,MF
Amber,West,1.979167342185974,MF
Bruce,Sylvia,1.9791789054870603,MF
Oscar,Samantha,1.97919237613678,MF
Lucille,Ryan,1.9792970418930056,MF
Matthew,Samantha,1.9793829917907717,MF
Kristen,Landon,1.9793843030929563,MF
Bell,Nathan,1.979503154754639,MF
Lloyd,Lucille,1.9795125722885132,MF
Larry,Rebecca,1.9795466661453247,MF
Dylan,MrsClaus,1.979602336883545,MF
Henry,Jennifer,1.979605793952942,MF
Simon,Viqqie,1.9797614812850952,MF
Dylan,Margot,1.979767918586731,MF
Charlotte,Kevin,1.9799054861068728,MF
Charlotte,Graham,1.9799503087997437,MF
Dylan,Glenda,1.9800177812576296,MF
Lloyd,Sylvia,1.9801143407821655,MF
Matthew,Zoey,1.9802128076553345,MF
SabrinatheWitch,Vincent,1.9802379608154297,MF
Doughnut,Walter,1.9803595542907717,MF
Catherine,Doug,1.9804301261901855,MF
Kelsey,Sindarin,1.9804781675338743,MF
Annie,Chester,1.9805010557174685,MF
CaptainBill,Carol,1.980559468269348,MF
Aiden,Caitlyn,1.980565905570984,MF
Amber,River,1.98065721988678,MF
Jackson,Olivia,1.9806801080703735,MF
Kevin,Viqqie,1.980699896812439,MF
Doug,Vanessa,1.980711340904236,MF
Jennifer,PN,1.980770468711853,MF
Mark,Shana,1.9807772636413576,MF
Bell,Oscar,1.9808106422424316,MF
Audrey,Lloyd,1.9809173345565796,MF
David,Kelsey,1.980951189994812,MF
Lydia,Simon,1.9809828996658323,MF
Rita,Xavier,1.981003165245056,MF
Audrey,Ron,1.9810181856155396,MF
Bell,Ben,1.9810200929641724,MF
Buddy,Sylvia,1.981108546257019,MF
Avery,Rudolph,1.981146454811096,MF
Audrey,Jackson,1.9812368154525757,MF
Natalie,Vincent,1.9812374114990232,MF
Joshua,Margot,1.9812809228897097,MF
Shana,UncleHank,1.9812864065170288,MF
Camila,Xavier,1.9813765287399292,MF
Aaron,Sylvia,1.9814200401306152,MF
Margot,Neoguard,1.9814276695251465,MF
Aiden,Patricia,1.9814380407333376,MF
Abigail,River,1.9814807176589968,MF
Agatha,Jack,1.981595158576965,MF
Katie,Larry,1.9815961122512815,MF
Brad,Katie,1.9817713499069216,MF
Katie,Nathan,1.9819391965866089,MF
Carol,Hugh,1.9819732904434204,MF
Glenda,Robert,1.982030749320984,MF
Chloe,Logan,1.9820698499679563,MF
Carlos,Emma,1.9821453094482424,MF
CaptainBill,Sylvia,1.9822096824645996,MF
Chad,Liz,1.982255458831787,MF
Catherine,Liam,1.982265591621399,MF
Carol,Elias,1.982277035713196,MF
Charlotte,Cyrus,1.982288479804993,MF
Maisie,Matthew,1.9823182821273804,MF
Carol,Justin,1.9823945760726929,MF
Larry,Millie,1.982412815093994,MF
Dean,Jenna,1.9825223684310913,MF
Ben,Norah,1.9825235605239868,MF
Camila,KilliantheVampire,1.9825814962387085,MF
Audrey,Ben,1.9826141595840456,MF
Charlotte,Dylan,1.9827975034713743,MF
Caitlyn,Cole,1.9828314781188965,MF
Chloe,Neel,1.9828505516052248,MF
Joshua,Tina,1.9830236434936523,MF
Amber,Sindarin,1.9830816984176636,MF
Icarus,Jennifer,1.9831165075302124,MF
Angela,Elias,1.9832299947738647,MF
Doughnut,Neoguard,1.983293890953064,MF
River,Starling,1.983300805091858,MF
Camila,Joshua,1.9833046197891235,MF
Caitlyn,Michael,1.9833173751831057,MF
Robert,SabrinatheWitch,1.9834318161010744,MF
Jackson,Margaret,1.9834327697753904,MF
Agatha,Bruce,1.983433723449707,MF
Chad,Grace,1.9835108518600464,MF
Caitlyn,Ron,1.9835988283157349,MF
Jenna,Wade,1.9836336374282837,MF
Caleb,Mia,1.983657956123352,MF
Norah,Ravi,1.983670353889465,MF
ReporterCatalina,Rudolph,1.9838190078735352,MF
Kristen,Sindarin,1.9838199615478516,MF
Olivia,PN,1.9838504791259768,MF
Jackson,Victoria,1.983873963356018,MF
MrsClaus,Noa,1.9839696884155271,MF
Dan,Emma,1.9840258359909055,MF
Avery,Furnando,1.9842305183410645,MF
Harper,Kanno,1.9842504262924192,MF
Ben,Victoria,1.9843019247055056,MF
Sindarin,Viqqie,1.9843069314956665,MF
Brad,Lindsay,1.9844034910202024,MF
Catherine,David,1.9844142198562624,MF
Lindsay,Slushy,1.9844383001327517,MF
Abigail,Edward,1.984600067138672,MF
Echo,Noa,1.9846407175064087,MF
Lloyd,Natalie,1.9846739768981936,MF
DollarJr,Patricia,1.9846974611282349,MF
Justin,Nia,1.984858989715576,MF
Claire,Royce,1.9848753213882449,MF
David,Nana,1.9848893880844116,MF
Agatha,Kevin,1.9849530458450315,MF
JackoLantern,Rita,1.9850541353225708,MF
Aiden,Norah,1.9850589036941528,MF
Dean,Doughnut,1.9852056503295896,MF
Callan,Margot,1.9852370023727417,MF
Jennifer,NewscasterJohn,1.9852375984191897,MF
Harper,Simon,1.9852899312973025,MF
Jake,Nana,1.9853506088256836,MF
Camila,Dylan,1.9853595495224,MF
Jennifer,Philip,1.9854463338851929,MF
Caitlyn,Jimmy,1.985477328300476,MF
Audrey,River,1.9855095148086548,MF
Logan,Sophia,1.9855151176452637,MF
CaptainBill,Lucille,1.9855152368545532,MF
Helena,Oscar,1.985582947731018,MF
Audrey,West,1.9855976104736328,MF
Kelsey,Landon,1.985686421394348,MF
Abigail,Santa,1.9858318567276,MF
Kevin,Skylar,1.9858938455581665,MF
Angela,Kanno,1.9858986139297483,MF
Aaron,Riley,1.9859113693237305,MF
Kanno,Norah,1.986027717590332,MF
Tim,Victoria,1.9860559701919556,MF
Caitlyn,CaptainBill,1.9861615896224976,MF
Wade,Zoey,1.9861793518066408,MF
Ravi,Rebecca,1.9862065315246584,MF
Chase,Glenda,1.9862433671951296,MF
Natalie,River,1.9863158464431765,MF
Lydia,Sindarin,1.9863780736923216,MF
Audrey,Kanno,1.9864182472229004,MF
Ravi,Vivien,1.986514687538147,MF
Doughnut,Eman,1.986580729484558,MF
Sean,Skylar,1.9865821599960327,MF
Graham,Starling,1.9866324663162231,MF
Carlos,Katie,1.9866489171981812,MF
David,Victoria,1.986758828163147,MF
Edward,ReporterCatalina,1.9868091344833376,MF
Emma,Liam,1.9868355989456177,MF
Echo,Tim,1.986961841583252,MF
DollarJr,Lindsay,1.98702335357666,MF
Aiden,Claire,1.987093806266785,MF
Margaret,Owen,1.9872149229049685,MF
Helena,Matthew,1.9872173070907593,MF
Agatha,Gus,1.987221360206604,MF
Ben,Caitlyn,1.9872255325317385,MF
Buddy,Grace,1.987255573272705,MF
Glenda,River,1.987260699272156,MF
Jeff,Tessa,1.9872832298278809,MF
Callan,Charlotte,1.987348198890686,MF
Skylar,Vincent,1.9873504638671875,MF
Athena,Carlos,1.9873542785644531,MF
Amber,Eman,1.9873641729354856,MF
Justin,Starling,1.9873706102371216,MF
Brad,Patricia,1.987668514251709,MF
Chester,Glenda,1.9877433776855469,MF
Nana,Tyson,1.987778663635254,MF
Kelly,Lloyd,1.987820029258728,MF
Abigail,Furnando,1.9878214597702024,MF
Camila,Vincent,1.9878512620925903,MF
Jimmy,Lydia,1.9878520965576172,MF
Avery,Sindarin,1.987860083580017,MF
AnnabelletheGhost,Furnando,1.987886905670166,MF
Riley,Walter,1.9879502058029177,MF
Cyrus,Nova,1.987953186035156,MF
Furnando,Liz,1.988026738166809,MF
Lucille,Nathan,1.988045573234558,MF
MrsClaus,Neoguard,1.9881759881973269,MF
Chester,Janet,1.988176941871643,MF
Joshua,Sara,1.98819100856781,MF
Emma,Joshua,1.988301396369934,MF
Mia,Royce,1.9883135557174685,MF
Oliver,UncleHank,1.9883204698562624,MF
Agatha,Landon,1.9883713722229004,MF
Charlotte,Liam,1.9885282516479492,MF
Amber,CaptainBill,1.9887104034423828,MF
Agatha,Logan,1.9887501001358032,MF
Furnando,Nova,1.9887696504592896,MF
Ron,Vivien,1.988815665245056,MF
Lindsay,Sindarin,1.9888616800308228,MF
Eman,Zoey,1.9888631105422976,MF
Katie,Walter,1.9889556169509888,MF
Avery,Wade,1.988980174064636,MF
Glenda,Jackson,1.9890280961990356,MF
Caitlyn,Logan,1.989092469215393,MF
Avery,Caleb,1.989106297492981,MF
Noa,Zoey,1.98917293548584,MF
Dean,Emma,1.989190697669983,MF
Harper,Ron,1.9892603158950808,MF
Cole,Zoey,1.9892830848693848,MF
Chloe,Eman,1.9893088340759275,MF
Graham,Vanessa,1.9893336296081543,MF
Bell,Noa,1.9894261360168457,MF
Catherine,West,1.989468455314636,MF
Chad,Starling,1.989555835723877,MF
Eman,Vanessa,1.98955762386322,MF
Henry,Norah,1.9895615577697752,MF
Liam,Lydia,1.98963463306427,MF
Caleb,Vivien,1.989761471748352,MF
Margot,Walter,1.9898128509521484,MF
Sylvia,Walter,1.989864945411682,MF
Catherine,Chester,1.9899438619613647,MF
Kelly,Ravi,1.989958643913269,MF
DollarJr,Grace,1.9899629354476929,MF
KilliantheVampire,Rachel,1.9900760650634768,MF
Echo,Matthew,1.9901131391525269,MF
Emma,Walter,1.9901881217956543,MF
Aiden,Jenna,1.9901965856552124,MF
Dan,Hailey,1.990300536155701,MF
Landon,Viqqie,1.990309715270996,MF
Jeff,Victoria,1.990320324897766,MF
Aiden,Camila,1.9904569387435913,MF
Jackson,Vivien,1.990477919578552,MF
Royce,Viqqie,1.9904929399490356,MF
Henry,Olivia,1.990541934967041,MF
Justin,Rita,1.990589499473572,MF
Chase,Stephanie,1.9907002449035645,MF
Mia,Oscar,1.990743637084961,MF
Jack,MrsClaus,1.990844130516052,MF
Kanno,Rebecca,1.9908924102783203,MF
Brad,Millie,1.991061091423035,MF
Echo,Sean,1.991177439689636,MF
Janet,Liam,1.991199016571045,MF
CaptainBill,Harper,1.9912757873535156,MF
Brad,Echo,1.991284966468811,MF
Glenda,Kanno,1.991298794746399,MF
Damian,MrsClaus,1.9913250207901,MF
Damian,Lucille,1.9913288354873655,MF
Grace,Sindarin,1.9913325309753416,MF
Slushy,Vanessa,1.9913655519485471,MF
KilliantheVampire,ReporterCatalina,1.9913815259933472,MF
Kristen,Simon,1.9914436340332031,MF
Doug,Emma,1.991444945335388,MF
Charlotte,Jimmy,1.9915252923965456,MF
Caleb,SabrinatheWitch,1.9915343523025513,MF
Oliver,Philip,1.991557240486145,MF
Lucille,Simon,1.9915674924850464,MF
Aaron,Vivien,1.991572022438049,MF
Audrey,Damian,1.991673469543457,MF
Chad,Rita,1.9917858839035032,MF
CaptainBill,Jenna,1.991787075996399,MF
Grace,Graham,1.9918495416641235,MF
Hugh,Vivien,1.9918851852416992,MF
Mia,Santa,1.9919053316116333,MF
Camila,Robert,1.9919391870498655,MF
Margaret,Michael,1.9919997453689575,MF
Sylvia,Tim,1.9921417236328125,MF
Doug,Kelly,1.992216110229492,MF
Avery,Sean,1.9922298192977903,MF
Liam,Riley,1.992230772972107,MF
Millie,Sindarin,1.992237210273743,MF
Agatha,Callan,1.9922432899475095,MF
Liz,Neel,1.99235200881958,MF
Eman,Viqqie,1.9923681020736697,MF
Oscar,Rebecca,1.992385506629944,MF
David,Liz,1.992388606071472,MF
Grace,Justin,1.9924100637435913,MF
PN,Vivien,1.9924143552780151,MF
Edward,Nana,1.9924465417861936,MF
Carl,Kelsey,1.9925605058670044,MF
Damian,Olivia,1.9926170110702517,MF
George,Skylar,1.99270761013031,MF
Liam,Starling,1.9927231073379517,MF
Hugh,Sylvia,1.992758870124817,MF
Ben,Lindsay,1.992781162261963,MF
Charlotte,Neoguard,1.992867946624756,MF
Camila,George,1.992931246757507,MF
Chloe,Oscar,1.992931842803955,MF
Lloyd,Victoria,1.99312961101532,MF
Neel,Vivien,1.9931621551513672,MF
Amber,Slushy,1.9932265281677248,MF
April,Neel,1.993228316307068,MF
Jodie,Royce,1.9932494163513184,MF
Carl,Chloe,1.9932807683944704,MF
Tina,Wade,1.993308424949646,MF
Caitlyn,Furnando,1.9933685064315796,MF
Elias,Liz,1.9934390783309937,MF
Lucille,Ravi,1.99358332157135,MF
Agatha,Cyrus,1.9936248064041135,MF
Duke,Nova,1.9936705827713013,MF
Caleb,Kristen,1.9937337636947632,MF
George,Nova,1.9937397241592407,MF
Ravi,Starling,1.9938410520553589,MF
Glenda,Gus,1.9938691854476929,MF
Joshua,Riley,1.9940541982650757,MF
CaptainBill,Norah,1.9940695762634275,MF
Lindsay,Nathan,1.9940775632858276,MF
DollarJr,Katie,1.9941869974136353,MF
Jackson,Norah,1.9942212104797363,MF
Agatha,West,1.9942477941513064,MF
Millie,Slushy,1.9943424463272097,MF
Henry,Jodie,1.9943636655807495,MF
Doughnut,Dylan,1.994381308555603,MF
Noa,Tina,1.9944443702697752,MF
Margot,Rudolph,1.9944825172424316,MF
Caitlyn,Jeff,1.9945281744003296,MF
Charlotte,Simon,1.9945703744888303,MF
Oscar,Skylar,1.994611740112305,MF
George,Mia,1.9947924613952637,MF
Margot,Robert,1.9948019981384275,MF
Aiden,Kristen,1.994836449623108,MF
Nana,NewscasterJohn,1.9949603080749512,MF
Aiden,AnnabelletheGhost,1.995087504386902,MF
Jodie,Kevin,1.995090365409851,MF
Jenna,Kevin,1.9951176643371584,MF
Rachel,Tyson,1.9954009056091309,MF
Brad,Vanessa,1.9954123497009275,MF
Rex,Victoria,1.9954171180725095,MF
Caitlyn,Rudolph,1.9954813718795776,MF
Caleb,Victoria,1.9955072402954104,MF
Chester,Samantha,1.9955466985702517,MF
Callan,Vivien,1.9956938028335571,MF
Lucille,Neoguard,1.9958014488220217,MF
Brad,Riley,1.9958168268203735,MF
Brad,Zoey,1.995818257331848,MF
Camila,PN,1.996059775352478,MF
Justin,Nova,1.9960695505142212,MF
Caitlyn,PN,1.9960741996765137,MF
Keybo,Sylvia,1.9961706399917605,MF
Doug,Zoey,1.9962416887283323,MF
Echo,Vincent,1.9962536096572876,MF
Glenda,Jake,1.9963784217834473,MF
Camila,West,1.996380925178528,MF
Doug,Lydia,1.9964274168014529,MF
Matthew,Riley,1.9964632987976072,MF
Hugh,Zoey,1.9964677095413208,MF
Aaron,Amber,1.9965014457702637,MF
Dan,Millie,1.9965022802352903,MF
Dylan,Echo,1.996664047241211,MF
Audrey,Carl,1.996682047843933,MF
Claire,River,1.99669885635376,MF
Caitlyn,West,1.996720314025879,MF
Doughnut,Wade,1.9967280626296997,MF
Frankenstein,Margaret,1.9968290328979492,MF
Avery,Doug,1.9968457221984863,MF
Camila,Ravi,1.9968620538711548,MF
Carl,Nia,1.996981501579285,MF
DollarJr,Emma,1.997014403343201,MF
Henry,Nana,1.9970422983169556,MF
Elias,Riley,1.9970875978469849,MF
Nana,Philip,1.9972082376480105,MF
Carl,Nana,1.99727201461792,MF
Caitlyn,Vincent,1.9972739219665527,MF
Ron,Shana,1.9973087310791016,MF
Margot,Neel,1.9973374605178833,MF
Santa,Victoria,1.9973663091659544,MF
Rita,River,1.997386813163757,MF
Charlotte,Elias,1.9974074363708496,MF
Jeff,Mia,1.9974180459976196,MF
Dylan,Millie,1.9974521398544312,MF
Cyrus,Tessa,1.9974546432495115,MF
Helena,Ryan,1.997456192970276,MF
Emma,Simon,1.9974745512008667,MF
ReporterCatalina,Viktor,1.9974751472473145,MF
Camila,Furnando,1.997502326965332,MF
Rita,Wade,1.9975277185440063,MF
AnnabelletheGhost,Simon,1.9976032972335815,MF
Avery,Vincent,1.997652053833008,MF
Nova,West,1.9976521730422976,MF
Jenna,Sindarin,1.9976611137390137,MF
Chase,Kristen,1.9976750612258911,MF
Margot,Wade,1.9977880716323853,MF
Benny,Victoria,1.9978200197219849,MF
Avery,Michael,1.997859001159668,MF
Graham,Helena,1.9978920221328735,MF
Audrey,Jake,1.997902750968933,MF
Catherine,Ravi,1.9980268478393557,MF
Grace,Neel,1.998304009437561,MF
Avery,Larry,1.998397707939148,MF
Dylan,Grace,1.9984198808670044,MF
Brad,Samantha,1.9984369277954104,MF
Neoguard,Skylar,1.9984722137451172,MF
Alex,Oscar,1.9984779357910156,MF
Matthew,Sara,1.9985069036483765,MF
Doughnut,Graham,1.99852454662323,MF
Furnando,Rebecca,1.9985748529434204,MF
Agatha,Neoguard,1.9985822439193728,MF
Janet,Neel,1.9986233711242676,MF
Chloe,Ron,1.998704433441162,MF
Chase,Margot,1.998721957206726,MF
Carl,Tessa,1.9988387823104856,MF
April,Oscar,1.9988757371902464,MF
Avery,KlipKim,1.9989815950393677,MF
Catherine,Simon,1.9990038871765137,MF
Glenda,Jeff,1.999019980430603,MF
Lydia,Royce,1.999172329902649,MF
Abigail,PN,1.9991989135742188,MF
Frankenstein,Shana,1.999201774597168,MF
Margot,Sean,1.9992517232894895,MF
Jeff,Nova,1.9993300437927248,MF
Henry,Mia,1.99933922290802,MF
Carlos,Kristen,1.999411463737488,MF
Chloe,Joshua,1.9994388818740845,MF
Carol,Philip,1.99944531917572,MF
Amber,Damian,1.9995059967041016,MF
Dan,Sara,1.999536395072937,MF
Aiden,Riley,1.9995571374893188,MF
Claire,Neoguard,1.999616026878357,MF
Chloe,West,1.9996337890625,MF
Athena,Jimmy,1.9998779296875,MF
Athena,Wade,1.999907612800598,MF
Graham,Jenna,1.9999175071716309,MF
Justin,Lucille,1.999921202659607,MF
Agatha,Vincent,1.9999313354492188,MF
Avery,Eman,1.999965786933899,MF
Cyrus,Liz,1.9999771118164065,MF
Aaron,Agatha,2.000058889389038,MF
Charlotte,Logan,2.000145435333252,MF
Mia,Neoguard,2.0001494884490967,MF
Camila,Hugh,2.0001566410064697,MF
Grace,Simon,2.0002925395965576,MF
Larry,Maisie,2.000322103500366,MF
Agatha,CaptainBill,2.000355958938598,MF
Claire,West,2.0003585815429688,MF
Camila,Chase,2.000424861907959,MF
Carol,Rex,2.000458240509033,MF
Buddy,Victoria,2.000529527664185,MF
AnnabelletheGhost,Elias,2.000539541244507,MF
Norah,Rex,2.0005927085876465,MF
Aaron,MrsClaus,2.0006320476531982,MF
Samantha,Xavier,2.0006861686706543,MF
Landon,Millie,2.000742673873902,MF
Caleb,Camila,2.000746965408325,MF
MrsClaus,Robert,2.0007529258728027,MF
Nathan,Sophia,2.000755071640014,MF
Abigail,Landon,2.000779151916504,MF
Caitlyn,Robert,2.000795602798462,MF
Chloe,George,2.0007994174957275,MF
Kristen,Xavier,2.0008785724639893,MF
Brad,Sara,2.0008797645568848,MF
KlipKim,MrsClaus,2.0008819103240967,MF
Kelly,Xavier,2.000932216644287,MF
SabrinatheWitch,Tyson,2.000959634780884,MF
Ben,Claire,2.0009613037109375,MF
Carol,Gus,2.001008987426758,MF
Aaron,Rebecca,2.0011160373687744,MF
Cyrus,Verna,2.0011537075042725,MF
Matthew,Stephanie,2.0011539459228516,MF
PN,SabrinatheWitch,2.0011773109436035,MF
Claire,Vincent,2.001204013824463,MF
Jack,Lucille,2.0012216567993164,MF
Aaron,Echo,2.0012319087982178,MF
Jeff,Valerie,2.0012781620025635,MF
Jenna,Ron,2.0013558864593506,MF
Amber,Ravi,2.0013949871063232,MF
Damian,Norah,2.0014050006866455,MF
Chad,Harper,2.0015509128570557,MF
Chad,Millie,2.001577138900757,MF
Audrey,Michael,2.0016777515411377,MF
Carol,George,2.0017311573028564,MF
Lydia,Neel,2.001899003982544,MF
AnnabelletheGhost,Justin,2.001899480819702,MF
Carlos,Lucille,2.002067804336548,MF
MrsClaus,Vincent,2.002073049545288,MF
Camila,Neel,2.002077341079712,MF
Aaron,Chloe,2.002102851867676,MF
Kristen,Santa,2.002133846282959,MF
Angela,Kevin,2.002197504043579,MF
Audrey,Hugh,2.0022106170654297,MF
Icarus,Vivien,2.0023324489593506,MF
Edward,Maisie,2.0023765563964844,MF
Amber,Furnando,2.0024168491363525,MF
Agatha,UncleHank,2.0024189949035645,MF
Larry,Samantha,2.0024406909942627,MF
Aaron,Nova,2.002492904663086,MF
Riley,Tim,2.0025441646575928,MF
Doug,Oliver,2.0025711059570312,MF
Margot,Ron,2.0025813579559326,MF
Hans,Helena,2.0025854110717773,MF
AnnabelletheGhost,Chase,2.002622604370117,MF
Agatha,Cole,2.0026652812957764,MF
Sean,Zoey,2.002677202224731,MF
Claire,Jackson,2.002814769744873,MF
Angela,Graham,2.0028467178344727,MF
Charlotte,Robert,2.0028650760650635,MF
Audrey,Robert,2.002884864807129,MF
Avery,Neel,2.0029091835021973,MF
Echo,Landon,2.003021478652954,MF
Carol,David,2.003044843673706,MF
Noa,Patricia,2.003075361251831,MF
Jodie,Rex,2.003079414367676,MF
Eman,Tina,2.0031774044036865,MF
Noa,Riley,2.0031895637512207,MF
Janet,Nathan,2.0032050609588623,MF
Graham,MrsClaus,2.0032217502593994,MF
Kelsey,West,2.0032479763031006,MF
Rex,Tessa,2.00327730178833,MF
Icarus,Oliver,2.003445863723755,MF
Abigail,Doug,2.0034470558166504,MF
Cyrus,MrsClaus,2.0035035610198975,MF
Duke,Verna,2.0035393238067627,MF
Kanno,MrsClaus,2.0035464763641357,MF
Bell,Dan,2.003614664077759,MF
Lydia,Ravi,2.0036323070526123,MF
Cyrus,Margaret,2.0038156509399414,MF
Avery,Chase,2.003866910934448,MF
Claire,Elias,2.003919839859009,MF
Carol,Michael,2.003941297531128,MF
Jimmy,Kelly,2.003983736038208,MF
Liz,Sean,2.003995656967163,MF
Benny,SabrinatheWitch,2.004009962081909,MF
Olivia,Royce,2.0041327476501465,MF
Graham,Riley,2.0041661262512207,MF
Cyrus,Sylvia,2.004192352294922,MF
Elias,Sylvia,2.004255533218384,MF
Callan,Jennifer,2.004270553588867,MF
Aaron,Norah,2.004327297210694,MF
Angela,Furnando,2.00447416305542,MF
Aiden,Valerie,2.0044946670532227,MF
Grace,Walter,2.004514694213867,MF
Jodie,UncleHank,2.0045793056488037,MF
Liz,Ravi,2.00470232963562,MF
Elias,Nova,2.004709482192993,MF
Claire,Hans,2.004725456237793,MF
Amber,Royce,2.0047543048858643,MF
Kevin,Stephanie,2.0048575401306152,MF
AnnabelletheGhost,David,2.0049211978912354,MF
Edward,Verna,2.0049808025360107,MF
Olivia,Philip,2.0050008296966553,MF
Glenda,Jimmy,2.0051209926605225,MF
Angela,Henry,2.00516414642334,MF
Agatha,Chad,2.0053012371063232,MF
Dylan,Rita,2.005335569381714,MF
Cole,Hailey,2.0054385662078857,MF
Catherine,Neoguard,2.0054850578308105,MF
Chloe,Liam,2.005554437637329,MF
Amber,Neel,2.005575180053711,MF
Patricia,Simon,2.0056612491607666,MF
Joshua,Kelsey,2.005686044692993,MF
Bruce,Tessa,2.00573468208313,MF
Duke,Rita,2.0057413578033447,MF
Kristen,Oscar,2.0057480335235596,MF
Lydia,PN,2.005786180496216,MF
Chester,Hailey,2.005867719650269,MF
Caitlyn,Cyrus,2.0059516429901123,MF
Chloe,Jack,2.0059852600097656,MF
Jodie,River,2.005997657775879,MF
Hans,Liz,2.006049156188965,MF
Doug,Liz,2.0060718059539795,MF
Glenda,Icarus,2.0061471462249756,MF
Natalie,PN,2.006174087524414,MF
Catherine,Sindarin,2.0062062740325928,MF
Jack,Starling,2.0064380168914795,MF
David,Margaret,2.006716012954712,MF
Benny,Rita,2.006748676300049,MF
Caitlyn,Justin,2.0067591667175293,MF
April,Dylan,2.006915807723999,MF
Chad,Echo,2.007009983062744,MF
Jeff,Vivien,2.007094383239746,MF
Jeff,Natalie,2.0071914196014404,MF
Catherine,Cole,2.007200002670288,MF
Camila,Elias,2.007206678390503,MF
Simon,Tina,2.0072522163391113,MF
Joshua,Vanessa,2.0073301792144775,MF
Grace,Wade,2.0073697566986084,MF
Annie,Keybo,2.007401704788208,MF
Olivia,Sean,2.0074758529663086,MF
Agatha,Jackson,2.0075201988220215,MF
Gus,Skylar,2.007631540298462,MF
Cyrus,Margot,2.007636785507202,MF
Caleb,Harper,2.0076825618743896,MF
Doughnut,Xavier,2.00780987739563,MF
Audrey,Vincent,2.007814884185791,MF
Jack,Norah,2.007827043533325,MF
Harper,Landon,2.0079658031463623,MF
Kelly,Noa,2.0079877376556396,MF
Chloe,Landon,2.0079941749572754,MF
Aaron,Lydia,2.0080249309539795,MF
April,Slushy,2.008056402206421,MF
Elias,Jenna,2.0080974102020264,MF
Helena,Larry,2.008192777633667,MF
Olivia,UncleHank,2.0082530975341797,MF
Jennifer,Rex,2.008345365524292,MF
Aiden,Grace,2.0083649158477783,MF
Patricia,Royce,2.008460521697998,MF
Peter,Zoey,2.008492946624756,MF
Camila,Kanno,2.008594036102295,MF
Jenna,Larry,2.008622884750366,MF
Henry,SabrinatheWitch,2.0086724758148193,MF
Ben,Skylar,2.0087170600891113,MF
Claire,Xavier,2.0087292194366455,MF
Chloe,Henry,2.0087332725524902,MF
Amber,Jackson,2.008791923522949,MF
Dean,Maddie,2.0088212490081787,MF
SantaClaus,Verna,2.0088493824005127,MF
Kanno,Stephanie,2.009061098098755,MF
Janet,Noa,2.009153127670288,MF
Chase,Doughnut,2.009244441986084,MF
Chloe,Doug,2.009251356124878,MF
Liz,Tim,2.009263277053833,MF
Oscar,Tina,2.0093178749084473,MF
Rudolph,Vivien,2.009326457977295,MF
Avery,Tim,2.0093448162078857,MF
Jimmy,Riley,2.0093536376953125,MF
JackoLantern,Sophia,2.009355306625366,MF
Furnando,SabrinatheWitch,2.009371280670166,MF
Neoguard,Viqqie,2.0094382762908936,MF
Kevin,Lydia,2.0094454288482666,MF
Aaron,Liz,2.0095231533050537,MF
April,River,2.009572744369507,MF
Abigail,Hans,2.0096168518066406,MF
Camila,Wade,2.0096356868743896,MF
Camila,Cyrus,2.009647846221924,MF
Doug,Harper,2.009657144546509,MF
Margot,Tyson,2.0097129344940186,MF
Glenda,PN,2.0097250938415527,MF
Harper,Sean,2.0097992420196533,MF
Michael,Viqqie,2.0098557472229004,MF
Helena,Liam,2.009875535964966,MF
Michael,Natalie,2.009899377822876,MF
Larry,Zoey,2.010051012039185,MF
David,Lucille,2.0100533962249756,MF
Echo,KlipKim,2.0100882053375244,MF
KlipKim,Liz,2.010091781616211,MF
Jennifer,Michael,2.010169506072998,MF
Avery,Jimmy,2.0102460384368896,MF
Larry,Sara,2.0103085041046143,MF
Jimmy,Vanessa,2.0104029178619385,MF
Catherine,Robert,2.010474920272827,MF
Claire,Jack,2.010546922683716,MF
Aaron,Zoey,2.010561227798462,MF
Mia,River,2.010570764541626,MF
Doug,MrsClaus,2.010732650756836,MF
Dylan,Tina,2.0107831954956055,MF
Margot,Vincent,2.0108182430267334,MF
Lloyd,Olivia,2.010871171951294,MF
Doug,Margot,2.010873556137085,MF
Frankenstein,Sylvia,2.0109000205993652,MF
Carl,Olivia,2.0109007358551025,MF
Avery,Xavier,2.0109610557556152,MF
Margaret,Robert,2.0109715461730957,MF
Athena,Cole,2.010995626449585,MF
Graham,Sylvia,2.011005163192749,MF
Edward,Emma,2.0110323429107666,MF
Cole,Maisie,2.0110414028167725,MF
Margaret,NewscasterJohn,2.011054754257202,MF
Kelly,Nathan,2.011064291000366,MF
Jeff,Margot,2.0110881328582764,MF
Dylan,Skylar,2.011099100112915,MF
Edward,Helena,2.0111544132232666,MF
Lydia,Rudolph,2.011214017868042,MF
Henry,Lydia,2.011285305023194,MF
Aiden,Lucille,2.0113234519958496,MF
Audrey,PN,2.0113589763641357,MF
Carl,Mia,2.011376142501831,MF
Claire,Tim,2.0114176273345947,MF
Echo,Eman,2.011556386947632,MF
KlipKim,Rebecca,2.0115654468536377,MF
JackoLantern,Janet,2.0116119384765625,MF
Athena,Liam,2.011643648147583,MF
Rex,Zoey,2.011651039123535,MF
Avery,Liam,2.01180100440979,MF
Amber,Landon,2.0118215084075928,MF
CaptainBill,Margot,2.011870861053467,MF
Agatha,Aiden,2.011936664581299,MF
Glenda,Sean,2.0119850635528564,MF
Rachel,Vincent,2.012033224105835,MF
Claire,Doug,2.0120773315429688,MF
Graham,Viqqie,2.0120956897735596,MF
Rebecca,Tyson,2.012096643447876,MF
Claire,Furnando,2.0121021270751953,MF
Aiden,Catherine,2.0121028423309326,MF
Larry,Tina,2.0122458934783936,MF
Catherine,Edward,2.012347459793091,MF
Cole,Kristen,2.012387752532959,MF
Edward,Millie,2.012392044067383,MF
Frankenstein,Vivien,2.012406349182129,MF
Audrey,Frankenstein,2.0124969482421875,MF
Neoguard,Tina,2.0126864910125732,MF
KlipKim,Riley,2.0127062797546387,MF
Ron,Viqqie,2.012746810913086,MF
Alex,Brad,2.012759208679199,MF
Angela,Liam,2.012770891189575,MF
Catherine,KlipKim,2.0130083560943604,MF
DollarJr,Rita,2.013090133666992,MF
Emma,Wade,2.013101100921631,MF
Agatha,Edward,2.0131595134735107,MF
Abigail,Frankenstein,2.0132453441619873,MF
Furnando,Jenna,2.0133607387542725,MF
Carol,Jimmy,2.013437032699585,MF
Echo,Wade,2.0135092735290527,MF
Carlos,Paige,2.0135250091552734,MF
Kelly,Ryan,2.0136568546295166,MF
Sean,Victoria,2.013735055923462,MF
Buddy,Lydia,2.0138652324676514,MF
Peter,ReporterCatalina,2.0139150619506836,MF
Nia,Royce,2.0139412879943848,MF
Dylan,Zoey,2.014017105102539,MF
April,Rex,2.014038324356079,MF
Jake,Norah,2.0140926837921143,MF
Larry,Stephanie,2.014127254486084,MF
Jack,Margot,2.014195680618286,MF
Caleb,Zoey,2.01420521736145,MF
Carlos,Samantha,2.014209508895874,MF
Mark,Rachel,2.0142645835876465,MF
Agatha,George,2.0142648220062256,MF
Claire,Landon,2.014371633529663,MF
Angela,Buddy,2.0143938064575195,MF
Agatha,Chase,2.01448655128479,MF
Sara,Wade,2.0144927501678467,MF
Rudolph,Sylvia,2.014549493789673,MF
Doug,Grace,2.0145699977874756,MF
CaptainBill,Riley,2.0145766735076904,MF
Nova,Sean,2.0145814418792725,MF
Norah,River,2.0147616863250732,MF
Doug,Verna,2.014857530593872,MF
MrsClaus,Santa,2.014881134033203,MF
Keybo,Lydia,2.0149381160736084,MF
Claire,Graham,2.0149552822113037,MF
Aaron,Kelly,2.0149612426757812,MF
Chase,Mia,2.0149805545806885,MF
David,Rebecca,2.0149898529052734,MF
Kelsey,Neoguard,2.015007734298706,MF
Camila,Jack,2.0150086879730225,MF
Glenda,KilliantheVampire,2.0151233673095703,MF
Bell,CaptainBill,2.0151829719543457,MF
Paige,Walter,2.01519513130188,MF
Carlos,Zoey,2.015249252319336,MF
Caleb,Carol,2.0153138637542725,MF
Kristen,Rudolph,2.01542329788208,MF
Elias,Vivien,2.0154335498809814,MF
Aaron,Viqqie,2.0154552459716797,MF
Furnando,Glenda,2.0155227184295654,MF
Duke,Margaret,2.0155346393585205,MF
Norah,PN,2.0155465602874756,MF
Athena,Justin,2.015728712081909,MF
Frankenstein,Verna,2.0158140659332275,MF
Henry,Kelsey,2.0158350467681885,MF
Nana,Owen,2.0159151554107666,MF
Jimmy,Liz,2.015928030014038,MF
Kelsey,Slushy,2.015939235687256,MF
Audrey,Bruce,2.016071319580078,MF
Michael,Vivien,2.0160961151123047,MF
Annie,Slushy,2.0162386894226074,MF
Neoguard,Norah,2.0162477493286133,MF
Carol,Vincent,2.01629900932312,MF
Carlos,Catherine,2.0163071155548096,MF
Dan,Samantha,2.0163238048553467,MF
Caitlyn,Jack,2.0164055824279785,MF
Caitlyn,Tim,2.0164334774017334,MF
Liz,Simon,2.0164480209350586,MF
Abigail,Benny,2.016538619995117,MF
Cyrus,Rita,2.016593217849731,MF
Agatha,Icarus,2.0166289806365967,MF
Carlos,Janet,2.0166773796081543,MF
Jeff,Sylvia,2.01672625541687,MF
Carol,Damian,2.016735553741455,MF
Liam,Verna,2.01676869392395,MF
Camila,Hans,2.016775608062744,MF
Buddy,Viqqie,2.0169308185577393,MF
Agatha,Tyson,2.0169498920440674,MF
Carol,West,2.0169942378997803,MF
Bell,Cole,2.017040491104126,MF
Nia,West,2.017106771469116,MF
Cole,Samantha,2.017195224761963,MF
Landon,Sara,2.017251253128052,MF
Lindsay,Logan,2.0173585414886475,MF
Catherine,Walter,2.017407178878784,MF
Bruce,Natalie,2.017495393753052,MF
Noa,Rita,2.0174989700317383,MF
Ben,Kristen,2.0175087451934814,MF
Amber,Neoguard,2.017538070678711,MF
Audrey,Gus,2.017688035964966,MF
Abigail,Elias,2.017770528793335,MF
Liam,Millie,2.017817735671997,MF
Edward,Jodie,2.01782751083374,MF
Bell,Walter,2.0179364681243896,MF
Cyrus,Kelsey,2.0179831981658936,MF
Katie,Simon,2.0180208683013916,MF
AnnabelletheGhost,Kanno,2.0180351734161377,MF
Jenna,River,2.0181033611297607,MF
Carl,Echo,2.0181233882904053,MF
Abigail,West,2.0182321071624756,MF
Chad,Jenna,2.018296480178833,MF
Kristen,Rex,2.018350124359131,MF
Catherine,Dylan,2.0183675289154053,MF
Amber,Sean,2.0183868408203125,MF
Landon,Liz,2.0184783935546875,MF
Neel,Victoria,2.0184969902038574,MF
George,Millie,2.0185697078704834,MF
CaptainBill,Victoria,2.018720865249634,MF
AnnabelletheGhost,Eman,2.0187385082244873,MF
Avery,Justin,2.0188241004943848,MF
Norah,Santa,2.0189993381500244,MF
Helena,Ron,2.01900315284729,MF
Chad,Doughnut,2.0190937519073486,MF
Aaron,Janet,2.019136428833008,MF
Amber,Liam,2.019148111343384,MF
Jackson,MrsClaus,2.0191633701324463,MF
Kristen,Vincent,2.0193521976470947,MF
SantaClaus,Victoria,2.019354820251465,MF
Avery,CaptainBill,2.019385814666748,MF
Norah,Robert,2.019443988800049,MF
AnnabelletheGhost,Vincent,2.0195038318634033,MF
Charlotte,Jack,2.0195069313049316,MF
Jodie,Keybo,2.0195605754852295,MF
Callan,Verna,2.019578695297241,MF
Cole,Helena,2.0196542739868164,MF
Charlotte,Patrick,2.019702911376953,MF
Furnando,Victoria,2.019702911376953,MF
Henry,Kristen,2.019876003265381,MF
Amber,Oscar,2.0199739933013916,MF
Maddie,Slushy,2.020073890686035,MF
Furnando,Lucille,2.0202929973602295,MF
Caleb,Samantha,2.0203661918640137,MF
Carol,Jack,2.0204126834869385,MF
Abigail,Rudolph,2.0204310417175293,MF
Rebecca,Rex,2.020509958267212,MF
Doug,Doughnut,2.0205235481262207,MF
Amber,KlipKim,2.0205368995666504,MF
Damian,Zoey,2.020594358444214,MF
Dan,Katie,2.0206024646759033,MF
Liam,MrsClaus,2.020629405975342,MF
Royce,Starling,2.0207250118255615,MF
Edward,MrsClaus,2.020749092102051,MF
Alex,Nathan,2.0207536220550537,MF
NewscasterJohn,Olivia,2.0208070278167725,MF
Dan,Rita,2.0208663940429688,MF
CaptainBill,Katie,2.0208728313446045,MF
Lucille,PN,2.0209457874298096,MF
Jack,Victoria,2.0209805965423584,MF
Chester,Helena,2.02101993560791,MF
Owen,Victoria,2.0210368633270264,MF
Echo,Jackson,2.021074056625366,MF
Graham,Victoria,2.0210793018341064,MF
Aaron,Patricia,2.0210893154144287,MF
Caitlyn,Chad,2.021132469177246,MF
Oscar,Riley,2.021172523498535,MF
George,Viqqie,2.0212368965148926,MF
Athena,Walter,2.021289825439453,MF
Grace,Landon,2.0213441848754883,MF
Doughnut,Joshua,2.021423101425171,MF
Rudolph,Verna,2.021446704864502,MF
Catherine,Sean,2.021641731262207,MF
Rita,Royce,2.021645784378052,MF
Grace,Joshua,2.0216500759124756,MF
Chase,Grace,2.0217010974884033,MF
Hailey,Ravi,2.0217089653015137,MF
Harper,Ravi,2.0217835903167725,MF
David,Glenda,2.021876096725464,MF
Glenda,Santa,2.0219171047210693,MF
Harper,Xavier,2.022062063217163,MF
Caitlyn,Dylan,2.022075891494751,MF
Caleb,Echo,2.02213191986084,MF
Margaret,Rex,2.022181272506714,MF
Glenda,Ron,2.022247791290283,MF
Charlotte,Chase,2.022263288497925,MF
Camila,Ron,2.022387742996216,MF
Aiden,Starling,2.022390842437744,MF
Carlos,Maisie,2.022616147994995,MF
Ravi,Sylvia,2.022627830505371,MF
Avery,Graham,2.0226376056671143,MF
Angela,Neel,2.0226495265960693,MF
Angela,Santa,2.0226564407348633,MF
Bell,Dean,2.022669792175293,MF
Jimmy,Rebecca,2.02275013923645,MF
David,Riley,2.022765874862671,MF
Audrey,Benny,2.0228235721588135,MF
Angela,Jackson,2.0229949951171875,MF
Norah,Peter,2.023204803466797,MF
George,Zoey,2.023308753967285,MF
Claire,Cyrus,2.0233325958251953,MF
David,Oliver,2.0233676433563232,MF
Angela,Cyrus,2.0233750343322754,MF
Chester,Sophia,2.0234732627868652,MF
DollarJr,Samantha,2.0235321521759033,MF
Jake,Verna,2.023637533187866,MF
Santa,Vivien,2.0237338542938232,MF
Helena,Logan,2.0238237380981445,MF
Liz,Royce,2.024116277694702,MF
Noa,Rebecca,2.0241382122039795,MF
Landon,Mia,2.0242233276367188,MF
Mia,Tim,2.0243241786956787,MF
Gus,Kristen,2.024334192276001,MF
Peter,Vivien,2.0244338512420654,MF
Caitlyn,Peter,2.024446725845337,MF
Aiden,Helena,2.0245583057403564,MF
Elias,Lucille,2.024559259414673,MF
Lydia,Rex,2.0245962142944336,MF
Emma,Logan,2.024639844894409,MF
Jenna,Liam,2.024874448776245,MF
Hans,Lydia,2.0249292850494385,MF
Grace,Gus,2.0249414443969727,MF
Carl,SabrinatheWitch,2.0250513553619385,MF
Callan,Glenda,2.025060653686523,MF
Lydia,River,2.0250751972198486,MF
Joshua,Sophia,2.025107145309448,MF
Olivia,Tim,2.025154829025269,MF
Eman,Starling,2.0251638889312744,MF
Echo,Neoguard,2.0252082347869873,MF
Jake,Nova,2.0252106189727783,MF
Jackson,Mia,2.0252230167388916,MF
Camila,Sean,2.025231122970581,MF
Audrey,Jeff,2.025235414505005,MF
Gus,Zoey,2.0254225730895996,MF
Eman,Katie,2.0254294872283936,MF
Bruce,Jennifer,2.0254688262939453,MF
Jodie,Santa,2.025512456893921,MF
CaptainBill,Catherine,2.025534152984619,MF
Nana,Peter,2.0255937576293945,MF
Oscar,Zoey,2.025742292404175,MF
Emma,Sindarin,2.0257537364959717,MF
Doug,Nova,2.0257627964019775,MF
Carlos,Tina,2.025775909423828,MF
Echo,River,2.0258591175079346,MF
Charlotte,Kanno,2.025977611541748,MF
Bell,Keybo,2.025982141494751,MF
Edward,Viqqie,2.0260987281799316,MF
Angela,Royce,2.0261645317077637,MF
Audrey,George,2.026222467422486,MF
Amber,Henry,2.0262339115142822,MF
Frankenstein,MrsClaus,2.026275396347046,MF
SabrinatheWitch,Sean,2.0263335704803467,MF
Peter,Rachel,2.026376247406006,MF
Jennifer,Vincent,2.0264227390289307,MF
Doughnut,Larry,2.0264337062835693,MF
Claire,Jeff,2.0264925956726074,MF
Catherine,Chad,2.0265023708343506,MF
Benny,Tessa,2.0265166759490967,MF
Audrey,Icarus,2.026625394821167,MF
Liam,Skylar,2.026684045791626,MF
Nova,River,2.0267176628112793,MF
Doughnut,Logan,2.0267601013183594,MF
Catherine,Keybo,2.0267961025238037,MF
Abigail,Jake,2.0268962383270264,MF
Claire,Rudolph,2.026930093765259,MF
Rebecca,Royce,2.0269522666931152,MF
Landon,Rita,2.0269734859466553,MF
Bell,Joshua,2.026974678039551,MF
Samantha,Simon,2.0271570682525635,MF
Audrey,David,2.027167320251465,MF
Riley,River,2.027188539505005,MF
Benny,Nova,2.0273020267486572,MF
Michael,Victoria,2.027307510375977,MF
Echo,George,2.0273144245147705,MF
Rebecca,Vincent,2.0273265838623047,MF
CaptainBill,Nova,2.027327060699463,MF
Hugh,Shana,2.02737808227539,MF
Aiden,Harper,2.027409315109253,MF
Liz,Ron,2.0274603366851807,MF
Neoguard,Starling,2.0274767875671387,MF
Maisie,Xavier,2.027531623840332,MF
Hans,Jodie,2.0275487899780273,MF
Caitlyn,Neel,2.0276081562042236,MF
Stephanie,Wade,2.027660846710205,MF
Hugh,Victoria,2.0277135372161865,MF
Millie,Oscar,2.0277416706085205,MF
Duke,Nia,2.0277469158172607,MF
Jimmy,Kelsey,2.027837038040161,MF
PN,Skylar,2.02785325050354,MF
Doughnut,KlipKim,2.0278677940368652,MF
SantaClaus,Sylvia,2.027907133102417,MF
Elias,SabrinatheWitch,2.0280048847198486,MF
Keybo,Mia,2.028029680252075,MF
Agatha,Ben,2.0281500816345215,MF
Elias,Victoria,2.028151750564575,MF
Furnando,Harper,2.0281994342803955,MF
Helena,Kanno,2.028247117996216,MF
Furnando,Skylar,2.0282833576202393,MF
David,Jodie,2.028291940689087,MF
Camila,Gus,2.0284881591796875,MF
Angela,Justin,2.0284907817840576,MF
Bruce,Kelly,2.0285165309906006,MF
AnnabelletheGhost,Ravi,2.0286710262298584,MF
Caitlyn,Royce,2.028724431991577,MF
Philip,Sylvia,2.0287728309631348,MF
Liam,Norah,2.028806447982788,MF
NewscasterJohn,Sylvia,2.0288708209991455,MF
Benny,Lydia,2.0289993286132812,MF
Claire,Gus,2.029073476791382,MF
Avery,Rex,2.0290918350219727,MF
Athena,Tim,2.0291144847869873,MF
CaptainBill,Echo,2.0291597843170166,MF
Grace,Slushy,2.0291597843170166,MF
Harper,Michael,2.0292463302612305,MF
George,Norah,2.029297113418579,MF
Nova,PN,2.029313325881958,MF
Dan,Patricia,2.029396295547486,MF
AnnabelletheGhost,Doug,2.029402017593384,MF
Ben,Margot,2.0294249057769775,MF
Chase,Rebecca,2.02949857711792,MF
Carl,Carol,2.029517650604248,MF
Avery,Ben,2.0296337604522705,MF
Jack,Nova,2.0296339988708496,MF
Chester,Viqqie,2.0296967029571533,MF
Agatha,Frankenstein,2.0297176837921143,MF
Icarus,Shana,2.029719114303589,MF
Jimmy,Margot,2.029747247695923,MF
Jeff,Nia,2.029823064804077,MF
Carl,Liz,2.02995228767395,MF
Graham,Rebecca,2.029985189437866,MF
Carl,Skylar,2.030005693435669,MF
Ben,Liz,2.0300350189208984,MF
Neel,Nova,2.0301156044006348,MF
Rudolph,SabrinatheWitch,2.0301156044006348,MF
Agatha,Hans,2.0301921367645264,MF
Jackson,Jodie,2.0302557945251465,MF
Katie,Rex,2.0302939414978027,MF
Millie,River,2.0303447246551514,MF
Aaron,Nia,2.030364751815796,MF
Dan,Lindsay,2.030374765396118,MF
Benny,Sylvia,2.030498504638672,MF
Caleb,Margot,2.030729293823242,MF
Jack,Millie,2.0307328701019287,MF
Cole,Jenna,2.030756711959839,MF
Kelsey,NewscasterJohn,2.030897378921509,MF
Jimmy,Maisie,2.0309901237487793,MF
NewscasterJohn,SabrinatheWitch,2.0309948921203613,MF
Millie,Simon,2.0310184955596924,MF
Damian,Skylar,2.031055212020874,MF
AnnabelletheGhost,Rex,2.0310933589935303,MF
Owen,Sylvia,2.0311903953552246,MF
Jennifer,Viktor,2.03122878074646,MF
Vanessa,Walter,2.0312588214874268,MF
Millie,Ravi,2.0312981605529785,MF
DollarJr,Janet,2.031348466873169,MF
Bruce,Caitlyn,2.0313642024993896,MF
Santa,Viqqie,2.031451940536499,MF
DollarJr,Kristen,2.03147292137146,MF
Ben,Sara,2.031520366668701,MF
Athena,Eman,2.031541109085083,MF
JackoLantern,Maddie,2.0316054821014404,MF
Buddy,Lucille,2.031633138656616,MF
Janet,PN,2.0317258834838867,MF
Camila,Damian,2.0318143367767334,MF
Joshua,Millie,2.0318312644958496,MF
Caitlyn,Lloyd,2.031932592391968,MF
Nia,Robert,2.0319387912750244,MF
Jodie,Rudolph,2.0320041179656982,MF
Claire,PN,2.032010078430176,MF
Kelsey,KlipKim,2.0320498943328857,MF
Carlos,Glenda,2.0322065353393555,MF
Mia,Sindarin,2.032292604446411,MF
George,Rebecca,2.0324857234954834,MF
Harper,Jimmy,2.0324866771698,MF
Alex,Chester,2.0325963497161865,MF
Damian,Lydia,2.0325968265533447,MF
Carol,Owen,2.032602548599243,MF
Caitlyn,Ravi,2.032636880874634,MF
Natalie,Rudolph,2.03268051147461,MF
AnnabelletheGhost,Neoguard,2.032686710357666,MF
Kevin,Valerie,2.032747268676758,MF
Catherine,Furnando,2.0327506065368652,MF
Doughnut,PN,2.0327653884887695,MF
David,Nia,2.032813787460327,MF
Margot,Slushy,2.032860040664673,MF
Graham,Mia,2.0328617095947266,MF
Robert,Tessa,2.032896041870117,MF
Henry,Riley,2.0329959392547607,MF
Doughnut,Vincent,2.0330488681793213,MF
Camila,Jake,2.033092498779297,MF
Carlos,Vanessa,2.033116579055786,MF
Buddy,Olivia,2.0331451892852783,MF
Stephanie,Vincent,2.033162832260132,MF
AnnabelletheGhost,CaptainBill,2.033193349838257,MF
Carl,Catherine,2.0332510471343994,MF
Ben,Mia,2.0332722663879395,MF
Claire,Damian,2.033273935317993,MF
Kelsey,Lloyd,2.0332863330841064,MF
Charlotte,Damian,2.0333049297332764,MF
Agatha,Slushy,2.0333797931671143,MF
Jack,Kelsey,2.0335538387298584,MF
Patricia,Slushy,2.0336670875549316,MF
April,Justin,2.0337297916412354,MF
Jeff,Norah,2.0338730812072754,MF
Cole,Millie,2.0339062213897705,MF
Simon,Starling,2.033928155899048,MF
Kristen,Neoguard,2.033956527709961,MF
Jeff,Kelsey,2.034008264541626,MF
Chester,Valerie,2.0340304374694824,MF
Dylan,Maisie,2.034168243408203,MF
Emma,Justin,2.034235715866089,MF
Carol,Rudolph,2.034252882003784,MF
Audrey,Owen,2.034268856048584,MF
Emma,West,2.0343077182769775,MF
MrsClaus,UncleHank,2.03434681892395,MF
Jake,Zoey,2.0343973636627197,MF
Carol,Jeff,2.0344667434692383,MF
Eman,Riley,2.034537553787231,MF
Jimmy,Tina,2.034560441970825,MF
Furnando,Nia,2.034562110900879,MF
Caleb,Olivia,2.034564971923828,MF
Angela,Jeff,2.0346615314483643,MF
DollarJr,Skylar,2.034677743911743,MF
Aaron,Angela,2.0346901416778564,MF
Henry,MrsClaus,2.034738779067993,MF
Oscar,Sara,2.0347824096679688,MF
Gus,Nova,2.034958600997925,MF
Lindsay,Simon,2.0349652767181396,MF
Claire,Neel,2.0350780487060547,MF
Caitlyn,Caleb,2.0350990295410156,MF
Rex,Rita,2.035125255584717,MF
Santa,Skylar,2.03517484664917,MF
Chase,Sylvia,2.03525710105896,MF
Furnando,Starling,2.0352799892425537,MF
Eman,Lucille,2.0353243350982666,MF
DollarJr,Millie,2.0353341102600098,MF
Kelsey,Robert,2.035334825515747,MF
Claire,Kanno,2.0353481769561768,MF
Mia,Rex,2.03536057472229,MF
Neel,Riley,2.0353729724884033,MF
April,Walter,2.0354201793670654,MF
Camila,UncleHank,2.035433530807495,MF
Furnando,Jodie,2.035548448562622,MF
Doughnut,Ron,2.0356087684631348,MF
Damian,Kristen,2.0356884002685547,MF
Camila,Tim,2.0356972217559814,MF
Liz,Owen,2.0356974601745605,MF
Emma,Kevin,2.035712957382202,MF
Edward,Maddie,2.0357306003570557,MF
Benny,Nia,2.0358264446258545,MF
Claire,Keybo,2.035855293273926,MF
Oscar,Patricia,2.0359089374542236,MF
Keybo,Vivien,2.035918951034546,MF
April,Sindarin,2.035928726196289,MF
Furnando,Lindsay,2.0359394550323486,MF
PN,Zoey,2.036121129989624,MF
Jake,Mia,2.0361239910125732,MF
Audrey,Santa,2.036172389984131,MF
April,Noa,2.0362093448638916,MF
Agatha,Carl,2.0363008975982666,MF
Henry,Rita,2.0363173484802246,MF
Damian,Rita,2.036322593688965,MF
Bell,Edward,2.036332130432129,MF
Harper,Robert,2.0365474224090576,MF
Angela,Benny,2.0365641117095947,MF
Tim,Zoey,2.036591053009033,MF
Jenna,Xavier,2.036623239517212,MF
Athena,Furnando,2.0366528034210205,MF
CaptainBill,Kelsey,2.0367884635925293,MF
Jodie,Tim,2.036834955215454,MF
Audrey,Hans,2.0368363857269287,MF
Emma,Noa,2.036933660507202,MF
Athena,Matthew,2.037046194076538,MF
Rex,Skylar,2.037046194076538,MF
CaptainBill,Glenda,2.037139892578125,MF
Echo,Ravi,2.037177085876465,MF
Janet,Larry,2.0372519493103027,MF
AnnabelletheGhost,Keybo,2.037353038787842,MF
Audrey,Cyrus,2.0373799800872803,MF
Grace,Ron,2.0375218391418457,MF
Gus,Rita,2.037541151046753,MF
Philip,Viqqie,2.037547826766968,MF
Chase,Riley,2.037621021270752,MF
Paige,Ryan,2.0376229286193848,MF
Jack,Nia,2.0376598834991455,MF
Aaron,Camila,2.0376696586608887,MF
Sindarin,Sophia,2.0377116203308105,MF
Brad,Janet,2.0377633571624756,MF
Hugh,Lydia,2.037811040878296,MF
Kevin,Millie,2.037825345993042,MF
Carol,Royce,2.0378358364105225,MF
Olivia,Vincent,2.0378403663635254,MF
Viqqie,West,2.0379230976104736,MF
Carl,Vivien,2.0379884243011475,MF
Margot,Michael,2.0380027294158936,MF
Oscar,Vanessa,2.038113594055176,MF
Buddy,MrsClaus,2.0383245944976807,MF
Simon,Vanessa,2.0384669303894043,MF
Cyrus,Viqqie,2.03848648071289,MF
Kanno,Valerie,2.03859543800354,MF
Keybo,Shana,2.0386273860931396,MF
Harper,Vincent,2.0387322902679443,MF
Sindarin,Vanessa,2.038743019104004,MF
Jake,Viqqie,2.038846731185913,MF
Grace,Oscar,2.038879156112671,MF
Lloyd,MrsClaus,2.038890600204468,MF
Jackson,Sylvia,2.0389814376831055,MF
Rex,Sylvia,2.0389862060546875,MF
Chase,Viqqie,2.03902816772461,MF
Millie,Philip,2.0390360355377197,MF
MrsClaus,Sean,2.0390570163726807,MF
Millie,West,2.0390636920928955,MF
Glenda,Rusty,2.039161205291748,MF
Edward,Rebecca,2.039170503616333,MF
Simon,Valerie,2.039170980453491,MF
Cyrus,Lydia,2.039175033569336,MF
Kristen,PN,2.0392954349517822,MF
Cole,Patricia,2.0393221378326416,MF
Carl,Rebecca,2.039353370666504,MF
Nia,River,2.0393612384796143,MF
Damian,Emma,2.0395054817199707,MF
April,Matthew,2.0395147800445557,MF
Claire,UncleHank,2.0396363735198975,MF
Landon,MrsClaus,2.039644718170166,MF
Hans,Victoria,2.039661169052124,MF
Jeff,Jodie,2.0396759510040283,MF
Caitlyn,Frankenstein,2.039708137512207,MF
Duke,ReporterCatalina,2.039731979370117,MF
Ravi,Skylar,2.0397861003875732,MF
Jennifer,Mark,2.039956331253052,MF
Neel,Rebecca,2.039982795715332,MF
Buddy,Nova,2.040008306503296,MF
Caleb,Rebecca,2.040011405944824,MF
Alex,Matthew,2.040013074874878,MF
Audrey,Peter,2.0400259494781494,MF
Chase,Valerie,2.0401251316070557,MF
Carol,Henry,2.0401604175567627,MF
Sylvia,UncleHank,2.04024600982666,MF
Jimmy,Olivia,2.040252923965454,MF
CaptainBill,Rebecca,2.0403010845184326,MF
Peter,Victoria,2.040306329727173,MF
Nia,Owen,2.0403356552124023,MF
Jennifer,Owen,2.0404012203216553,MF
Ben,Tina,2.040476083755493,MF
Michael,Zoey,2.04054856300354,MF
Bruce,Nana,2.0405595302581787,MF
Nathan,Valerie,2.04061222076416,MF
Frankenstein,Nana,2.0406172275543213,MF
Henry,Zoey,2.0406265258789062,MF
Grace,Michael,2.0406315326690674,MF
Lucille,Xavier,2.040634870529175,MF
Natalie,Tyson,2.040724992752075,MF
Doughnut,Justin,2.0407731533050537,MF
Doughnut,Sindarin,2.0407865047454834,MF
Icarus,Viqqie,2.0408284664154053,MF
Dean,Hailey,2.0408902168273926,MF
Icarus,Rachel,2.0409576892852783,MF
Lindsay,Noa,2.0410048961639404,MF
Agatha,Benny,2.041034698486328,MF
Carl,Jodie,2.0411980152130127,MF
Justin,Lindsay,2.0412518978118896,MF
Jennifer,Santa,2.0412862300872803,MF
Dean,Lindsay,2.0413033962249756,MF
Liz,PN,2.0413105487823486,MF
Maisie,Noa,2.0415797233581543,MF
Charlotte,Sindarin,2.0416557788848877,MF
Jennifer,Rusty,2.0416948795318604,MF
Oscar,Victoria,2.04172682762146,MF
Neel,Patricia,2.041776418685913,MF
Nia,Tim,2.0418241024017334,MF
Avery,Gus,2.041837453842163,MF
Emma,KlipKim,2.041841745376587,MF
Edward,Harper,2.0418519973754883,MF
Amber,Owen,2.0419352054595947,MF
Athena,Dylan,2.0419681072235107,MF
Natalie,NewscasterJohn,2.0420877933502197,MF
AnnabelletheGhost,George,2.042090654373169,MF
Amber,Benny,2.0421791076660156,MF
Brad,Sophia,2.042201042175293,MF
Chloe,Royce,2.042227029800415,MF
Kanno,Millie,2.0422441959381104,MF
Camila,Jackson,2.0422656536102295,MF
Charlotte,Hugh,2.042365789413452,MF
Amber,Buddy,2.0423948764801025,MF
Aaron,Hailey,2.042522668838501,MF
Kevin,Kristen,2.042556047439575,MF
Kristen,Liam,2.042559862136841,MF
Emma,Xavier,2.0425684452056885,MF
DollarJr,Paige,2.042663335800171,MF
Buddy,Norah,2.042695999145508,MF
Athena,Oscar,2.0427212715148926,MF
Tyson,Verna,2.0427253246307373,MF
David,Nova,2.0427942276000977,MF
Catherine,Graham,2.042834520339966,MF
Cyrus,Vivien,2.0429985523223877,MF
Royce,Tina,2.0430378913879395,MF
Audrey,Tyson,2.043041944503784,MF
Avery,Edward,2.043057680130005,MF
Athena,George,2.0430784225463867,MF
Bell,Eman,2.04321026802063,MF
Catherine,Henry,2.0433928966522217,MF
Chloe,Neoguard,2.0434935092926025,MF
Doug,Starling,2.0435194969177246,MF
Abigail,Buddy,2.043529272079468,MF
Olivia,Rudolph,2.0435690879821777,MF
Buddy,SabrinatheWitch,2.0436434745788574,MF
Annie,Matthew,2.0437254905700684,MF
Grace,Ravi,2.043816089630127,MF
Elias,Patricia,2.0438339710235596,MF
Catherine,Kanno,2.0438761711120605,MF
Bruce,Kelsey,2.0438809394836426,MF
Cyrus,Mia,2.043959856033325,MF
Lydia,Ron,2.0440750122070312,MF
Icarus,Victoria,2.0441267490386963,MF
April,Damian,2.0441970825195312,MF
Jennifer,Lloyd,2.04426646232605,MF
Jenna,Tim,2.044269561767578,MF
Cole,Sophia,2.0443015098571777,MF
Callan,Kelsey,2.0443520545959473,MF
Aiden,Zoey,2.0443806648254395,MF
Charlotte,West,2.0443830490112305,MF
Angela,Logan,2.0444257259368896,MF
Liam,Mia,2.0444819927215576,MF
Jenna,Landon,2.044503927230835,MF
Chad,Kristen,2.044541597366333,MF
Jake,Jennifer,2.044546604156494,MF
Camila,Owen,2.044550657272339,MF
Chloe,Vincent,2.0445563793182373,MF
Slushy,Tina,2.0445597171783447,MF
Carol,Jake,2.044562816619873,MF
Audrey,Royce,2.0445926189422607,MF
Athena,River,2.0446598529815674,MF
Sara,Xavier,2.0446794033050537,MF
Claire,Santa,2.0446979999542236,MF
KilliantheVampire,Vivien,2.044776201248169,MF
Avery,Buddy,2.044787883758545,MF
Katie,Sindarin,2.04483962059021,MF
Agatha,Rudolph,2.044846296310425,MF
Catherine,Neel,2.044985771179199,MF
Amber,PN,2.0450360774993896,MF
Jackson,Nova,2.0450611114501953,MF
Millie,Ryan,2.0450689792633057,MF
Caleb,Liz,2.0452165603637695,MF
Lloyd,Mia,2.0452706813812256,MF
Angela,Jake,2.045285940170288,MF
Margaret,West,2.045323371887207,MF
Furnando,Kristen,2.045399904251098,MF
West,Zoey,2.045490980148315,MF
Jack,Lydia,2.045625925064087,MF
Camila,Rudolph,2.04565954208374,MF
Liam,Stephanie,2.045687437057495,MF
Aaron,Harper,2.0456879138946533,MF
Caitlyn,Graham,2.0457117557525635,MF
Kanno,Tina,2.045830488204956,MF
Jenna,Walter,2.0458381175994873,MF
Harper,Joshua,2.045868396759033,MF
River,Vivien,2.0459606647491455,MF
Kelsey,UncleHank,2.046052932739258,MF
Chloe,Rudolph,2.046102285385132,MF
Joshua,Lindsay,2.046114683151245,MF
Carl,Starling,2.046128273010254,MF
Lloyd,Tessa,2.046314001083374,MF
Natalie,Santa,2.046391487121582,MF
Abigail,Jackson,2.046416759490967,MF
April,Chad,2.0464537143707275,MF
Elias,Jodie,2.0465455055236816,MF
Grace,Neoguard,2.0465519428253174,MF
Logan,Tina,2.046666383743286,MF
Sara,Sindarin,2.0467004776000977,MF
Carlos,Sara,2.0467469692230225,MF
Glenda,Vincent,2.0467803478240967,MF
Benny,Patricia,2.0468013286590576,MF
Angela,Rex,2.046910285949707,MF
Paige,Slushy,2.0469353199005127,MF
Landon,Riley,2.047072172164917,MF
Maddie,Matthew,2.0470728874206543,MF
Elias,Nia,2.0471115112304688,MF
Victoria,Vincent,2.0472190380096436,MF
Chloe,Ravi,2.047253370285034,MF
Angela,Carl,2.0473179817199707,MF
Alex,Doug,2.0473217964172363,MF
Glenda,Slushy,2.047480821609497,MF
Kanno,Nia,2.047529935836792,MF
Sara,Walter,2.047550678253174,MF
Mia,Ravi,2.0477428436279297,MF
Caitlyn,UncleHank,2.0477442741394043,MF
Echo,PN,2.047790288925171,MF
Margaret,Philip,2.047853469848633,MF
Audrey,Rudolph,2.047855854034424,MF
Audrey,Buddy,2.0478620529174805,MF
Jeff,Margaret,2.0478861331939697,MF
Edward,Liz,2.0478880405426025,MF
Ben,Jenna,2.0479042530059814,MF
Carl,Kelly,2.0479743480682373,MF
Jodie,Vincent,2.0479774475097656,MF
Caitlyn,Gus,2.048029661178589,MF
George,Kristen,2.0480473041534424,MF
Margot,River,2.048082113265991,MF
Doug,Janet,2.048083543777466,MF
Grace,Owen,2.048203945159912,MF
CaptainBill,Charlotte,2.0482635498046875,MF
Glenda,Rex,2.0482656955718994,MF
Emma,Lloyd,2.0483860969543457,MF
DollarJr,Maisie,2.048435688018799,MF
Skylar,Xavier,2.048440933227539,MF
Bruce,Oliver,2.0484988689422607,MF
Jake,Natalie,2.048530101776123,MF
Claire,Ravi,2.0485451221466064,MF
AnnabelletheGhost,Tyson,2.048561334609986,MF
Eman,Janet,2.0487120151519775,MF
Royce,Victoria,2.048779249191284,MF
AnnabelletheGhost,KlipKim,2.048780918121338,MF
Cyrus,Echo,2.048790693283081,MF
Chase,Millie,2.0488908290863037,MF
Landon,Starling,2.048891067504883,MF
Jackson,Kristen,2.048919200897217,MF
Edward,Paige,2.048952341079712,MF
Grace,Jake,2.049530267715454,MF
Matthew,Paige,2.0495612621307373,MF
Riley,West,2.049645185470581,MF
Noa,Valerie,2.049690008163452,MF
Annie,Eman,2.049724578857422,MF
Bruce,Olivia,2.0497918128967285,MF
Caitlyn,Elias,2.0498180389404297,MF
Caitlyn,Damian,2.0498712062835693,MF
Frankenstein,Lydia,2.049893617630005,MF
Janet,Ravi,2.0499331951141357,MF
Kelsey,Sean,2.049952745437622,MF
Damian,Tina,2.050041913986206,MF
Millie,Vincent,2.0500454902648926,MF
Royce,Samantha,2.050075054168701,MF
Samantha,Wade,2.0500874519348145,MF
Furnando,Riley,2.0501558780670166,MF
Kevin,Rita,2.0501725673675537,MF
Sindarin,Starling,2.050246000289917,MF
Sean,Verna,2.0502710342407227,MF
Chad,Hailey,2.050442695617676,MF
Edward,Olivia,2.050482749938965,MF
CaptainBill,Kristen,2.050578355789185,MF
Dan,Helena,2.050611972808838,MF
Doughnut,Simon,2.050631046295166,MF
Logan,Vanessa,2.050694227218628,MF
Amber,Doug,2.050710439682007,MF
Joshua,Maisie,2.050734758377075,MF
Catherine,Jack,2.050818681716919,MF
Janet,Joshua,2.0508267879486084,MF
Tina,Xavier,2.0508644580841064,MF
Caleb,Lydia,2.050870180130005,MF
Jenna,KlipKim,2.051035165786743,MF
Neoguard,Rita,2.051159620285034,MF
Abigail,Jeff,2.0514750480651855,MF
Grace,Xavier,2.0515244007110596,MF
Janet,Sindarin,2.051595687866211,MF
Gus,Mia,2.0516726970672607,MF
Dylan,Emma,2.0516867637634277,MF
Aaron,Avery,2.0517232418060303,MF
Benny,Chloe,2.0517332553863525,MF
Buddy,Carol,2.0517842769622803,MF
Amber,Simon,2.0518243312835693,MF
David,Rita,2.0518314838409424,MF
Bruce,Emma,2.0518503189086914,MF
Chloe,Kevin,2.051962614059448,MF
Kelsey,PN,2.0519797801971436,MF
Gus,Tina,2.051983118057251,MF
Elias,Lydia,2.05200719833374,MF
Nia,SantaClaus,2.0520098209381104,MF
Athena,CaptainBill,2.052049398422241,MF
George,Harper,2.052109718322754,MF
Kanno,Katie,2.0521371364593506,MF
Joshua,Stephanie,2.052220344543457,MF
Olivia,Owen,2.0522258281707764,MF
Michael,Starling,2.0522806644439697,MF
CaptainBill,Tina,2.052295207977295,MF
KlipKim,Skylar,2.0523102283477783,MF
Millie,Wade,2.0523898601531982,MF
Camila,KlipKim,2.052394390106201,MF
Sylvia,Viktor,2.0524022579193115,MF
Duke,Skylar,2.0524752140045166,MF
Mia,Neel,2.052525758743286,MF
Carl,Margot,2.052577257156372,MF
Carl,Kristen,2.052588939666748,MF
Jeff,Olivia,2.052623987197876,MF
Elias,Helena,2.0526347160339355,MF
Charlotte,Royce,2.052647352218628,MF
Avery,Jackson,2.052663803100586,MF
Caitlyn,Santa,2.052733898162842,MF
Alex,Liam,2.052760362625122,MF
Lucille,Tim,2.0527825355529785,MF
Jennifer,Patrick,2.0529563426971436,MF
Damian,Glenda,2.0530202388763428,MF
Kanno,Mia,2.0531060695648193,MF
Jodie,Lloyd,2.053114175796509,MF
Bruce,Victoria,2.0532305240631104,MF
CaptainBill,Skylar,2.0532805919647217,MF
Athena,DollarJr,2.053318738937378,MF
Dylan,Rebecca,2.053332567214966,MF
Echo,Liam,2.0534300804138184,MF
KlipKim,Kristen,2.053452730178833,MF
Agatha,Ron,2.053456544876098,MF
Jenna,Ravi,2.0534729957580566,MF
Catherine,Hans,2.053539037704468,MF
Caitlyn,Owen,2.0535624027252197,MF
Ben,Emma,2.0535635948181152,MF
AnnabelletheGhost,Neel,2.0536086559295654,MF
Abigail,Keybo,2.053652763366699,MF
Jack,Sara,2.053682565689087,MF
Catherine,Ron,2.0536880493164062,MF
Liam,Victoria,2.053739309310913,MF
KilliantheVampire,Viqqie,2.0537827014923096,MF
Furnando,Helena,2.0537946224212646,MF
Catherine,Damian,2.053861618041992,MF
Dan,Riley,2.053908348083496,MF
Glenda,Michael,2.0539491176605225,MF
Owen,Rebecca,2.0541675090789795,MF
Keybo,Viqqie,2.054187059402466,MF
Lydia,Michael,2.054199457168579,MF
Cyrus,Nia,2.054203748703003,MF
Philip,SabrinatheWitch,2.054287910461426,MF
Carol,Tyson,2.054288148880005,MF
Athena,Chase,2.054450750350952,MF
Dylan,Jenna,2.054497003555298,MF
Jack,Vanessa,2.0545012950897217,MF
Larry,Maddie,2.054527282714844,MF
Buddy,Echo,2.054581642150879,MF
Elias,MrsClaus,2.0546298027038574,MF
Vanessa,Vincent,2.0547022819519043,MF
Bell,Vincent,2.0547034740448,MF
Patrick,SabrinatheWitch,2.054713487625122,MF
KilliantheVampire,Nana,2.0547189712524414,MF
Henry,Lucille,2.054723024368286,MF
UncleHank,Vivien,2.054765462875366,MF
Catherine,Elias,2.0547783374786377,MF
Carol,Frankenstein,2.0548744201660156,MF
George,Rita,2.054875612258911,MF
Sara,Simon,2.054894208908081,MF
Liam,Viqqie,2.0549159049987793,MF
Avery,Jack,2.0550291538238525,MF
Carl,Lucille,2.055042028427124,MF
Benny,Olivia,2.055058240890503,MF
KlipKim,Stephanie,2.0550665855407715,MF
Damian,Harper,2.055105209350586,MF
Agatha,Jimmy,2.0551235675811768,MF
Damian,Hailey,2.055138349533081,MF
Graham,Lucille,2.05517053604126,MF
Glenda,Sindarin,2.0551857948303223,MF
Chloe,Santa,2.055332660675049,MF
Jake,Lucille,2.055386543273926,MF
Charlotte,Owen,2.055389642715454,MF
Amber,Vincent,2.0554118156433105,MF
Maddie,Nathan,2.055443525314331,MF
Angela,Tim,2.0554707050323486,MF
Duke,Rachel,2.055483102798462,MF
Mia,PN,2.055490493774414,MF
Doug,Mia,2.0555202960968018,MF
Angela,Michael,2.055596351623535,MF
Duke,Tessa,2.0556328296661377,MF
Bell,Furnando,2.055696964263916,MF
Jenna,Joshua,2.0557701587677,MF
George,Lucille,2.055884838104248,MF
Doughnut,KilliantheVampire,2.0559866428375244,MF
Frankenstein,Sophia,2.055989027023315,MF
MrsClaus,Ravi,2.056053876876831,MF
Audrey,Callan,2.0560903549194336,MF
MrsClaus,Tim,2.056104898452759,MF
Grace,Rudolph,2.0561416149139404,MF
Brad,Maisie,2.0561468601226807,MF
SabrinatheWitch,Santa,2.056208372116089,MF
Patrick,Shana,2.056246519088745,MF
April,Henry,2.0562903881073,MF
Emma,Ryan,2.0563950538635254,MF
Charlotte,Philip,2.05646014213562,MF
Alex,JackoLantern,2.056480646133423,MF
Janet,West,2.0564873218536377,MF
Lydia,NewscasterJohn,2.056492328643799,MF
Natalie,Philip,2.0565128326416016,MF
Carol,NewscasterJohn,2.056516170501709,MF
Jodie,NewscasterJohn,2.056619882583618,MF
Carlos,Starling,2.0566611289978027,MF
Avery,Royce,2.0566742420196533,MF
Charlotte,UncleHank,2.056785821914673,MF
George,Vivien,2.0570549964904785,MF
Margot,Philip,2.0572409629821777,MF
Landon,Skylar,2.0573322772979736,MF
Nova,Robert,2.0574214458465576,MF
Cyrus,Valerie,2.0575125217437744,MF
Caitlyn,Callan,2.0575573444366455,MF
Chad,Tina,2.0575788021087646,MF
George,Helena,2.057581663131714,MF
Claire,Tyson,2.0576815605163574,MF
Liz,River,2.057696580886841,MF
Angela,Keybo,2.057704448699951,MF
Lydia,Sean,2.057731866836548,MF
Jenna,Simon,2.057751178741455,MF
Stephanie,Walter,2.0577521324157715,MF
Athena,Noa,2.057791233062744,MF
Caleb,Rita,2.0577991008758545,MF
Caitlyn,Hugh,2.0578763484954834,MF
Bell,Kanno,2.0579798221588135,MF
Jodie,Patrick,2.0579938888549805,MF
SantaClaus,Shana,2.057994842529297,MF
David,Vivien,2.058014154434204,MF
Lydia,Tyson,2.058081865310669,MF
Michael,Sylvia,2.0581607818603516,MF
Damian,Grace,2.058220386505127,MF
Abigail,Lloyd,2.058300733566284,MF
Doug,Rita,2.0583574771881104,MF
Justin,Kristen,2.0584206581115723,MF
Carlos,Patricia,2.0584628582000732,MF
AnnabelletheGhost,UncleHank,2.058480739593506,MF
Royce,Skylar,2.0585224628448486,MF
Callan,Olivia,2.05855941772461,MF
Abigail,Michael,2.0586183071136475,MF
Tina,West,2.0586538314819336,MF
Sylvia,Tyson,2.0586891174316406,MF
Furnando,Samantha,2.0586981773376465,MF
Eman,Maddie,2.058845281600952,MF
April,Jimmy,2.058871030807495,MF
Janet,Simon,2.058874130249023,MF
Cyrus,Jenna,2.05890154838562,MF
Jimmy,Starling,2.0589053630828857,MF
Matthew,Sophia,2.0589654445648193,MF
Harper,Noa,2.0589773654937744,MF
Eman,Sara,2.058992624282837,MF
Lydia,West,2.059077024459839,MF
Lloyd,Margot,2.0590813159942627,MF
Eman,Stephanie,2.059143304824829,MF
Buddy,Vivien,2.0591952800750732,MF
Angela,Robert,2.059403896331787,MF
SabrinatheWitch,Tim,2.059539556503296,MF
Starling,West,2.0595591068267822,MF
Doug,Norah,2.05957293510437,MF
Logan,Patricia,2.0596368312835693,MF
Amber,Santa,2.059654712677002,MF
Edward,SabrinatheWitch,2.0596959590911865,MF
Echo,Neel,2.059713125228882,MF
Harper,Lloyd,2.0597541332244873,MF
Furnando,Patricia,2.0598700046539307,MF
Edward,Lindsay,2.059918165206909,MF
Icarus,Margot,2.059987783432007,MF
Annie,Wade,2.0600719451904297,MF
AnnabelletheGhost,Landon,2.060075044631958,MF
Annie,JackoLantern,2.060227632522583,MF
Carl,MrsClaus,2.0603199005126953,MF
Harper,Justin,2.060535430908203,MF
Caleb,Lucille,2.0605533123016357,MF
Benny,Catherine,2.0605928897857666,MF
Kelly,Neoguard,2.0606367588043213,MF
Samantha,Sindarin,2.06073260307312,MF
April,Cyrus,2.0607376098632812,MF
Simon,Skylar,2.0608584880828857,MF
Doughnut,Frankenstein,2.0609021186828613,MF
Damian,Mia,2.0609428882598877,MF
Carl,Viqqie,2.060950517654419,MF
Camila,Royce,2.0609519481658936,MF
Buddy,Chloe,2.0609536170959473,MF
Landon,Vanessa,2.0609567165374756,MF
Caleb,Millie,2.061025619506836,MF
Carl,Harper,2.0610597133636475,MF
Chloe,Frankenstein,2.0611460208892822,MF
Rex,Samantha,2.0611937046051025,MF
Bell,Xavier,2.061227321624756,MF
Aaron,Skylar,2.061235189437866,MF
Abigail,Peter,2.0612661838531494,MF
Athena,Rex,2.061317205429077,MF
Natalie,Viktor,2.061331033706665,MF
Jenna,Vincent,2.061389923095703,MF
Patrick,Rachel,2.061422824859619,MF
NewscasterJohn,Starling,2.061500310897827,MF
Ben,Catherine,2.0615885257720947,MF
Kevin,Lindsay,2.0616471767425537,MF
Chloe,Graham,2.0616519451141357,MF
Janet,Neoguard,2.0616674423217773,MF
Lucille,Noa,2.061704397201538,MF
Jack,Liz,2.061716318130493,MF
Lindsay,Ryan,2.061819314956665,MF
Charlotte,Sean,2.0618367195129395,MF
Chloe,Damian,2.0618956089019775,MF
Callan,Norah,2.0619208812713623,MF
Eman,Helena,2.0621399879455566,MF
Bruce,Margot,2.0621795654296875,MF
CaptainBill,Mia,2.0621798038482666,MF
Annie,Ryan,2.062189817428589,MF
Hans,Millie,2.0622284412384033,MF
Patricia,Tim,2.062237501144409,MF
Chloe,Edward,2.062244176864624,MF
Buddy,Catherine,2.062256336212158,MF
KlipKim,Maisie,2.0622777938842773,MF
Athena,Simon,2.062311887741089,MF
Kristen,Wade,2.0623204708099365,MF
Athena,Kevin,2.0623466968536377,MF
Landon,Tina,2.0625159740448,MF
April,Doug,2.062547206878662,MF
Ben,Katie,2.0625641345977783,MF
Bruce,Nova,2.0626208782196045,MF
Claire,David,2.06274151802063,MF
Doughnut,Henry,2.062772035598755,MF
CaptainBill,Stephanie,2.0628154277801514,MF
Charlotte,River,2.062958002090454,MF
Justin,Riley,2.0631396770477295,MF
Dylan,Sophia,2.063206195831299,MF
Bell,Neoguard,2.063214063644409,MF
Rex,Vivien,2.063268661499023,MF
Aaron,Tina,2.063319206237793,MF
Cyrus,Zoey,2.063359022140503,MF
Hailey,Sean,2.0635361671447754,MF
AnnabelletheGhost,Caleb,2.0635619163513184,MF
Harper,Neoguard,2.0635693073272705,MF
Aaron,Doughnut,2.0635735988616943,MF
Rebecca,Tim,2.063593864440918,MF
Jackson,Lucille,2.0636889934539795,MF
Jackson,Zoey,2.063697338104248,MF
Starling,Tim,2.0637028217315674,MF
Lydia,Robert,2.0637636184692383,MF
Echo,Sindarin,2.0637640953063965,MF
Catherine,George,2.063767671585083,MF
Aiden,Maisie,2.0639076232910156,MF
Lucille,Matthew,2.063995361328125,MF
Peter,SabrinatheWitch,2.064085006713867,MF
Jack,Lindsay,2.064166784286499,MF
Damian,Liz,2.064194440841675,MF
Jack,Skylar,2.0642197132110596,MF
Oscar,Rita,2.0642473697662354,MF
Angela,Duke,2.064298629760742,MF
Cyrus,Patricia,2.064303159713745,MF
Chase,Janet,2.0644071102142334,MF
Elias,Rita,2.064408302307129,MF
AnnabelletheGhost,Philip,2.0644357204437256,MF
Cyrus,Norah,2.064640760421753,MF
Avery,Ron,2.0646462440490723,MF
Hailey,Xavier,2.0646750926971436,MF
Athena,Frankenstein,2.0647096633911133,MF
Athena,Royce,2.0648436546325684,MF
Echo,Rex,2.0649678707122803,MF
Millie,Robert,2.065065622329712,MF
Liam,Lindsay,2.0650932788848877,MF
Chad,Mia,2.06510066986084,MF
Catherine,Lloyd,2.0653038024902344,MF
Damian,Rebecca,2.0653223991394043,MF
Margot,NewscasterJohn,2.065383195877075,MF
Charlotte,Joshua,2.065437078475952,MF
Aiden,Emma,2.06546950340271,MF
Hugh,Olivia,2.065525770187378,MF
Kevin,Starling,2.065577983856201,MF
Olivia,Tyson,2.0656168460845947,MF
Justin,Vanessa,2.065624475479126,MF
Caleb,Tina,2.06575083732605,MF
Jennifer,River,2.0657541751861572,MF
AnnabelletheGhost,Jimmy,2.065795660018921,MF
Dylan,Stephanie,2.0658512115478516,MF
Kanno,Lindsay,2.0658929347991943,MF
Doughnut,Tyson,2.066098928451538,MF
Margaret,Santa,2.0661325454711914,MF
Amber,Carl,2.066218614578247,MF
Jenna,Rudolph,2.0662412643432617,MF
David,Katie,2.0662786960601807,MF
Doughnut,Rex,2.0663015842437744,MF
Helena,Walter,2.0665090084075928,MF
Jeff,Kristen,2.066513776779175,MF
Ryan,Vanessa,2.0665454864501953,MF
Landon,Rebecca,2.0665760040283203,MF
Lucille,River,2.0666375160217285,MF
Frankenstein,Olivia,2.0666394233703613,MF
Hans,Jenna,2.0666604042053223,MF
Kristen,Ravi,2.0667011737823486,MF
Skylar,Wade,2.066749334335327,MF
Nova,SantaClaus,2.0667665004730225,MF
Carl,Zoey,2.066767454147339,MF
Jack,Riley,2.066955327987671,MF
Gus,Millie,2.0670034885406494,MF
Neoguard,Riley,2.067061424255371,MF
Edward,Victoria,2.0670831203460693,MF
Oliver,SantaClaus,2.0670931339263916,MF
Charlotte,Gus,2.0670955181121826,MF
Norah,West,2.067171573638916,MF
Lydia,Tim,2.0672190189361572,MF
Catherine,River,2.0672285556793213,MF
Janet,Walter,2.0672788619995117,MF
Agatha,Dylan,2.067401647567749,MF
Cole,Harper,2.0674262046813965,MF
Chloe,Michael,2.067462205886841,MF
Maisie,Santa,2.0675785541534424,MF
Hans,Vivien,2.0676798820495605,MF
Buddy,Rita,2.067723035812378,MF
Chase,Harper,2.067725419998169,MF
Robert,Verna,2.0678112506866455,MF
Camila,Carl,2.0678954124450684,MF
Rudolph,Tessa,2.0680582523345947,MF
Larry,Lindsay,2.068155527114868,MF
Emma,Jimmy,2.068178176879883,MF
Aiden,Doughnut,2.0682902336120605,MF
AnnabelletheGhost,Sindarin,2.0683839321136475,MF
KlipKim,Starling,2.068495035171509,MF
Callan,Camila,2.068563222885132,MF
Chad,Vivien,2.0686323642730713,MF
George,Tina,2.0686657428741455,MF
Rudolph,Skylar,2.0687034130096436,MF
Jennifer,Rudolph,2.0687525272369385,MF
Doug,Helena,2.0687954425811768,MF
Patricia,Walter,2.0688886642456055,MF
Doughnut,NewscasterJohn,2.068912982940674,MF
Jackson,Rebecca,2.068938732147217,MF
Matthew,Patricia,2.0689399242401123,MF
Edward,Rita,2.068955659866333,MF
Helena,Neel,2.069047451019287,MF
David,Jennifer,2.069063663482666,MF
Harper,KlipKim,2.069206953048706,MF
AnnabelletheGhost,Jeff,2.0692403316497803,MF
Lucille,West,2.0692403316497803,MF
April,Ben,2.0693037509918213,MF
Jeff,Tina,2.0693418979644775,MF
Benny,MrsClaus,2.069385051727295,MF
Norah,Tim,2.0694596767425537,MF
Jackson,Verna,2.0695056915283203,MF
Ryan,Zoey,2.0695693492889404,MF
Logan,Sara,2.06957745552063,MF
Owen,Verna,2.0696280002593994,MF
Jack,Jenna,2.069648027420044,MF
Olivia,Patrick,2.069782018661499,MF
CaptainBill,Millie,2.0697994232177734,MF
Aaron,Grace,2.0698728561401367,MF
Buddy,Skylar,2.069967031478882,MF
Frankenstein,Kristen,2.069971799850464,MF
Kristen,Sean,2.069977045059204,MF
Hailey,Neel,2.069990634918213,MF
David,Lydia,2.0700159072875977,MF
Rita,Robert,2.0700275897979736,MF
AnnabelletheGhost,Ron,2.0700299739837646,MF
KlipKim,Millie,2.0700523853302,MF
Doug,Skylar,2.0700979232788086,MF
Henry,Margot,2.0701348781585693,MF
Caleb,Chloe,2.0703511238098145,MF
Claire,Owen,2.070368528366089,MF
Riley,Sindarin,2.0704257488250732,MF
Harper,Neel,2.0706093311309814,MF
David,Janet,2.070673942565918,MF
David,Tina,2.0707406997680664,MF
Doughnut,Philip,2.070831060409546,MF
Claire,Michael,2.0708413124084473,MF
Audrey,Rusty,2.070859432220459,MF
Glenda,Philip,2.0708677768707275,MF
Angela,Peter,2.070913553237915,MF
Damian,Janet,2.0710294246673584,MF
Bell,Liam,2.0710813999176025,MF
Liam,Patricia,2.071166753768921,MF
AnnabelletheGhost,Robert,2.071190357208252,MF
Rita,Tim,2.071223020553589,MF
Sindarin,Valerie,2.071239471435547,MF
Alex,Walter,2.071242094039917,MF
Cole,Katie,2.071286678314209,MF
Chad,Katie,2.071372985839844,MF
Benny,Glenda,2.071455717086792,MF
Callan,Natalie,2.071460008621216,MF
Avery,George,2.07181453704834,MF
Doughnut,Kevin,2.072016716003418,MF
Gus,Olivia,2.0721347332000732,MF
Liz,Rudolph,2.072143316268921,MF
Hans,Rebecca,2.0721583366394043,MF
Angela,Ravi,2.0722150802612305,MF
Rebecca,Sean,2.0722317695617676,MF
Grace,Hugh,2.0722365379333496,MF
Doughnut,UncleHank,2.0724031925201416,MF
Avery,Hugh,2.0724408626556396,MF
Carl,Charlotte,2.0724596977233887,MF
Neoguard,Stephanie,2.0725109577178955,MF
Lindsay,Matthew,2.0725882053375244,MF
Jackson,Rita,2.0726912021636963,MF
Doughnut,Jack,2.0726938247680664,MF
Jake,Kelsey,2.072782278060913,MF
Rudolph,Starling,2.072791814804077,MF
April,KlipKim,2.072827100753784,MF
Rebecca,Sindarin,2.0728342533111572,MF
Noa,Vanessa,2.0728514194488525,MF
Caleb,Catherine,2.072937250137329,MF
David,Mia,2.0730011463165283,MF
Bell,Caleb,2.073046922683716,MF
CaptainBill,Patricia,2.0730888843536377,MF
Athena,KlipKim,2.073094606399536,MF
Millie,Walter,2.0730960369110107,MF
Eman,Rita,2.0731112957000732,MF
CaptainBill,Sophia,2.0731141567230225,MF
Abigail,Tyson,2.07315993309021,MF
Keybo,Nia,2.0732076168060303,MF
Henry,Sophia,2.0732481479644775,MF
Athena,Caleb,2.0733187198638916,MF
Jake,Margaret,2.073354482650757,MF
Duke,Sara,2.073366641998291,MF
Callan,Lydia,2.0733754634857178,MF
Joshua,Kelly,2.073380470275879,MF
Abigail,Robert,2.073389768600464,MF
Echo,Henry,2.073437452316284,MF
Emma,Sean,2.073526382446289,MF
Doug,Jenna,2.0735321044921875,MF
Chloe,Elias,2.0735342502593994,MF
Ben,Riley,2.073601484298706,MF
Margaret,Tyson,2.073603391647339,MF
Echo,Kanno,2.0736286640167236,MF
Nana,Santa,2.073658227920532,MF
Janet,Kevin,2.0737831592559814,MF
Amber,Graham,2.0738794803619385,MF
Glenda,Jack,2.073923349380493,MF
Camila,Rex,2.073965311050415,MF
Maisie,Neoguard,2.0739874839782715,MF
Lloyd,Nova,2.074005603790283,MF
Cyrus,Riley,2.0740675926208496,MF
Norah,SantaClaus,2.074068546295166,MF
Aaron,Samantha,2.0740692615509033,MF
Abigail,Callan,2.074113130569458,MF
Doughnut,Furnando,2.0741677284240723,MF
Caleb,Janet,2.074240207672119,MF
Aaron,AnnabelletheGhost,2.0742688179016113,MF
Riley,Sean,2.074347734451294,MF
Buddy,Charlotte,2.07436203956604,MF
Carol,Cyrus,2.074465036392212,MF
Liam,Margot,2.074473142623902,MF
Liam,Rebecca,2.074514865875244,MF
Grace,Rex,2.0745861530303955,MF
Chad,Helena,2.074658155441284,MF
Bell,PN,2.0746583938598633,MF
Hugh,Natalie,2.074704885482788,MF
Angela,UncleHank,2.074781656265259,MF
Harper,Santa,2.074791193008423,MF
Annie,Kanno,2.0748109817504883,MF
Doughnut,George,2.0748133659362793,MF
Lydia,Philip,2.0748822689056396,MF
Agatha,Owen,2.0748915672302246,MF
Damian,Viqqie,2.074911832809448,MF
Caitlyn,Philip,2.0749423503875732,MF
Sara,Slushy,2.0750224590301514,MF
Liz,Rex,2.0750386714935303,MF
Santa,Sylvia,2.075050115585327,MF
Tyson,Victoria,2.0751640796661377,MF
Chad,Rebecca,2.075267553329468,MF
Millie,PN,2.075270652770996,MF
Doughnut,Neel,2.0753417015075684,MF
Abigail,Duke,2.0753538608551025,MF
Echo,Furnando,2.0753839015960693,MF
Keybo,Lindsay,2.075404644012451,MF
Chad,Lindsay,2.0754268169403076,MF
Ben,Samantha,2.075448989868164,MF
Camila,Peter,2.0754549503326416,MF
Maddie,Ryan,2.0754802227020264,MF
Natalie,Owen,2.0755088329315186,MF
Hans,Margaret,2.0755298137664795,MF
Aiden,Millie,2.075532913208008,MF
Edward,Starling,2.0756096839904785,MF
Logan,Paige,2.075871706008911,MF
Audrey,Philip,2.076019048690796,MF
Bruce,Chloe,2.0760438442230225,MF
Chad,Riley,2.07608699798584,MF
Liz,Santa,2.0761282444000244,MF
David,Kelly,2.0761911869049072,MF
Keybo,Natalie,2.076215982437134,MF
Graham,Harper,2.076237678527832,MF
Gus,Samantha,2.076237916946411,MF
NewscasterJohn,Viqqie,2.076308488845825,MF
April,Hugh,2.0763142108917236,MF
Dylan,Patricia,2.076467275619507,MF
SabrinatheWitch,SantaClaus,2.076616048812866,MF
Callan,Tessa,2.076639413833618,MF
Callan,Sara,2.076711654663086,MF
Jimmy,Patricia,2.076716184616089,MF
Ron,Victoria,2.076803684234619,MF
Echo,Oscar,2.0768558979034424,MF
Larry,Paige,2.0768702030181885,MF
Royce,Zoey,2.076931953430176,MF
Charlotte,Hans,2.0769710540771484,MF
David,Samantha,2.0770556926727295,MF
Carl,Rita,2.0770671367645264,MF
Caleb,Kelsey,2.077080011367798,MF
Graham,Lindsay,2.0771543979644775,MF
AnnabelletheGhost,River,2.0771799087524414,MF
Liam,Tina,2.0772335529327393,MF
Athena,Ben,2.0772740840911865,MF
Norah,Ron,2.0773332118988037,MF
Camila,Jeff,2.077341318130493,MF
Avery,Jeff,2.0773885250091553,MF
Kristen,Royce,2.077430486679077,MF
Charlotte,Tyson,2.077439308166504,MF
Maddie,Wade,2.0774686336517334,MF
NewscasterJohn,Vivien,2.077521562576294,MF
Jimmy,Millie,2.0775272846221924,MF
Alex,Carlos,2.077540397644043,MF
Claire,Jake,2.077550172805786,MF
Furnando,Rita,2.077728509902954,MF
Kevin,Vanessa,2.077760934829712,MF
Eman,Patricia,2.0777790546417236,MF
Hailey,Ryan,2.077842950820923,MF
Janet,KlipKim,2.077878952026367,MF
Sophia,Walter,2.077890396118164,MF
Chad,Stephanie,2.0778920650482178,MF
Frankenstein,Victoria,2.0779385566711426,MF
Kelsey,Tyson,2.077993631362915,MF
Aiden,Samantha,2.078054904937744,MF
Ravi,Tina,2.0780816078186035,MF
Echo,Frankenstein,2.0783333778381348,MF
Bell,Chase,2.078360795974731,MF
Graham,Millie,2.0783939361572266,MF
Doughnut,Ravi,2.078423976898194,MF
Jackson,Stephanie,2.078433036804199,MF
Harper,Rudolph,2.0784456729888916,MF
AnnabelletheGhost,Sean,2.078648805618286,MF
AnnabelletheGhost,Carl,2.078690528869629,MF
Harper,Rex,2.0787084102630615,MF
Katie,River,2.078740119934082,MF
Maisie,Walter,2.078841209411621,MF
Rita,Simon,2.078852891921997,MF
Bell,Larry,2.0788652896881104,MF
Natalie,Peter,2.07888126373291,MF
Tyson,Vivien,2.0788910388946533,MF
Bell,Doug,2.0789151191711426,MF
Hailey,Joshua,2.0790059566497803,MF
Aiden,Vanessa,2.0790481567382812,MF
Kelly,Oscar,2.0791261196136475,MF
Ron,SabrinatheWitch,2.079132318496704,MF
Claire,Robert,2.0791780948638916,MF
Michael,SabrinatheWitch,2.079179048538208,MF
Cole,Emma,2.0792388916015625,MF
Graham,Patricia,2.079261302947998,MF
Jodie,Ron,2.079268217086792,MF
Bell,Simon,2.0792813301086426,MF
Bruce,Mia,2.079331159591675,MF
Harper,Royce,2.079357624053955,MF
Charlotte,Ravi,2.0793848037719727,MF
Emma,Neoguard,2.07946515083313,MF
MrsClaus,Philip,2.079508066177368,MF
Audrey,Rex,2.0795340538024902,MF
Hugh,Margot,2.079634189605713,MF
Charlotte,Walter,2.079667329788208,MF
Alex,Dean,2.07970666885376,MF
April,Vincent,2.0799312591552734,MF
Annie,Brad,2.079942464828491,MF
Kelly,Ron,2.0800442695617676,MF
Rex,Starling,2.0801331996917725,MF
Patrick,Verna,2.0801470279693604,MF
Robert,Samantha,2.080228090286255,MF
Bell,Sindarin,2.080251693725586,MF
Doughnut,West,2.0802600383758545,MF
Buddy,Riley,2.080345392227173,MF
Aaron,Catherine,2.0803756713867188,MF
Katie,Kevin,2.0804331302642822,MF
Grace,Henry,2.0805444717407227,MF
Athena,Chad,2.080601692199707,MF
Liam,Zoey,2.0809807777404785,MF
Bruce,Nia,2.0809831619262695,MF
Liz,Tyson,2.0810110569000244,MF
Ron,Tessa,2.0810420513153076,MF
Ben,Harper,2.081111192703247,MF
Helena,Landon,2.0811164379119873,MF
Damian,Millie,2.0811660289764404,MF
Camila,Mark,2.081188678741455,MF
AnnabelletheGhost,Damian,2.081237554550171,MF
Edward,Riley,2.08124041557312,MF
Damian,Doughnut,2.081245183944702,MF
NewscasterJohn,Verna,2.0812718868255615,MF
Lucille,Vincent,2.081291437149048,MF
Millie,Tim,2.0813300609588623,MF
Margaret,Rudolph,2.081346273422241,MF
Natalie,UncleHank,2.0813705921173096,MF
Jackson,Nia,2.081435441970825,MF
George,Patricia,2.0814895629882812,MF
Liz,Philip,2.081568717956543,MF
Jake,Skylar,2.081692934036255,MF
Damian,Echo,2.081699848175049,MF
Philip,Verna,2.0817415714263916,MF
Aaron,Athena,2.0817439556121826,MF
Jack,Mia,2.08174467086792,MF
AnnabelletheGhost,Dylan,2.081851005554199,MF
Icarus,Verna,2.081916570663452,MF
Noa,Samantha,2.081984758377075,MF
Charlotte,Jeff,2.0820775032043457,MF
Ravi,Stephanie,2.0821292400360107,MF
Neoguard,Vanessa,2.0821597576141357,MF
Elias,Emma,2.0821633338928223,MF
Jennifer,Keybo,2.082200765609741,MF
Bruce,Margaret,2.0822315216064453,MF
Dylan,Katie,2.0823330879211426,MF
Athena,Neel,2.0823845863342285,MF
Hailey,Landon,2.082395076751709,MF
April,George,2.082397222518921,MF
Michael,MrsClaus,2.082501173019409,MF
Rita,Vincent,2.082538366317749,MF
Caitlyn,Rex,2.0825388431549072,MF
Caitlyn,Jackson,2.0825979709625244,MF
Katie,Wade,2.0826852321624756,MF
Justin,Rebecca,2.0827059745788574,MF
DollarJr,Vanessa,2.0827343463897705,MF
Chad,Sophia,2.0828053951263428,MF
Kelsey,Michael,2.0828659534454346,MF
Doug,Riley,2.0829098224639893,MF
Keybo,Rebecca,2.082920789718628,MF
Michael,Rebecca,2.0829930305480957,MF
Bell,Philip,2.0830771923065186,MF
Owen,Rachel,2.0831549167633057,MF
Benny,Kelsey,2.0832269191741943,MF
Cole,Tina,2.0833818912506104,MF
George,Stephanie,2.0834076404571533,MF
River,Stephanie,2.0834076404571533,MF
Patricia,River,2.0835087299346924,MF
Kristen,Peter,2.083585739135742,MF
AnnabelletheGhost,Callan,2.0836336612701416,MF
Caleb,Doughnut,2.0836572647094727,MF
Jimmy,Samantha,2.083677053451538,MF
Hans,Oliver,2.083681106567383,MF
Michael,Riley,2.08370041847229,MF
Doug,Nia,2.0837154388427734,MF
Catherine,Hugh,2.0837419033050537,MF
Rita,Slushy,2.083752155303955,MF
Jake,Liz,2.083770990371704,MF
Lloyd,Nana,2.083833694458008,MF
Kristen,Owen,2.0838615894317627,MF
Lloyd,Margaret,2.0838754177093506,MF
Carl,Patricia,2.0839412212371826,MF
Alex,Slushy,2.083966016769409,MF
Echo,Rudolph,2.083984613418579,MF
Rex,Stephanie,2.0840108394622803,MF
Bruce,Carol,2.084022045135498,MF
Cole,Vanessa,2.084190607070923,MF
Agatha,Duke,2.08427357673645,MF
April,Kanno,2.084348440170288,MF
Janet,Xavier,2.084528923034668,MF
Jenna,Viktor,2.0846922397613525,MF
Catherine,Justin,2.084766387939453,MF
Callan,Emma,2.084883213043213,MF
Echo,Graham,2.084902286529541,MF
Bell,Graham,2.084944725036621,MF
Avery,NewscasterJohn,2.084998369216919,MF
Elias,Norah,2.085026741027832,MF
Chloe,Rex,2.0850749015808105,MF
Caitlyn,George,2.085233449935913,MF
Bruce,Zoey,2.0852372646331787,MF
Echo,Jake,2.085287094116211,MF
Royce,Valerie,2.0852980613708496,MF
Lucille,Michael,2.085331678390503,MF
Caitlyn,Carl,2.0853641033172607,MF
Jack,Janet,2.085399866104126,MF
Henry,Valerie,2.0854153633117676,MF
Camila,David,2.0854384899139404,MF
Audrey,Caleb,2.085498094558716,MF
MrsClaus,Rudolph,2.0855209827423096,MF
Buddy,Tina,2.085531711578369,MF
Catherine,Chase,2.0855507850646973,MF
Helena,Justin,2.0856316089630127,MF
Bruce,Camila,2.0857865810394287,MF
Neoguard,Sara,2.0857880115509033,MF
Emma,Robert,2.0857961177825928,MF
Kanno,Vanessa,2.085902452468872,MF
David,Margot,2.085979700088501,MF
Callan,Janet,2.085984230041504,MF
Hans,Nova,2.0859992504119873,MF
Icarus,MrsClaus,2.0860650539398193,MF
Emma,Ravi,2.086250066757202,MF
Nova,Ron,2.0863025188446045,MF
Chloe,Lloyd,2.0863239765167236,MF
Icarus,Jodie,2.086344003677368,MF
Jodie,Peter,2.0865657329559326,MF
Emma,Vincent,2.086749792098999,MF
Margaret,UncleHank,2.0868499279022217,MF
Lydia,Owen,2.0869228839874268,MF
Jeff,Riley,2.086972951889038,MF
Gus,Lydia,2.0869908332824707,MF
Charlotte,Henry,2.087019205093384,MF
Kevin,Patricia,2.0870699882507324,MF
Rudolph,Viqqie,2.087085723876953,MF
Gus,Hailey,2.0871012210845947,MF
Emma,Jack,2.087292194366455,MF
Santa,Tina,2.0873897075653076,MF
Edward,Kelsey,2.0875232219696045,MF
Grace,River,2.087543487548828,MF
Janet,River,2.087552309036255,MF
Keybo,Maisie,2.0875699520111084,MF
MrsClaus,Owen,2.08758807182312,MF
Glenda,Rudolph,2.087592840194702,MF
CaptainBill,Vanessa,2.0876262187957764,MF
Santa,Starling,2.0876376628875732,MF
Echo,Justin,2.08771014213562,MF
George,Valerie,2.087971448898315,MF
Graham,Nova,2.0879719257354736,MF
Philip,Victoria,2.087974786758423,MF
Slushy,Viqqie,2.0880415439605713,MF
Camila,Santa,2.088090658187866,MF
Charlotte,Frankenstein,2.088141918182373,MF
Duke,Oliver,2.08821702003479,MF
Buddy,Jodie,2.088256597518921,MF
Jake,Jodie,2.088343858718872,MF
Graham,Norah,2.0884363651275635,MF
Alex,Sindarin,2.0884788036346436,MF
Chad,Janet,2.0884830951690674,MF
Elias,Samantha,2.0884945392608643,MF
Grace,Jeff,2.088582754135132,MF
Joshua,Valerie,2.088660478591919,MF
Callan,Margaret,2.0886712074279785,MF
Kevin,Maisie,2.088757276535034,MF
Ben,Rita,2.08878231048584,MF
Cole,Janet,2.0887839794158936,MF
Elias,Zoey,2.088785409927368,MF
Agatha,Henry,2.088822364807129,MF
Alex,Jack,2.08887243270874,MF
Agatha,Hugh,2.088877439498902,MF
CaptainBill,Nia,2.088889837265014,MF
Athena,Doug,2.088914394378662,MF
George,Jenna,2.088923692703247,MF
Hailey,Slushy,2.088989496231079,MF
Peter,Skylar,2.089005470275879,MF
Frankenstein,Tina,2.08902907371521,MF
Liz,Vincent,2.0890321731567383,MF
Caitlyn,Icarus,2.089040994644165,MF
PN,Rita,2.0890514850616455,MF
Benny,Verna,2.0890743732452393,MF
AnnabelletheGhost,Jackson,2.089097738265991,MF
Hans,Norah,2.08913254737854,MF
Angela,Jack,2.0892138481140137,MF
Maddie,Noa,2.0892374515533447,MF
Chase,Lucille,2.0892996788024902,MF
Owen,SabrinatheWitch,2.0893783569335938,MF
Benny,Lucille,2.0894458293914795,MF
Ravi,Riley,2.08951187133789,MF
April,CaptainBill,2.089662790298462,MF
Dan,Maisie,2.089707851409912,MF
PN,Tina,2.0898773670196533,MF
Avery,Carl,2.0899195671081543,MF
Jeff,Millie,2.0899455547332764,MF
Catherine,PN,2.0899550914764404,MF
Avery,Callan,2.090040922164917,MF
Gus,Riley,2.0900533199310303,MF
Ron,Vanessa,2.090195417404175,MF
Helena,Ravi,2.0902397632598877,MF
Royce,Sophia,2.090240478515625,MF
Audrey,Viktor,2.0902621746063232,MF
Mark,SabrinatheWitch,2.090341806411743,MF
Katie,Liam,2.0903728008270264,MF
Emma,Henry,2.090376615524292,MF
Benny,Starling,2.090386390686035,MF
Doug,Katie,2.0904273986816406,MF
Jenna,KilliantheVampire,2.0904436111450195,MF
Rita,Sindarin,2.090508222579956,MF
Dylan,Lucille,2.090508460998535,MF
Callan,Vanessa,2.0905559062957764,MF
April,Furnando,2.0905747413635254,MF
CaptainBill,Janet,2.090593099594116,MF
Bruce,Vanessa,2.0906431674957275,MF
Rex,Sophia,2.090728521347046,MF
Hugh,Margaret,2.090766191482544,MF
Emma,Hugh,2.090782642364502,MF
Buddy,Starling,2.0907957553863525,MF
Millie,Rudolph,2.0907957553863525,MF
David,Harper,2.090796947479248,MF
Helena,Neoguard,2.0908026695251465,MF
Chase,Norah,2.0909769535064697,MF
Katie,Robert,2.091021776199341,MF
Grace,Royce,2.0910375118255615,MF
Dylan,Lindsay,2.0910699367523193,MF
Caleb,Lindsay,2.091139554977417,MF
Carlos,Sophia,2.091198682785034,MF
Neoguard,Rebecca,2.091228485107422,MF
Joshua,Maddie,2.091296434402466,MF
AnnabelletheGhost,Edward,2.091395616531372,MF
Chase,Jenna,2.0913965702056885,MF
Janet,Matthew,2.091397523880005,MF
KlipKim,Samantha,2.091413736343384,MF
Hans,MrsClaus,2.0914433002471924,MF
Aiden,Bell,2.091511487960815,MF
Avery,Neoguard,2.091620683670044,MF
April,Jackson,2.091637372970581,MF
Lydia,Santa,2.0916802883148193,MF
AnnabelletheGhost,KilliantheVampire,2.0917043685913086,MF
Landon,Stephanie,2.0917162895202637,MF
KilliantheVampire,Margaret,2.091910600662231,MF
Helena,Joshua,2.0919387340545654,MF
Glenda,Mark,2.0920145511627197,MF
Rebecca,River,2.092080593109131,MF
AnnabelletheGhost,West,2.092099189758301,MF
Catherine,Royce,2.092108964920044,MF
Doughnut,Rudolph,2.092193365097046,MF
Charlotte,PN,2.092266082763672,MF
Gus,Sophia,2.092290163040161,MF
Caleb,Emma,2.092350959777832,MF
KilliantheVampire,SabrinatheWitch,2.0923855304718018,MF
Michael,Skylar,2.0923945903778076,MF
Natalie,Patrick,2.0924031734466553,MF
Hans,Sylvia,2.092440605163574,MF
April,Callan,2.0925567150115967,MF
Brad,Lucille,2.092585325241089,MF
Cyrus,Grace,2.0926902294158936,MF
Furnando,Millie,2.0927083492279053,MF
Charlotte,Matthew,2.092735528945923,MF
Doughnut,Sean,2.092824697494507,MF
Icarus,Natalie,2.092923641204834,MF
Jeff,Verna,2.092939615249634,MF
Jodie,Robert,2.093021869659424,MF
Helena,West,2.093027830123902,MF
Frankenstein,Rita,2.0930285453796387,MF
Jodie,Michael,2.093068838119507,MF
Tim,Valerie,2.0930914878845215,MF
Henry,Vanessa,2.0931146144866943,MF
Doug,Samantha,2.09324049949646,MF
Jenna,Neel,2.0932974815368652,MF
Emma,Rudolph,2.0933098793029785,MF
Doughnut,Elias,2.093397378921509,MF
Lloyd,Starling,2.093409776687622,MF
Glenda,Liam,2.0934512615203857,MF
Elias,Millie,2.0935184955596924,MF
Rusty,Valerie,2.0935752391815186,MF
Lindsay,Xavier,2.093616008758545,MF
Tim,Tina,2.0936834812164307,MF
Bruce,Starling,2.0937039852142334,MF
Benny,Claire,2.0937161445617676,MF
Hugh,Jenna,2.0937230587005615,MF
Chloe,Robert,2.0937771797180176,MF
Annie,Carlos,2.093794822692871,MF
Hugh,Kelly,2.0938053131103516,MF
Maisie,Simon,2.093975305557251,MF
Carl,Riley,2.0939948558807373,MF
KlipKim,Vanessa,2.0940558910369873,MF
Hans,Stephanie,2.094083786010742,MF
Lloyd,Oliver,2.094156265258789,MF
Angela,SantaClaus,2.094162940979004,MF
Mark,Nana,2.0942349433898926,MF
Bell,Ron,2.094259023666382,MF
DollarJr,Valerie,2.094311475753784,MF
Claire,NewscasterJohn,2.0943267345428467,MF
Carol,Icarus,2.094681978225708,MF
Paige,Sindarin,2.094722032546997,MF
Mia,Owen,2.094778060913086,MF
Jodie,Tyson,2.094797134399414,MF
Gus,Kelsey,2.094799041748047,MF
Doug,Hailey,2.094896078109741,MF
Santa,Zoey,2.094905376434326,MF
Eman,Lindsay,2.094931364059448,MF
Patrick,Sylvia,2.094968318939209,MF
Neel,Zoey,2.094996929168701,MF
AnnabelletheGhost,Rudolph,2.09509539604187,MF
Charlotte,Viktor,2.0951192378997803,MF
Jeff,Rita,2.095127820968628,MF
Chase,Hailey,2.095148801803589,MF
Riley,Ron,2.095165014266968,MF
Furnando,Vanessa,2.0951836109161377,MF
DollarJr,Helena,2.0952365398406982,MF
Bell,Wade,2.0952420234680176,MF
Katie,Noa,2.0952556133270264,MF
Patricia,Sindarin,2.0952999591827393,MF
Viktor,Vivien,2.0953028202056885,MF
Agatha,Santa,2.09533953666687,MF
Hugh,Vanessa,2.0953590869903564,MF
Bruce,Lucille,2.095393419265747,MF
Athena,Damian,2.0954413414001465,MF
Avery,River,2.0954549312591553,MF
Doug,Millie,2.0954859256744385,MF
Harper,Jeff,2.095559597015381,MF
Doug,Kristen,2.0955817699432373,MF
KlipKim,Sara,2.0956614017486572,MF
Keybo,ReporterCatalina,2.0956661701202393,MF
Ben,Chloe,2.095716714859009,MF
Echo,Santa,2.0957319736480713,MF
Annie,CaptainBill,2.0957329273223877,MF
Cyrus,Doughnut,2.095749616622925,MF
KlipKim,Rita,2.095817804336548,MF
Liz,Lloyd,2.0959088802337646,MF
Audrey,NewscasterJohn,2.095956563949585,MF
Bell,Chad,2.096046209335327,MF
Justin,Stephanie,2.0960843563079834,MF
Avery,Henry,2.0961315631866455,MF
Nathan,Paige,2.096224546432495,MF
Callan,Liz,2.0963048934936523,MF
Janet,Ryan,2.0964624881744385,MF
Jodie,SantaClaus,2.0964629650115967,MF
Athena,Cyrus,2.0965068340301514,MF
Landon,Lindsay,2.09655237197876,MF
Hailey,Kevin,2.0965893268585205,MF
Alex,Joshua,2.0966672897338867,MF
Athena,Henry,2.096689939498902,MF
Athena,Elias,2.096695899963379,MF
Icarus,Lucille,2.096702337265014,MF
Hugh,Liz,2.09684157371521,MF
Samantha,Vincent,2.096970796585083,MF
AnnabelletheGhost,Owen,2.0970075130462646,MF
Kelsey,Viktor,2.097022533416748,MF
Ben,Charlotte,2.0971529483795166,MF
Abigail,Ron,2.0971615314483643,MF
Angela,Tyson,2.097235918045044,MF
Cyrus,Starling,2.0973706245422363,MF
Robert,Zoey,2.0974185466766357,MF
KilliantheVampire,Shana,2.0975241661071777,MF
Cyrus,Tina,2.097533941268921,MF
Cyrus,Harper,2.0976247787475586,MF
Aaron,Emma,2.097646474838257,MF
Carol,Santa,2.097674608230591,MF
Owen,Zoey,2.097698450088501,MF
Janet,Oscar,2.0977132320404053,MF
Graham,Sara,2.09775972366333,MF
Owen,Viqqie,2.0979058742523193,MF
Harper,West,2.0979485511779785,MF
Lucille,NewscasterJohn,2.097956657409668,MF
Icarus,Margaret,2.0979671478271484,MF
Michael,Olivia,2.0979697704315186,MF
Helena,Simon,2.097975492477417,MF
Margaret,Viktor,2.09801983833313,MF
Mia,SantaClaus,2.09809947013855,MF
MrsClaus,Tyson,2.0981087684631348,MF
George,Grace,2.0981428623199463,MF
Bruce,Sara,2.098242998123169,MF
Agatha,Michael,2.0982515811920166,MF
Catherine,Tyson,2.09832501411438,MF
Carl,Norah,2.098397016525269,MF
Doughnut,Owen,2.0984151363372803,MF
Duke,Sylvia,2.0984232425689697,MF
Chad,Skylar,2.098457098007202,MF
Starling,Vincent,2.098496198654175,MF
Bell,Rex,2.098533868789673,MF
Cyrus,Lucille,2.0986621379852295,MF
Camila,Frankenstein,2.09871506690979,MF
Camila,Jimmy,2.0987329483032227,MF
Neel,Tina,2.0987558364868164,MF
Hailey,Neoguard,2.098834276199341,MF
Duke,Jennifer,2.09885573387146,MF
AnnabelletheGhost,Henry,2.098890542984009,MF
April,Graham,2.098975658416748,MF
Olivia,Viktor,2.098984956741333,MF
Doughnut,Jackson,2.0990490913391113,MF
Alex,Larry,2.0991764068603516,MF
April,David,2.0992066860198975,MF
Amber,Elias,2.099289894104004,MF
Kristen,Tim,2.0992982387542725,MF
Hailey,Jimmy,2.09936785697937,MF
Shana,Viktor,2.099382162094116,MF
Natalie,SantaClaus,2.0994181632995605,MF
Amber,Jack,2.099597215652466,MF
Cyrus,Millie,2.099597215652466,MF
Ben,Glenda,2.0996291637420654,MF
Avery,David,2.099647283554077,MF
Abigail,UncleHank,2.09966778755188,MF
AnnabelletheGhost,Gus,2.099705219268799,MF
Rebecca,Rudolph,2.0997157096862793,MF
Carl,Lydia,2.099787950515747,MF
Carlos,Helena,2.0998213291168213,MF
Alex,Dan,2.099900484085083,MF
Nova,Tim,2.099961757659912,MF
Cyrus,Kristen,2.1000101566314697,MF
River,Sophia,2.100053548812866,MF
Keybo,Vanessa,2.1001169681549072,MF
George,Maisie,2.10027813911438,MF
Katie,Xavier,2.10029673576355,MF
Jenna,Jimmy,2.1003286838531494,MF
KilliantheVampire,Starling,2.1003336906433105,MF
Agatha,Rex,2.100353956222534,MF
Annie,Nathan,2.100378036499023,MF
Charlotte,Tim,2.1003942489624023,MF
Doughnut,Robert,2.100412130355835,MF
Cole,Lindsay,2.100449323654175,MF
Harper,River,2.1005280017852783,MF
Gus,Rebecca,2.1005284786224365,MF
Aiden,Katie,2.1005501747131348,MF
Grace,Sean,2.1005637645721436,MF
Avery,Benny,2.1006593704223633,MF
Jake,SabrinatheWitch,2.1006696224212646,MF
PN,Stephanie,2.100726366043091,MF
Buddy,Mia,2.100858449935913,MF
Norah,Tyson,2.100898027420044,MF
Echo,Jeff,2.101044178009033,MF
Ben,Vanessa,2.101102590560913,MF
Kanno,Kelly,2.1012070178985596,MF
Simon,Sophia,2.101219654083252,MF
Bell,Ravi,2.101259469985962,MF
Avery,Cyrus,2.1013424396514893,MF
Kanno,Starling,2.101358413696289,MF
Cole,Kelly,2.101401090621948,MF
Neel,Stephanie,2.1014115810394287,MF
April,Neoguard,2.101719856262207,MF
Ryan,Sara,2.101840019226074,MF
Riley,Rudolph,2.101916551589966,MF
Carl,Maisie,2.102040529251098,MF
Dan,Paige,2.10209321975708,MF
Icarus,Tessa,2.1021878719329834,MF
Bell,KlipKim,2.102229595184326,MF
Samantha,Slushy,2.1023519039154053,MF
Liz,Michael,2.1024038791656494,MF
Aaron,Kristen,2.1024112701416016,MF
April,Tim,2.102443218231201,MF
Dan,Tina,2.1024763584136963,MF
Jenna,Neoguard,2.102545976638794,MF
Cyrus,Helena,2.1025516986846924,MF
Emma,Graham,2.102687120437622,MF
Rita,Sean,2.1026899814605713,MF
Caleb,Grace,2.102693557739258,MF
Jake,Kristen,2.1027092933654785,MF
Chad,Kelly,2.102714776992798,MF
Duke,Viqqie,2.102759599685669,MF
David,Millie,2.102844476699829,MF
NewscasterJohn,Stephanie,2.102987289428711,MF
Jackson,Liz,2.103092908859253,MF
Caitlyn,Tyson,2.103187322616577,MF
Millie,UncleHank,2.1032040119171143,MF
Jimmy,Katie,2.103204250335694,MF
Caitlyn,River,2.1032750606536865,MF
AnnabelletheGhost,PN,2.1033570766448975,MF
River,Skylar,2.1033895015716553,MF
Buddy,Nia,2.103405475616455,MF
AnnabelletheGhost,Hans,2.1034364700317383,MF
KlipKim,Patricia,2.1034557819366455,MF
April,Liam,2.103646755218506,MF
Sophia,Xavier,2.1036674976348877,MF
Kelly,Wade,2.103814601898194,MF
Elias,Mia,2.1038267612457275,MF
David,Norah,2.10385799407959,MF
Doug,Tina,2.1038808822631836,MF
Furnando,Katie,2.1039013862609863,MF
Catherine,Michael,2.103965997695923,MF
Margot,Rex,2.1040148735046387,MF
DollarJr,Tina,2.104053497314453,MF
Carol,Keybo,2.1041462421417236,MF
Noa,Sara,2.1041531562805176,MF
Callan,Nova,2.1042230129241943,MF
Doug,Stephanie,2.1042418479919434,MF
Mark,Oliver,2.104382276535034,MF
Alex,Ben,2.10445237159729,MF
Jackson,Jenna,2.104482650756836,MF
Neel,Vanessa,2.1044886112213135,MF
Liz,NewscasterJohn,2.1046407222747803,MF
Athena,Owen,2.104642152786255,MF
Echo,Owen,2.1046600341796875,MF
Chloe,Sean,2.104670286178589,MF
Lindsay,Wade,2.104919672012329,MF
Furnando,Sophia,2.105076789855957,MF
SantaClaus,Tessa,2.1052563190460205,MF
Rita,West,2.1053385734558105,MF
Sophia,West,2.1053690910339355,MF
Damian,Samantha,2.10558819770813,MF
Dan,Valerie,2.1055924892425537,MF
Benny,Carol,2.1056172847747803,MF
Lindsay,Walter,2.105726957321167,MF
Neel,Valerie,2.1058342456817627,MF
Charlotte,Rex,2.1058695316314697,MF
Aaron,Starling,2.1059153079986572,MF
Duke,Olivia,2.1059329509735107,MF
Ben,Starling,2.105935573577881,MF
Ben,Zoey,2.106032371520996,MF
Kelsey,Rex,2.1060760021209717,MF
Jeff,Zoey,2.1060802936553955,MF
Ben,Grace,2.1061220169067383,MF
Duke,Nana,2.106243371963501,MF
Rusty,Shana,2.1062660217285156,MF
Keybo,Tina,2.1062700748443604,MF
Nia,Ron,2.1063621044158936,MF
Vincent,Viqqie,2.1064231395721436,MF
Bell,Dylan,2.106440782546997,MF
Henry,Jenna,2.1065070629119873,MF
Liam,Samantha,2.106553792953491,MF
Bruce,Doughnut,2.1066877841949463,MF
Catherine,Santa,2.1067700386047363,MF
CaptainBill,Samantha,2.1067793369293213,MF
Chase,Vanessa,2.1068332195281982,MF
Kristen,West,2.106909990310669,MF
Tina,Walter,2.106926679611206,MF
Henry,Sara,2.1069602966308594,MF
Sean,Tina,2.106968641281128,MF
Catherine,Jake,2.1069750785827637,MF
Lloyd,Norah,2.106994390487671,MF
Icarus,Olivia,2.1070594787597656,MF
Benny,Caitlyn,2.1071295738220215,MF
Mia,Peter,2.1071650981903076,MF
Agatha,Rusty,2.107186079025269,MF
Jack,Rita,2.107203722000122,MF
April,Gus,2.107384443283081,MF
Graham,Zoey,2.1074554920196533,MF
Doug,Sophia,2.1076362133026123,MF
Bruce,Harper,2.107696533203125,MF
Neel,Rita,2.1077234745025635,MF
Millie,Owen,2.1078550815582275,MF
Emma,UncleHank,2.1078598499298096,MF
PN,Riley,2.1078948974609375,MF
Catherine,Tim,2.1079142093658447,MF
Alex,Justin,2.107924461364746,MF
Kristen,River,2.1079354286193848,MF
Grace,Hans,2.1079976558685303,MF
April,Owen,2.108018398284912,MF
Benny,Viqqie,2.108048677444458,MF
Lucille,Slushy,2.1080868244171143,MF
Athena,Sean,2.108168363571167,MF
Frankenstein,SabrinatheWitch,2.108266115188598,MF
Bell,Justin,2.108330488204956,MF
CaptainBill,Paige,2.108525037765503,MF
Helena,Sindarin,2.1085312366485596,MF
Athena,David,2.1085615158081055,MF
Margot,Peter,2.108650922775269,MF
Bell,Elias,2.108689069747925,MF
Lloyd,Vanessa,2.108725309371948,MF
Owen,Sara,2.108786106109619,MF
CaptainBill,Emma,2.1088621616363525,MF
Bell,Logan,2.108882188796997,MF
Dylan,Hailey,2.1089558601379395,MF
Echo,Tyson,2.109013080596924,MF
Edward,Sara,2.1092047691345215,MF
Lindsay,River,2.109205484390259,MF
Lindsay,Neel,2.109275579452514,MF
Philip,Sara,2.1095151901245117,MF
Aiden,Hailey,2.10951828956604,MF
Valerie,Xavier,2.109551429748535,MF
Amber,Jeff,2.10957932472229,MF
Agatha,KilliantheVampire,2.109628915786743,MF
Nia,Tyson,2.1097211837768555,MF
Caleb,Sophia,2.109793186187744,MF
Robert,Starling,2.1098110675811768,MF
Chloe,David,2.109811544418335,MF
Elias,Starling,2.1099512577056885,MF
AnnabelletheGhost,Jake,2.1099531650543213,MF
Neoguard,Valerie,2.1099603176116943,MF
NewscasterJohn,Victoria,2.1099953651428223,MF
Bell,Kevin,2.1100027561187744,MF
Glenda,Tyson,2.110119104385376,MF
Janet,Justin,2.110180139541626,MF
Angela,Hugh,2.1102116107940674,MF
Lucille,Oscar,2.1103546619415283,MF
Alex,Noa,2.110391855239868,MF
Alex,Landon,2.1104209423065186,MF
Gus,Paige,2.1105189323425293,MF
Jake,MrsClaus,2.1106278896331787,MF
Chester,Tina,2.110748529434204,MF
Keybo,Olivia,2.1107709407806396,MF
Emma,Philip,2.1107897758483887,MF
Eman,Sophia,2.1108882427215576,MF
Glenda,NewscasterJohn,2.1109731197357178,MF
CaptainBill,Chloe,2.111018180847168,MF
Elias,Tina,2.111106634140014,MF
Grace,Jack,2.1112523078918457,MF
Benny,Norah,2.1112759113311768,MF
Abigail,Patrick,2.1113040447235107,MF
Gus,Janet,2.111396551132202,MF
Carol,Lloyd,2.111546277999878,MF
Caitlyn,KilliantheVampire,2.111553907394409,MF
Glenda,Owen,2.1115565299987793,MF
Peter,Tessa,2.1115760803222656,MF
Keybo,Millie,2.111595869064331,MF
Janet,Tim,2.111696720123291,MF
Neel,Samantha,2.111753225326538,MF
Frankenstein,Kelsey,2.1117756366729736,MF
Kanno,Rita,2.111857652664185,MF
Kelly,Larry,2.1119039058685303,MF
KilliantheVampire,Tessa,2.112027406692505,MF
Charlotte,KlipKim,2.1121132373809814,MF
Catherine,Gus,2.112165927886963,MF
Keybo,MrsClaus,2.11217999458313,MF
UncleHank,Verna,2.1122844219207764,MF
Aaron,Claire,2.112344264984131,MF
Catherine,Vincent,2.112410545349121,MF
Audrey,Keybo,2.112480878829956,MF
April,Chase,2.112518072128296,MF
Robert,Tina,2.112565517425537,MF
Elias,Stephanie,2.112614870071411,MF
Paige,Rudolph,2.112637996673584,MF
Buddy,Claire,2.1126620769500732,MF
Millie,NewscasterJohn,2.1126856803894043,MF
Lloyd,Nia,2.11268949508667,MF
Callan,Nia,2.112755537033081,MF
Jack,Stephanie,2.112772226333618,MF
Bruce,Millie,2.11279559135437,MF
Helena,Kevin,2.112837076187134,MF
Athena,Ravi,2.1128721237182617,MF
Jimmy,Sara,2.112922430038452,MF
Norah,Philip,2.112990140914917,MF
Philip,Rebecca,2.113023281097412,MF
Ben,Janet,2.113037586212158,MF
Jackson,Lydia,2.113119125366211,MF
Graham,Valerie,2.1132519245147705,MF
Callan,Viqqie,2.1133384704589844,MF
Edward,Patricia,2.113349199295044,MF
Audrey,UncleHank,2.1134471893310547,MF
Caleb,Katie,2.1134917736053467,MF
Amber,Robert,2.1134984493255615,MF
Jeff,Starling,2.1135265827178955,MF
Chase,Katie,2.1138980388641357,MF
Frankenstein,Liz,2.1139333248138428,MF
Benny,Echo,2.1139752864837646,MF
Elias,Lindsay,2.113997220993042,MF
Benny,Liz,2.11409854888916,MF
Janet,Landon,2.1141626834869385,MF
Oliver,Ron,2.1143574714660645,MF
Lindsay,Rex,2.1143953800201416,MF
Graham,Nia,2.11445951461792,MF
AnnabelletheGhost,Cyrus,2.1145451068878174,MF
Henry,Rebecca,2.114576578140259,MF
Elias,Maddie,2.114590883255005,MF
Graham,Rita,2.1146256923675537,MF
Jeff,Liz,2.114640712738037,MF
David,Stephanie,2.1147072315216064,MF
Hugh,Norah,2.1147167682647705,MF
Furnando,Maisie,2.114727020263672,MF
Aaron,Jenna,2.114755153656006,MF
Callan,Rebecca,2.1147844791412354,MF
Bruce,Liz,2.114788055419922,MF
April,Ron,2.114845514297486,MF
Helena,KlipKim,2.1148645877838135,MF
Jake,Millie,2.114885091781616,MF
Maddie,Sindarin,2.1148905754089355,MF
Charlotte,NewscasterJohn,2.114898920059204,MF
Harper,Philip,2.114952325820923,MF
Avery,West,2.115089178085327,MF
Eman,Millie,2.1151139736175537,MF
Owen,Stephanie,2.115172863006592,MF
Athena,Jack,2.1152610778808594,MF
Aiden,Lindsay,2.115262269973755,MF
Vanessa,West,2.115291118621826,MF
Avery,Santa,2.1153533458709717,MF
Keybo,Nova,2.1153786182403564,MF
Damian,Kelsey,2.1154491901397705,MF
Bruce,Jodie,2.115546703338623,MF
AnnabelletheGhost,Patrick,2.1158320903778076,MF
Liz,Robert,2.1158854961395264,MF
Jenna,Michael,2.115915298461914,MF
Angela,Frankenstein,2.1159162521362305,MF
Chase,Patricia,2.115971326828003,MF
Stephanie,Tyson,2.11602520942688,MF
Stephanie,UncleHank,2.116029977798462,MF
Justin,Skylar,2.116057872772217,MF
Jennifer,Tyson,2.1160709857940674,MF
Samantha,Sean,2.116248846054077,MF
Henry,Liz,2.11627197265625,MF
Alex,DollarJr,2.116309642791748,MF
Duke,Norah,2.1163575649261475,MF
Kevin,Paige,2.116467237472534,MF
PN,Starling,2.1165201663970947,MF
Helena,Philip,2.116522789001465,MF
Edward,Stephanie,2.116577386856079,MF
Amber,Rudolph,2.1165876388549805,MF
KilliantheVampire,Olivia,2.1166205406188965,MF
Mia,Tyson,2.1166560649871826,MF
Robert,Viqqie,2.1166722774505615,MF
Emma,Owen,2.11669397354126,MF
Jenna,Royce,2.1167538166046143,MF
Bell,Rudolph,2.1167638301849365,MF
Caitlyn,David,2.116892099380493,MF
Eman,Hailey,2.1169180870056152,MF
Kelsey,Rudolph,2.1169345378875732,MF
Angela,David,2.1169397830963135,MF
Catherine,Jeff,2.116955518722534,MF
Aaron,Rita,2.1170012950897217,MF
Rebecca,Santa,2.117093801498413,MF
Duke,SabrinatheWitch,2.117147207260132,MF
Hailey,Justin,2.1172142028808594,MF
Doughnut,Tim,2.1173806190490723,MF
Stephanie,West,2.117392301559448,MF
Millie,Rex,2.117441892623902,MF
Aaron,Sophia,2.117539167404175,MF
Katie,Neoguard,2.1175670623779297,MF
Caitlyn,Duke,2.117851972579956,MF
Rebecca,Ron,2.1180529594421387,MF
Jake,Janet,2.1182897090911865,MF
Lindsay,Owen,2.118296384811402,MF
Liz,UncleHank,2.118311643600464,MF
David,Echo,2.1183130741119385,MF
Grace,West,2.1183552742004395,MF
Jack,Kelly,2.118396282196045,MF
Lydia,UncleHank,2.118410587310791,MF
Eman,Paige,2.11845326423645,MF
Kanno,Sara,2.1184685230255127,MF
Nana,Rusty,2.11847186088562,MF
Jack,Katie,2.118472099304199,MF
Dean,Kelly,2.118533134460449,MF
Carol,Viktor,2.118725061416626,MF
Jack,Valerie,2.1187808513641357,MF
Bell,KilliantheVampire,2.118846654891968,MF
Caleb,Stephanie,2.118927001953125,MF
Buddy,Camila,2.1190595626831055,MF
Millie,Neel,2.1190829277038574,MF
Starling,UncleHank,2.1191108226776123,MF
Neoguard,Sophia,2.1191253662109375,MF
Dylan,Vanessa,2.1192140579223633,MF
Tessa,UncleHank,2.1192781925201416,MF
Nova,Owen,2.119300365447998,MF
Graham,Janet,2.1193127632141113,MF
Catherine,Jackson,2.1193289756774902,MF
Chad,Zoey,2.119663715362549,MF
Liz,Viktor,2.1196694374084473,MF
Chad,Patricia,2.119708776473999,MF
Dylan,Janet,2.1197173595428467,MF
Maisie,Oscar,2.119728326797486,MF
Landon,Maisie,2.119771718978882,MF
Benny,Vivien,2.120016574859619,MF
Justin,Sophia,2.120037794113159,MF
Chloe,Tim,2.1202266216278076,MF
Chad,Samantha,2.1202352046966553,MF
Bell,Hugh,2.120337724685669,MF
Bruce,SabrinatheWitch,2.1204404830932617,MF
Kelsey,Owen,2.1204826831817627,MF
Ravi,Samantha,2.120514154434204,MF
Margaret,Mark,2.120516538619995,MF
KilliantheVampire,Millie,2.12064266204834,MF
Patricia,Sean,2.1207215785980225,MF
April,Ravi,2.1207244396209717,MF
Jake,Olivia,2.120737314224243,MF
Hailey,Jake,2.120925188064575,MF
Skylar,West,2.1209728717803955,MF
Emma,Jake,2.121035575866699,MF
Nana,Viktor,2.1210734844207764,MF
Jackson,Janet,2.1210978031158447,MF
Angela,Ron,2.1211071014404297,MF
Doughnut,Hugh,2.1211178302764893,MF
AnnabelletheGhost,Icarus,2.1211414337158203,MF
Agatha,Peter,2.1211955547332764,MF
Echo,Jack,2.121248245239258,MF
Dylan,Kelly,2.121272325515747,MF
Lucille,Ron,2.1213974952697754,MF
Katie,Landon,2.1214001178741455,MF
Catherine,Cyrus,2.1214029788970947,MF
Jackson,Tina,2.1214494705200195,MF
Landon,Sophia,2.121459722518921,MF
Gus,Liz,2.121521234512329,MF
Ravi,Vanessa,2.1216607093811035,MF
Caitlyn,Chase,2.121752977371216,MF
Paige,Wade,2.1218369007110596,MF
Furnando,Sara,2.1218454837799072,MF
Ron,Verna,2.121910095214844,MF
Annie,Oscar,2.121971368789673,MF
Maisie,Sindarin,2.122039318084717,MF
Hans,Viqqie,2.122061252593994,MF
NewscasterJohn,Rebecca,2.122103452682495,MF
Avery,Jake,2.1221306324005127,MF
Riley,Vincent,2.1221485137939453,MF
Annie,Simon,2.122180223464966,MF
Bell,Landon,2.122237205505371,MF
Rudolph,Stephanie,2.1223533153533936,MF
Millie,Peter,2.1225175857543945,MF
Agatha,River,2.1225507259368896,MF
Amber,Michael,2.1227152347564697,MF
Benny,Margot,2.1227781772613525,MF
Hans,Nia,2.122995615005493,MF
Kelly,Landon,2.1230356693267822,MF
Annie,Noa,2.123084783554077,MF
Catherine,NewscasterJohn,2.123091697692871,MF
Aaron,Mia,2.123159646987915,MF
Catherine,Jimmy,2.123185157775879,MF
Hailey,Simon,2.123189687728882,MF
Avery,Robert,2.123204469680786,MF
Icarus,Sylvia,2.12320876121521,MF
Emma,Neel,2.1232974529266357,MF
Slushy,Valerie,2.123438596725464,MF
Caitlyn,Viktor,2.1235954761505127,MF
Patricia,Vincent,2.123699188232422,MF
April,PN,2.123805284500122,MF
Mark,ReporterCatalina,2.123849391937256,MF
April,Robert,2.1238627433776855,MF
Hans,Tessa,2.12386703491211,MF
Norah,UncleHank,2.1238865852355957,MF
CaptainBill,Zoey,2.124033689498902,MF
Echo,NewscasterJohn,2.124079942703247,MF
Sindarin,Stephanie,2.1240835189819336,MF
Katie,Ravi,2.124180793762207,MF
AnnabelletheGhost,Royce,2.124232053756714,MF
Jenna,PN,2.124303102493286,MF
Duke,Jodie,2.124501466751098,MF
Camila,Henry,2.124513626098633,MF
PN,Rebecca,2.124541997909546,MF
Caleb,Starling,2.124586343765259,MF
Athena,Vincent,2.1245884895324707,MF
Chloe,Jeff,2.124706506729126,MF
Amber,David,2.124723434448242,MF
Doughnut,Jimmy,2.124733209609986,MF
Jackson,Skylar,2.1247706413269043,MF
April,Rudolph,2.124788284301758,MF
Patricia,Ravi,2.1248576641082764,MF
Robert,Sara,2.1248738765716553,MF
Carol,Robert,2.1248786449432373,MF
Avery,Bruce,2.124945163726806,MF
Doug,Lindsay,2.124952793121338,MF
Helena,Hugh,2.1249687671661377,MF
Edward,Zoey,2.1250085830688477,MF
Annie,Jimmy,2.1251704692840576,MF
Duke,Harper,2.125349760055542,MF
Maisie,Sean,2.125444173812866,MF
Cyrus,Rebecca,2.1254842281341553,MF
Buddy,Jenna,2.1254987716674805,MF
Bruce,Claire,2.1255013942718506,MF
Neel,Nia,2.12560772895813,MF
Bruce,MrsClaus,2.125614643096924,MF
Callan,Valerie,2.1256887912750244,MF
Nana,Patrick,2.125753164291382,MF
David,Patricia,2.1257903575897217,MF
Camila,Lloyd,2.1258718967437744,MF
Chloe,Viktor,2.1262009143829346,MF
Aiden,Sophia,2.126281976699829,MF
Harper,Henry,2.1262941360473633,MF
David,Zoey,2.126306533813477,MF
Alex,Logan,2.126342535018921,MF
Doughnut,River,2.1265270709991455,MF
Paige,Vincent,2.1265625953674316,MF
Dylan,Helena,2.1266369819641113,MF
Amber,Ron,2.126676559448242,MF
Kelly,Simon,2.126730442047119,MF
Maddie,Walter,2.126777410507202,MF
Jack,Samantha,2.126786947250366,MF
Jackson,Kelly,2.1269962787628174,MF
Avery,Damian,2.1270251274108887,MF
Bell,George,2.1270768642425537,MF
DollarJr,Sophia,2.127091646194458,MF
Hailey,Walter,2.1273179054260254,MF
Buddy,Kristen,2.1274116039276123,MF
Amber,Tyson,2.1274478435516357,MF
Rusty,Viqqie,2.1274778842926025,MF
Bruce,Skylar,2.127497434616089,MF
Lindsay,Philip,2.1275112628936768,MF
Duke,MrsClaus,2.1275789737701416,MF
Janet,Michael,2.1275882720947266,MF
Owen,Tina,2.1275908946990967,MF
George,Katie,2.1276071071624756,MF
George,Samantha,2.1276695728302,MF
Amber,Jake,2.127701759338379,MF
Paige,Sean,2.1277875900268555,MF
Janet,Kanno,2.1280126571655273,MF
Icarus,Kelsey,2.1280436515808105,MF
Chad,Emma,2.1281540393829346,MF
Kevin,Riley,2.1281917095184326,MF
Mia,West,2.128229856491089,MF
Charlotte,Vincent,2.128274440765381,MF
Janet,Lloyd,2.128438711166382,MF
Cyrus,Hailey,2.1284680366516113,MF
Chase,Tina,2.128490686416626,MF
Elias,Harper,2.1285512447357178,MF
Harper,Jackson,2.128584623336792,MF
Henry,Janet,2.1286003589630127,MF
Olivia,Peter,2.1286118030548096,MF
Athena,Sindarin,2.128659963607788,MF
Kevin,Samantha,2.1287786960601807,MF
Angela,River,2.1289408206939697,MF
Maisie,Vincent,2.1290042400360107,MF
Kelsey,Mark,2.1290571689605713,MF
Helena,PN,2.129196882247925,MF
Neel,Sara,2.129199504852295,MF
Buddy,Rebecca,2.1292288303375244,MF
Lucille,Walter,2.129352331161499,MF
Neel,Starling,2.1293814182281494,MF
Jodie,Philip,2.129608392715454,MF
Bell,Jack,2.129617929458618,MF
Claire,Duke,2.1296770572662354,MF
Viktor,Viqqie,2.1297717094421387,MF
Hailey,Larry,2.1298060417175293,MF
Mia,UncleHank,2.1299831867218018,MF
Kristen,NewscasterJohn,2.130043029785156,MF
Helena,Viktor,2.1301026344299316,MF
Jake,Lydia,2.1301050186157227,MF
Brad,Paige,2.1301169395446777,MF
CaptainBill,Liz,2.1301183700561523,MF
Owen,Vanessa,2.130126953125,MF
Frankenstein,Nova,2.130137205123902,MF
Mark,Victoria,2.130194902420044,MF
Glenda,Peter,2.1302311420440674,MF
Agatha,Mark,2.1302449703216553,MF
Chloe,PN,2.130338191986084,MF
Emma,PN,2.130363702774048,MF
Jennifer,Peter,2.1304187774658203,MF
Jenna,West,2.1305665969848633,MF
Annie,Ben,2.13057017326355,MF
Tim,Vanessa,2.130586624145508,MF
Echo,Michael,2.130596876144409,MF
Peter,Sylvia,2.1306116580963135,MF
Chase,Sophia,2.1307249069213867,MF
Frankenstein,Valerie,2.1307365894317627,MF
Helena,Henry,2.130737543106079,MF
Benny,Doughnut,2.1308629512786865,MF
Sara,Vincent,2.1308629512786865,MF
Hugh,Sara,2.130931854248047,MF
Lindsay,Ravi,2.131065607070923,MF
Callan,MrsClaus,2.131232500076294,MF
Maisie,PN,2.131295680999756,MF
DollarJr,Sara,2.1313929557800293,MF
Chloe,Jake,2.131452798843384,MF
Maddie,Oscar,2.1314966678619385,MF
Avery,PN,2.131523370742798,MF
Chloe,Gus,2.131561040878296,MF
Janet,Tyson,2.131594181060791,MF
Doug,Valerie,2.131643056869507,MF
Justin,Patricia,2.1316981315612793,MF
Athena,Lloyd,2.131721258163452,MF
Tyson,Viqqie,2.131746530532837,MF
Kelsey,Santa,2.131776809692383,MF
Frankenstein,Margot,2.131786108016968,MF
Mia,NewscasterJohn,2.1318397521972656,MF
Robert,Sophia,2.1318793296813965,MF
Emma,Furnando,2.131892204284668,MF
Kevin,Sara,2.1319079399108887,MF
Landon,Patricia,2.1319162845611572,MF
Carlos,Valerie,2.131944417953491,MF
ReporterCatalina,SantaClaus,2.1321282386779785,MF
Michael,Rita,2.1321611404418945,MF
Patricia,West,2.132204532623291,MF
Chloe,Simon,2.132215738296509,MF
Mia,Ron,2.132240056991577,MF
Bruce,Catherine,2.1323838233947754,MF
Alex,KlipKim,2.1324589252471924,MF
Grace,Robert,2.132539987564087,MF
Jack,Rebecca,2.132561445236206,MF
Avery,Philip,2.1326448917388916,MF
Neoguard,Samantha,2.13268518447876,MF
Jack,Zoey,2.1328654289245605,MF
Claire,Philip,2.1329519748687744,MF
Buddy,Sophia,2.132967233657837,MF
Athena,Bruce,2.1329808235168457,MF
Doughnut,Jake,2.133017301559448,MF
UncleHank,Viqqie,2.1330316066741943,MF
Robert,Vanessa,2.1331281661987305,MF
Helena,Jack,2.1332075595855713,MF
Hugh,Nova,2.133286714553833,MF
Camila,Michael,2.133463144302368,MF
NewscasterJohn,Nia,2.1334943771362305,MF
Keybo,Norah,2.133504867553711,MF
Glenda,Viktor,2.1336355209350586,MF
Logan,Maisie,2.1336593627929688,MF
Lucille,Philip,2.133669853210449,MF
Bell,River,2.133711099624634,MF
Hugh,Tessa,2.133725881576538,MF
Amber,Callan,2.133742332458496,MF
AnnabelletheGhost,Tim,2.1338045597076416,MF
Caleb,Vanessa,2.1341745853424072,MF
Stephanie,Tim,2.134249448776245,MF
Emma,Tim,2.1343889236450195,MF
Chloe,Patrick,2.13446307182312,MF
Duke,Natalie,2.134474515914917,MF
Bell,Sean,2.13447904586792,MF
George,Kelly,2.134550094604492,MF
Camila,Duke,2.1345789432525635,MF
Avery,Peter,2.134620904922486,MF
Jack,Tina,2.134638547897339,MF
Grace,Liam,2.134690046310425,MF
Henry,Starling,2.1348607540130615,MF
Chloe,Peter,2.1349074840545654,MF
Buddy,Zoey,2.1349658966064453,MF
Hailey,Kanno,2.135047197341919,MF
April,Tyson,2.1350677013397217,MF
Doughnut,Hans,2.1351239681243896,MF
Grace,Tyson,2.135157585144043,MF
Noa,Paige,2.135216474533081,MF
Lloyd,Tina,2.1352570056915283,MF
Audrey,SantaClaus,2.1353886127471924,MF
Doug,Patricia,2.1354379653930664,MF
George,Janet,2.13545823097229,MF
Cyrus,Skylar,2.1354711055755615,MF
Aaron,Valerie,2.135523557662964,MF
Millie,Tyson,2.135568857192993,MF
Emma,George,2.1356008052825928,MF
Alex,Damian,2.135622262954712,MF
Echo,Peter,2.1356353759765625,MF
CaptainBill,Starling,2.135641098022461,MF
Kristen,Tyson,2.135763168334961,MF
Benny,Samantha,2.135789632797241,MF
Jackson,Riley,2.135803461074829,MF
Aaron,Katie,2.1358256340026855,MF
Ron,Starling,2.136131763458252,MF
Lucille,Tyson,2.1361429691314697,MF
Athena,Kanno,2.1362087726593018,MF
Gus,Harper,2.13620924949646,MF
MrsClaus,Patrick,2.1362199783325195,MF
KilliantheVampire,Tina,2.136453866958618,MF
Benny,Camila,2.136509895324707,MF
Damian,Katie,2.1365301609039307,MF
Sean,Vanessa,2.1365809440612793,MF
Elias,Vanessa,2.136690855026245,MF
Cole,Sara,2.1368370056152344,MF
David,Doughnut,2.1368653774261475,MF
Abigail,Bruce,2.1369335651397705,MF
Kanno,Sophia,2.1369564533233643,MF
Ravi,Sara,2.137047529220581,MF
Kelsey,Vincent,2.137082099914551,MF
Sara,Sean,2.1371519565582275,MF
Rusty,Sylvia,2.137230157852173,MF
George,Riley,2.137248277664185,MF
Jeff,Stephanie,2.1372666358947754,MF
Hugh,MrsClaus,2.1375136375427246,MF
Ben,Helena,2.137542486190796,MF
KlipKim,Lucille,2.1375732421875,MF
Abigail,SantaClaus,2.1376845836639404,MF
Neoguard,Patricia,2.137744903564453,MF
Cyrus,Kelly,2.1378588676452637,MF
Duke,Mia,2.1378777027130127,MF
Harper,Viktor,2.1378867626190186,MF
KlipKim,Tina,2.137887716293335,MF
Furnando,Stephanie,2.137986898422241,MF
Athena,Graham,2.1382837295532227,MF
Echo,Elias,2.138321876525879,MF
Alex,Furnando,2.1383402347564697,MF
Dan,Sophia,2.1384236812591553,MF
Emma,Icarus,2.138444662094116,MF
Hugh,Starling,2.138458490371704,MF
SantaClaus,Vivien,2.1384966373443604,MF
Abigail,Philip,2.138526678085327,MF
Liz,Peter,2.138639450073242,MF
Bell,Jimmy,2.138690948486328,MF
Furnando,Janet,2.1386966705322266,MF
Janet,Santa,2.1388156414031982,MF
Buddy,Liz,2.138873338699341,MF
Graham,Katie,2.1388752460479736,MF
Henry,Katie,2.1388866901397705,MF
Amber,Philip,2.138943910598755,MF
Doughnut,Icarus,2.1391358375549316,MF
Gus,Starling,2.139159679412842,MF
AnnabelletheGhost,Lloyd,2.1391830444335938,MF
KilliantheVampire,Oliver,2.1391830444335938,MF
Athena,Gus,2.1392080783843994,MF
Norah,Owen,2.139216184616089,MF
Edward,Katie,2.139240264892578,MF
AnnabelletheGhost,Bruce,2.139338731765747,MF
Callan,Zoey,2.1393797397613525,MF
Graham,Kelly,2.1394622325897217,MF
Chase,Zoey,2.1394972801208496,MF
Chase,Kelly,2.1395623683929443,MF
CaptainBill,Lindsay,2.1395695209503174,MF
Norah,Patrick,2.139575719833374,MF
Claire,Ron,2.139580011367798,MF
Bruce,Norah,2.13958477973938,MF
Benny,Skylar,2.1396100521087646,MF
Jenna,Sean,2.139727830886841,MF
Patrick,Victoria,2.1397573947906494,MF
Elias,Rebecca,2.139845848083496,MF
Nova,Patrick,2.13986873626709,MF
Katie,Vincent,2.1399402618408203,MF
Lloyd,Zoey,2.1399617195129395,MF
Furnando,Maddie,2.1399645805358887,MF
Peter,Starling,2.1403424739837646,MF
Aiden,Janet,2.1403968334198,MF
Damian,Starling,2.140458106994629,MF
Buddy,Samantha,2.1405317783355713,MF
Kelly,Liam,2.1410441398620605,MF
Echo,West,2.141245603561402,MF
NewscasterJohn,Nova,2.141350507736206,MF
Caleb,Sara,2.1414501667022705,MF
Slushy,Sophia,2.141497850418091,MF
Emma,Rex,2.14151668548584,MF
Lucille,Royce,2.1415231227874756,MF
AnnabelletheGhost,Chad,2.1415326595306396,MF
Duke,Glenda,2.141568899154663,MF
Kelsey,KilliantheVampire,2.1417105197906494,MF
Chad,Maddie,2.1417548656463623,MF
Damian,Sara,2.141762971878052,MF
Callan,Echo,2.1417977809906006,MF
Elias,Janet,2.141918897628784,MF
Athena,Neoguard,2.1420207023620605,MF
Callan,Grace,2.142021656036377,MF
Charlotte,Jackson,2.142072916030884,MF
Helena,Royce,2.1420886516571045,MF
Royce,Vivien,2.142127275466919,MF
David,Maisie,2.142228841781616,MF
Catherine,Philip,2.14229416847229,MF
Grace,Keybo,2.1423096656799316,MF
Edward,Samantha,2.1424005031585693,MF
Jackson,Valerie,2.1424038410186768,MF
Benny,Charlotte,2.142505884170532,MF
AnnabelletheGhost,NewscasterJohn,2.1425063610076904,MF
Mark,Verna,2.142625331878662,MF
Hans,Patricia,2.142629384994507,MF
Chloe,Owen,2.142634868621826,MF
Furnando,Zoey,2.142799139022827,MF
Bell,Tim,2.142928123474121,MF
Rudolph,Samantha,2.1429686546325684,MF
Emma,KilliantheVampire,2.142987012863159,MF
Caleb,Paige,2.1430411338806152,MF
Bell,NewscasterJohn,2.1430671215057373,MF
Caitlyn,Hans,2.1430914402008057,MF
Athena,Landon,2.143226385116577,MF
Athena,West,2.1432831287384033,MF
Mark,Tessa,2.1433627605438232,MF
Damian,Maisie,2.1435039043426514,MF
Carl,Jenna,2.143531084060669,MF
Grace,Peter,2.143730878829956,MF
Alex,Ryan,2.143799304962158,MF
Jackson,Katie,2.1438119411468506,MF
Jenna,NewscasterJohn,2.143881559371948,MF
Buddy,Helena,2.1438910961151123,MF
Jeff,Lucille,2.1439359188079834,MF
Robert,Stephanie,2.1440701484680176,MF
Jeff,Skylar,2.144174337387085,MF
Kevin,Tina,2.144324779510498,MF
Ben,Patricia,2.144456624984741,MF
Sean,Starling,2.1445488929748535,MF
Lindsay,Vincent,2.1445605754852295,MF
David,Skylar,2.144564151763916,MF
Jenna,Robert,2.1447246074676514,MF
Lloyd,Sara,2.144740343093872,MF
Avery,Elias,2.144783735275269,MF
Emma,Jackson,2.144813060760498,MF
Henry,Samantha,2.144827127456665,MF
Carl,Doughnut,2.144892930984497,MF
Lloyd,Skylar,2.1449954509735107,MF
Neel,Sophia,2.145237684249878,MF
Sara,West,2.1452407836914062,MF
Avery,UncleHank,2.1453936100006104,MF
Carol,KilliantheVampire,2.1454217433929443,MF
Alex,Henry,2.1455047130584717,MF
Owen,Skylar,2.1455249786376953,MF
Keybo,Kristen,2.1455414295196533,MF
Aaron,Sara,2.1455419063568115,MF
Claire,KilliantheVampire,2.145590305328369,MF
Doug,Rebecca,2.1456124782562256,MF
Jeff,Lydia,2.1457607746124268,MF
Furnando,Paige,2.1457998752593994,MF
Royce,Stephanie,2.1458048820495605,MF
Hans,Samantha,2.1458446979522705,MF
UncleHank,Valerie,2.145894765853882,MF
Liam,Lucille,2.1459381580352783,MF
Nana,SantaClaus,2.145982503890991,MF
CaptainBill,Sara,2.146045923233032,MF
Bruce,Jenna,2.146050214767456,MF
Jenna,Philip,2.1460936069488525,MF
Hugh,Millie,2.1461050510406494,MF
Harper,Peter,2.146130323410034,MF
April,Patrick,2.14616322517395,MF
Jeff,Kelly,2.146165370941162,MF
Carl,Millie,2.1462252140045166,MF
Emma,Kanno,2.146243095397949,MF
AnnabelletheGhost,Duke,2.1462438106536865,MF
Nova,Tyson,2.146292209625244,MF
April,Hans,2.1463730335235596,MF
Alex,Eman,2.146393060684204,MF
Benny,Valerie,2.1464455127716064,MF
Janet,Royce,2.146486282348633,MF
Carlos,Kelly,2.1465280055999756,MF
April,Jack,2.1465749740600586,MF
Lloyd,Lydia,2.1466572284698486,MF
Lindsay,West,2.146688461303711,MF
Icarus,Valerie,2.146789073944092,MF
Liam,Rita,2.1470751762390137,MF
Aaron,Millie,2.147143840789795,MF
Hailey,Royce,2.147156000137329,MF
Bruce,Helena,2.147324800491333,MF
David,Sophia,2.1473984718322754,MF
KilliantheVampire,Margot,2.147514820098877,MF
Hans,Mia,2.147536039352417,MF
Neoguard,Paige,2.1476399898529053,MF
Kristen,Neel,2.1476893424987793,MF
Matthew,Valerie,2.147726058959961,MF
Claire,SantaClaus,2.1477696895599365,MF
Buddy,Valerie,2.147890329360962,MF
Gus,Vivien,2.1479291915893555,MF
Noa,Sophia,2.1479403972625732,MF
Callan,Chloe,2.147965908050537,MF
George,Hailey,2.1480066776275635,MF
Annie,Chad,2.14807391166687,MF
David,Kristen,2.1480753421783447,MF
Damian,Valerie,2.1480910778045654,MF
Annie,Dylan,2.1481454372406006,MF
Hans,Verna,2.1481547355651855,MF
DollarJr,Hailey,2.1482441425323486,MF
Peter,Rebecca,2.148370265960694,MF
Ben,Kelly,2.148422956466675,MF
Jack,Kristen,2.1485912799835205,MF
Chase,Lindsay,2.148597240447998,MF
Duke,Victoria,2.1486165523529053,MF
Margot,SantaClaus,2.1486458778381348,MF
Frankenstein,Glenda,2.1486833095550537,MF
Annie,Landon,2.1486942768096924,MF
April,Carl,2.148719549179077,MF
Grace,Santa,2.148754835128784,MF
Chloe,Hugh,2.1487841606140137,MF
Lydia,Peter,2.1487877368927,MF
Olivia,Santa,2.1488006114959717,MF
MrsClaus,NewscasterJohn,2.149034261703491,MF
Jack,Sophia,2.1490399837493896,MF
Catherine,Peter,2.149121046066284,MF
Margot,West,2.1492269039154053,MF
Bruce,Lydia,2.1492807865142822,MF
Callan,Millie,2.149345874786377,MF
Lydia,SantaClaus,2.1493489742279053,MF
Justin,Sara,2.1494498252868652,MF
Bell,Henry,2.149463415145874,MF
Athena,Hans,2.1497867107391357,MF
Damian,Riley,2.149852514266968,MF
Chase,Chloe,2.1499288082122803,MF
Carol,UncleHank,2.1500022411346436,MF
Katie,Sean,2.1500861644744873,MF
NewscasterJohn,Norah,2.1501638889312744,MF
Callan,Doughnut,2.150283098220825,MF
Olivia,Rusty,2.1502931118011475,MF
Helena,Robert,2.1503162384033203,MF
Graham,Samantha,2.1503612995147705,MF
KilliantheVampire,Natalie,2.150446653366089,MF
Edward,Glenda,2.1505157947540283,MF
Catherine,Rex,2.150535345077514,MF
Chloe,River,2.1505916118621826,MF
Brad,Kelly,2.150643110275269,MF
Bell,West,2.1506803035736084,MF
Hans,Lindsay,2.1506879329681396,MF
Charlotte,Duke,2.1508474349975586,MF
Margot,Viktor,2.150913715362549,MF
Cole,Paige,2.1509156227111816,MF
River,Tina,2.1509416103363037,MF
Alex,Dylan,2.150963544845581,MF
Bruce,Tina,2.1510884761810303,MF
Hugh,Verna,2.151146650314331,MF
Hailey,Sindarin,2.151155710220337,MF
Nova,UncleHank,2.1511781215667725,MF
Amber,Hans,2.1513006687164307,MF
Harper,Hugh,2.151353120803833,MF
Kelly,PN,2.151383638381958,MF
Echo,Philip,2.151402235031128,MF
Dylan,Paige,2.151437759399414,MF
Hailey,Henry,2.151466608047486,MF
Hans,Riley,2.151484251022339,MF
Millie,Sean,2.151515483856201,MF
Charlotte,Edward,2.151553153991699,MF
Helena,Sean,2.1515791416168213,MF
Brad,Maddie,2.1516001224517822,MF
April,Benny,2.1516315937042236,MF
Carl,Helena,2.151728868484497,MF
Katie,Rudolph,2.1517484188079834,MF
Mark,Nova,2.151860475540161,MF
Abigail,NewscasterJohn,2.151989698410034,MF
SabrinatheWitch,Viktor,2.15199875831604,MF
Keybo,Skylar,2.152010679244995,MF
Jenna,Owen,2.1521308422088623,MF
Chloe,Jackson,2.1524221897125244,MF
Athena,Buddy,2.1524946689605713,MF
Alex,Bruce,2.1525309085845947,MF
Rex,Riley,2.1525957584381104,MF
Claire,Henry,2.152735948562622,MF
Caitlyn,Keybo,2.1530697345733643,MF
Benny,Stephanie,2.153160810470581,MF
Kanno,Samantha,2.1531810760498047,MF
Kelly,Tyson,2.15321946144104,MF
Michael,Millie,2.1533448696136475,MF
Angela,Hans,2.153425931930542,MF
Charlotte,David,2.1535236835479736,MF
Amber,UncleHank,2.153564214706421,MF
Janet,Slushy,2.15356969833374,MF
Doughnut,Jeff,2.1537697315216064,MF
Tina,UncleHank,2.153830051422119,MF
Kanno,Riley,2.153855085372925,MF
CaptainBill,Helena,2.1538660526275635,MF
Cyrus,Sophia,2.1539559364318848,MF
Henry,Paige,2.154022455215454,MF
Alex,Kanno,2.1541287899017334,MF
Chad,Vanessa,2.154282569885254,MF
Bell,Jake,2.1543161869049072,MF
Patricia,Ron,2.1543891429901123,MF
Samantha,West,2.154501438140869,MF
Maddie,Neoguard,2.154510021209717,MF
Duke,Lucille,2.1545794010162354,MF
Hailey,Wade,2.154653310775757,MF
Annie,Walter,2.154832601547241,MF
Cyrus,Janet,2.1549627780914307,MF
Nova,Rusty,2.155169725418091,MF
KilliantheVampire,Sylvia,2.1551802158355713,MF
Rita,Santa,2.155265092849731,MF
Cyrus,Emma,2.1552717685699463,MF
Justin,Katie,2.1553139686584473,MF
Angela,Icarus,2.1553328037261963,MF
Amber,Bruce,2.155338764190674,MF
Lucille,Rudolph,2.155503749847412,MF
Patrick,ReporterCatalina,2.1556971073150635,MF
Damian,Stephanie,2.155719757080078,MF
Harper,PN,2.155726194381714,MF
Hugh,Jodie,2.15585994720459,MF
Alex,Caleb,2.1558821201324463,MF
AnnabelletheGhost,Santa,2.1559793949127197,MF
Henry,Patricia,2.1560723781585693,MF
Hugh,Viqqie,2.156092882156372,MF
Jake,Jenna,2.1561994552612305,MF
Jake,Sara,2.15641188621521,MF
Starling,Viktor,2.156445026397705,MF
Angela,Patrick,2.156447649002075,MF
Harper,Tim,2.156471490859986,MF
Amber,Patrick,2.1565194129943848,MF
Damian,Vanessa,2.1566100120544434,MF
KlipKim,Lindsay,2.156712293624878,MF
Brad,Valerie,2.1567471027374268,MF
Doug,Echo,2.156773328781128,MF
Damian,Sophia,2.1568820476531982,MF
David,Helena,2.156883001327514,MF
Frankenstein,Riley,2.1569619178771973,MF
Catherine,UncleHank,2.1570053100585938,MF
Kanno,Kristen,2.1570241451263428,MF
Sean,Stephanie,2.1570894718170166,MF
Rex,Viqqie,2.157187223434448,MF
George,Sophia,2.1573188304901123,MF
Aaron,Bell,2.1573686599731445,MF
Hailey,Noa,2.1573822498321533,MF
Athena,Benny,2.1574807167053223,MF
Eman,Valerie,2.1574831008911133,MF
Doughnut,Michael,2.1576831340789795,MF
Agatha,SantaClaus,2.1576931476593018,MF
Katie,Ron,2.1577818393707275,MF
Duke,Lydia,2.1577861309051514,MF
Carl,Tina,2.1578586101531982,MF
Buddy,Maddie,2.1578876972198486,MF
Lucille,Sean,2.157944917678833,MF
Bell,Robert,2.158409357070923,MF
April,Philip,2.158555269241333,MF
Jeff,Jenna,2.158578634262085,MF
Helena,Tyson,2.158732652664185,MF
Lindsay,Neoguard,2.1588094234466553,MF
April,NewscasterJohn,2.158869504928589,MF
April,Elias,2.159001111984253,MF
Oscar,Sophia,2.15901517868042,MF
CaptainBill,Valerie,2.1590468883514404,MF
Riley,Santa,2.1590616703033447,MF
Rita,Ron,2.159069299697876,MF
Amber,Lloyd,2.159127950668335,MF
Harper,UncleHank,2.1591522693634033,MF
Lydia,Patrick,2.1591920852661133,MF
Rita,UncleHank,2.1592957973480225,MF
Lucille,Owen,2.1593568325042725,MF
Oscar,Valerie,2.1594018936157227,MF
Frankenstein,Norah,2.1594035625457764,MF
Jimmy,Maddie,2.1594839096069336,MF
Abigail,Hugh,2.1594884395599365,MF
April,Sean,2.1595537662506104,MF
Carol,Peter,2.1596057415008545,MF
Katie,Lloyd,2.1596248149871826,MF
Ben,Maisie,2.159626722335815,MF
Damian,Kelly,2.159900426864624,MF
Keybo,Victoria,2.159992933273315,MF
Cyrus,Samantha,2.160085916519165,MF
Justin,Zoey,2.160200834274292,MF
KilliantheVampire,Liz,2.160245180130005,MF
Patricia,Rudolph,2.16034197807312,MF
Graham,Maisie,2.160383939743042,MF
Amber,NewscasterJohn,2.1603949069976807,MF
Hugh,Oliver,2.1604132652282715,MF
Athena,Carl,2.160562038421631,MF
Cyrus,Paige,2.1605961322784424,MF
Hugh,Nia,2.160632371902466,MF
Bell,Frankenstein,2.1607158184051514,MF
Annie,Justin,2.160717010498047,MF
Catherine,Viktor,2.1607608795166016,MF
Icarus,Tina,2.160776138305664,MF
Bell,Owen,2.1607916355133057,MF
Kristen,Michael,2.1609199047088623,MF
Alex,Edward,2.160942792892456,MF
Jenna,Rex,2.160963296890259,MF
Hans,Harper,2.161116361618042,MF
Abigail,Icarus,2.1611835956573486,MF
Kelsey,Keybo,2.16133713722229,MF
Amber,Peter,2.1615407466888428,MF
Elias,Katie,2.161612749099731,MF
Millie,Santa,2.161667585372925,MF
Buddy,Doughnut,2.161712408065796,MF
Damian,Patricia,2.161736488342285,MF
Robert,Valerie,2.1618340015411377,MF
Athena,Philip,2.1620047092437744,MF
Icarus,Norah,2.162081241607666,MF
Frankenstein,Grace,2.1620988845825195,MF
Elias,Maisie,2.162153959274292,MF
Cyrus,Stephanie,2.1624064445495605,MF
Ron,Skylar,2.1624820232391357,MF
Margot,Santa,2.1625444889068604,MF
Carlos,Maddie,2.162597179412842,MF
Annie,Dean,2.1626579761505127,MF
Furnando,Valerie,2.1627118587493896,MF
Buddy,Harper,2.1627442836761475,MF
Patrick,Vivien,2.1630144119262695,MF
Kanno,Maisie,2.163060188293457,MF
Hailey,Rudolph,2.1630899906158447,MF
Maisie,Rudolph,2.1631643772125244,MF
Helena,Keybo,2.1632652282714844,MF
Callan,Stephanie,2.163393974304199,MF
Alex,Lloyd,2.163431406021118,MF
Caleb,Charlotte,2.163477659225464,MF
Rudolph,Vanessa,2.1636874675750732,MF
Jake,Rebecca,2.163726806640625,MF
Benny,Zoey,2.163759231567383,MF
David,Jenna,2.1638922691345215,MF
George,Lindsay,2.163942575454712,MF
Michael,Paige,2.16394305229187,MF
NewscasterJohn,Tina,2.1639997959136963,MF
Aiden,Paige,2.164015054702759,MF
Eman,Kelly,2.164029836654663,MF
SantaClaus,Viqqie,2.1640591621398926,MF
Gus,Stephanie,2.1641931533813477,MF
KilliantheVampire,Victoria,2.1642141342163086,MF
Frankenstein,Nia,2.1642234325408936,MF
Cyrus,Katie,2.164344549179077,MF
Icarus,Lydia,2.1643688678741455,MF
Patrick,Tessa,2.1644089221954346,MF
Harper,NewscasterJohn,2.1644093990325928,MF
Joshua,Paige,2.164433717727661,MF
Sindarin,Zoey,2.164517879486084,MF
Mark,Vivien,2.1645309925079346,MF
Aaron,Stephanie,2.164618015289306,MF
Michael,Stephanie,2.1646370887756348,MF
Carl,Stephanie,2.164726972579956,MF
David,Grace,2.1650352478027344,MF
Alex,Tim,2.1650550365448,MF
Aiden,Sara,2.165170669555664,MF
NewscasterJohn,Riley,2.165221929550171,MF
KilliantheVampire,MrsClaus,2.1652514934539795,MF
Bell,Jackson,2.165269613265991,MF
River,Samantha,2.16534686088562,MF
Harper,Keybo,2.1653506755828857,MF
Alex,CaptainBill,2.1654536724090576,MF
Carl,Paige,2.165651559829712,MF
Lydia,Viktor,2.165829658508301,MF
Benny,Sophia,2.1658570766448975,MF
Oliver,Patrick,2.165912389755249,MF
Damian,Lindsay,2.1659367084503174,MF
Dylan,Maddie,2.166066884994507,MF
Caleb,Jenna,2.166158437728882,MF
Callan,Lindsay,2.1662042140960693,MF
Margaret,Peter,2.166256904602051,MF
Millie,Ron,2.1663615703582764,MF
Caleb,Hailey,2.1663644313812256,MF
Michael,Tina,2.1664443016052246,MF
Maisie,Royce,2.166457414627075,MF
Henry,Millie,2.1664674282073975,MF
Keybo,SabrinatheWitch,2.1664702892303467,MF
Frankenstein,Skylar,2.1664741039276123,MF
Emma,Ron,2.166508197784424,MF
April,Caleb,2.166574478149414,MF
PN,Paige,2.166672706604004,MF
Jeff,Patricia,2.1669955253601074,MF
Maisie,Michael,2.1669962406158447,MF
Gus,Maddie,2.167079448699951,MF
Helena,KilliantheVampire,2.167099952697754,MF
Lindsay,Robert,2.1671931743621826,MF
Patrick,Rebecca,2.167255401611328,MF
April,West,2.1673192977905273,MF
Doughnut,Viktor,2.1673269271850586,MF
Buddy,Patricia,2.167335033416748,MF
Glenda,Patrick,2.167447328567505,MF
Hugh,Mia,2.1674818992614746,MF
Hailey,Matthew,2.167530059814453,MF
Aaron,Vanessa,2.1675429344177246,MF
Mark,Viqqie,2.167699098587036,MF
Chad,Paige,2.1677138805389404,MF
Furnando,Hailey,2.167805433273315,MF
Elias,Paige,2.167820692062378,MF
Kristen,Philip,2.1678380966186523,MF
Lindsay,Tyson,2.167940616607666,MF
Elias,Sara,2.167978286743164,MF
Liam,Maisie,2.1680357456207275,MF
Landon,Samantha,2.1680996417999268,MF
Carol,Duke,2.168368101119995,MF
Maddie,Xavier,2.1684329509735107,MF
Aaron,Lindsay,2.1684587001800537,MF
Hugh,Stephanie,2.16853404045105,MF
Caitlyn,NewscasterJohn,2.1685755252838135,MF
Mark,Starling,2.168642520904541,MF
Alex,Jimmy,2.16882061958313,MF
Jackson,Starling,2.168870687484741,MF
Chase,Samantha,2.1690056324005127,MF
Alex,Philip,2.1690568923950195,MF
Ron,Stephanie,2.169077634811402,MF
Buddy,Janet,2.169145345687866,MF
Henry,Tina,2.1691832542419434,MF
Avery,Lloyd,2.1694014072418213,MF
Claire,Lloyd,2.1694486141204834,MF
Mark,Millie,2.1695773601531982,MF
Hailey,Nathan,2.169881820678711,MF
Liam,Maddie,2.170182704925537,MF
KlipKim,Paige,2.1703269481658936,MF
Owen,Rita,2.170358419418335,MF
Duke,Vanessa,2.1705026626586914,MF
Doughnut,Duke,2.170527935028076,MF
Emma,Jeff,2.1707894802093506,MF
Frankenstein,Millie,2.1708195209503174,MF
Bruce,Janet,2.170831203460694,MF
Sophia,Vincent,2.1708457469940186,MF
Skylar,Tim,2.171034336090088,MF
Owen,Samantha,2.1710526943206787,MF
Patrick,Rita,2.1710968017578125,MF
Gus,Lindsay,2.1712002754211426,MF
Benny,Grace,2.171276330947876,MF
Charlotte,Lloyd,2.171305894851685,MF
Helena,NewscasterJohn,2.171315908432007,MF
Avery,Owen,2.1713547706604004,MF
Robert,Skylar,2.1713569164276123,MF
Athena,Jackson,2.1715619564056396,MF
Mia,Philip,2.1716220378875732,MF
Emma,Peter,2.17179012298584,MF
Janet,Peter,2.171891450881958,MF
Kelly,KlipKim,2.1719939708709717,MF
Hailey,Logan,2.172038316726685,MF
Philip,Starling,2.1721105575561523,MF
Nia,Philip,2.172322988510132,MF
Carl,Valerie,2.17240834236145,MF
Paige,West,2.172435998916626,MF
Justin,Paige,2.172501802444458,MF
Neel,Skylar,2.1725170612335205,MF
Avery,Duke,2.1725447177886963,MF
Lucille,UncleHank,2.172577142715454,MF
Athena,PN,2.1726181507110596,MF
Lucille,Santa,2.172677516937256,MF
Rusty,Vivien,2.172696113586426,MF
Camila,Icarus,2.172734498977661,MF
Callan,Helena,2.172780990600586,MF
April,Buddy,2.1728920936584473,MF
Caleb,Maisie,2.1729116439819336,MF
April,Jeff,2.173015832901001,MF
Kristen,Robert,2.1730499267578125,MF
Duke,Starling,2.1731646060943604,MF
Catherine,Owen,2.1731889247894287,MF
Kelly,Royce,2.173194408416748,MF
Bruce,Kristen,2.1732027530670166,MF
Starling,Tyson,2.1732027530670166,MF
Callan,Claire,2.1733179092407227,MF
Caleb,Riley,2.1733617782592773,MF
Aiden,Tina,2.1734888553619385,MF
George,Paige,2.1735646724700928,MF
Lloyd,Rita,2.173797845840454,MF
Doughnut,Royce,2.173825979232788,MF
Chloe,Rusty,2.173938751220703,MF
Angela,Callan,2.1741554737091064,MF
SantaClaus,Skylar,2.1742255687713623,MF
Athena,Tyson,2.1742279529571533,MF
Lydia,Mark,2.1742663383483887,MF
Kelly,Sindarin,2.1743123531341553,MF
Katie,West,2.174325704574585,MF
Doug,Maddie,2.174497365951538,MF
Kelsey,Rusty,2.174616575241089,MF
Mark,Olivia,2.174628973007202,MF
Bruce,Riley,2.174726724624634,MF
Emma,Tyson,2.174851894378662,MF
NewscasterJohn,Rita,2.1748530864715576,MF
Liam,Paige,2.1748738288879395,MF
Rita,SantaClaus,2.1748907566070557,MF
George,Maddie,2.1748998165130615,MF
Echo,Hans,2.1749064922332764,MF
Helena,Jimmy,2.1749355792999268,MF
Peter,Viqqie,2.1749589443206787,MF
Chloe,Hans,2.1749632358551025,MF
Gus,Katie,2.174994707107544,MF
Alex,Xavier,2.1750600337982178,MF
Oliver,Rusty,2.1751768589019775,MF
Jake,Stephanie,2.175178289413452,MF
Carl,Grace,2.175191640853882,MF
Lucille,SantaClaus,2.175292491912842,MF
Aaron,Maisie,2.1753575801849365,MF
Kristen,SantaClaus,2.1754610538482666,MF
Callan,Harper,2.1754767894744873,MF
Alex,Rex,2.1756632328033447,MF
Valerie,West,2.1757736206054688,MF
Maisie,Ron,2.175783395767212,MF
Bruce,Charlotte,2.175794839859009,MF
Patrick,Starling,2.17599105834961,MF
PN,Sophia,2.176069974899292,MF
Janet,Philip,2.176157236099243,MF
Katie,Owen,2.176164388656616,MF
Hailey,Robert,2.176222562789917,MF
Annie,Liam,2.1763410568237305,MF
Carl,Vanessa,2.176452875137329,MF
Kelly,Owen,2.1764581203460693,MF
Ron,Valerie,2.176474332809448,MF
Audrey,Duke,2.176597595214844,MF
Doughnut,Santa,2.1768531799316406,MF
Catherine,Rudolph,2.1769511699676514,MF
Margaret,Patrick,2.177025556564331,MF
Buddy,Kelly,2.177041530609131,MF
Carlos,Hailey,2.1770875453948975,MF
Callan,Jenna,2.1771318912506104,MF
Edward,Valerie,2.1771366596221924,MF
Benny,Katie,2.177227258682251,MF
Henry,Kelly,2.177300214767456,MF
Bell,UncleHank,2.177353620529175,MF
Rex,Vanessa,2.1775553226470947,MF
Kanno,Skylar,2.1775641441345215,MF
Frankenstein,Jenna,2.1776010990142822,MF
Graham,Tina,2.1776959896087646,MF
Olivia,SantaClaus,2.177826166152954,MF
Rusty,SabrinatheWitch,2.177995443344116,MF
MrsClaus,Peter,2.1781656742095947,MF
Henry,Maisie,2.178261995315552,MF
Alex,River,2.17826509475708,MF
Lindsay,NewscasterJohn,2.178318500518799,MF
Lindsay,Sean,2.1783440113067627,MF
Kelly,Matthew,2.178363561630249,MF
Alex,Wade,2.1784627437591553,MF
Chloe,SantaClaus,2.1785168647766113,MF
Annie,Cole,2.1786692142486572,MF
Alex,Simon,2.179049491882324,MF
Paige,Santa,2.179121732711792,MF
Agatha,Patrick,2.1791584491729736,MF
Philip,Stephanie,2.179163694381714,MF
CaptainBill,Maisie,2.1792023181915283,MF
Harper,KilliantheVampire,2.1792733669281006,MF
Helena,UncleHank,2.179399251937866,MF
Valerie,Walter,2.179560661315918,MF
Alex,Neoguard,2.179823398590088,MF
Athena,NewscasterJohn,2.1800200939178467,MF
Catherine,KilliantheVampire,2.180046319961548,MF
Angela,Philip,2.180051326751709,MF
Lindsay,Ron,2.180246114730835,MF
Michael,Patricia,2.180288553237915,MF
Lindsay,UncleHank,2.180403709411621,MF
Jodie,KilliantheVampire,2.180415153503418,MF
Vanessa,Viktor,2.180459260940552,MF
Echo,Ron,2.180506944656372,MF
Bell,Bruce,2.180633306503296,MF
Nova,Philip,2.180760622024536,MF
Jackson,Vanessa,2.180767297744751,MF
Gus,Patricia,2.1808125972747803,MF
Elias,Skylar,2.180875301361084,MF
Jeff,Maisie,2.181020736694336,MF
Brad,Hailey,2.1810805797576904,MF
Lindsay,Tim,2.1811251640319824,MF
Katie,KlipKim,2.1812665462493896,MF
Jimmy,Lindsay,2.18133282661438,MF
Ben,Lucille,2.1813485622406006,MF
Margot,Mark,2.1815884113311768,MF
PN,Samantha,2.181647300720215,MF
Hugh,Janet,2.181670665740967,MF
Carl,Emma,2.1817080974578857,MF
Charlotte,Peter,2.1817097663879395,MF
KilliantheVampire,Lydia,2.1817243099212646,MF
Claire,Icarus,2.1817314624786377,MF
Katie,Royce,2.1818044185638428,MF
Bell,Tyson,2.1818411350250244,MF
Cole,Maddie,2.1818559169769287,MF
Emma,Santa,2.182001829147339,MF
Margot,Rusty,2.1820127964019775,MF
Amber,Icarus,2.1821024417877197,MF
Landon,Maddie,2.182286500930786,MF
Avery,Frankenstein,2.182319402694702,MF
Duke,Kristen,2.1824562549591064,MF
Jake,Tina,2.1824638843536377,MF
Riley,Robert,2.1825475692749023,MF
Riley,UncleHank,2.1825509071350098,MF
Helena,Jake,2.1826436519622803,MF
Bell,Hans,2.182739734649658,MF
Dylan,Samantha,2.182752847671509,MF
Hans,Sara,2.1829049587249756,MF
Charlotte,Icarus,2.183119535446167,MF
Grace,Icarus,2.1831581592559814,MF
Hailey,KlipKim,2.1832220554351807,MF
Jenna,UncleHank,2.183227062225342,MF
Rudolph,Sara,2.1832966804504395,MF
Philip,Tina,2.183311462402344,MF
Athena,Santa,2.183328151702881,MF
Buddy,Maisie,2.183341264724731,MF
Benny,Mia,2.1833646297454834,MF
Janet,Keybo,2.1834347248077393,MF
Amber,Keybo,2.183455228805542,MF
Athena,UncleHank,2.1834919452667236,MF
Edward,Sophia,2.183688163757324,MF
Patrick,Viqqie,2.1837782859802246,MF
Keybo,Stephanie,2.1838300228118896,MF
April,UncleHank,2.183990478515625,MF
Caleb,Helena,2.184093475341797,MF
Hailey,Vincent,2.184154748916626,MF
Doughnut,Peter,2.1841790676116943,MF
Edward,Janet,2.184845447540283,MF
Millie,Royce,2.184863567352295,MF
Buddy,Stephanie,2.185135841369629,MF
David,Lindsay,2.185201644897461,MF
Callan,Kristen,2.1852939128875732,MF
Kelly,Philip,2.1852962970733643,MF
George,Vanessa,2.185331106185913,MF
Lucille,Patrick,2.1853315830230713,MF
Helena,Vincent,2.1853644847869873,MF
Avery,KilliantheVampire,2.1853785514831543,MF
Duke,Emma,2.185401201248169,MF
Emma,NewscasterJohn,2.185666561126709,MF
Peter,Tina,2.185727834701538,MF
Keybo,Margot,2.185917615890503,MF
Grace,Lloyd,2.185974359512329,MF
Mark,Tina,2.186148166656494,MF
Claire,Frankenstein,2.186157464981079,MF
Hans,Kelly,2.1862640380859375,MF
PN,Valerie,2.186272382736206,MF
Maddie,Sean,2.1862916946411133,MF
Charlotte,Rusty,2.186689615249634,MF
Maddie,Vincent,2.186748504638672,MF
Amber,SantaClaus,2.1870038509368896,MF
Philip,Vanessa,2.187009572982788,MF
Patricia,Rex,2.187131881713867,MF
Margot,UncleHank,2.187176465988159,MF
Athena,Edward,2.1871767044067383,MF
Carol,Patrick,2.187227964401245,MF
Katie,Neel,2.187556028366089,MF
Angela,NewscasterJohn,2.1877386569976807,MF
Maddie,Ron,2.18780255317688,MF
Lindsay,Rudolph,2.1878843307495117,MF
Callan,Kelly,2.187894344329834,MF
Grace,NewscasterJohn,2.1879312992095947,MF
Benny,Millie,2.1880600452423096,MF
Emma,Michael,2.1881439685821533,MF
Jackson,Samantha,2.188153028488159,MF
Annie,Dan,2.188162088394165,MF
Rita,Rudolph,2.1882784366607666,MF
Liam,Sophia,2.18829083442688,MF
Kanno,Zoey,2.188326120376587,MF
Santa,Valerie,2.1883482933044434,MF
Dylan,Sara,2.188513994216919,MF
Amber,Duke,2.1886065006256104,MF
PN,Sara,2.188767194747925,MF
CaptainBill,Kelly,2.188788890838623,MF
Jeff,Sophia,2.1888692378997803,MF
Nia,Patrick,2.1889405250549316,MF
Rusty,Tina,2.188943862915039,MF
April,Michael,2.1890738010406494,MF
Jodie,Mark,2.189082384109497,MF
Michael,Valerie,2.1891114711761475,MF
Aaron,Helena,2.189314126968384,MF
Catherine,Mark,2.1895411014556885,MF
Carl,Katie,2.1897928714752197,MF
Bell,Gus,2.189862012863159,MF
Rebecca,Robert,2.1898772716522217,MF
Duke,Rebecca,2.1899468898773193,MF
Henry,Stephanie,2.1901113986968994,MF
Annie,Joshua,2.1901533603668213,MF
Janet,Jimmy,2.190237522125244,MF
Margaret,SantaClaus,2.190329074859619,MF
Alex,Vincent,2.1903297901153564,MF
Chloe,UncleHank,2.190378189086914,MF
Camila,Viktor,2.1904211044311523,MF
Jimmy,Stephanie,2.190459728240967,MF
Rebecca,UncleHank,2.1906392574310303,MF
Helena,Rudolph,2.1909444332122803,MF
Rita,Tyson,2.191012382507324,MF
Elias,Valerie,2.1911749839782715,MF
Alex,Robert,2.1912729740142822,MF
April,Edward,2.191359519958496,MF
David,Sara,2.191641092300415,MF
AnnabelletheGhost,Michael,2.1918017864227295,MF
Hailey,Tim,2.191901206970215,MF
Chloe,Duke,2.192065715789795,MF
Gus,Helena,2.1920948028564453,MF
AnnabelletheGhost,Peter,2.192211627960205,MF
Athena,Ron,2.192222833633423,MF
Ben,Paige,2.1923046112060547,MF
Margaret,Rusty,2.1924052238464355,MF
Katie,PN,2.192467212677002,MF
Paige,Xavier,2.1926674842834473,MF
Duke,Echo,2.192683458328247,MF
Rusty,Tessa,2.192729949951172,MF
Athena,Jeff,2.1928470134735107,MF
Kanno,Patricia,2.1928625106811523,MF
Duke,Katie,2.1929047107696533,MF
Callan,Mia,2.193185567855835,MF
Athena,Patrick,2.1932075023651123,MF
Kelly,Santa,2.1932365894317627,MF
Maddie,Rudolph,2.1933066844940186,MF
Jake,Paige,2.193366289138794,MF
Charlotte,Rudolph,2.1934635639190674,MF
Frankenstein,Helena,2.19353985786438,MF
Doug,Maisie,2.193540334701538,MF
Buddy,Katie,2.1935408115386963,MF
Jack,Patricia,2.1935458183288574,MF
Katie,Michael,2.193641662597656,MF
Keybo,Liz,2.193702936172486,MF
Elias,Sophia,2.1937906742095947,MF
Bell,Neel,2.1938469409942627,MF
April,Lloyd,2.194105386734009,MF
Lloyd,Riley,2.1941635608673096,MF
Bell,Cyrus,2.194167137145996,MF
Jake,Maisie,2.1941699981689453,MF
Gus,Sara,2.1941897869110107,MF
Jenna,Santa,2.1944985389709473,MF
Catherine,Patrick,2.1945314407348633,MF
Icarus,Liz,2.1945912837982178,MF
Kristen,Patrick,2.194692611694336,MF
Jack,Maisie,2.1947925090789795,MF
KlipKim,Sophia,2.194822072982788,MF
Bruce,Lindsay,2.1948320865631104,MF
Chase,Paige,2.1950337886810303,MF
Carol,SantaClaus,2.195039987564087,MF
Annie,Icarus,2.1950666904449463,MF
Frankenstein,Lucille,2.1950690746307373,MF
Lloyd,Valerie,2.1950697898864746,MF
Bruce,Rita,2.19512677192688,MF
Bell,Callan,2.195242404937744,MF
Claire,Rex,2.195310354232788,MF
Peter,Sara,2.1954143047332764,MF
SantaClaus,Zoey,2.1955599784851074,MF
Chloe,NewscasterJohn,2.195692777633667,MF
Kelly,Sean,2.195756435394287,MF
Alex,Ravi,2.196057081222534,MF
Chad,Maisie,2.1960575580596924,MF
Claire,Peter,2.1960740089416504,MF
Harper,Patrick,2.1960809230804443,MF
Athena,Duke,2.1961750984191895,MF
Jake,Riley,2.1961820125579834,MF
Claire,Hugh,2.196345329284668,MF
Benny,Jenna,2.1963722705841064,MF
DollarJr,Maddie,2.196375608444214,MF
Ron,Tina,2.196406602859497,MF
Cyrus,Vanessa,2.196470022201538,MF
CaptainBill,Maddie,2.1965439319610596,MF
Jeff,Paige,2.196552038192749,MF
Annie,Furnando,2.196871042251587,MF
Lloyd,Millie,2.197010040283203,MF
Chloe,Philip,2.1970694065093994,MF
Tina,Tyson,2.1970927715301514,MF
Kristen,Ron,2.197152853012085,MF
Keybo,Riley,2.1972689628601074,MF
Rita,Viktor,2.1972692012786865,MF
NewscasterJohn,Samantha,2.197270154953003,MF
Helena,Lloyd,2.197309732437134,MF
Dan,Maddie,2.1973507404327393,MF
Annie,Jack,2.197411298751831,MF
Alex,West,2.1974294185638428,MF
Alex,Kevin,2.1974828243255615,MF
Helena,Tim,2.1975202560424805,MF
Athena,KilliantheVampire,2.1976943016052246,MF
Jennifer,SantaClaus,2.197968006134033,MF
Samantha,Tim,2.1982500553131104,MF
Annie,Tim,2.198319673538208,MF
Chase,Sara,2.198364734649658,MF
Rex,Valerie,2.1984517574310303,MF
Elias,Hailey,2.198649644851685,MF
Callan,Catherine,2.1987051963806152,MF
KlipKim,Maddie,2.198791265487671,MF
Duke,Millie,2.1989879608154297,MF
Jenna,Tyson,2.199002742767334,MF
Jenna,Lloyd,2.199162721633911,MF
Santa,Vanessa,2.1992347240448,MF
Jeff,Maddie,2.1992392539978027,MF
Chester,Kelly,2.1993794441223145,MF
Elias,Kristen,2.199443817138672,MF
Echo,Keybo,2.19945764541626,MF
Callan,Riley,2.19946813583374,MF
Doughnut,Gus,2.19952130317688,MF
KilliantheVampire,Stephanie,2.1997053623199463,MF
AnnabelletheGhost,Frankenstein,2.199843645095825,MF
Keybo,Nana,2.1998908519744873,MF
NewscasterJohn,Skylar,2.200155258178711,MF
Lindsay,PN,2.200157880783081,MF
Bruce,Valerie,2.2003915309906006,MF
Ron,Sara,2.200568437576294,MF
Callan,Starling,2.200828313827514,MF
Justin,Samantha,2.200977563858032,MF
Abigail,KilliantheVampire,2.2010793685913086,MF
Frankenstein,Janet,2.2011940479278564,MF
Annie,Carl,2.2014153003692627,MF
Doughnut,Lloyd,2.2014718055725098,MF
AnnabelletheGhost,Buddy,2.2015960216522217,MF
Benny,Hailey,2.2016334533691406,MF
Duke,Janet,2.2016851902008057,MF
Hailey,UncleHank,2.202040672302246,MF
Charlotte,KilliantheVampire,2.2021658420562744,MF
Annie,Callan,2.2021942138671875,MF
Katie,Keybo,2.2023980617523193,MF
Alex,Graham,2.2024354934692383,MF
Paige,Ravi,2.2025210857391357,MF
Bell,Carl,2.2026114463806152,MF
Graham,Skylar,2.2026138305664062,MF
Janet,Robert,2.2028043270111084,MF
Benny,Harper,2.2028870582580566,MF
UncleHank,Zoey,2.20290470123291,MF
PN,Vanessa,2.2030251026153564,MF
Claire,Mark,2.203234910964966,MF
Harper,Jake,2.2033326625823975,MF
Doughnut,Patrick,2.2035653591156006,MF
Kristen,Lloyd,2.2037789821624756,MF
Avery,Viktor,2.204068422317505,MF
Gus,Maisie,2.204068422317505,MF
Mia,Robert,2.2041404247283936,MF
Aaron,Maddie,2.2041749954223633,MF
Kelsey,Peter,2.204366445541382,MF
Chase,Emma,2.204657077789306,MF
Hugh,Riley,2.204779624938965,MF
Emma,Hans,2.204786777496338,MF
Mark,Norah,2.2048606872558594,MF
Carl,Sophia,2.2049145698547363,MF
Buddy,Vanessa,2.205054521560669,MF
Jake,Vanessa,2.2051477432250977,MF
Santa,Sophia,2.2052576541900635,MF
Benny,Helena,2.205442190170288,MF
Hans,Vanessa,2.205559015274048,MF
Sara,Tim,2.205723285675049,MF
Charlotte,Jake,2.2057535648345947,MF
Michael,Vanessa,2.2057690620422363,MF
NewscasterJohn,Sara,2.205867052078247,MF
Alex,Hugh,2.2059662342071533,MF
Maisie,Owen,2.2060840129852295,MF
Cyrus,Maddie,2.20617938041687,MF
Annie,Jackson,2.2062387466430664,MF
Audrey,KilliantheVampire,2.2062814235687256,MF
Rusty,Victoria,2.20649790763855,MF
Paige,Simon,2.2066421508789062,MF
Carl,Hailey,2.2066545486450195,MF
Lucille,Peter,2.2066867351531982,MF
Hans,Lucille,2.2067911624908447,MF
Icarus,Millie,2.206935167312622,MF
CaptainBill,Hailey,2.2070181369781494,MF
Owen,Patricia,2.207075595855713,MF
David,Vanessa,2.2070963382720947,MF
Maisie,Neel,2.2071125507354736,MF
Ron,Samantha,2.207178831100464,MF
Frankenstein,Starling,2.207186222076416,MF
Natalie,Rusty,2.207237958908081,MF
Mark,Natalie,2.2072739601135254,MF
Buddy,Paige,2.2073538303375244,MF
Chad,Sara,2.20743465423584,MF
Annie,Larry,2.2075984477996826,MF
Sean,Sophia,2.2077507972717285,MF
Frankenstein,Vanessa,2.2078230381011963,MF
Doughnut,Mark,2.207829236984253,MF
PN,Patricia,2.20784592628479,MF
Benny,Kristen,2.207862615585327,MF
Hailey,Rex,2.208141326904297,MF
Carl,Janet,2.208169221878052,MF
Avery,SantaClaus,2.208197832107544,MF
Jenna,Peter,2.2083518505096436,MF
Sophia,Tim,2.2084391117095947,MF
Patricia,Robert,2.2084426879882812,MF
Sara,UncleHank,2.2085843086242676,MF
Alex,Sean,2.2087771892547607,MF
Alex,Chad,2.209315538406372,MF
Chase,Maisie,2.209441900253296,MF
Graham,Maddie,2.209637403488159,MF
Katie,Patrick,2.209841012954712,MF
Peter,Samantha,2.209909677505493,MF
Keybo,Rita,2.2100722789764404,MF
Agatha,Keybo,2.210169553756714,MF
Patricia,UncleHank,2.2101781368255615,MF
Jeff,Katie,2.210242986679077,MF
Riley,Rusty,2.210270881652832,MF
Jeff,Vanessa,2.210277318954468,MF
Justin,Maddie,2.2106826305389404,MF
Duke,Liz,2.2107107639312744,MF
Rebecca,West,2.210792779922486,MF
AnnabelletheGhost,Viktor,2.2108819484710693,MF
Janet,NewscasterJohn,2.2109017372131348,MF
Duke,Valerie,2.211003541946411,MF
KilliantheVampire,Rita,2.21101450920105,MF
Ravi,Valerie,2.211052656173706,MF
Edward,Hailey,2.2111892700195312,MF
Bell,Buddy,2.211231470108032,MF
Annie,DollarJr,2.2112536430358887,MF
Caleb,Patricia,2.211311101913452,MF
Duke,Zoey,2.2113866806030273,MF
Lloyd,Stephanie,2.211433172225952,MF
Jake,Samantha,2.211540699005127,MF
Maisie,West,2.2116811275482178,MF
Callan,Tina,2.211986541748047,MF
Bell,Jeff,2.212043046951294,MF
Caleb,Maddie,2.2121784687042236,MF
Mark,Sylvia,2.2124297618865967,MF
UncleHank,Vanessa,2.212486982345581,MF
Kelsey,Patrick,2.212519407272339,MF
Annie,Graham,2.2125537395477295,MF
Liam,Valerie,2.2126400470733643,MF
Buddy,Sara,2.212756395339966,MF
Jack,Paige,2.2127652168273926,MF
Paige,River,2.2129387855529785,MF
Hans,Tina,2.212977409362793,MF
Kelly,Robert,2.213012933731079,MF
Ravi,Rita,2.213047742843628,MF
Aiden,Maddie,2.2135021686553955,MF
Mia,Viktor,2.213564872741699,MF
Bell,Santa,2.2138264179229736,MF
Rex,Sara,2.2138493061065674,MF
Bell,Damian,2.2140636444091797,MF
Patrick,Skylar,2.214280366897583,MF
Bell,Michael,2.2144179344177246,MF
Maddie,West,2.2144298553466797,MF
Maddie,NewscasterJohn,2.2144572734832764,MF
Alex,Keybo,2.2145252227783203,MF
Lloyd,Rebecca,2.21454119682312,MF
April,Frankenstein,2.214623212814331,MF
Catherine,Icarus,2.214625835418701,MF
Lucille,Mark,2.2148325443267822,MF
Audrey,Mark,2.2149970531463623,MF
Bruce,Paige,2.215024471282959,MF
Katie,Santa,2.2151410579681396,MF
Jack,Maddie,2.215184450149536,MF
Icarus,Sara,2.2152864933013916,MF
MrsClaus,Rusty,2.215393304824829,MF
Justin,Maisie,2.215446710586548,MF
Janet,Owen,2.215451717376709,MF
Kelly,West,2.2156269550323486,MF
Frankenstein,Harper,2.216026782989502,MF
Audrey,Patrick,2.21604323387146,MF
Angela,Lloyd,2.2160894870758057,MF
Duke,Samantha,2.2162997722625732,MF
Annie,West,2.2164995670318604,MF
Grace,Philip,2.216587543487549,MF
Annie,Caleb,2.216780185699463,MF
Charlotte,Mark,2.216799020767212,MF
Harper,Owen,2.2168662548065186,MF
Bruce,Stephanie,2.216965436935425,MF
Duke,Patricia,2.216979503631592,MF
Aaron,Alex,2.2170650959014893,MF
Paige,Rex,2.2172584533691406,MF
Camila,SantaClaus,2.21732497215271,MF
Bell,David,2.2173430919647217,MF
April,Jake,2.217381477355957,MF
Benny,Maisie,2.2174954414367676,MF
Janet,Sean,2.217496156692505,MF
Gus,Vanessa,2.2175230979919434,MF
Janet,Jeff,2.2176198959350586,MF
Alex,Jackson,2.217661619186402,MF
Damian,Jenna,2.217731237411499,MF
Athena,Rudolph,2.2177765369415283,MF
Athena,Slushy,2.217856168746948,MF
Angela,Bruce,2.2180845737457275,MF
DollarJr,Kelly,2.2182061672210693,MF
Annie,Santa,2.218912124633789,MF
Chloe,Keybo,2.2190332412719727,MF
Icarus,Vanessa,2.2191641330718994,MF
Keybo,Maddie,2.2193853855133057,MF
Icarus,Zoey,2.219446897506714,MF
Oscar,Paige,2.219475269317627,MF
River,Zoey,2.219482421875,MF
Alex,Owen,2.2195041179656982,MF
Annie,Xavier,2.219532251358032,MF
Icarus,Janet,2.219949960708618,MF
Jodie,Rusty,2.219978094100952,MF
Frankenstein,Samantha,2.2200815677642822,MF
Kelly,Michael,2.220297336578369,MF
Frankenstein,Rebecca,2.220322847366333,MF
Hugh,Valerie,2.2203280925750732,MF
Jackson,Sophia,2.22041392326355,MF
Duke,Helena,2.220418691635132,MF
Owen,Riley,2.220608949661255,MF
Jackson,Lindsay,2.2206227779388428,MF
Bruce,Grace,2.220625638961792,MF
Jodie,Viktor,2.220656633377075,MF
Philip,Skylar,2.2213587760925293,MF
Kristen,Mark,2.221468687057495,MF
Jeff,Samantha,2.221527099609375,MF
Maddie,Rex,2.221545934677124,MF
Sara,Tyson,2.2216944694519043,MF
Rebecca,SantaClaus,2.2217729091644287,MF
Carl,Lindsay,2.221787214279175,MF
Damian,Helena,2.221801519393921,MF
Amber,Hugh,2.2218072414398193,MF
Samantha,Santa,2.2218966484069824,MF
Echo,Robert,2.221933126449585,MF
Buddy,Hailey,2.2220067977905273,MF
Helena,Owen,2.2221126556396484,MF
Janet,Vincent,2.222146511077881,MF
Grace,SantaClaus,2.2221598625183105,MF
Patricia,Santa,2.222188711166382,MF
Alex,Callan,2.2223174571990967,MF
Glenda,SantaClaus,2.2223637104034424,MF
Icarus,Rita,2.2223732471466064,MF
Maisie,Ravi,2.2224109172821045,MF
Helena,River,2.222553014755249,MF
Janet,Rex,2.2225944995880127,MF
Mark,Rita,2.2227416038513184,MF
AnnabelletheGhost,Hugh,2.222752332687378,MF
Norah,Rusty,2.2229387760162354,MF
Katie,Tim,2.2230889797210693,MF
Maisie,Tim,2.223219633102417,MF
Maddie,Neel,2.223256826400757,MF
Callan,Skylar,2.223285436630249,MF
Hans,Maisie,2.2232859134674072,MF
Duke,Kelsey,2.2233479022979736,MF
Jake,Valerie,2.2233643531799316,MF
Mia,Patrick,2.2234103679656982,MF
Hugh,Lindsay,2.223419427871704,MF
Riley,Viktor,2.223581075668335,MF
Charlotte,Michael,2.223832368850708,MF
Annie,Logan,2.223834991455078,MF
David,Emma,2.223893404006958,MF
Kevin,Sophia,2.223937749862671,MF
Avery,Rusty,2.224036455154419,MF
Michael,Samantha,2.2242558002471924,MF
Chase,Helena,2.2243497371673584,MF
Katie,UncleHank,2.224354982376098,MF
Helena,Mark,2.2246625423431396,MF
Hugh,Rita,2.2246923446655273,MF
April,Santa,2.2246954441070557,MF
Norah,Viktor,2.224839448928833,MF
Skylar,Tyson,2.2251012325286865,MF
Hans,Skylar,2.225285530090332,MF
April,Peter,2.2254550457000732,MF
Annie,Ron,2.225541114807129,MF
Paige,Royce,2.22554874420166,MF
Icarus,Stephanie,2.2255563735961914,MF
KilliantheVampire,Verna,2.2257025241851807,MF
Duke,Riley,2.225743055343628,MF
Aaron,Paige,2.225754976272583,MF
Cyrus,Lindsay,2.225823163986206,MF
Lucille,Rusty,2.225895881652832,MF
Kelly,Walter,2.2259600162506104,MF
Annie,Neoguard,2.2261626720428467,MF
Helena,Jeff,2.226167917251587,MF
Avery,Tyson,2.2262234687805176,MF
Alex,Rudolph,2.226337194442749,MF
Keybo,Paige,2.2264058589935303,MF
Ron,Zoey,2.226521253585815,MF
Alex,Ron,2.2266266345977783,MF
Hugh,Maisie,2.2266459465026855,MF
Gus,Kelly,2.226647138595581,MF
Icarus,Nia,2.2266504764556885,MF
Emma,Gus,2.226892471313477,MF
Bruce,Patricia,2.2270548343658447,MF
Hailey,Hans,2.227301836013794,MF
April,SantaClaus,2.227508783340454,MF
SantaClaus,Valerie,2.227626323699951,MF
Jackson,Millie,2.2278733253479004,MF
KilliantheVampire,Sara,2.2278897762298584,MF
Valerie,Viktor,2.2279345989227295,MF
NewscasterJohn,Patricia,2.2280232906341553,MF
Bell,Benny,2.228074789047241,MF
Hailey,Jeff,2.2282040119171143,MF
Annie,Michael,2.2282233238220215,MF
Benny,Maddie,2.228288412094116,MF
Mark,MrsClaus,2.2283875942230225,MF
Kelly,Rusty,2.2286698818206787,MF
Jake,Starling,2.228672981262207,MF
Chloe,KilliantheVampire,2.2287213802337646,MF
Katie,NewscasterJohn,2.2289304733276367,MF
Rudolph,Tina,2.229008436203003,MF
Charlotte,Santa,2.2291181087493896,MF
Echo,SantaClaus,2.2292520999908447,MF
Jake,Lindsay,2.2293641567230225,MF
Duke,Tina,2.2295515537261963,MF
Emma,Keybo,2.229573965072632,MF
Alex,Chase,2.2299017906188965,MF
Lloyd,Samantha,2.230135202407837,MF
Ben,Sophia,2.230152368545532,MF
Harper,Icarus,2.230154514312744,MF
Hailey,Jackson,2.23028302192688,MF
Michael,Sophia,2.2302913665771484,MF
George,Sara,2.2304201126098633,MF
Santa,Stephanie,2.2304694652557373,MF
MrsClaus,SantaClaus,2.2305386066436768,MF
Gus,Jenna,2.2305543422698975,MF
Caleb,Valerie,2.2305798530578613,MF
Nia,Rusty,2.230813980102539,MF
Rusty,Zoey,2.2308249473571777,MF
Paige,Robert,2.231245279312134,MF
April,Duke,2.231394052505493,MF
Hailey,PN,2.2314982414245605,MF
KlipKim,Valerie,2.2316575050354004,MF
Frankenstein,Sara,2.231752395629883,MF
Carol,Mark,2.2318625450134277,MF
River,Vanessa,2.23191237449646,MF
Callan,Hailey,2.232386827468872,MF
Doug,Paige,2.2331273555755615,MF
Damian,Maddie,2.2331607341766357,MF
Benny,Emma,2.2333853244781494,MF
Caitlyn,Mark,2.2335214614868164,MF
Sean,Valerie,2.233659505844116,MF
Rudolph,Sophia,2.2338340282440186,MF
Alex,Neel,2.2341973781585693,MF
KilliantheVampire,Riley,2.234510898590088,MF
Amber,Mark,2.2345497608184814,MF
Graham,Hailey,2.23470687866211,MF
Hailey,Liam,2.2347397804260254,MF
Benny,Tina,2.2348430156707764,MF
Katie,Peter,2.2352044582366943,MF
Kelsey,SantaClaus,2.2353005409240723,MF
Kelly,Slushy,2.2354629039764404,MF
Philip,Riley,2.235560417175293,MF
Aiden,Alex,2.235564947128296,MF
Hugh,Sophia,2.236027479171753,MF
Icarus,Nova,2.236093282699585,MF
Neel,Paige,2.2362561225891113,MF
Logan,Maddie,2.23630690574646,MF
Catherine,Frankenstein,2.2363338470458984,MF
Hans,Kristen,2.2365658283233643,MF
Tina,Viktor,2.236753225326538,MF
Kelly,KilliantheVampire,2.2370548248291016,MF
Kelly,Viktor,2.237121343612671,MF
Chloe,Icarus,2.2371952533721924,MF
Carl,Samantha,2.2373907566070557,MF
Keybo,Sara,2.2374014854431152,MF
Kanno,Paige,2.2374260425567627,MF
Helena,Jackson,2.2374308109283447,MF
Bell,Duke,2.237586975097656,MF
Jackson,Patricia,2.237863302230835,MF
Cyrus,Maisie,2.238004684448242,MF
Catherine,SantaClaus,2.238091230392456,MF
David,Valerie,2.238126039505005,MF
Bell,Viktor,2.238440752029419,MF
Athena,Michael,2.2385246753692627,MF
Annie,Ravi,2.2387170791625977,MF
Amber,KilliantheVampire,2.2387452125549316,MF
Keybo,Starling,2.2389495372772217,MF
Alex,Cole,2.2389519214630127,MF
Alex,KilliantheVampire,2.2389814853668213,MF
Maisie,River,2.239187002182007,MF
Kanno,Maddie,2.2392051219940186,MF
Tessa,Viktor,2.239610433578491,MF
Annie,Kevin,2.2396886348724365,MF
Alex,Duke,2.239756345748902,MF
Callan,Patricia,2.2397773265838623,MF
Frankenstein,Patricia,2.239874839782715,MF
Emma,Viktor,2.240284204483032,MF
Maddie,Robert,2.2403759956359863,MF
Patricia,Philip,2.2404325008392334,MF
Emma,Frankenstein,2.240752935409546,MF
Hugh,Patricia,2.240762948989868,MF
Paige,Tim,2.240872621536255,MF
Samantha,Tyson,2.24101185798645,MF
Maddie,PN,2.2411110401153564,MF
Benny,Janet,2.2411625385284424,MF
KilliantheVampire,Mia,2.2414193153381348,MF
Hailey,West,2.2418034076690674,MF
Hans,Rita,2.2418291568756104,MF
Patrick,Sara,2.242111921310425,MF
Bruce,Sophia,2.2424652576446533,MF
Hugh,Skylar,2.2425715923309326,MF
Nia,UncleHank,2.2429044246673584,MF
Frankenstein,Maisie,2.242905855178833,MF
Duke,Stephanie,2.243292808532715,MF
Jeff,Rebecca,2.243335962295532,MF
Athena,Robert,2.243382692337036,MF
Maisie,Peter,2.243405342102051,MF
Benny,Rebecca,2.2435920238494873,MF
Mark,Stephanie,2.2436842918395996,MF
Benny,Vanessa,2.243713855743408,MF
KilliantheVampire,Vanessa,2.243774890899658,MF
Bruce,Rebecca,2.243781328201294,MF
Hailey,Lloyd,2.243783950805664,MF
Annie,Jeff,2.2438435554504395,MF
Helena,Patrick,2.2438995838165283,MF
KilliantheVampire,Nova,2.2439558506011963,MF
Maddie,Simon,2.2440595626831055,MF
Charlotte,SantaClaus,2.2441911697387695,MF
Buddy,Millie,2.2444891929626465,MF
Mark,Nia,2.2445147037506104,MF
Frankenstein,Mia,2.244732618331909,MF
Aaron,Annie,2.2448127269744873,MF
Damian,Paige,2.2448155879974365,MF
Graham,Kristen,2.244935989379883,MF
Millie,Patrick,2.245490789413452,MF
Emma,River,2.2455525398254395,MF
Buddy,Emma,2.2456116676330566,MF
Janet,Patrick,2.2456376552581787,MF
April,Keybo,2.2458274364471436,MF
Hugh,Katie,2.2459876537323,MF
Margot,Patrick,2.246095657348633,MF
April,Bruce,2.2461278438568115,MF
Jackson,Paige,2.2464640140533447,MF
April,Viktor,2.246631383895874,MF
Helena,Rex,2.2466466426849365,MF
Maddie,Santa,2.246687650680542,MF
Kevin,Maddie,2.246694326400757,MF
Paige,Ron,2.246742010116577,MF
Patricia,Rusty,2.2469024658203125,MF
Annie,Chase,2.2470009326934814,MF
Harper,Rusty,2.247128486633301,MF
Tina,Vincent,2.2473528385162354,MF
MrsClaus,Ron,2.2474210262298584,MF
Icarus,Rebecca,2.247897148132324,MF
Liz,Patrick,2.247987985610962,MF
Alex,PN,2.248110055923462,MF
Lloyd,Patricia,2.248246669769287,MF
Annie,Elias,2.248455286026001,MF
Lindsay,Lloyd,2.2486588954925537,MF
Bruce,Katie,2.248696565628052,MF
Claire,Viktor,2.2489731311798096,MF
Hailey,Santa,2.249033689498902,MF
Hugh,Kristen,2.249034881591797,MF
Echo,UncleHank,2.249064683914185,MF
Annie,George,2.2493889331817627,MF
Doughnut,SantaClaus,2.24943470954895,MF
Valerie,Vincent,2.2494654655456543,MF
Duke,Sophia,2.249598979949951,MF
Annie,KlipKim,2.2497150897979736,MF
Claire,Rusty,2.2499632835388184,MF
Avery,Mark,2.250182867050171,MF
Emma,Mark,2.250194311141968,MF
Patrick,Vanessa,2.2504453659057617,MF
Ben,Hailey,2.2509427070617676,MF
Lindsay,Santa,2.250943899154663,MF
Emma,Patrick,2.2511730194091797,MF
Ravi,Sophia,2.251293659210205,MF
Angela,Viktor,2.251304864883423,MF
Icarus,Kelly,2.2514469623565674,MF
Santa,Sara,2.252002954483032,MF
Duke,Jenna,2.2520642280578613,MF
Lloyd,Paige,2.2524003982543945,MF
Bell,Peter,2.252675771713257,MF
Jeff,Lindsay,2.2526767253875732,MF
Kelly,Vincent,2.25270676612854,MF
Philip,Samantha,2.25280499458313,MF
Jackson,Maisie,2.2528913021087646,MF
Sophia,UncleHank,2.253237724304199,MF
Landon,Paige,2.2533366680145264,MF
Owen,Starling,2.2534682750701904,MF
Kelly,Patrick,2.2535698413848877,MF
Edward,Kelly,2.2539925575256348,MF
Owen,Sophia,2.2540249824523926,MF
Angela,Mark,2.254495859146118,MF
Maisie,SantaClaus,2.2547943592071533,MF
Patrick,Valerie,2.254828691482544,MF
AnnabelletheGhost,Benny,2.2548651695251465,MF
Athena,Jake,2.254875421524048,MF
Frankenstein,Stephanie,2.2550418376922607,MF
Bell,Mark,2.2550485134124756,MF
Rex,Tina,2.255066156387329,MF
Samantha,UncleHank,2.255248546600342,MF
Peter,Vanessa,2.255360841751098,MF
AnnabelletheGhost,Mark,2.255532741546631,MF
Jake,Maddie,2.2556746006011963,MF
Angela,Rusty,2.2557358741760254,MF
Michael,Sara,2.255913496017456,MF
Bell,Icarus,2.2560718059539795,MF
KilliantheVampire,Valerie,2.256150007247925,MF
Riley,Tyson,2.2563278675079346,MF
Bruce,Echo,2.2564432621002197,MF
Ron,Sophia,2.256448268890381,MF
Athena,Peter,2.2564697265625,MF
Catherine,Duke,2.2566192150115967,MF
Agatha,Viktor,2.2572882175445557,MF
Caleb,Kelly,2.2577221393585205,MF
Cyrus,Sara,2.257842779159546,MF
Janet,Rudolph,2.2578749656677246,MF
Jenna,Mark,2.2579736709594727,MF
Bell,Royce,2.25797438621521,MF
Patrick,Sophia,2.2579805850982666,MF
Maisie,Robert,2.2584993839263916,MF
April,Icarus,2.2588002681732178,MF
Alex,Jeff,2.2594282627105713,MF
Alex,Jake,2.259519338607788,MF
Helena,Santa,2.259685754776001,MF
Echo,Lloyd,2.2597033977508545,MF
Alex,Hans,2.2597272396087646,MF
Annie,David,2.259989023208618,MF
Avery,Icarus,2.2601568698883057,MF
Mark,Rebecca,2.260187864303589,MF
Frankenstein,Hailey,2.26021146774292,MF
Emma,SantaClaus,2.2602131366729736,MF
Annie,Henry,2.260216474533081,MF
Alex,Gus,2.2603724002838135,MF
Harper,Tyson,2.260439872741699,MF
Rudolph,Valerie,2.260660409927368,MF
Janet,Ron,2.260974407196045,MF
Maisie,Viktor,2.261024236679077,MF
Hailey,Michael,2.2611095905303955,MF
Helena,Michael,2.2614359855651855,MF
KilliantheVampire,Skylar,2.2614567279815674,MF
Tyson,Valerie,2.2618141174316406,MF
Nova,Viktor,2.261972188949585,MF
Graham,Sophia,2.261981964111328,MF
Icarus,Mia,2.2620131969451904,MF
Kelly,UncleHank,2.262361764907837,MF
Hailey,Jack,2.2624504566192627,MF
Frankenstein,Zoey,2.2625746726989746,MF
Katie,KilliantheVampire,2.262578010559082,MF
KilliantheVampire,Lucille,2.262942314147949,MF
Hailey,Icarus,2.2629916667938232,MF
Owen,Paige,2.263026237487793,MF
Millie,Viktor,2.263089418411255,MF
Philip,Sophia,2.2631475925445557,MF
Peter,Rita,2.2633492946624756,MF
David,Hailey,2.263418197631836,MF
Grace,Viktor,2.2634265422821045,MF
Avery,Keybo,2.263462543487549,MF
Chloe,Tyson,2.263500213623047,MF
Alex,Elias,2.2639238834381104,MF
Oliver,Viktor,2.2639307975769043,MF
Bell,Lloyd,2.2643749713897705,MF
Liz,Mark,2.265028238296509,MF
Alex,NewscasterJohn,2.2651846408843994,MF
Maddie,Tim,2.2653017044067383,MF
Benny,Paige,2.2653284072875977,MF
Camila,Patrick,2.265338659286499,MF
NewscasterJohn,Valerie,2.26543927192688,MF
Hugh,Tina,2.265594244003296,MF
Bruce,Samantha,2.2656915187835693,MF
Hans,Katie,2.266165018081665,MF
Patricia,Tyson,2.2663919925689697,MF
NewscasterJohn,Sophia,2.2666189670562744,MF
Henry,Lindsay,2.267291784286499,MF
Hailey,Owen,2.2674100399017334,MF
Frankenstein,Kelly,2.2674782276153564,MF
Henry,Maddie,2.267686605453491,MF
Maddie,Royce,2.2678050994873047,MF
Royce,Vanessa,2.267915725708008,MF
Annie,NewscasterJohn,2.2682769298553467,MF
Katie,Tyson,2.2684264183044434,MF
April,Mark,2.2685751914978027,MF
Buddy,Lindsay,2.2688798904418945,MF
Icarus,Katie,2.2688989639282227,MF
KilliantheVampire,Norah,2.269064426422119,MF
Caitlyn,Rusty,2.269286632537842,MF
Alex,David,2.269331455230713,MF
Hailey,Peter,2.269367933273315,MF
Kelly,Peter,2.2694642543792725,MF
Maisie,Rex,2.269475221633911,MF
David,Maddie,2.2697386741638184,MF
Annie,UncleHank,2.269768238067627,MF
Jake,Kelly,2.269871473312378,MF
Keybo,Lucille,2.2701961994171143,MF
Mia,Rusty,2.270404100418091,MF
KilliantheVampire,Lindsay,2.270948648452759,MF
Mark,Mia,2.2712583541870117,MF
Claire,Patrick,2.271374464035034,MF
Mark,Skylar,2.2715532779693604,MF
Royce,Sara,2.2717514038085938,MF
Ben,Maddie,2.271989107131958,MF
Ben,Valerie,2.2721264362335205,MF
Caitlyn,SantaClaus,2.27215838432312,MF
Peter,Stephanie,2.2730824947357178,MF
KilliantheVampire,Kristen,2.2732982635498047,MF
Hugh,Rebecca,2.273961305618286,MF
Annie,Lloyd,2.2744104862213135,MF
Philip,Rita,2.2746803760528564,MF
SantaClaus,Sara,2.274733066558838,MF
Jake,Sophia,2.2749273777008057,MF
Maisie,NewscasterJohn,2.2750608921051025,MF
Jenna,SantaClaus,2.2760109901428223,MF
Jeff,Sara,2.276139497756958,MF
Owen,Valerie,2.2763869762420654,MF
Lloyd,Sophia,2.2766592502593994,MF
Riley,SantaClaus,2.276740312576294,MF
Lucille,Viktor,2.2774300575256348,MF
Helena,Icarus,2.2776148319244385,MF
Alex,Patrick,2.2777817249298096,MF
Alex,Tyson,2.277871370315552,MF
Katie,Viktor,2.278080701828003,MF
Abigail,Rusty,2.2783684730529785,MF
Abigail,Viktor,2.2784266471862793,MF
SantaClaus,Sophia,2.278449535369873,MF
Maddie,Owen,2.2786052227020264,MF
Annie,Viktor,2.278623342514038,MF
Skylar,UncleHank,2.2788915634155273,MF
Lindsay,Peter,2.2791330814361572,MF
Lindsay,Michael,2.2791996002197266,MF
Annie,Damian,2.2792809009552,MF
Tyson,Zoey,2.2795112133026123,MF
Kristen,UncleHank,2.27972674369812,MF
Annie,KilliantheVampire,2.2797536849975586,MF
NewscasterJohn,Zoey,2.2800912857055664,MF
Icarus,Jenna,2.2803139686584473,MF
Carol,Rusty,2.2806050777435303,MF
Echo,Hugh,2.2807788848876953,MF
Bruce,Maisie,2.280916213989258,MF
NewscasterJohn,Vanessa,2.281261920928955,MF
Icarus,Starling,2.281820774078369,MF
Glenda,Keybo,2.281914710998535,MF
Annie,Philip,2.2822344303131104,MF
Charlotte,Keybo,2.2824056148529053,MF
Athena,Mark,2.282560110092163,MF
Echo,Mark,2.2831642627716064,MF
Emma,Royce,2.2834770679473877,MF
Benny,Lindsay,2.2838754653930664,MF
Frankenstein,Paige,2.2840631008148193,MF
Graham,Paige,2.2842462062835693,MF
Katie,Philip,2.2848880290985107,MF
Patricia,Peter,2.28501558303833,MF
Jake,Patricia,2.2855417728424072,MF
Verna,Viktor,2.285602331161499,MF
Edward,Lucille,2.2856733798980713,MF
KilliantheVampire,Nia,2.285825490951538,MF
Hailey,Ron,2.2858357429504395,MF
Hugh,Maddie,2.2858777046203613,MF
Duke,Grace,2.2858951091766357,MF
Jackson,Sara,2.2859175205230713,MF
Jake,Katie,2.286210775375366,MF
Paige,SantaClaus,2.286236524581909,MF
April,Rusty,2.287008047103882,MF
Maddie,River,2.2871508598327637,MF
Lindsay,Patrick,2.287196636199951,MF
Annie,Robert,2.287684440612793,MF
Bruce,Hailey,2.2876875400543213,MF
Hailey,Hugh,2.2880215644836426,MF
Annie,Rex,2.2880218029022217,MF
Callan,Rita,2.288055896759033,MF
Annie,River,2.2881405353546143,MF
SantaClaus,Vanessa,2.288330078125,MF
Maddie,Ravi,2.2884583473205566,MF
Janet,SantaClaus,2.2886106967926025,MF
Annie,Gus,2.2888636589050293,MF
Lindsay,Mark,2.2888755798339844,MF
Annie,Neel,2.2898499965667725,MF
AnnabelletheGhost,SantaClaus,2.290436029434204,MF
Peter,Riley,2.290696859359741,MF
Maddie,Viktor,2.2908718585968018,MF
Kelly,Mark,2.2909629344940186,MF
Lloyd,Maisie,2.291024923324585,MF
Kelly,Rex,2.291736602783203,MF
Patricia,Viktor,2.291968822479248,MF
Hans,Sophia,2.292046308517456,MF
Victoria,Viktor,2.292071580886841,MF
Annie,Doug,2.292360544204712,MF
KilliantheVampire,Patricia,2.2924513816833496,MF
Grace,UncleHank,2.292479991912842,MF
Abigail,Mark,2.292774200439453,MF
Avery,Patrick,2.293174982070923,MF
River,Sara,2.2937588691711426,MF
Athena,Callan,2.2941367626190186,MF
Philip,Zoey,2.29445481300354,MF
Hans,Maddie,2.2946581840515137,MF
Grace,Patrick,2.295042037963867,MF
Benny,Kelly,2.2952756881713867,MF
Annie,Owen,2.2965128421783447,MF
Icarus,Lindsay,2.297147512435913,MF
Icarus,Skylar,2.2980685234069824,MF
Frankenstein,Katie,2.298278570175171,MF
Hailey,NewscasterJohn,2.298933982849121,MF
Liz,SantaClaus,2.3002970218658447,MF
Lindsay,Royce,2.30039119720459,MF
Janet,Mark,2.300420045852661,MF
Duke,Lindsay,2.301100492477417,MF
Hailey,Oscar,2.301274538040161,MF
Peter,Sophia,2.3019158840179443,MF
Jake,Rita,2.3023698329925537,MF
Maddie,Michael,2.302373170852661,MF
Paige,UncleHank,2.302582263946533,MF
Benny,Sara,2.3026065826416016,MF
Janet,UncleHank,2.3028409481048584,MF
Duke,Kelly,2.3028855323791504,MF
Alex,Buddy,2.302906274795532,MF
Annie,Buddy,2.303422212600708,MF
KilliantheVampire,Zoey,2.3035762310028076,MF
Tyson,Vanessa,2.303696870803833,MF
Harper,SantaClaus,2.303698778152466,MF
Icarus,Riley,2.303861379623413,MF
Annie,Bruce,2.3045151233673096,MF
Keybo,Valerie,2.3045408725738525,MF
Keybo,Samantha,2.304603338241577,MF
Alex,Michael,2.305274248123169,MF
Alex,Icarus,2.3054487705230713,MF
Catherine,Rusty,2.305593729019165,MF
Annie,Frankenstein,2.305852174758911,MF
Sara,Viktor,2.3059780597686768,MF
Alex,Viktor,2.306438684463501,MF
Annie,Sean,2.3065783977508545,MF
Bell,Patrick,2.306645631790161,MF
Chase,Maddie,2.3066608905792236,MF
Bell,SantaClaus,2.306863784790039,MF
Hailey,Tyson,2.307852268218994,MF
Carl,Maddie,2.308137893676758,MF
Alex,UncleHank,2.3088786602020264,MF
Helena,Peter,2.3092856407165527,MF
KilliantheVampire,Samantha,2.309684038162231,MF
Callan,Maisie,2.3101484775543213,MF
Helena,SantaClaus,2.3103139400482178,MF
Janet,KilliantheVampire,2.3103415966033936,MF
Rusty,Verna,2.3105409145355225,MF
Harper,Mark,2.3109352588653564,MF
Echo,Patrick,2.3120336532592773,MF
Nia,Viktor,2.312217950820923,MF
Callan,Sophia,2.312419176101685,MF
Annie,PN,2.3127529621124268,MF
Echo,Icarus,2.31291127204895,MF
Aiden,Annie,2.313112497329712,MF
Kelly,NewscasterJohn,2.3131487369537354,MF
Mark,Valerie,2.3131654262542725,MF
Duke,Paige,2.3136651515960693,MF
Mark,Zoey,2.313878059387207,MF
Alex,Benny,2.314073324203491,MF
Athena,SantaClaus,2.3141119480133057,MF
Callan,Samantha,2.3142383098602295,MF
Alex,George,2.3142387866973877,MF
Maisie,Tyson,2.314406156539917,MF
Maddie,Peter,2.31487774848938,MF
Maisie,Philip,2.314967393875122,MF
Hans,Janet,2.315162181854248,MF
Annie,Royce,2.3155925273895264,MF
Jenna,Patrick,2.3158164024353027,MF
Mark,Samantha,2.315955877304077,MF
Carl,Sara,2.3162264823913574,MF
Annie,Cyrus,2.316467761993408,MF
Callan,Paige,2.316779851913452,MF
Chloe,Mark,2.316967248916626,MF
Patrick,Tina,2.3174524307250977,MF
Callan,Katie,2.318446397781372,MF
Grace,Rusty,2.3195087909698486,MF
Hugh,Samantha,2.319588422775269,MF
Athena,Icarus,2.3196561336517334,MF
SantaClaus,Stephanie,2.3197431564331055,MF
NewscasterJohn,Paige,2.31976580619812,MF
Mark,Sara,2.3205373287200928,MF
Patrick,Stephanie,2.32068133354187,MF
Angela,KilliantheVampire,2.3206992149353027,MF
Hailey,Philip,2.320749282836914,MF
Keybo,Patricia,2.321211814880371,MF
Grace,Mark,2.3215391635894775,MF
Alex,Peter,2.3230984210968018,MF
Lindsay,Viktor,2.323154926300049,MF
Alex,Santa,2.323934555053711,MF
Stephanie,Viktor,2.324181318283081,MF
April,KilliantheVampire,2.3245222568511963,MF
Rusty,Starling,2.3249032497406006,MF
Patrick,Zoey,2.3253350257873535,MF
SantaClaus,Tina,2.326013565063477,MF
Caitlyn,Patrick,2.326630115509033,MF
Athena,Hugh,2.326714277267456,MF
Hans,Valerie,2.326801061630249,MF
Duke,Margot,2.327120780944824,MF
Duke,Maisie,2.3284528255462646,MF
Paige,Peter,2.3297762870788574,MF
KilliantheVampire,Rebecca,2.32986831665039,MF
Hailey,River,2.329911947250366,MF
KilliantheVampire,Paige,2.330613851547241,MF
MrsClaus,Viktor,2.3308489322662354,MF
Sophia,Tyson,2.330851793289185,MF
Alex,Carl,2.3313777446746826,MF
Icarus,Kristen,2.3315589427948,MF
Athena,Keybo,2.3316657543182373,MF
Bruce,Maddie,2.3316986560821533,MF
Annie,Hans,2.331862211227417,MF
Patrick,Samantha,2.3318684101104736,MF
Annie,Benny,2.332272529602051,MF
Frankenstein,Lindsay,2.332364320755005,MF
Amber,Viktor,2.3325605392456055,MF
Camila,Rusty,2.332560777664185,MF
Frankenstein,Maddie,2.332977056503296,MF
Duke,Maddie,2.3350329399108887,MF
Amber,Rusty,2.33561635017395,MF
Rita,Rusty,2.3358519077301025,MF
Alex,Frankenstein,2.3361382484436035,MF
Hailey,SantaClaus,2.3362512588500977,MF
Maddie,SantaClaus,2.336800336837769,MF
Mark,Riley,2.3376810550689697,MF
Maisie,Rusty,2.33811616897583,MF
Patricia,Patrick,2.338919162750244,MF
Peter,Valerie,2.339459180831909,MF
Alex,SantaClaus,2.3395464420318604,MF
Kristen,Rusty,2.339823007583618,MF
Callan,Maddie,2.3401196002960205,MF
Patricia,SantaClaus,2.340464353561402,MF
SantaClaus,Starling,2.341209173202514,MF
Paige,Tyson,2.3421523571014404,MF
Philip,Valerie,2.3423964977264404,MF
Rusty,Vanessa,2.3427345752716064,MF
Rusty,Skylar,2.34334397315979,MF
Rebecca,Viktor,2.343641996383667,MF
AnnabelletheGhost,Rusty,2.345148801803589,MF
David,Paige,2.3453729152679443,MF
Katie,Mark,2.347113847732544,MF
Hailey,Rusty,2.347255229949951,MF
Paige,Viktor,2.347572088241577,MF
Keybo,Zoey,2.3488738536834717,MF
Emma,Rusty,2.349081754684448,MF
Maddie,Tyson,2.3502347469329834,MF
Duke,Hailey,2.351204633712769,MF
KilliantheVampire,Sophia,2.3514249324798584,MF
Grace,KilliantheVampire,2.351799726486206,MF
Annie,Vincent,2.3522403240203857,MF
Skylar,Viktor,2.352285623550415,MF
Echo,Viktor,2.352795124053955,MF
Paige,Rusty,2.3532698154449463,MF
Icarus,Maisie,2.35548996925354,MF
Alex,Cyrus,2.3563930988311768,MF
Annie,Rusty,2.3564088344573975,MF
Annie,Rudolph,2.3570377826690674,MF
Keybo,Sophia,2.357762336730957,MF
Maisie,UncleHank,2.359365701675415,MF
Hailey,Keybo,2.3599865436553955,MF
Patrick,Riley,2.360401391983032,MF
Annie,Peter,2.360765218734741,MF
Mark,Patricia,2.360769510269165,MF
Katie,SantaClaus,2.3608100414276123,MF
Icarus,Sophia,2.3615221977233887,MF
Alex,Mark,2.3617053031921387,MF
Millie,Rusty,2.3619725704193115,MF
Echo,KilliantheVampire,2.3628954887390137,MF
Hugh,Paige,2.3649349212646484,MF
Samantha,Viktor,2.364938974380493,MF
Kelly,SantaClaus,2.3654067516326904,MF
Lloyd,Maddie,2.365419626235962,MF
Kelly,Rudolph,2.3668394088745117,MF
Kelly,Keybo,2.366926908493042,MF
Icarus,Paige,2.3673760890960693,MF
KilliantheVampire,Maisie,2.36745285987854,MF
Lydia,Rusty,2.367718458175659,MF
Alex,Royce,2.367816686630249,MF
Hailey,Patrick,2.3691484928131104,MF
Athena,Viktor,2.369316816329956,MF
Paige,Philip,2.3698441982269287,MF
Mark,Sophia,2.3701012134552,MF
Annie,Jake,2.3701984882354736,MF
Samantha,SantaClaus,2.3708951473236084,MF
Maddie,Philip,2.37149715423584,MF
Liz,Rusty,2.3750698566436768,MF
Hailey,Viktor,2.376227617263794,MF
Rusty,Sophia,2.3775293827056885,MF
Lindsay,SantaClaus,2.3789727687835693,MF
Jenna,Rusty,2.3792972564697266,MF
Icarus,Patricia,2.3811018466949463,MF
Annie,Mark,2.381887197494507,MF
Icarus,Samantha,2.3822340965270996,MF
Janet,Rusty,2.386037826538086,MF
Hans,Paige,2.386263132095337,MF
Maddie,UncleHank,2.388988494873047,MF
Athena,Rusty,2.3894152641296387,MF
Jackson,Maddie,2.3920364379882812,MF
Viktor,Zoey,2.3923542499542236,MF
Paige,Patrick,2.3929083347320557,MF
Millie,SantaClaus,2.396331310272217,MF
Hailey,KilliantheVampire,2.400651693344116,MF
Sophia,Viktor,2.401082754135132,MF
Annie,Hugh,2.4018537998199463,MF
Doughnut,Rusty,2.402561902999878,MF
Mark,Vanessa,2.4026362895965576,MF
Helena,Rusty,2.4049909114837646,MF
Annie,Duke,2.4134328365325928,MF
Echo,Rusty,2.415494203567505,MF
Annie,Tyson,2.4177305698394775,MF
Kristen,Viktor,2.4206697940826416,MF
KilliantheVampire,Maddie,2.422393798828125,MF
Rusty,Stephanie,2.422482490539551,MF
Mark,Paige,2.4245352745056152,MF
Maisie,Patrick,2.4299135208129883,MF
Maisie,Mark,2.431513786315918,MF
Rusty,Samantha,2.4321112632751465,MF
Katie,Rusty,2.4328739643096924,MF
Maddie,Mark,2.438188314437866,MF
Annie,Patrick,2.443068265914917,MF
Rebecca,Rusty,2.4437620639801025,MF
Rusty,Sara,2.4446542263031006,MF
Hailey,Mark,2.446908473968506,MF
Annie,SantaClaus,2.450978994369507,MF
Janet,Viktor,2.4543607234954834,MF
Maddie,Patrick,2.4719626903533936,MF
Lindsay,Rusty,2.481273412704468,MF
Maddie,Rusty,2.5026652812957764,MF
Bell,Rusty,2.516664743423462,MF
Alex,Rusty,2.5177361965179443,MF
Icarus,Maddie,2.521350622177124,MF
