name1,name2,distance,group
Larry,Wade,0.925199568271637,MM
Dean,Larry,0.932956874370575,MM
Dan,Kevin,1.021309494972229,MM
Bruce,Lloyd,1.0335723161697388,MM
Dean,Wade,1.0589338541030884,MM
Carlos,DollarJr,1.070440411567688,MM
Aiden,Cole,1.0969120264053345,MM
Cole,Ryan,1.0987099409103394,MM
Neoguard,PN,1.154642105102539,MM
Brad,Oscar,1.1945937871932983,MM
Brad,Nathan,1.2012662887573242,MM
KlipKim,Rudolph,1.2013064622879028,MM
KlipKim,Peter,1.2153005599975586,MM
Jack,Liam,1.217524528503418,MM
Mark,NewscasterJohn,1.2191377878189087,MM
Brad,Eman,1.2212867736816406,MM
Nathan,Oscar,1.232882738113403,MM
Justin,Tim,1.247254490852356,MM
Noa,PN,1.2576658725738523,MM
Neoguard,Noa,1.2711511850357056,MM
Michael,Santa,1.27983295917511,MM
NewscasterJohn,Philip,1.2938814163208008,MM
Aiden,Ryan,1.29922354221344,MM
Rudolph,Vincent,1.3174755573272705,MM
Eman,Oscar,1.3188127279281616,MM
David,Xavier,1.3296900987625122,MM
Graham,Neel,1.338185429573059,MM
Cyrus,Royce,1.339590549468994,MM
Jake,Neoguard,1.3400267362594604,MM
Jake,PN,1.3422036170959473,MM
Philip,Tyson,1.3451052904129028,MM
Doug,Robert,1.3451277017593384,MM
Aiden,Dan,1.3492798805236816,MM
Rudolph,Walter,1.3553420305252075,MM
Cyrus,West,1.3565162420272827,MM
Eman,Nathan,1.3573585748672483,MM
Buddy,Furnando,1.359164118766785,MM
Chester,Slushy,1.3687487840652466,MM
Ben,Owen,1.3702036142349243,MM
Peter,Rudolph,1.37795889377594,MM
Jake,KlipKim,1.3791624307632446,MM
Dan,Ravi,1.3794986009597778,MM
Cole,Noa,1.37998628616333,MM
Matthew,Noa,1.390215516090393,MM
KlipKim,Vincent,1.3942012786865234,MM
Nathan,Noa,1.394745707511902,MM
Brad,Walter,1.396186351776123,MM
Liam,Oscar,1.4020380973815918,MM
DollarJr,Jackson,1.4042311906814575,MM
Callan,Landon,1.4044322967529297,MM
Aiden,George,1.413664698600769,MM
Aiden,Noa,1.417912483215332,MM
Carlos,Jackson,1.4187039136886597,MM
Kevin,Ravi,1.4208632707595823,MM
Cole,Neoguard,1.422873854637146,MM
KlipKim,Noa,1.4230213165283203,MM
Matthew,PN,1.4231823682785034,MM
George,Xavier,1.424979329109192,MM
Dean,Santa,1.425526738166809,MM
Dean,Walter,1.4297523498535156,MM
Matthew,Walter,1.430778980255127,MM
Jackson,Tim,1.431050181388855,MM
KlipKim,Neoguard,1.4311838150024414,MM
Ron,Viktor,1.4359078407287598,MM
Carlos,Tim,1.4368910789489746,MM
NewscasterJohn,Tyson,1.4430795907974243,MM
David,Joshua,1.443121075630188,MM
Noa,Oscar,1.444339394569397,MM
Cole,George,1.4448412656784058,MM
Carl,Xavier,1.446680188179016,MM
KlipKim,Nathan,1.4476996660232544,MM
River,Tim,1.4479933977127075,MM
Dan,George,1.4480949640274048,MM
Dylan,Nathan,1.448811173439026,MM
Dean,Ryan,1.4498157501220703,MM
Dean,George,1.452034592628479,MM
KlipKim,PN,1.452652931213379,MM
Jake,Noa,1.453440546989441,MM
George,Larry,1.4567646980285645,MM
Matthew,Rudolph,1.4612274169921875,MM
Caleb,Neoguard,1.4613884687423706,MM
Jake,Rudolph,1.462053298950195,MM
Matthew,Ryan,1.4621731042861938,MM
Buddy,Royce,1.46379292011261,MM
Dean,Gus,1.4641523361206057,MM
KlipKim,Liam,1.4663063287734983,MM
Dylan,Landon,1.4672635793685913,MM
Doug,Hugh,1.467469334602356,MM
Cole,Dean,1.467480182647705,MM
Carlos,JackoLantern,1.4726223945617676,MM
Aaron,Liam,1.47398579120636,MM
Dylan,Xavier,1.4746402502059937,MM
Bruce,Doug,1.4748592376708984,MM
KlipKim,Walter,1.4752516746520996,MM
Noa,Ryan,1.4757298231124878,MM
Peter,Vincent,1.4796611070632937,MM
Matthew,Neoguard,1.481141209602356,MM
Eman,Peter,1.481952667236328,MM
Aaron,KlipKim,1.4850009679794312,MM
Liam,West,1.48640775680542,MM
Damian,Dylan,1.4865578413009644,MM
Joshua,Xavier,1.4866042137145996,MM
Dan,Eman,1.4874138832092283,MM
Damian,KlipKim,1.487523078918457,MM
Brad,Noa,1.4892500638961792,MM
KlipKim,Oscar,1.4897276163101196,MM
Ben,Joshua,1.491552472114563,MM
Justin,River,1.493070125579834,MM
Ravi,Xavier,1.4954229593276978,MM
George,Noa,1.4958356618881226,MM
Aiden,Dylan,1.496243953704834,MM
Dylan,Noa,1.4965558052062988,MM
Dan,KlipKim,1.4965606927871704,MM
Cole,Gus,1.4970864057540894,MM
Dan,Nathan,1.4991215467453003,MM
Jake,Matthew,1.5003714561462402,MM
Jake,Peter,1.500436782836914,MM
Chester,DollarJr,1.5016847848892212,MM
Cole,Dylan,1.5019344091415403,MM
Icarus,UncleHank,1.5037182569503784,MM
Eman,Walter,1.505015850067139,MM
Caleb,KlipKim,1.508888602256775,MM
Dylan,Ravi,1.51112699508667,MM
Carlos,Chester,1.511867880821228,MM
Edward,Matthew,1.5119022130966189,MM
Cole,Dan,1.5126399993896484,MM
Graham,Liam,1.5165833234786987,MM
Cyrus,Neel,1.5168544054031372,MM
Liam,Philip,1.5196329355239868,MM
Aaron,Dan,1.5198124647140503,MM
George,Nathan,1.5198577642440796,MM
George,Neoguard,1.5221797227859497,MM
Bruce,Jack,1.523269534111023,MM
Oscar,Walter,1.523367404937744,MM
Dan,Joshua,1.5286682844161987,MM
KlipKim,Matthew,1.529984474182129,MM
Damian,Neoguard,1.5313968658447266,MM
Chester,JackoLantern,1.5323796272277832,MM
Dean,Matthew,1.5326131582260132,MM
Eman,KlipKim,1.5327023267745972,MM
Brad,Larry,1.5329465866088867,MM
Larry,Ryan,1.533161997795105,MM
Rex,Walter,1.534536361694336,MM
Aaron,Nathan,1.535467267036438,MM
Carl,Dylan,1.536249756813049,MM
Caleb,PN,1.5386251211166382,MM
Doug,Lloyd,1.538692831993103,MM
Tim,Xavier,1.5409150123596191,MM
Edward,Keybo,1.5409208536148071,MM
Oscar,Peter,1.542286038398743,MM
Caleb,Dan,1.542507290840149,MM
Carlos,Justin,1.5425825119018557,MM
Aaron,Landon,1.542805314064026,MM
Aaron,Noa,1.543294906616211,MM
Callan,Liam,1.545209884643555,MM
Justin,Xavier,1.5456801652908323,MM
Aaron,Oscar,1.546105980873108,MM
Jack,Oscar,1.5472348928451538,MM
Neoguard,Ryan,1.5475965738296509,MM
Brad,Rudolph,1.5478272438049316,MM
Aiden,Neoguard,1.5487346649169922,MM
Joshua,Ryan,1.54901123046875,MM
DollarJr,Tim,1.5494664907455444,MM
Eman,Rudolph,1.5499390363693235,MM
Elias,JackoLantern,1.5501707792282104,MM
PN,Rudolph,1.553301215171814,MM
Owen,Tyson,1.5541261434555054,MM
Brad,Dean,1.5542044639587402,MM
Carlos,Owen,1.554256558418274,MM
Caleb,Rudolph,1.5544720888137815,MM
Dan,Sean,1.5545902252197266,MM
Jack,Larry,1.5554360151290894,MM
Nathan,Xavier,1.5554579496383667,MM
Dan,Xavier,1.555583119392395,MM
Larry,Walter,1.5559526681900024,MM
Aiden,Oscar,1.5563403367996216,MM
Gus,Henry,1.556644082069397,MM
Dean,Xavier,1.557015061378479,MM
Cole,Larry,1.5573886632919312,MM
DollarJr,Simon,1.5574469566345217,MM
Nathan,Tim,1.557586669921875,MM
George,Kevin,1.5576027631759644,MM
Dan,Noa,1.5576621294021606,MM
George,KlipKim,1.557805061340332,MM
Dylan,Liam,1.559673309326172,MM
Caleb,Dean,1.5596851110458374,MM
Gus,Ryan,1.5602346658706665,MM
Buddy,Gus,1.5603841543197632,MM
Caleb,Vincent,1.5608487129211426,MM
Callan,Eman,1.5619267225265503,MM
Neoguard,Oscar,1.5623011589050293,MM
Cole,Joshua,1.563438057899475,MM
Liam,Peter,1.5639420747756958,MM
Peter,Walter,1.5639523267745972,MM
Joshua,Rex,1.564106583595276,MM
Brad,KlipKim,1.5652121305465698,MM
Caleb,George,1.5659257173538208,MM
Aaron,Callan,1.5662107467651367,MM
Brad,Peter,1.5663681030273438,MM
KlipKim,Landon,1.5665358304977417,MM
Landon,Liam,1.568124294281006,MM
Chad,Cyrus,1.5686606168746948,MM
Aaron,Jack,1.5688109397888184,MM
Bruce,Henry,1.5688554048538208,MM
Caleb,Jack,1.5692459344863892,MM
Damian,Gus,1.5702415704727173,MM
Caleb,Oscar,1.5703662633895874,MM
Michael,Sindarin,1.5707060098648071,MM
Aiden,Larry,1.571048617362976,MM
Caleb,Rex,1.5718883275985718,MM
Aiden,Joshua,1.5722198486328125,MM
Michael,Neoguard,1.5722661018371582,MM
Damian,Dean,1.5728282928466797,MM
Furnando,Jack,1.573207974433899,MM
Dean,Noa,1.573743224143982,MM
Aaron,Damian,1.5745453834533691,MM
Dylan,Neoguard,1.575467586517334,MM
George,Jake,1.5757335424423218,MM
Carlos,Matthew,1.575883388519287,MM
Dean,Jack,1.57595694065094,MM
Graham,Royce,1.5766545534133911,MM
Damian,PN,1.576744556427002,MM
Chad,Neel,1.5771323442459106,MM
Aaron,Kevin,1.5772632360458374,MM
Kevin,KlipKim,1.577354907989502,MM
Larry,Nathan,1.578035831451416,MM
Neoguard,Santa,1.578537106513977,MM
Liam,Ravi,1.5794175863265991,MM
Dan,Neoguard,1.5798147916793823,MM
Ryan,Slushy,1.579994797706604,MM
Brad,Chad,1.5802927017211914,MM
KlipKim,Ravi,1.5806527137756348,MM
KlipKim,Xavier,1.5812859535217283,MM
Furnando,Philip,1.5827113389968872,MM
Nathan,Walter,1.5828975439071655,MM
Aaron,Chad,1.5829362869262695,MM
Carlos,Logan,1.5831290483474731,MM
Aaron,Neel,1.583277702331543,MM
Aaron,Joshua,1.583685278892517,MM
Dan,Peter,1.583845138549805,MM
Graham,Philip,1.584600806236267,MM
Kevin,Nathan,1.5847402811050415,MM
Aaron,Ravi,1.5856949090957642,MM
Dylan,PN,1.5870894193649292,MM
Joshua,Tim,1.5871719121932983,MM
George,PN,1.5875906944274902,MM
Mark,Philip,1.5877641439437866,MM
Aaron,Peter,1.5879651308059692,MM
Noa,Walter,1.5884541273117063,MM
Benny,Dylan,1.5886331796646118,MM
Chad,Noa,1.588739991188049,MM
Oscar,Ryan,1.5888524055480957,MM
Oscar,Rudolph,1.589055061340332,MM
KlipKim,Michael,1.5890933275222778,MM
Aaron,Neoguard,1.589553952217102,MM
Caleb,Jake,1.5897983312606812,MM
Cole,Matthew,1.5902814865112305,MM
Graham,KlipKim,1.5903338193893433,MM
Caleb,Walter,1.590993046760559,MM
Dylan,KlipKim,1.591190218925476,MM
Dylan,Oscar,1.591508865356445,MM
Neel,Royce,1.5916428565979004,MM
Aiden,KlipKim,1.5923713445663452,MM
Michael,Rudolph,1.5925321578979492,MM
Gus,Joshua,1.592601299285889,MM
Brad,Dan,1.5928378105163574,MM
Buddy,Cyrus,1.593706130981445,MM
Eman,Noa,1.593941569328308,MM
Damian,Liam,1.594492793083191,MM
Jackson,Justin,1.5945109128952026,MM
Landon,Nathan,1.5945204496383667,MM
JackoLantern,Logan,1.5945476293563845,MM
Caleb,Santa,1.5955276489257812,MM
Callan,Oscar,1.5957322120666504,MM
Dean,Rudolph,1.5957436561584473,MM
Aiden,Xavier,1.596272349357605,MM
Cole,DollarJr,1.5966119766235352,MM
Logan,River,1.5968040227890017,MM
Chad,Landon,1.5972174406051636,MM
Aiden,Nathan,1.5972434282302856,MM
Liam,Walter,1.59785258769989,MM
Eman,Henry,1.5985270738601685,MM
Matthew,Michael,1.5989956855773926,MM
Chase,Jackson,1.5993231534957886,MM
Dean,Nathan,1.5997051000595093,MM
Santa,Walter,1.5997809171676636,MM
Dan,Vincent,1.6001776456832886,MM
Neoguard,Peter,1.600518822669983,MM
Caleb,Damian,1.6005898714065552,MM
Larry,Oscar,1.6006250381469729,MM
PN,Vincent,1.60073721408844,MM
Buddy,Chad,1.6009039878845217,MM
Bruce,Furnando,1.6012603044509888,MM
Dan,Oscar,1.6015640497207642,MM
PN,Philip,1.6018093824386597,MM
Dean,Sindarin,1.6021809577941897,MM
Michael,Walter,1.6027874946594238,MM
Dean,Joshua,1.6029058694839478,MM
Eman,Landon,1.6031371355056765,MM
Jackson,Simon,1.6039514541625977,MM
Edward,JackoLantern,1.6044915914535522,MM
PN,Peter,1.6045938730239868,MM
Dylan,George,1.604737401008606,MM
Graham,Jack,1.6053677797317505,MM
Dylan,Matthew,1.6053811311721802,MM
Chad,Neoguard,1.6056809425354004,MM
Liam,Nathan,1.606245994567871,MM
Dean,Eman,1.606624722480774,MM
Dan,Jake,1.606902003288269,MM
Chad,Dan,1.607129454612732,MM
Matthew,Nathan,1.6076394319534302,MM
Henry,Rex,1.6076812744140625,MM
Aiden,Kevin,1.6079024076461792,MM
Larry,Noa,1.6082741022109983,MM
Liam,Ron,1.6084823608398438,MM
Aaron,Tyson,1.6085923910140991,MM
Henry,Landon,1.6094363927841189,MM
Jack,Kevin,1.609470009803772,MM
Aiden,Dean,1.6096439361572266,MM
Dean,Neoguard,1.609686255455017,MM
Neoguard,Rudolph,1.6098979711532593,MM
Chad,Dylan,1.610000729560852,MM
Kevin,Xavier,1.6100448369979858,MM
Brad,Sindarin,1.6104001998901367,MM
Aiden,Caleb,1.610679030418396,MM
Dean,Duke,1.6111254692077637,MM
KilliantheVampire,Philip,1.611520767211914,MM
Eman,Neoguard,1.6119657754898071,MM
Ben,Carlos,1.6119753122329712,MM
Larry,Matthew,1.6123112440109253,MM
Larry,Santa,1.6125661134719849,MM
Aiden,Jake,1.6129206418991089,MM
Cole,Jake,1.6129350662231443,MM
Nathan,PN,1.6141437292099,MM
Larry,Xavier,1.6145960092544556,MM
Jeff,Justin,1.614704966545105,MM
Chester,Jimmy,1.6153197288513184,MM
DollarJr,Nathan,1.6154533624649048,MM
Oscar,Rex,1.61561918258667,MM
Peter,Ravi,1.6161442995071411,MM
Benny,Noa,1.6163023710250854,MM
Brad,Caleb,1.6166962385177612,MM
Caleb,Peter,1.6168770790100098,MM
Eman,Jake,1.6170449256896973,MM
Callan,Philip,1.6173478364944458,MM
Damian,Henry,1.6175228357315063,MM
Nathan,Ravi,1.6179488897323608,MM
Aaron,Cole,1.618107795715332,MM
Landon,Neoguard,1.6200718879699707,MM
Gus,Neoguard,1.620233416557312,MM
Doug,Ron,1.6204382181167605,MM
Aaron,Dylan,1.620632290840149,MM
KlipKim,Neel,1.6208420991897583,MM
Caleb,Gus,1.6212817430496216,MM
CaptainBill,Keybo,1.6214386224746704,MM
Liam,Neoguard,1.6220554113388062,MM
Michael,Noa,1.6228532791137695,MM
Dan,Tim,1.6228879690170288,MM
Chad,Gus,1.6232881546020508,MM
Aaron,Jake,1.6235623359680176,MM
Carl,George,1.623736023902893,MM
Justin,Lloyd,1.6241726875305176,MM
Brad,Liam,1.6242979764938354,MM
Damian,Landon,1.6247462034225464,MM
Noa,Rudolph,1.6253520250320437,MM
Graham,Oscar,1.625688910484314,MM
Damian,Dan,1.6259151697158811,MM
Neoguard,Walter,1.6261423826217651,MM
Carl,Nathan,1.62665855884552,MM
George,Justin,1.6274796724319458,MM
Bruce,KilliantheVampire,1.6278553009033203,MM
Eman,Larry,1.627927303314209,MM
Dan,JackoLantern,1.6285775899887085,MM
Cyrus,Liam,1.6289254426956177,MM
Dan,Dean,1.6290417909622192,MM
JackoLantern,Matthew,1.6296087503433228,MM
Cyrus,KlipKim,1.6298093795776367,MM
Dylan,Justin,1.6299786567687988,MM
Dean,Royce,1.630014419555664,MM
George,Wade,1.63003408908844,MM
Carlos,Nathan,1.6306753158569336,MM
Jack,Lloyd,1.630753517150879,MM
Ben,Tyson,1.6311320066452026,MM
JackoLantern,Jimmy,1.631414771080017,MM
Dan,Dylan,1.631735920906067,MM
JackoLantern,Simon,1.6317983865737915,MM
Joshua,Nathan,1.6320124864578247,MM
KlipKim,Tim,1.6324747800827026,MM
Chad,PN,1.6329083442687988,MM
Dylan,Kevin,1.632954239845276,MM
Oscar,PN,1.633238434791565,MM
Cyrus,Graham,1.633388638496399,MM
George,Ryan,1.6334190368652344,MM
Aiden,Brad,1.6340378522872925,MM
Larry,Sean,1.6341389417648315,MM
Jake,Vincent,1.6344419717788696,MM
Dan,Larry,1.634482979774475,MM
Gus,PN,1.6348003149032593,MM
Dan,PN,1.635337471961975,MM
Brad,Ryan,1.6358872652053833,MM
Gus,Rex,1.636255383491516,MM
Brad,Matthew,1.6369165182113647,MM
JackoLantern,Justin,1.6370137929916382,MM
Jack,Ravi,1.6371454000473022,MM
Dean,PN,1.6372026205062866,MM
Doug,Liam,1.6372981071472168,MM
Brad,Rex,1.637616515159607,MM
Dylan,Ryan,1.6377949714660645,MM
Santa,Wade,1.6378437280654907,MM
DollarJr,Owen,1.6379421949386597,MM
Larry,Neoguard,1.6381605863571167,MM
Hugh,Ron,1.6387077569961548,MM
Cole,Wade,1.6389328241348269,MM
Chase,River,1.6389914751052856,MM
Cole,PN,1.6391295194625854,MM
Jack,Sindarin,1.6391545534133911,MM
Chase,Noa,1.6391664743423462,MM
Bruce,Hugh,1.6393051147460938,MM
Eman,Matthew,1.6393303871154783,MM
Damian,Peter,1.6397351026535034,MM
Eman,Kevin,1.6397782564163208,MM
Neoguard,Xavier,1.6399565935134888,MM
Ryan,Walter,1.6400922536849976,MM
Aiden,Tim,1.641215205192566,MM
Gus,Larry,1.6413918733596802,MM
KlipKim,West,1.64140522480011,MM
Eman,Ryan,1.6432489156723022,MM
Landon,Rudolph,1.6436642408370972,MM
Dean,Jake,1.643696665763855,MM
Furnando,Kevin,1.6437355279922483,MM
Aaron,Eman,1.6441621780395508,MM
Damian,Kevin,1.6443700790405271,MM
George,Rudolph,1.644501566886902,MM
Elias,Furnando,1.6445518732070925,MM
Matthew,Sindarin,1.6448850631713867,MM
CaptainBill,JackoLantern,1.6454157829284668,MM
Caleb,Cole,1.645585060119629,MM
Bruce,Philip,1.6458336114883425,MM
Dean,Graham,1.6460477113723757,MM
Chester,Edward,1.646090030670166,MM
Jackson,River,1.6461728811264038,MM
Justin,Neel,1.6462234258651731,MM
Brad,George,1.64631986618042,MM
Damian,Larry,1.6464958190917969,MM
Neel,Philip,1.6468459367752075,MM
Dan,Logan,1.6471201181411743,MM
Landon,Oscar,1.6476736068725586,MM
Graham,Xavier,1.6480098962783811,MM
Caleb,Eman,1.6482691764831543,MM
Jake,Sean,1.6485291719436646,MM
Aiden,Rudolph,1.648709774017334,MM
Chad,George,1.6487451791763306,MM
Noa,West,1.6487860679626465,MM
Chase,Dean,1.64895761013031,MM
Dan,Liam,1.6489726305007937,MM
Damian,Jake,1.6493257284164429,MM
PN,Walter,1.649389147758484,MM
Dean,Michael,1.6498600244522097,MM
Aaron,Aiden,1.6499587297439575,MM
Chad,KlipKim,1.6499643325805664,MM
Ryan,Wade,1.6499768495559692,MM
Damian,Xavier,1.6501976251602173,MM
Kevin,Noa,1.6502366065979004,MM
Noa,Ravi,1.6505383253097534,MM
Joshua,Justin,1.650755763053894,MM
Frankenstein,PN,1.6508649587631226,MM
Liam,PN,1.650933861732483,MM
Justin,Landon,1.6509828567504885,MM
Duke,Santa,1.6514949798583984,MM
Damian,Noa,1.6515763998031616,MM
Chad,Larry,1.6520110368728638,MM
Ben,DollarJr,1.6521152257919312,MM
David,Dean,1.6521406173706057,MM
Matthew,Oscar,1.6524372100830078,MM
Joshua,Owen,1.652779459953308,MM
Henry,Patrick,1.6532081365585327,MM
Cole,Oscar,1.65334951877594,MM
Cole,Nathan,1.6537731885910034,MM
Aiden,Carl,1.6538519859313965,MM
Noa,Peter,1.65412700176239,MM
Aaron,Tim,1.654147744178772,MM
Furnando,Tim,1.6542013883590698,MM
Rex,Ryan,1.6544097661972046,MM
Henry,Neoguard,1.6545003652572632,MM
Cole,Walter,1.6546745300292969,MM
Dean,Peter,1.65478515625,MM
Ryan,Sean,1.6547919511795044,MM
Chad,Ravi,1.654836654663086,MM
Nathan,Rudolph,1.654880404472351,MM
Jack,PN,1.6550477743148804,MM
Henry,Walter,1.655369758605957,MM
Caleb,Chad,1.6554101705551147,MM
Sindarin,Walter,1.6556367874145508,MM
DollarJr,Matthew,1.655705809593201,MM
KilliantheVampire,Liam,1.6557472944259644,MM
Joshua,Tyson,1.6560068130493164,MM
Caleb,Matthew,1.6561589241027832,MM
Damian,Jack,1.6561789512634275,MM
Jack,Peter,1.656234622001648,MM
Jack,Neoguard,1.6562670469284058,MM
Bruce,Liam,1.6564435958862305,MM
Graham,Noa,1.656498908996582,MM
Simon,Xavier,1.6568351984024048,MM
Caleb,Ryan,1.6570254564285278,MM
DollarJr,KlipKim,1.6572405099868774,MM
Damian,Walter,1.6574348211288452,MM
Aaron,Xavier,1.657513976097107,MM
Graham,Vincent,1.6576967239379885,MM
Aiden,Vincent,1.6577516794204712,MM
Damian,Sean,1.6584395170211792,MM
Joshua,Walter,1.658503174781799,MM
Liam,Noa,1.6586695909500122,MM
Nathan,Sean,1.6590906381607056,MM
Chad,Dean,1.6594895124435425,MM
Justin,UncleHank,1.6596988439559937,MM
Callan,Hugh,1.659878134727478,MM
Buddy,Henry,1.6598819494247437,MM
Graham,JackoLantern,1.660078048706055,MM
CaptainBill,Neoguard,1.660234808921814,MM
Brad,Vincent,1.6603578329086304,MM
DollarJr,JackoLantern,1.6604963541030884,MM
Damian,Ravi,1.6605459451675415,MM
George,Peter,1.6605983972549438,MM
Jack,KlipKim,1.6606208086013794,MM
Furnando,Neel,1.661332130432129,MM
Landon,Xavier,1.6616441011428833,MM
Dan,Jack,1.6616525650024414,MM
Lloyd,Xavier,1.661813735961914,MM
George,Santa,1.662590503692627,MM
Hugh,Landon,1.66265869140625,MM
Jackson,Nathan,1.663088321685791,MM
NewscasterJohn,Walter,1.6631015539169312,MM
Furnando,Justin,1.663188338279724,MM
CaptainBill,Matthew,1.6632280349731443,MM
Chase,Simon,1.6634845733642578,MM
Noa,Sindarin,1.6634894609451294,MM
Justin,Logan,1.664511799812317,MM
Larry,Sindarin,1.66478168964386,MM
Chad,Justin,1.665058135986328,MM
Callan,Nathan,1.665786623954773,MM
CaptainBill,Carlos,1.6661280393600464,MM
Damian,George,1.6661452054977417,MM
Eman,Liam,1.666254997253418,MM
David,Lloyd,1.6669172048568726,MM
JackoLantern,PN,1.6669548749923706,MM
Caleb,Larry,1.666975975036621,MM
Cole,Landon,1.66706383228302,MM
Jake,Landon,1.667103886604309,MM
Nathan,Neoguard,1.6671637296676636,MM
Brad,Callan,1.6677284240722656,MM
Kevin,Sean,1.6684356927871704,MM
Matthew,Santa,1.6691802740097046,MM
Dean,Henry,1.6691981554031372,MM
Duke,Henry,1.669251561164856,MM
Rudolph,Ryan,1.6693130731582642,MM
Bruce,Dan,1.6694159507751465,MM
Jake,Liam,1.669461369514465,MM
Dan,Tyson,1.6696223020553589,MM
David,Duke,1.6696966886520386,MM
Eman,PN,1.6697758436203003,MM
Benny,Landon,1.6698179244995115,MM
JackoLantern,Jeff,1.6699093580245972,MM
Jake,Kevin,1.6701254844665527,MM
Jake,Nathan,1.6702035665512085,MM
Nathan,Peter,1.670211911201477,MM
Wade,Walter,1.670299053192139,MM
JackoLantern,KlipKim,1.6705223321914673,MM
Aaron,Philip,1.670681357383728,MM
Joshua,Larry,1.6708191633224487,MM
Dean,Landon,1.6708321571350098,MM
Bruce,KlipKim,1.671135425567627,MM
Carl,Neoguard,1.671207308769226,MM
Chad,Nathan,1.6714123487472534,MM
Dean,Robert,1.671749711036682,MM
Doug,Jack,1.6719083786010742,MM
Kevin,Liam,1.6730823516845703,MM
JackoLantern,Noa,1.6731055974960327,MM
Justin,Simon,1.6731820106506348,MM
Jack,Philip,1.6731863021850586,MM
Kevin,Philip,1.6733261346817017,MM
Eman,George,1.6735559701919556,MM
Graham,UncleHank,1.6740325689315796,MM
Carlos,Dan,1.6742931604385376,MM
Caleb,Nathan,1.6745944023132324,MM
Dylan,Larry,1.6746631860733032,MM
JackoLantern,Tim,1.6746960878372192,MM
Bruce,Kevin,1.674716591835022,MM
Caleb,Kevin,1.6747316122055054,MM
Damian,Rex,1.674821853637695,MM
Chad,Jack,1.674854397773743,MM
Joshua,Noa,1.674902319908142,MM
Icarus,Landon,1.6749821901321411,MM
Aaron,Cyrus,1.6750855445861816,MM
Cyrus,Noa,1.6753240823745728,MM
Damian,Justin,1.675692439079285,MM
Justin,KlipKim,1.6759973764419556,MM
Callan,KlipKim,1.6762241125106812,MM
Edward,Sindarin,1.676613211631775,MM
Dean,Oscar,1.6771138906478882,MM
Oscar,Ron,1.677537441253662,MM
Dan,Santa,1.677600383758545,MM
Jeff,Simon,1.6777697801589966,MM
Ben,Noa,1.6777764558792114,MM
Joshua,Kevin,1.6777915954589844,MM
Aiden,PN,1.6780916452407837,MM
Noa,Xavier,1.678120732307434,MM
Caleb,Liam,1.678195834159851,MM
Landon,Peter,1.6784149408340454,MM
Aiden,Justin,1.678454875946045,MM
Chester,Dylan,1.6788969039916992,MM
Dan,Philip,1.6789302825927734,MM
Logan,Ravi,1.678992748260498,MM
Liam,Tyson,1.6795114278793335,MM
Damian,Joshua,1.6795872449874878,MM
Dan,Ryan,1.6795965433120728,MM
Dan,Michael,1.6800165176391602,MM
George,Joshua,1.6801191568374634,MM
Brad,Wade,1.6803151369094849,MM
Cole,Rex,1.6805745363235474,MM
Aiden,Eman,1.680592656135559,MM
Neoguard,Vincent,1.6806622743606567,MM
Carlos,Simon,1.6810320615768433,MM
Larry,PN,1.681198000907898,MM
Caleb,Sean,1.681602120399475,MM
Philip,Ron,1.6816433668136597,MM
Dan,Justin,1.6817231178283691,MM
Dean,Vincent,1.681933879852295,MM
Logan,Tim,1.6819359064102173,MM
Wade,Xavier,1.6822556257247925,MM
Aiden,DollarJr,1.6824158430099487,MM
Logan,Nathan,1.6825294494628906,MM
Cole,Damian,1.6826661825180054,MM
George,Matthew,1.683298945426941,MM
Dean,Rex,1.683501362800598,MM
Chad,Sindarin,1.6836419105529783,MM
Caleb,Joshua,1.683682560920715,MM
Aaron,Benny,1.6839265823364258,MM
KlipKim,Royce,1.6843180656433103,MM
Hans,Xavier,1.6847929954528809,MM
Chase,Tim,1.684902548789978,MM
Damian,Matthew,1.6849942207336426,MM
Jackson,KlipKim,1.6850985288619995,MM
Dan,Rex,1.6855918169021606,MM
Chester,KlipKim,1.6858595609664917,MM
Elias,Kevin,1.6858978271484375,MM
Neel,PN,1.686127781867981,MM
Caleb,Xavier,1.6862303018569946,MM
Oscar,Ravi,1.686436653137207,MM
Owen,Tim,1.6868858337402344,MM
Kevin,Lloyd,1.6876119375228882,MM
Kevin,Vincent,1.6876639127731323,MM
Doug,Henry,1.6876758337020874,MM
Aiden,Matthew,1.6878662109375,MM
Kevin,Tim,1.687981128692627,MM
Aaron,Larry,1.6882246732711792,MM
Buddy,Jack,1.688282489776611,MM
Neel,Neoguard,1.6883063316345217,MM
Sindarin,West,1.688752293586731,MM
Dean,Liam,1.6888456344604492,MM
Gus,Noa,1.6889071464538574,MM
Larry,Rudolph,1.6890201568603516,MM
Hans,Nathan,1.6891604661941528,MM
Caleb,Noa,1.6892294883728027,MM
George,Vincent,1.6898680925369265,MM
Bruce,Justin,1.6899018287658691,MM
Callan,Jack,1.6900711059570312,MM
Chester,Noa,1.6901057958602903,MM
Neoguard,Sean,1.690362811088562,MM
Lloyd,Ravi,1.6904414892196655,MM
Caleb,Furnando,1.690563082695007,MM
Chad,Kevin,1.6911202669143677,MM
Chase,Dan,1.6911859512329102,MM
Buddy,Neel,1.691306471824646,MM
Buddy,Frankenstein,1.6913546323776243,MM
Cyrus,Damian,1.6913948059082031,MM
Kevin,Peter,1.6914068460464478,MM
Eman,Sean,1.6917524337768557,MM
Callan,Sindarin,1.6919585466384888,MM
Dean,SantaClaus,1.692041039466858,MM
Philip,UncleHank,1.692056655883789,MM
Dean,KlipKim,1.692315936088562,MM
David,Ryan,1.6924434900283811,MM
Jack,Landon,1.6924461126327517,MM
Neel,Noa,1.6925121545791626,MM
Callan,Graham,1.6925193071365356,MM
Aaron,West,1.6926950216293335,MM
Kevin,Oscar,1.6928962469100952,MM
Aaron,Ryan,1.6930198669433594,MM
Dean,DollarJr,1.6930831670761108,MM
George,Oscar,1.6933482885360718,MM
George,Tim,1.6933788061141968,MM
Noa,Tim,1.6935831308364868,MM
Sindarin,Wade,1.6936403512954712,MM
Aiden,Peter,1.6939088106155396,MM
Nathan,Ryan,1.6940131187438965,MM
Damian,Philip,1.694090723991394,MM
Philip,Robert,1.69448983669281,MM
KlipKim,Philip,1.6944938898086548,MM
Dan,Walter,1.6945000886917114,MM
Eman,Ron,1.6954838037490845,MM
Buddy,PN,1.6955342292785645,MM
Chad,Eman,1.6960700750350952,MM
Aaron,PN,1.696349024772644,MM
David,Nathan,1.6965056657791138,MM
Landon,Ryan,1.696548342704773,MM
Dan,Rudolph,1.6965774297714231,MM
Jack,West,1.6968053579330444,MM
Cole,Rudolph,1.696876049041748,MM
PN,Tyson,1.6969956159591677,MM
Graham,PN,1.6970123052597046,MM
Damian,Robert,1.697028636932373,MM
Simon,Tim,1.697172999382019,MM
Damian,Nathan,1.6972087621688845,MM
Kevin,Neoguard,1.6972600221633911,MM
Matthew,Vincent,1.697643160820007,MM
JackoLantern,Kevin,1.6980443000793457,MM
Caleb,Henry,1.6982355117797852,MM
KlipKim,Sindarin,1.6983855962753296,MM
Aaron,David,1.6985148191452026,MM
Neel,UncleHank,1.6990331411361694,MM
Matthew,NewscasterJohn,1.699183464050293,MM
Kevin,Tyson,1.6992906332015991,MM
Jack,Wade,1.6995559930801392,MM
DollarJr,Logan,1.6996861696243286,MM
Furnando,PN,1.6997424364089966,MM
Oscar,West,1.699832558631897,MM
Chester,Cole,1.7005716562271118,MM
Rex,Vincent,1.7006889581680298,MM
JackoLantern,Jackson,1.7008768320083618,MM
Joshua,KlipKim,1.7010196447372437,MM
Dylan,Tim,1.701147437095642,MM
Chase,JackoLantern,1.7012656927108765,MM
Carlos,Kevin,1.7015293836593628,MM
Chad,Ryan,1.7016701698303225,MM
Furnando,Gus,1.7020220756530762,MM
Dylan,West,1.7020988464355469,MM
Chad,Damian,1.702407717704773,MM
Aaron,DollarJr,1.7027348279953003,MM
Nathan,Tyson,1.702802658081055,MM
Henry,Joshua,1.702985405921936,MM
Owen,PN,1.7029948234558103,MM
Liam,Xavier,1.703460693359375,MM
Buddy,Noa,1.7034682035446167,MM
Dylan,Walter,1.70350980758667,MM
CaptainBill,Noa,1.7035611867904663,MM
Eman,Sindarin,1.7036641836166382,MM
CaptainBill,PN,1.7037674188613892,MM
Carlos,PN,1.703926682472229,MM
Aaron,George,1.7039780616760254,MM
Gus,Sean,1.704308032989502,MM
Justin,Kevin,1.7043571472167969,MM
Cole,Kevin,1.7044914960861206,MM
Justin,Larry,1.7053074836730957,MM
Callan,Peter,1.7054401636123655,MM
Henry,Ryan,1.7058639526367188,MM
Oscar,Sean,1.705997347831726,MM
Carlos,KlipKim,1.7060275077819824,MM
Chester,Ryan,1.7061206102371216,MM
Dean,Dylan,1.7063924074172974,MM
Caleb,Ravi,1.7066168785095217,MM
Edward,Noa,1.7066574096679688,MM
Icarus,KilliantheVampire,1.706674575805664,MM
Doug,Furnando,1.7070865631103516,MM
Dan,Simon,1.7072027921676636,MM
Larry,Peter,1.7073906660079956,MM
Landon,Simon,1.707464575767517,MM
Landon,Matthew,1.7075352668762207,MM
Aaron,Dean,1.7076406478881836,MM
Ryan,Sindarin,1.7077239751815796,MM
Vincent,Walter,1.7080588340759275,MM
Chase,Cole,1.708107590675354,MM
Jake,Walter,1.7084022760391235,MM
Carl,Noa,1.7084859609603882,MM
Neel,Tyson,1.70856511592865,MM
Gus,Jake,1.7086411714553833,MM
Oscar,Sindarin,1.708734393119812,MM
Aaron,Graham,1.708792805671692,MM
Aaron,Gus,1.7093621492385864,MM
DollarJr,PN,1.7094632387161257,MM
Dan,Graham,1.7097768783569336,MM
Cole,Sean,1.709919810295105,MM
Jack,Ron,1.7100257873535156,MM
JackoLantern,River,1.7100495100021362,MM
Kevin,PN,1.7102166414260864,MM
Graham,Tyson,1.7103996276855469,MM
DollarJr,Joshua,1.7104250192642212,MM
Landon,Noa,1.710579752922058,MM
Landon,Larry,1.7112029790878296,MM
Dan,Gus,1.7113338708877563,MM
Dan,Lloyd,1.7115837335586548,MM
Chase,Justin,1.711734414100647,MM
PN,Ryan,1.7119121551513672,MM
Dan,Neel,1.711943507194519,MM
Aiden,Chester,1.7119451761245728,MM
Graham,Robert,1.7121033668518066,MM
Dylan,Wade,1.7123206853866575,MM
Jake,Oscar,1.7124981880187988,MM
David,Noa,1.7126356363296509,MM
Caleb,Dylan,1.7127350568771362,MM
Brad,PN,1.7128548622131348,MM
KlipKim,Owen,1.712945818901062,MM
Aaron,Carlos,1.7130125761032104,MM
Damian,Eman,1.713053822517395,MM
Henry,KlipKim,1.7131246328353882,MM
Dean,Justin,1.7131437063217163,MM
Graham,Rex,1.7137374877929688,MM
Jimmy,Joshua,1.7138018608093262,MM
Jackson,Matthew,1.7138198614120483,MM
Bruce,Neoguard,1.714000225067139,MM
David,George,1.714236855506897,MM
Henry,PN,1.714566707611084,MM
Carlos,Edward,1.714581847190857,MM
Brad,Dylan,1.7147712707519531,MM
JackoLantern,Neel,1.7150392532348633,MM
Ravi,Walter,1.7155089378356934,MM
Chester,Simon,1.715666890144348,MM
Nathan,River,1.7157162427902222,MM
Peter,Xavier,1.7157832384109497,MM
George,Graham,1.715817093849182,MM
Dean,JackoLantern,1.7159141302108765,MM
Neoguard,Wade,1.7161856889724731,MM
Cyrus,Landon,1.7165077924728394,MM
Dan,Furnando,1.716556191444397,MM
NewscasterJohn,Noa,1.716643452644348,MM
Chad,Furnando,1.7169108390808103,MM
Rex,Rudolph,1.717081904411316,MM
Neel,NewscasterJohn,1.7171510457992554,MM
Oscar,Xavier,1.7173155546188354,MM
Callan,Neel,1.7173314094543457,MM
DollarJr,Xavier,1.7177623510360718,MM
Chester,Neoguard,1.7177826166152954,MM
Cole,Henry,1.717928409576416,MM
Carl,Dean,1.718117117881775,MM
Chester,Dean,1.7189807891845703,MM
NewscasterJohn,PN,1.719067096710205,MM
Aiden,Rex,1.7191224098205566,MM
Frankenstein,Liam,1.7191888093948364,MM
David,Ravi,1.7194775342941284,MM
Kevin,Simon,1.719523787498474,MM
Nathan,West,1.719667911529541,MM
Doug,Viktor,1.7200546264648438,MM
Brad,Cole,1.7202014923095703,MM
Gus,NewscasterJohn,1.72030508518219,MM
Jack,Nathan,1.720381259918213,MM
Doug,Philip,1.72040855884552,MM
Matthew,Xavier,1.7206743955612185,MM
DollarJr,Noa,1.7207192182540894,MM
Cole,Eman,1.7207671403884888,MM
Aaron,Sindarin,1.7208242416381836,MM
David,Dylan,1.7209062576293943,MM
Aaron,Ben,1.7211593389511108,MM
Cole,West,1.7214206457138062,MM
Callan,Simon,1.7214244604110718,MM
Chester,Logan,1.7215310335159302,MM
Callan,Jake,1.7216628789901731,MM
Dylan,Michael,1.7217998504638672,MM
Carl,Kevin,1.7219558954238892,MM
Benny,Tim,1.722259521484375,MM
Matthew,Tim,1.722342848777771,MM
Furnando,Graham,1.7226001024246216,MM
Cole,Xavier,1.7229210138320925,MM
Furnando,Joshua,1.7230089902877808,MM
Carlos,Noa,1.7230831384658811,MM
Jackson,Logan,1.7231308221817017,MM
Justin,Wade,1.7231799364089966,MM
Jeff,Rusty,1.7233901023864746,MM
Callan,Chad,1.723394513130188,MM
JackoLantern,Joshua,1.7233983278274536,MM
Logan,Matthew,1.723458170890808,MM
Neoguard,Slushy,1.7235493659973145,MM
Dylan,Jake,1.7239595651626587,MM
Keybo,Matthew,1.723982334136963,MM
Icarus,Justin,1.7241498231887815,MM
Cole,Slushy,1.724239468574524,MM
Kevin,Landon,1.7243428230285645,MM
Callan,West,1.7244529724121094,MM
Cyrus,Frankenstein,1.7247328758239746,MM
Dean,NewscasterJohn,1.7247520685195925,MM
Graham,Peter,1.7247833013534546,MM
Jake,Larry,1.7249432802200315,MM
Kevin,Santa,1.7249469757080078,MM
Kevin,Sindarin,1.7251602411270142,MM
Ben,Chester,1.7257885932922363,MM
JackoLantern,Owen,1.725919246673584,MM
Jake,Tim,1.725932240486145,MM
DollarJr,Justin,1.725932478904724,MM
Landon,Tim,1.726026177406311,MM
Dean,Simon,1.7260726690292358,MM
Neel,Tim,1.7261172533035278,MM
Henry,Larry,1.726198673248291,MM
Callan,Kevin,1.7262262105941772,MM
Eman,Vincent,1.726265788078308,MM
Larry,Liam,1.7263531684875488,MM
Graham,Joshua,1.7266393899917605,MM
Dylan,Sean,1.726665496826172,MM
Dylan,Logan,1.7267109155654907,MM
JackoLantern,Sindarin,1.7267168760299685,MM
Logan,Xavier,1.726915717124939,MM
Brad,Graham,1.7272030115127563,MM
Callan,Dan,1.727251648902893,MM
Noa,Philip,1.7275805473327637,MM
George,Gus,1.7275890111923218,MM
KlipKim,Larry,1.727598786354065,MM
DollarJr,Ryan,1.7280011177062988,MM
Aaron,Brad,1.728014588356018,MM
Cole,KlipKim,1.7281231880187988,MM
Michael,Vincent,1.7283040285110474,MM
Bruce,Damian,1.7283916473388672,MM
Sindarin,Vincent,1.7284440994262695,MM
Chester,Eman,1.7284640073776243,MM
Bruce,Caleb,1.7285375595092771,MM
Dan,Henry,1.728616714477539,MM
Carlos,Joshua,1.7288941144943235,MM
Aiden,David,1.7290202379226685,MM
Jake,Tyson,1.7290725708007812,MM
Graham,West,1.7294864654541016,MM
Cyrus,Dean,1.7296777963638306,MM
Aiden,Wade,1.7296991348266602,MM
Carlos,Chase,1.729803204536438,MM
Dylan,Slushy,1.7300328016281128,MM
JackoLantern,Xavier,1.7301640510559082,MM
Aiden,Damian,1.7302852869033811,MM
Jake,Ravi,1.7303656339645386,MM
Icarus,Lloyd,1.7304401397705078,MM
Carlos,Eman,1.7305318117141724,MM
PN,Ravi,1.7307347059249878,MM
Dylan,Rudolph,1.7307955026626587,MM
Icarus,Jeff,1.7309166193008425,MM
Dylan,Jack,1.730937361717224,MM
Henry,SantaClaus,1.7314352989196775,MM
Carlos,Furnando,1.7314914464950562,MM
Jack,Xavier,1.7315608263015747,MM
Dean,Kevin,1.7317990064620972,MM
Chase,Ryan,1.7317992448806765,MM
Neoguard,Ravi,1.7321863174438477,MM
Chad,Cole,1.7325129508972168,MM
Ben,Dan,1.7329025268554688,MM
Callan,Icarus,1.7329983711242676,MM
Henry,Matthew,1.7330011129379272,MM
Kevin,Michael,1.7331794500350952,MM
Noa,River,1.7332288026809692,MM
Furnando,Sindarin,1.733373999595642,MM
Buddy,Neoguard,1.7335280179977417,MM
Joshua,Neel,1.7337340116500854,MM
Justin,Nathan,1.7338989973068235,MM
Chad,Royce,1.7341127395629885,MM
Benny,KlipKim,1.7342723608016968,MM
Chase,DollarJr,1.7343602180480957,MM
Hans,Logan,1.7345391511917114,MM
Dean,River,1.7346283197402954,MM
Jackson,Noa,1.734660506248474,MM
KlipKim,Tyson,1.7347627878189087,MM
Brad,Landon,1.734826922416687,MM
Chester,Gus,1.7349047660827637,MM
Benny,Damian,1.7349276542663574,MM
Henry,Lloyd,1.734932780265808,MM
Cyrus,Justin,1.7350801229476929,MM
Oscar,Vincent,1.735261082649231,MM
Chester,Vincent,1.7353190183639526,MM
Justin,Philip,1.7353702783584597,MM
Matthew,Wade,1.7353957891464231,MM
Larry,Robert,1.7355340719223022,MM
Oscar,Tyson,1.7356828451156616,MM
Chester,PN,1.735831618309021,MM
Carl,Cole,1.7358485460281372,MM
Justin,Owen,1.7363395690917969,MM
Carl,Santa,1.736470103263855,MM
Henry,JackoLantern,1.7365223169326782,MM
Carlos,Xavier,1.7367963790893557,MM
Larry,West,1.736859679222107,MM
Lloyd,Oscar,1.7369474172592163,MM
Jake,Philip,1.7370681762695312,MM
Elias,Jeff,1.7376723289489746,MM
Wade,West,1.7378913164138794,MM
Aiden,Cyrus,1.7379684448242188,MM
DollarJr,Jake,1.7383569478988647,MM
Owen,Philip,1.7385655641555786,MM
Cyrus,Kanno,1.738569259643555,MM
Chester,Damian,1.738660454750061,MM
David,Tim,1.7388023138046265,MM
Callan,Dean,1.738831639289856,MM
Chad,Oscar,1.7391681671142578,MM
Hugh,Lloyd,1.7392034530639648,MM
Frankenstein,West,1.7392168045043943,MM
Callan,Cyrus,1.7394108772277832,MM
Dean,Jimmy,1.739665150642395,MM
PN,Santa,1.739725112915039,MM
Damian,Ryan,1.7398638725280762,MM
CaptainBill,Edward,1.7398929595947266,MM
Liam,Sindarin,1.740021586418152,MM
Chester,Dan,1.740134835243225,MM
Dean,Jeff,1.7402492761611938,MM
Duke,Walter,1.7403420209884644,MM
JackoLantern,Neoguard,1.7406235933303833,MM
Carl,David,1.740738868713379,MM
Michael,PN,1.740849494934082,MM
Graham,Jake,1.7410578727722168,MM
Carlos,Jeff,1.7410961389541626,MM
Aaron,Doug,1.7415776252746582,MM
Dan,DollarJr,1.7417011260986328,MM
Buddy,Dean,1.7417923212051392,MM
Doug,Landon,1.7419300079345703,MM
Carl,Larry,1.741952419281006,MM
Landon,Ravi,1.7419971227645874,MM
Damian,Rudolph,1.7420244216918943,MM
KlipKim,Ryan,1.7421473264694214,MM
Chester,Joshua,1.742448329925537,MM
Benny,Chad,1.7426711320877075,MM
Aaron,Walter,1.7427668571472168,MM
Bruce,Xavier,1.7428526878356934,MM
David,Oscar,1.742939591407776,MM
Noa,Vincent,1.743003249168396,MM
Dan,David,1.7433701753616333,MM
Benny,Nathan,1.7434767484664917,MM
Brad,Ravi,1.7436124086380005,MM
DollarJr,Dylan,1.7436336278915403,MM
Dean,West,1.7436498403549194,MM
Damian,NewscasterJohn,1.743727684020996,MM
Jackson,Oscar,1.7437764406204224,MM
Liam,Neel,1.7438064813613892,MM
Noa,Wade,1.7439340353012085,MM
Aaron,Justin,1.7439817190170288,MM
Noa,Slushy,1.7441201210021973,MM
Jake,Xavier,1.7443183660507202,MM
Dylan,Sindarin,1.7443509101867676,MM
DollarJr,Walter,1.7444664239883425,MM
Doug,Neel,1.7444688081741333,MM
Oscar,Philip,1.7446259260177612,MM
Carlos,Dylan,1.744703769683838,MM
Liam,Lloyd,1.7447261810302734,MM
Gus,Landon,1.7448725700378418,MM
Bruce,Dylan,1.7449836730957031,MM
CaptainBill,Sindarin,1.7452198266983032,MM
Brad,West,1.7453912496566772,MM
Callan,Justin,1.7455824613571167,MM
Carl,Ravi,1.745587944984436,MM
Frankenstein,Jack,1.7456103563308716,MM
Landon,Walter,1.7456183433532717,MM
Carlos,Jake,1.7456459999084473,MM
Henry,Justin,1.745966553688049,MM
Aiden,Henry,1.7461360692977903,MM
CaptainBill,Neel,1.7464207410812378,MM
Benny,Cole,1.7464327812194824,MM
Callan,Noa,1.746618390083313,MM
Liam,Rudolph,1.746679663658142,MM
Eman,Jackson,1.746753811836243,MM
Cole,Michael,1.7468208074569702,MM
Aiden,Ravi,1.7468644380569458,MM
Aiden,Michael,1.7470000982284546,MM
Michael,Ryan,1.7471166849136353,MM
Eman,Rex,1.7473126649856567,MM
Graham,Kevin,1.747419834136963,MM
KlipKim,Sean,1.7475351095199585,MM
Landon,Sindarin,1.747592568397522,MM
Damian,Oscar,1.7477229833602903,MM
Nathan,NewscasterJohn,1.7479981184005735,MM
Graham,Justin,1.7480177879333496,MM
Chase,Xavier,1.748076558113098,MM
Chester,Matthew,1.748186111450195,MM
Eman,Jack,1.7483237981796265,MM
DollarJr,Slushy,1.7483984231948853,MM
PN,Xavier,1.7484955787658691,MM
Buddy,Ryan,1.7485098838806152,MM
Furnando,Royce,1.7485276460647583,MM
DollarJr,Oscar,1.748887062072754,MM
Landon,PN,1.748919129371643,MM
Doug,NewscasterJohn,1.748936653137207,MM
Chester,Owen,1.749125838279724,MM
Joshua,Peter,1.7493375539779663,MM
Neel,Oscar,1.7493702173233032,MM
Carl,Dan,1.7493747472763062,MM
Chad,Logan,1.7495574951171875,MM
Damian,DollarJr,1.7498077154159546,MM
Aiden,River,1.749829649925232,MM
Kevin,Logan,1.7503587007522583,MM
Cole,Santa,1.750434398651123,MM
DollarJr,Eman,1.7504806518554688,MM
Edward,Jackson,1.7506543397903442,MM
Philip,Tim,1.7507524490356443,MM
CaptainBill,Landon,1.7510160207748413,MM
Eman,Neel,1.7510677576065063,MM
Brad,Royce,1.7511934041976929,MM
Noa,Tyson,1.7512065172195437,MM
Philip,Xavier,1.7522969245910645,MM
Caleb,Philip,1.752330303192139,MM
Robert,UncleHank,1.7523760795593262,MM
Damian,Lloyd,1.7526979446411133,MM
Dan,River,1.7531448602676392,MM
Bruce,George,1.7532013654708862,MM
Eman,Lloyd,1.753383994102478,MM
Cyrus,UncleHank,1.7533950805664062,MM
Elias,Sindarin,1.753447413444519,MM
George,Walter,1.7534674406051636,MM
Neoguard,Rex,1.7536085844039917,MM
River,Simon,1.753700852394104,MM
Furnando,JackoLantern,1.7537676095962524,MM
Nathan,Philip,1.753812313079834,MM
Aaron,Sean,1.753843903541565,MM
Brad,Joshua,1.754374861717224,MM
Aiden,Liam,1.75477933883667,MM
Ryan,Xavier,1.7550253868103027,MM
Chad,Liam,1.7550358772277832,MM
Joshua,Sean,1.7551069259643557,MM
Bruce,Ravi,1.755177021026611,MM
Henry,Peter,1.7552493810653689,MM
Gus,Matthew,1.7552980184555054,MM
Nathan,Wade,1.7556322813034058,MM
Bruce,Tim,1.755658745765686,MM
Bruce,Landon,1.7556939125061035,MM
Aaron,Jackson,1.7557249069213867,MM
Chad,David,1.7558274269104004,MM
Cyrus,Neoguard,1.7558631896972656,MM
Chase,Kevin,1.7560186386108398,MM
David,KlipKim,1.7560349702835083,MM
Caleb,Michael,1.756039261817932,MM
JackoLantern,Vincent,1.7560805082321167,MM
Kevin,Neel,1.7563272714614868,MM
Damian,Doug,1.7563838958740234,MM
Doug,Neoguard,1.7565155029296875,MM
Chase,Larry,1.7567405700683594,MM
Philip,Ravi,1.7569478750228882,MM
Bruce,Frankenstein,1.7573243379592896,MM
Brad,River,1.7573734521865845,MM
Aiden,Walter,1.7574400901794434,MM
Bruce,Santa,1.757541537284851,MM
Furnando,Lloyd,1.7576125860214231,MM
David,Neoguard,1.7579551935195925,MM
Aiden,Gus,1.758165717124939,MM
Ben,Nathan,1.7583407163619995,MM
Duke,Michael,1.758471965789795,MM
Buddy,Damian,1.75910747051239,MM
Cyrus,George,1.7591208219528198,MM
George,Royce,1.7591460943222046,MM
KilliantheVampire,Lloyd,1.759151816368103,MM
DollarJr,Landon,1.759224534034729,MM
Henry,Rudolph,1.7592402696609497,MM
Bruce,PN,1.759365439414978,MM
Cyrus,Peter,1.7594157457351685,MM
Dean,Logan,1.7594199180603027,MM
Aiden,Landon,1.7594757080078125,MM
Jake,Ryan,1.759644627571106,MM
Landon,Wade,1.7597802877426147,MM
Michael,Peter,1.7598257064819336,MM
Bruce,Oscar,1.759878158569336,MM
Joshua,Philip,1.7598804235458374,MM
Graham,Ravi,1.7599059343338013,MM
Carlos,Neel,1.760068416595459,MM
Chad,Wade,1.760109543800354,MM
Edward,Slushy,1.7601853609085083,MM
Landon,West,1.7603493928909302,MM
Chad,Xavier,1.7605894804000854,MM
Royce,Tim,1.7606382369995115,MM
Carlos,Jimmy,1.7607827186584473,MM
Brad,Neel,1.7608685493469238,MM
Royce,West,1.7609742879867554,MM
Peter,Sindarin,1.7610336542129517,MM
Neoguard,West,1.7610958814620972,MM
Callan,Tyson,1.761244773864746,MM
KilliantheVampire,UncleHank,1.7613667249679563,MM
George,Lloyd,1.7616194486618042,MM
Larry,Lloyd,1.761942744255066,MM
Landon,Logan,1.7620166540145874,MM
Ryan,Santa,1.7621536254882812,MM
Noa,Santa,1.7622109651565552,MM
Chad,Tim,1.7622562646865845,MM
Benny,Joshua,1.7622766494750977,MM
Elias,Jack,1.7626763582229614,MM
Joshua,Oscar,1.7627519369125366,MM
Patrick,Rex,1.7628272771835327,MM
Dylan,Henry,1.76282799243927,MM
Aaron,Caleb,1.7629300355911257,MM
Santa,Sindarin,1.7630704641342163,MM
Chester,Walter,1.7630866765975952,MM
Logan,Sindarin,1.7631295919418335,MM
Neel,Owen,1.7631797790527344,MM
Duke,Larry,1.763363480567932,MM
Brad,Neoguard,1.763471603393555,MM
KlipKim,Slushy,1.7634879350662231,MM
Aaron,Furnando,1.7635765075683594,MM
Aaron,Owen,1.7637301683425903,MM
Jimmy,Xavier,1.7637882232666016,MM
Hugh,Philip,1.7639001607894895,MM
JackoLantern,Ryan,1.7640053033828735,MM
George,West,1.7640475034713743,MM
Jeff,Kevin,1.764137864112854,MM
Aaron,Buddy,1.7641698122024536,MM
Liam,Rex,1.7641712427139282,MM
Aiden,Slushy,1.7646865844726562,MM
Bruce,Nathan,1.7648998498916626,MM
Buddy,NewscasterJohn,1.7649989128112793,MM
Buddy,Caleb,1.7655695676803589,MM
JackoLantern,Royce,1.7655949592590332,MM
Henry,Nathan,1.7657181024551392,MM
Ben,Philip,1.76576566696167,MM
Philip,Walter,1.7657685279846191,MM
Landon,UncleHank,1.7658127546310425,MM
Cyrus,Jake,1.7659077644348145,MM
Nathan,Sindarin,1.7659960985183716,MM
Ben,Ryan,1.7661441564559937,MM
Liam,Vincent,1.766602873802185,MM
Larry,Tim,1.7666959762573242,MM
Graham,Tim,1.766777515411377,MM
Gus,Jack,1.76705801486969,MM
George,Ravi,1.7672466039657593,MM
Doug,Sean,1.767366886138916,MM
Graham,Jeff,1.7673691511154177,MM
Aaron,JackoLantern,1.7676005363464355,MM
DollarJr,Neoguard,1.7677587270736694,MM
Dylan,Gus,1.767820954322815,MM
CaptainBill,Dylan,1.7678261995315552,MM
CaptainBill,KlipKim,1.7678799629211426,MM
DollarJr,West,1.7681342363357544,MM
Eman,Joshua,1.7682918310165403,MM
Henry,Ron,1.7684248685836792,MM
Ben,KlipKim,1.7688535451889038,MM
Chester,Rex,1.768909931182861,MM
Eman,JackoLantern,1.76897132396698,MM
Jack,Robert,1.7691503763198853,MM
Simon,Sindarin,1.7693032026290894,MM
Dan,Hugh,1.769484519958496,MM
Cole,Tim,1.7695235013961792,MM
Damian,Wade,1.769875168800354,MM
Damian,Tim,1.7705389261245728,MM
JackoLantern,Ravi,1.7706074714660645,MM
Jack,Noa,1.770724177360535,MM
Aiden,Sean,1.7708401679992676,MM
Santa,Xavier,1.770975947380066,MM
Jack,JackoLantern,1.771139144897461,MM
Carlos,Ryan,1.7713241577148438,MM
David,Wade,1.7713710069656372,MM
Carlos,Dean,1.7714067697525024,MM
Damian,Sindarin,1.7717875242233276,MM
Brad,Tyson,1.7720609903335571,MM
Bruce,Icarus,1.7721333503723145,MM
Eman,Tim,1.7725354433059692,MM
Graham,Neoguard,1.7726746797561646,MM
Callan,Rudolph,1.772879719734192,MM
Joshua,Matthew,1.772954344749451,MM
Dean,Neel,1.7732633352279663,MM
Edward,Walter,1.7733408212661743,MM
CaptainBill,Ryan,1.7735158205032349,MM
Chad,Sean,1.7735447883605957,MM
JackoLantern,Jake,1.7736444473266602,MM
Buddy,Graham,1.7736492156982422,MM
Tyson,Walter,1.7738908529281616,MM
Chase,Nathan,1.7743784189224243,MM
Dan,Sindarin,1.774464130401611,MM
CaptainBill,Dean,1.7744938135147097,MM
Aiden,Chad,1.774499535560608,MM
Frankenstein,Furnando,1.7745604515075684,MM
Jimmy,Tim,1.7746243476867676,MM
Caleb,Neel,1.77470862865448,MM
Benny,Chester,1.7747777700424194,MM
JackoLantern,Rudolph,1.774910807609558,MM
Furnando,Nathan,1.7749611139297483,MM
Eman,Slushy,1.7751201391220093,MM
UncleHank,Xavier,1.7751365900039673,MM
Philip,Rex,1.7752567529678345,MM
Icarus,Liam,1.7752913236618042,MM
Ben,JackoLantern,1.7752915620803833,MM
Doug,Nathan,1.7756410837173462,MM
Kevin,Larry,1.7756584882736206,MM
Brad,Xavier,1.7758978605270386,MM
Brad,Kevin,1.775976538658142,MM
Dean,Tim,1.776044845581055,MM
Cyrus,Ryan,1.776258111000061,MM
Eman,Ravi,1.7765063047409058,MM
David,Kevin,1.776511549949646,MM
Chad,Joshua,1.7766023874282837,MM
Hugh,KlipKim,1.7766690254211426,MM
Dan,Landon,1.7766876220703125,MM
Brad,Jack,1.776698112487793,MM
Caleb,Royce,1.7767515182495115,MM
Cyrus,Dylan,1.7769109010696411,MM
Gus,SantaClaus,1.77695894241333,MM
Justin,Ravi,1.7770490646362305,MM
CaptainBill,Chase,1.7770706415176392,MM
Callan,Neoguard,1.777201533317566,MM
Gus,Walter,1.7773098945617676,MM
Carlos,George,1.7773483991622925,MM
Michael,Xavier,1.7773536443710327,MM
Chase,Neoguard,1.777477741241455,MM
Dean,Furnando,1.7776588201522827,MM
DollarJr,Tyson,1.7780927419662476,MM
Carl,Wade,1.7782257795333862,MM
CaptainBill,Chad,1.7783797979354858,MM
DollarJr,Rudolph,1.7783823013305664,MM
Aiden,JackoLantern,1.77839457988739,MM
CaptainBill,Logan,1.778412938117981,MM
Larry,River,1.7784937620162964,MM
Doug,Joshua,1.7785385847091677,MM
PN,Sindarin,1.7786277532577517,MM
Carl,Slushy,1.7790979146957395,MM
Logan,Simon,1.779271960258484,MM
DollarJr,Gus,1.7793256044387815,MM
DollarJr,Graham,1.779344916343689,MM
Logan,Royce,1.779354214668274,MM
Dylan,Eman,1.779428005218506,MM
Mark,Tyson,1.7794946432113647,MM
Caleb,JackoLantern,1.779560685157776,MM
Aiden,West,1.7796756029129028,MM
Hugh,Kevin,1.7797584533691406,MM
Aiden,Graham,1.7799619436264038,MM
Aiden,Carlos,1.7802563905715942,MM
Matthew,Slushy,1.7803198099136353,MM
Doug,Oscar,1.780631422996521,MM
Benny,DollarJr,1.7807358503341677,MM
Larry,Vincent,1.7808395624160769,MM
Joshua,Wade,1.7810639142990112,MM
Cole,David,1.781215786933899,MM
David,Justin,1.7812165021896362,MM
Cole,Cyrus,1.7812542915344238,MM
Larry,Logan,1.78148090839386,MM
Lloyd,Robert,1.7816826105117798,MM
KilliantheVampire,NewscasterJohn,1.7816954851150513,MM
Lloyd,Neoguard,1.7818050384521484,MM
Damian,Neel,1.7818583250045776,MM
Slushy,Vincent,1.7820496559143066,MM
Duke,Neoguard,1.7821673154830933,MM
Hugh,Liam,1.7822264432907104,MM
Gus,Logan,1.7823781967163086,MM
Neel,West,1.7824100255966189,MM
Nathan,Simon,1.7825045585632324,MM
DollarJr,Sean,1.7825673818588257,MM
Damian,Patrick,1.7826236486434937,MM
Aaron,Royce,1.7826348543167114,MM
KilliantheVampire,PN,1.7827996015548706,MM
Liam,Sean,1.7830034494400024,MM
Doug,KilliantheVampire,1.7830657958984375,MM
Chase,Jimmy,1.783100128173828,MM
Robert,Royce,1.783185958862305,MM
Carlos,Gus,1.7834258079528809,MM
Chase,George,1.7834968566894531,MM
Dean,Sean,1.7836896181106567,MM
Oscar,Wade,1.7837735414505005,MM
DollarJr,Edward,1.7838553190231323,MM
Gus,Royce,1.7839540243148804,MM
Carlos,Kanno,1.7841275930404663,MM
Eman,NewscasterJohn,1.7844109535217283,MM
DollarJr,Neel,1.7847474813461304,MM
Jimmy,Justin,1.7850719690322876,MM
Landon,Lloyd,1.7851537466049194,MM
Liam,Wade,1.78515625,MM
Neoguard,Sindarin,1.7857413291931152,MM
Damian,David,1.7859047651290894,MM
Eman,Hugh,1.7859082221984863,MM
Brad,Henry,1.786188721656799,MM
Gus,Sindarin,1.7862792015075684,MM
Justin,Royce,1.7864986658096311,MM
Edward,PN,1.7865272760391235,MM
Carlos,River,1.786896824836731,MM
Dylan,Jimmy,1.7869324684143066,MM
Ben,Tim,1.7869958877563477,MM
David,Larry,1.787089467048645,MM
Buddy,Doug,1.7871980667114258,MM
Justin,Noa,1.7872101068496704,MM
Aiden,Chase,1.787312150001526,MM
Dan,Wade,1.7873634099960327,MM
Kevin,Ryan,1.787539005279541,MM
Henry,Wade,1.787610650062561,MM
Cyrus,Jeff,1.7876588106155396,MM
Eman,Furnando,1.787688374519348,MM
Brad,Tim,1.7877408266067505,MM
Jimmy,Logan,1.7878762483596802,MM
Jimmy,Ryan,1.787944197654724,MM
Chester,Nathan,1.7881795167922974,MM
Hugh,Oscar,1.788533329963684,MM
Caleb,Graham,1.7885502576828003,MM
Dean,Philip,1.7885586023330688,MM
Chester,Justin,1.7886022329330444,MM
Chester,Rudolph,1.7886391878128052,MM
DollarJr,NewscasterJohn,1.7889245748519895,MM
Caleb,West,1.789000391960144,MM
David,Santa,1.789015293121338,MM
Icarus,Robert,1.7890952825546265,MM
David,Jack,1.7892941236495972,MM
Duke,Matthew,1.7894014120101929,MM
Doug,Eman,1.7900543212890625,MM
Matthew,Owen,1.7901272773742676,MM
Royce,Ryan,1.790207862854004,MM
Furnando,Robert,1.7904728651046753,MM
Furnando,Tyson,1.7904878854751587,MM
Logan,Noa,1.79056978225708,MM
Oscar,River,1.7909961938858032,MM
Bruce,Eman,1.7910791635513306,MM
Chad,Kanno,1.791095733642578,MM
Dylan,River,1.7912238836288452,MM
Landon,Neel,1.7912445068359375,MM
Graham,Walter,1.7913585901260376,MM
Dan,Elias,1.7914916276931765,MM
Hugh,Neel,1.791532039642334,MM
Eman,Graham,1.7915385961532593,MM
West,Xavier,1.7915557622909546,MM
Justin,Sindarin,1.7915767431259155,MM
Caleb,Sindarin,1.7916098833084106,MM
Cole,Justin,1.791620135307312,MM
Jack,Logan,1.7918025255203247,MM
JackoLantern,Landon,1.792044162750244,MM
PN,Rex,1.792183518409729,MM
Graham,Nathan,1.7922574281692505,MM
Brad,Jackson,1.792523741722107,MM
Caleb,Justin,1.7926030158996582,MM
Jack,Santa,1.7929171323776243,MM
Peter,Rex,1.7930326461791992,MM
Bruce,Logan,1.793163180351257,MM
Ben,Brad,1.7931914329528809,MM
Brad,Cyrus,1.7932459115982056,MM
Landon,Tyson,1.7934023141860962,MM
Justin,Kanno,1.79417884349823,MM
Doug,Icarus,1.7941875457763672,MM
Ben,Chad,1.7942882776260376,MM
Cyrus,Tim,1.7942986488342283,MM
Liam,Matthew,1.794310212135315,MM
Callan,PN,1.7943439483642578,MM
Gus,Nathan,1.7944064140319824,MM
Lloyd,Logan,1.7945932149887085,MM
Chester,Jake,1.7947536706924438,MM
Ben,Gus,1.7948166131973269,MM
Peter,Royce,1.7948378324508667,MM
Robert,Xavier,1.7948673963546753,MM
Bruce,David,1.7949572801589966,MM
Brad,DollarJr,1.7950423955917358,MM
Carlos,Tyson,1.795130729675293,MM
Aiden,Logan,1.7951372861862185,MM
Dan,Doug,1.7951585054397583,MM
Buddy,West,1.7953057289123535,MM
Gus,Justin,1.7954157590866089,MM
Gus,JackoLantern,1.7954826354980469,MM
Chad,West,1.795618176460266,MM
Jeff,UncleHank,1.795741081237793,MM
Carlos,Cole,1.7957826852798462,MM
Robert,Ron,1.796159267425537,MM
KlipKim,Simon,1.7961812019348145,MM
Jeff,Xavier,1.7964690923690796,MM
Jack,KilliantheVampire,1.796472191810608,MM
Cyrus,Sindarin,1.7965644598007202,MM
David,Graham,1.7966707944869995,MM
Royce,Rudolph,1.7967206239700315,MM
Graham,Larry,1.7967724800109863,MM
Jimmy,Sindarin,1.7970165014266968,MM
Doug,KlipKim,1.7971982955932615,MM
NewscasterJohn,Robert,1.7972431182861328,MM
Damian,Santa,1.7972794771194458,MM
Damian,Royce,1.7974239587783811,MM
Ravi,Ron,1.797593116760254,MM
Matthew,Peter,1.797723412513733,MM
Doug,Frankenstein,1.7977358102798462,MM
Walter,Xavier,1.7977782487869265,MM
Noa,Royce,1.7978242635726929,MM
Dylan,Icarus,1.7978459596633911,MM
Jack,Jake,1.7978485822677612,MM
Justin,Robert,1.798122525215149,MM
Logan,PN,1.7983380556106567,MM
Brad,Furnando,1.7983640432357788,MM
Brad,CaptainBill,1.7983684539794922,MM
Gus,Robert,1.798497200012207,MM
Carlos,Damian,1.7985340356826782,MM
Eman,Philip,1.7986449003219604,MM
Noa,Owen,1.7986897230148315,MM
Peter,Tim,1.7987279891967771,MM
CaptainBill,Wade,1.7988920211791992,MM
Cyrus,JackoLantern,1.7992486953735352,MM
Jimmy,Matthew,1.7993077039718628,MM
DollarJr,Kevin,1.799346923828125,MM
Neoguard,Philip,1.799394130706787,MM
Frankenstein,Henry,1.7994657754898071,MM
Hugh,Nathan,1.7995418310165403,MM
Chase,Dylan,1.799635410308838,MM
Mark,Noa,1.8001829385757446,MM
Furnando,KlipKim,1.800300121307373,MM
Doug,Xavier,1.8004693984985352,MM
Nathan,Vincent,1.800562024116516,MM
Kevin,River,1.8005799055099487,MM
Caleb,Wade,1.800653100013733,MM
KlipKim,Rex,1.8007067441940308,MM
Eman,Logan,1.800713062286377,MM
Aiden,Hugh,1.8008171319961548,MM
Jackson,Walter,1.8009042739868164,MM
Caleb,David,1.8013111352920532,MM
Sean,Slushy,1.8013850450515747,MM
Brad,Philip,1.8014174699783323,MM
Hugh,Neoguard,1.8014321327209473,MM
Dylan,JackoLantern,1.8015340566635132,MM
Cole,JackoLantern,1.8016992807388303,MM
Frankenstein,Gus,1.8017579317092896,MM
Chester,Jackson,1.801963448524475,MM
Sean,Xavier,1.8020259141921997,MM
Carlos,Sean,1.8022150993347168,MM
Buddy,SantaClaus,1.8024686574935913,MM
Jackson,Rudolph,1.8026374578475952,MM
Doug,Duke,1.8027043342590332,MM
George,JackoLantern,1.8027578592300415,MM
Chester,George,1.80292284488678,MM
Bruce,Duke,1.802973389625549,MM
Cole,Simon,1.8030571937561035,MM
Jake,Owen,1.803074836730957,MM
Dan,Matthew,1.8030864000320437,MM
Edward,KlipKim,1.8032402992248535,MM
Michael,Wade,1.803284764289856,MM
Logan,Ryan,1.8033212423324585,MM
Damian,JackoLantern,1.8033719062805176,MM
Peter,Philip,1.8034001588821411,MM
Caleb,Cyrus,1.8034076690673828,MM
Furnando,Ron,1.80350923538208,MM
Rudolph,Santa,1.8035221099853516,MM
Bruce,Ron,1.8035913705825808,MM
David,Logan,1.803647518157959,MM
Frankenstein,Neoguard,1.803689956665039,MM
Benny,Ryan,1.8037818670272827,MM
Callan,Tim,1.8038572072982788,MM
David,Liam,1.80388867855072,MM
Furnando,Matthew,1.803940773010254,MM
Edward,Rudolph,1.8041014671325684,MM
Furnando,Henry,1.8042458295822144,MM
Callan,Larry,1.8042949438095093,MM
Ryan,SantaClaus,1.8044241666793823,MM
Robert,Rusty,1.8044356107711792,MM
Chester,Tim,1.8047245740890503,MM
Carl,Chester,1.8047552108764648,MM
Furnando,Xavier,1.804768443107605,MM
Joshua,Simon,1.80490243434906,MM
Caleb,DollarJr,1.80496883392334,MM
Callan,UncleHank,1.8049899339675903,MM
Chester,Sean,1.8049951791763303,MM
Nathan,Neel,1.805130124092102,MM
Ben,Rex,1.8052273988723757,MM
Aaron,Wade,1.8052386045455933,MM
Carl,Jake,1.805327296257019,MM
Damian,Owen,1.8055037260055544,MM
Aaron,Logan,1.805519223213196,MM
Dylan,Kanno,1.8056511878967283,MM
KlipKim,Logan,1.805752158164978,MM
Neel,Robert,1.8058966398239136,MM
Aaron,Chase,1.805938720703125,MM
Nathan,Royce,1.8060227632522583,MM
Jeff,KlipKim,1.8060545921325684,MM
Dan,Owen,1.8060699701309204,MM
Logan,Oscar,1.8063160181045532,MM
Buddy,Robert,1.806390643119812,MM
River,Sindarin,1.8064602613449097,MM
Dylan,Peter,1.8065558671951296,MM
Gus,Jimmy,1.8065999746322632,MM
Furnando,Noa,1.806629538536072,MM
Callan,Cole,1.8067889213562012,MM
Jeff,Lloyd,1.806949496269226,MM
Jeff,Tim,1.8069993257522583,MM
Gus,Santa,1.807148575782776,MM
Chad,Frankenstein,1.8072482347488403,MM
Icarus,Philip,1.8072859048843384,MM
Henry,Hugh,1.8073935508728027,MM
Caleb,Chester,1.8074663877487185,MM
Carl,Ryan,1.8075023889541624,MM
Royce,Xavier,1.8075170516967771,MM
Joshua,NewscasterJohn,1.8076820373535156,MM
KlipKim,Lloyd,1.807773232460022,MM
Doug,Tim,1.8080662488937376,MM
Jack,Walter,1.808074951171875,MM
Oscar,Simon,1.8081026077270508,MM
Matthew,Royce,1.8081375360488892,MM
Chad,Henry,1.8084646463394165,MM
Cole,Jimmy,1.8084802627563477,MM
JackoLantern,Michael,1.8085583448410032,MM
Furnando,Liam,1.8086010217666624,MM
Eman,Tyson,1.8086241483688352,MM
Ben,Cole,1.8087468147277832,MM
Lloyd,Nathan,1.808788776397705,MM
Hans,KlipKim,1.8088849782943728,MM
Rudolph,Sindarin,1.8089157342910769,MM
Neoguard,Simon,1.809185028076172,MM
Callan,JackoLantern,1.8092808723449707,MM
Jack,Neel,1.8096351623535156,MM
Joshua,Ravi,1.8096723556518557,MM
Ryan,Vincent,1.8096932172775269,MM
Justin,Peter,1.8097301721572876,MM
David,Michael,1.809903621673584,MM
KlipKim,Santa,1.8099743127822876,MM
Aaron,Ron,1.8099870681762695,MM
JackoLantern,Nathan,1.8100876808166504,MM
David,River,1.810099959373474,MM
Dan,Jimmy,1.810194969177246,MM
Duke,Gus,1.810296654701233,MM
Chad,Chester,1.810386657714844,MM
Damian,Michael,1.810400128364563,MM
Liam,UncleHank,1.8105045557022097,MM
Kevin,Ron,1.810583472251892,MM
Callan,DollarJr,1.810613036155701,MM
Lloyd,Philip,1.8106547594070437,MM
Buddy,Matthew,1.810681939125061,MM
Brad,Carlos,1.8107105493545532,MM
JackoLantern,Liam,1.8107266426086424,MM
Doug,Jeff,1.81076180934906,MM
George,Simon,1.8108124732971191,MM
Carlos,Landon,1.810884475708008,MM
JackoLantern,Walter,1.8110963106155396,MM
George,Philip,1.811312794685364,MM
Larry,Royce,1.8115073442459104,MM
Eman,Gus,1.8115782737731936,MM
Cyrus,Rudolph,1.8115859031677248,MM
Carl,Jimmy,1.8116248846054075,MM
KlipKim,NewscasterJohn,1.8119244575500488,MM
Elias,PN,1.8120031356811523,MM
Aiden,Simon,1.8120630979537964,MM
Aaron,CaptainBill,1.812169909477234,MM
Neel,Vincent,1.8121870756149292,MM
Carlos,Graham,1.812206149101257,MM
Jackson,Landon,1.8122297525405884,MM
Henry,Xavier,1.812294006347656,MM
CaptainBill,Chester,1.812373638153076,MM
Jackson,Jake,1.8123908042907717,MM
Hugh,PN,1.8125444650650024,MM
Jake,Neel,1.8125715255737305,MM
Dean,Elias,1.8127412796020508,MM
Eman,Wade,1.8127549886703491,MM
Dylan,Frankenstein,1.8129206895828247,MM
Royce,Vincent,1.8129907846450808,MM
George,Michael,1.8130639791488647,MM
Aiden,Santa,1.8131932020187376,MM
Brad,Carl,1.8132907152175903,MM
Aaron,Rudolph,1.8135929107666016,MM
Aiden,Jackson,1.813594937324524,MM
DollarJr,Larry,1.813603758811951,MM
Callan,Owen,1.8136181831359863,MM
Gus,Wade,1.8136531114578247,MM
Neel,Ravi,1.8136731386184692,MM
Logan,Neel,1.8138471841812136,MM
Eman,Owen,1.8139938116073608,MM
Dylan,Santa,1.8140987157821655,MM
Hans,Oscar,1.8141423463821411,MM
George,River,1.8143068552017212,MM
CaptainBill,Larry,1.814464092254639,MM
Eman,Justin,1.814476490020752,MM
Ben,Matthew,1.8146418333053589,MM
Brad,Logan,1.8147765398025513,MM
Aaron,NewscasterJohn,1.814916491508484,MM
Brad,NewscasterJohn,1.814940094947815,MM
Carl,Matthew,1.815177083015442,MM
Chad,Peter,1.8152203559875488,MM
Callan,Gus,1.8152893781661987,MM
Chase,Doug,1.8153648376464844,MM
Hugh,Icarus,1.815374732017517,MM
JackoLantern,Wade,1.8154315948486328,MM
Lloyd,Wade,1.8155804872512815,MM
David,Matthew,1.815593123435974,MM
Larry,SantaClaus,1.815827488899231,MM
Edward,Jimmy,1.815838932991028,MM
Ravi,Tim,1.815854549407959,MM
Dan,Ron,1.815872073173523,MM
Gus,Tim,1.8162139654159544,MM
George,Jeff,1.8164373636245728,MM
Furnando,Ravi,1.816478610038757,MM
Buddy,Landon,1.8167036771774292,MM
Jeff,River,1.816711902618408,MM
Carl,Chase,1.8167753219604492,MM
Chester,Wade,1.8168851137161257,MM
Doug,Justin,1.817039132118225,MM
Carl,Tim,1.817149043083191,MM
JackoLantern,Keybo,1.8171892166137695,MM
Simon,Wade,1.8172016143798828,MM
PN,Tim,1.8172270059585571,MM
Buddy,Tim,1.8172415494918823,MM
CaptainBill,Xavier,1.8172879219055176,MM
Justin,West,1.81737756729126,MM
Caleb,Kanno,1.8173829317092896,MM
Benny,Liam,1.8175586462020872,MM
DollarJr,George,1.8176196813583376,MM
Cyrus,Ravi,1.8177655935287476,MM
Benny,Xavier,1.817868709564209,MM
PN,Wade,1.817876935005188,MM
Matthew,Tyson,1.818060517311096,MM
Larry,Michael,1.8183196783065796,MM
Bruce,Larry,1.8183388710021973,MM
Jeff,Neoguard,1.8183404207229616,MM
Graham,Rudolph,1.8184003829956057,MM
Chester,Liam,1.818416714668274,MM
Cyrus,DollarJr,1.818433165550232,MM
Jake,NewscasterJohn,1.8186997175216677,MM
Brad,Justin,1.818914532661438,MM
Oscar,Tim,1.819048523902893,MM
Doug,Kevin,1.819186210632324,MM
Furnando,Oscar,1.819304585456848,MM
Carl,Landon,1.8193496465682983,MM
Tyson,UncleHank,1.819363594055176,MM
Dean,Doug,1.8195053339004517,MM
Dylan,Joshua,1.819541931152344,MM
Chase,Jeff,1.819550395011902,MM
Dan,West,1.8195725679397583,MM
Justin,Tyson,1.819578766822815,MM
NewscasterJohn,Oscar,1.8196481466293335,MM
Cyrus,Xavier,1.819668889045715,MM
George,Jack,1.8196959495544431,MM
Neel,Rusty,1.819710373878479,MM
Brad,Chester,1.819719314575195,MM
Justin,Ryan,1.8197602033615112,MM
Aaron,Chester,1.8198280334472656,MM
Chester,Xavier,1.819901466369629,MM
Landon,NewscasterJohn,1.81994104385376,MM
Aiden,Royce,1.8199543952941897,MM
Jack,Vincent,1.8200411796569824,MM
Eman,Xavier,1.8200443983078003,MM
Henry,Noa,1.8201202154159544,MM
Sean,Walter,1.8202275037765503,MM
Buddy,JackoLantern,1.8202801942825315,MM
Ben,Oscar,1.8203091621398928,MM
Chad,Elias,1.8205615282058716,MM
Dean,Jackson,1.8207491636276243,MM
Cyrus,Robert,1.8208876848220823,MM
JackoLantern,West,1.8209418058395384,MM
Chad,Rex,1.8210288286209104,MM
Joshua,Landon,1.8211040496826172,MM
CaptainBill,Justin,1.8213043212890625,MM
Ben,NewscasterJohn,1.8213146924972536,MM
Peter,Santa,1.82133150100708,MM
George,Sean,1.821376919746399,MM
Buddy,KlipKim,1.8214235305786133,MM
Landon,Philip,1.821468710899353,MM
Chase,Matthew,1.8215290307998655,MM
Edward,Landon,1.8215665817260744,MM
Gus,Kevin,1.821570873260498,MM
River,Wade,1.8217190504074097,MM
Lloyd,Tim,1.8217229843139648,MM
Cole,Vincent,1.8218393325805664,MM
Aaron,Matthew,1.8219183683395384,MM
Robert,Wade,1.821930766105652,MM
River,Xavier,1.8221197128295896,MM
Noa,Sean,1.8221575021743777,MM
NewscasterJohn,Rex,1.8223122358322144,MM
Landon,Slushy,1.8224889039993288,MM
Rex,Ron,1.8225826025009155,MM
Chad,JackoLantern,1.82266628742218,MM
Jeff,Robert,1.8227152824401855,MM
Cyrus,Dan,1.8229714632034304,MM
Cyrus,Larry,1.8230077028274536,MM
Ben,David,1.823011040687561,MM
Benny,Dean,1.8230561017990112,MM
Furnando,Larry,1.823106288909912,MM
Edward,Ryan,1.8231072425842283,MM
Chad,Jake,1.8233399391174316,MM
Graham,Ron,1.8234919309616089,MM
Aaron,Simon,1.8236414194107056,MM
Elias,Ravi,1.823654532432556,MM
George,Henry,1.823814868927002,MM
Jeff,Matthew,1.8238400220870972,MM
Brad,Sean,1.8239489793777464,MM
Carlos,Elias,1.8239630460739136,MM
Duke,Joshua,1.824005961418152,MM
Buddy,George,1.8241931200027464,MM
Dean,Tyson,1.8242343664169312,MM
DollarJr,Liam,1.824324607849121,MM
Dylan,Simon,1.824344515800476,MM
Caleb,SantaClaus,1.8243541717529297,MM
Chase,Wade,1.8244132995605469,MM
Buddy,Philip,1.8245035409927368,MM
David,Rex,1.8246177434921265,MM
Logan,Michael,1.8246560096740725,MM
Ravi,Rudolph,1.8247495889663696,MM
Henry,Oscar,1.8248363733291624,MM
Edward,Eman,1.824912667274475,MM
Larry,Philip,1.824968934059143,MM
Noa,Rex,1.825168490409851,MM
Aaron,Elias,1.825217843055725,MM
CaptainBill,Graham,1.8254045248031616,MM
CaptainBill,Michael,1.8256150484085083,MM
Joshua,Robert,1.8256381750106812,MM
Cyrus,PN,1.8256512880325315,MM
George,Neel,1.8257490396499632,MM
Callan,Ron,1.8259682655334473,MM
Benny,Matthew,1.8260351419448853,MM
Elias,Noa,1.826054096221924,MM
KilliantheVampire,Mark,1.8260622024536133,MM
George,Landon,1.8263691663742063,MM
Rudolph,Xavier,1.8263822793960571,MM
Chase,Logan,1.826483130455017,MM
Henry,Santa,1.8264894485473633,MM
Ravi,Royce,1.826509952545166,MM
Henry,Tim,1.82674777507782,MM
Cole,Jackson,1.8267922401428225,MM
Carlos,Philip,1.8269442319869995,MM
Matthew,Philip,1.8269463777542112,MM
Neoguard,Owen,1.82698392868042,MM
Callan,George,1.8270663022994995,MM
Ben,Simon,1.827181339263916,MM
Jack,Jeff,1.8274694681167605,MM
Icarus,Jack,1.8275974988937376,MM
Buddy,Carlos,1.8277292251586912,MM
Caleb,Carl,1.827878475189209,MM
Dylan,Edward,1.8278969526290896,MM
Liam,NewscasterJohn,1.8279110193252563,MM
CaptainBill,Icarus,1.827924847602844,MM
Benny,Gus,1.8279949426651,MM
Vincent,Xavier,1.8280320167541504,MM
Graham,NewscasterJohn,1.8281692266464231,MM
Chase,Sindarin,1.828328251838684,MM
Joshua,West,1.828402042388916,MM
Liam,Robert,1.8285589218139648,MM
Eman,Santa,1.8286209106445312,MM
Aiden,Benny,1.828746438026428,MM
Graham,Icarus,1.8287774324417112,MM
Cyrus,Oscar,1.8289237022399905,MM
Brad,Simon,1.8290647268295288,MM
Doug,Larry,1.8293737173080444,MM
Benny,Walter,1.829396367073059,MM
NewscasterJohn,Royce,1.8297091722488403,MM
Damian,Tyson,1.8297547101974487,MM
Chad,Walter,1.8298794031143188,MM
Lloyd,Santa,1.829897403717041,MM
Keybo,Sindarin,1.8299516439437864,MM
Jake,Joshua,1.830162525177002,MM
Furnando,Logan,1.830234169960022,MM
Jake,Robert,1.8305978775024416,MM
DollarJr,Furnando,1.8308619260787964,MM
KlipKim,Wade,1.8309153318405151,MM
Chester,Neel,1.8311004638671875,MM
Ben,Eman,1.831174373626709,MM
Damian,Graham,1.8312724828720093,MM
George,Logan,1.83143413066864,MM
Dean,Ravi,1.831521153450012,MM
Chase,Chester,1.83154296875,MM
Caleb,Jimmy,1.831567406654358,MM
Chad,Philip,1.8317033052444456,MM
Chester,Landon,1.8317703008651731,MM
Justin,Patrick,1.831958889961243,MM
Damian,Ron,1.8319740295410156,MM
Cyrus,Eman,1.8319830894470217,MM
Chad,Graham,1.8322697877883911,MM
Aiden,Kanno,1.8325387239456177,MM
Carlos,NewscasterJohn,1.8326663970947263,MM
David,Doug,1.8326953649520872,MM
JackoLantern,Larry,1.8329588174819944,MM
Bruce,Wade,1.832965850830078,MM
Walter,West,1.8331445455551147,MM
Edward,Simon,1.8333605527877808,MM
Carl,Eman,1.8336210250854492,MM
Hans,Noa,1.833646774291992,MM
Buddy,Cole,1.8336535692214968,MM
Jackson,Ryan,1.833734393119812,MM
Carl,Michael,1.8340468406677248,MM
Chase,KlipKim,1.834114909172058,MM
Icarus,Kevin,1.83412504196167,MM
Larry,Simon,1.834337830543518,MM
Ben,Benny,1.834366798400879,MM
Hans,Ravi,1.834536910057068,MM
Neel,Rex,1.8346112966537476,MM
Gus,Xavier,1.8348544836044312,MM
Larry,Ravi,1.8348894119262695,MM
Michael,Nathan,1.8349075317382812,MM
Doug,UncleHank,1.8350127935409544,MM
Dylan,Jackson,1.8350790739059448,MM
Chad,Rudolph,1.8351014852523804,MM
Rusty,Wade,1.8353943824768064,MM
DollarJr,Hans,1.8354231119155884,MM
Tim,Walter,1.8356541395187376,MM
Doug,Kanno,1.835729718208313,MM
Benny,CaptainBill,1.8360451459884644,MM
Cyrus,Joshua,1.8362332582473757,MM
Benny,PN,1.836236357688904,MM
Tim,Tyson,1.8362518548965456,MM
Dylan,Lloyd,1.8366522789001465,MM
Simon,UncleHank,1.836663842201233,MM
Justin,PN,1.8367444276809692,MM
Callan,NewscasterJohn,1.8368054628372192,MM
Bruce,Sindarin,1.8369678258895872,MM
Graham,Hugh,1.8374000787734983,MM
Carlos,Royce,1.8374475240707395,MM
Chad,Chase,1.8375176191329956,MM
Jimmy,Landon,1.837619423866272,MM
Jack,Matthew,1.8377056121826172,MM
Doug,Graham,1.8377445936203003,MM
Jack,Royce,1.8378983736038208,MM
Buddy,Nathan,1.837910771369934,MM
Ben,Walter,1.838093876838684,MM
Icarus,Xavier,1.838188648223877,MM
Doug,Gus,1.8384734392166135,MM
Buddy,Joshua,1.8384976387023928,MM
Chester,Oscar,1.838640213012695,MM
CaptainBill,Furnando,1.838658332824707,MM
Brad,Ron,1.8386592864990232,MM
Damian,West,1.838825821876526,MM
Mark,Nathan,1.838845133781433,MM
Elias,Larry,1.838856816291809,MM
Jeff,PN,1.8388625383377075,MM
Chad,Jimmy,1.8390175104141235,MM
Dylan,Rex,1.8392329216003416,MM
Carl,Carlos,1.839260220527649,MM
Callan,Robert,1.8394309282302856,MM
Chester,Sindarin,1.8395692110061648,MM
Ben,Edward,1.8396183252334597,MM
Jake,Michael,1.8396910429000857,MM
Callan,Damian,1.8397526741027832,MM
Benny,West,1.8398116827011108,MM
Dan,Royce,1.8400605916976929,MM
Carlos,Chad,1.840083122253418,MM
JackoLantern,Peter,1.8401495218276975,MM
Graham,Matthew,1.840312123298645,MM
Carl,PN,1.8403902053833008,MM
Jimmy,Wade,1.840391755104065,MM
Kanno,Michael,1.8403959274291992,MM
Duke,Ryan,1.8404282331466677,MM
Lloyd,Sean,1.8404723405838013,MM
Cyrus,Jack,1.8404914140701296,MM
Philip,Royce,1.8405256271362305,MM
Callan,Chester,1.8406867980957031,MM
Carl,DollarJr,1.840706706047058,MM
Ravi,Santa,1.8408020734786987,MM
Aiden,Bruce,1.8409377336502075,MM
Elias,Justin,1.8409384489059448,MM
Eman,Simon,1.841064453125,MM
Rudolph,Tim,1.8411626815795896,MM
Graham,Wade,1.841420292854309,MM
Michael,Ravi,1.8416107892990112,MM
Tim,West,1.8416314125061035,MM
River,Ryan,1.8417717218399048,MM
Chad,NewscasterJohn,1.84184467792511,MM
Ben,Justin,1.84185254573822,MM
Liam,Royce,1.8419288396835327,MM
Bruce,NewscasterJohn,1.8419857025146484,MM
Ben,Slushy,1.8422173261642456,MM
Jake,Justin,1.8422616720199585,MM
Hugh,Ravi,1.8423269987106323,MM
David,Philip,1.8425301313400269,MM
Robert,Sindarin,1.8425313234329224,MM
Frankenstein,Landon,1.8425523042678833,MM
Caleb,CaptainBill,1.8427619934082031,MM
Joshua,Logan,1.8428950309753416,MM
Landon,Rex,1.8429161310195925,MM
Caleb,Lloyd,1.8429545164108276,MM
Nathan,Rex,1.842994809150696,MM
Aiden,Neel,1.8431167602539065,MM
Neoguard,NewscasterJohn,1.8431276082992551,MM
Henry,Michael,1.843161463737488,MM
Jake,Royce,1.8431881666183472,MM
CaptainBill,Elias,1.8432883024215696,MM
Carlos,Cyrus,1.843484044075012,MM
David,DollarJr,1.8435004949569704,MM
Carlos,Slushy,1.8436436653137207,MM
Kanno,Ravi,1.8436813354492188,MM
Joshua,PN,1.843690037727356,MM
Nathan,Ron,1.843790888786316,MM
PN,Royce,1.8438390493392944,MM
Cyrus,Elias,1.8439165353775024,MM
Cole,SantaClaus,1.8439449071884155,MM
Brad,Michael,1.843981146812439,MM
DollarJr,Doug,1.8439878225326536,MM
Aaron,Rex,1.844094157218933,MM
Callan,Ravi,1.8441282510757449,MM
Chad,Tyson,1.8442386388778689,MM
Frankenstein,KlipKim,1.8443351984024048,MM
David,Neel,1.8444539308547976,MM
NewscasterJohn,Owen,1.8445945978164673,MM
Hugh,Robert,1.8448777198791504,MM
Dan,Jeff,1.8449069261550903,MM
Bruce,Noa,1.844969630241394,MM
Cole,NewscasterJohn,1.8452523946762085,MM
Larry,Rex,1.8452712297439575,MM
David,Kanno,1.8452825546264648,MM
Aiden,Callan,1.845464825630188,MM
Chad,Matthew,1.8455952405929563,MM
Noa,Simon,1.8457674980163576,MM
Damian,Furnando,1.845800518989563,MM
Jimmy,Larry,1.8462185859680176,MM
Justin,Neoguard,1.846241116523743,MM
Aaron,Robert,1.846328616142273,MM
Ravi,Sean,1.8463588953018188,MM
Chase,Gus,1.8464916944503784,MM
Aaron,Henry,1.8468540906906128,MM
Benny,Larry,1.8469876050949097,MM
CaptainBill,DollarJr,1.8470731973648071,MM
David,Furnando,1.8470913171768188,MM
Caleb,Chase,1.8477054834365845,MM
Aiden,Jimmy,1.8477877378463743,MM
Neel,Wade,1.8478764295578003,MM
Robert,Tim,1.8479522466659544,MM
KlipKim,UncleHank,1.848233342170715,MM
Ben,Kevin,1.8482550382614136,MM
Caleb,Carlos,1.8482600450515747,MM
Jack,Rex,1.8483632802963257,MM
Kanno,Neel,1.8485063314437864,MM
Gus,Tyson,1.848734736442566,MM
Joshua,Neoguard,1.8487969636917112,MM
Callan,Doug,1.8488574028015137,MM
Neel,Ron,1.8490694761276243,MM
Jeff,Landon,1.8490792512893677,MM
Buddy,Dan,1.849276661872864,MM
Hugh,Peter,1.8493679761886597,MM
JackoLantern,Philip,1.849451184272766,MM
Caleb,Ron,1.8494735956192017,MM
Caleb,Duke,1.849518656730652,MM
Jack,Justin,1.8496688604354856,MM
Gus,Neel,1.8500972986221311,MM
Graham,KilliantheVampire,1.8501802682876587,MM
Simon,West,1.8506016731262207,MM
Carlos,Sindarin,1.850819706916809,MM
Chase,Joshua,1.850830674171448,MM
Aaron,Frankenstein,1.8509033918380735,MM
Frankenstein,KilliantheVampire,1.8509278297424316,MM
Cole,Liam,1.850995659828186,MM
Cyrus,Nathan,1.851033091545105,MM
Tim,Wade,1.8512439727783203,MM
Chester,Henry,1.8514195680618288,MM
JackoLantern,Oscar,1.8515087366104128,MM
Dylan,Jeff,1.851676106452942,MM
Justin,Rudolph,1.851737141609192,MM
Joshua,Rudolph,1.8519126176834104,MM
JackoLantern,UncleHank,1.852056622505188,MM
Chester,Larry,1.852303981781006,MM
David,Gus,1.852328181266785,MM
Kevin,Rudolph,1.8523484468460083,MM
Dylan,Vincent,1.8524924516677856,MM
Duke,Wade,1.8525773286819456,MM
Cyrus,Kevin,1.8526688814163208,MM
Kanno,Ron,1.852676510810852,MM
Chase,Walter,1.8526781797409055,MM
Doug,Ryan,1.8527202606201172,MM
Justin,Oscar,1.8528169393539429,MM
Damian,Jeff,1.852904200553894,MM
Buddy,Eman,1.8531967401504517,MM
PN,Sean,1.8533939123153689,MM
Peter,Tyson,1.853437423706055,MM
Liam,Simon,1.853504538536072,MM
George,Liam,1.8536242246627808,MM
Henry,Jack,1.8536375761032104,MM
Oscar,Slushy,1.8536863327026367,MM
Sindarin,Tim,1.853793978691101,MM
Brad,Jake,1.853993773460388,MM
Eman,Royce,1.8540377616882324,MM
Peter,Ryan,1.8541102409362793,MM
Lloyd,Ron,1.854169487953186,MM
Bruce,River,1.8542791604995728,MM
Lloyd,River,1.854316234588623,MM
Bruce,Robert,1.8544325828552248,MM
Jackson,PN,1.854554295539856,MM
Bruce,JackoLantern,1.8545995950698853,MM
Lloyd,Neel,1.854779362678528,MM
Dean,Slushy,1.8547849655151367,MM
Benny,Neoguard,1.8548678159713743,MM
Carlos,Neoguard,1.85487699508667,MM
Matthew,Simon,1.854924559593201,MM
Furnando,NewscasterJohn,1.8553391695022583,MM
Furnando,George,1.8553705215454104,MM
Damian,Logan,1.855460524559021,MM
Owen,Simon,1.8554743528366089,MM
PN,Simon,1.8555145263671875,MM
Callan,Xavier,1.8558565378189087,MM
Buddy,Larry,1.8559333086013792,MM
Henry,Logan,1.8559727668762207,MM
Kanno,Xavier,1.8559733629226685,MM
Eman,River,1.8559762239456177,MM
SantaClaus,Santa,1.85600483417511,MM
Joshua,Liam,1.856049418449402,MM
Ryan,Tim,1.8561043739318848,MM
Frankenstein,Ron,1.856184005737305,MM
Michael,Tim,1.8562307357788088,MM
Gus,Philip,1.8563207387924192,MM
Jake,Sindarin,1.8563607931137085,MM
Neoguard,Tim,1.8563655614852903,MM
Cole,Frankenstein,1.8563686609268188,MM
Bruce,Jeff,1.856383800506592,MM
Doug,PN,1.8564304113388064,MM
Carlos,Vincent,1.856434226036072,MM
Jack,Sean,1.856455445289612,MM
DollarJr,River,1.856791615486145,MM
Patrick,Ron,1.856839656829834,MM
Duke,Xavier,1.856889247894287,MM
Brad,Santa,1.8573158979415896,MM
Jeff,Noa,1.8574057817459104,MM
George,NewscasterJohn,1.8574374914169312,MM
Jimmy,Vincent,1.8574546575546265,MM
Noa,Ron,1.857547640800476,MM
DollarJr,Philip,1.857717990875244,MM
Ben,Xavier,1.8577598333358765,MM
Sean,West,1.858088493347168,MM
Ben,PN,1.8581547737121584,MM
Justin,Liam,1.858182907104492,MM
Carl,Oscar,1.858302116394043,MM
JackoLantern,Slushy,1.8583067655563352,MM
DollarJr,Wade,1.858397841453552,MM
Carlos,Oscar,1.8584667444229128,MM
Bruce,Jake,1.858548283576965,MM
Benny,Wade,1.858625888824463,MM
Ryan,West,1.8587363958358765,MM
Chase,Damian,1.8589695692062376,MM
Buddy,Sindarin,1.8590993881225584,MM
Caleb,Landon,1.8591097593307495,MM
Jack,Jimmy,1.8592158555984497,MM
Logan,Wade,1.859221339225769,MM
CaptainBill,Vincent,1.8592244386672976,MM
Joshua,Royce,1.8592833280563352,MM
CaptainBill,Liam,1.8593615293502808,MM
Landon,Patrick,1.8594313859939575,MM
Furnando,Rex,1.8594449758529663,MM
Royce,Walter,1.859493851661682,MM
Slushy,Walter,1.8595513105392456,MM
UncleHank,West,1.859574317932129,MM
DollarJr,Jeff,1.8595786094665527,MM
Buddy,Logan,1.8595935106277464,MM
Graham,Simon,1.859615921974182,MM
Benny,Cyrus,1.8596420288085935,MM
CaptainBill,Rex,1.859892725944519,MM
Callan,Jeff,1.8599038124084473,MM
David,Walter,1.859923839569092,MM
Gus,Jeff,1.8599839210510256,MM
Tyson,Xavier,1.859992504119873,MM
Elias,Xavier,1.8600021600723269,MM
Buddy,Elias,1.860197901725769,MM
Slushy,Xavier,1.8602651357650757,MM
Carlos,Hans,1.860282301902771,MM
Tyson,West,1.8603668212890625,MM
Benny,Oscar,1.860401272773743,MM
Buddy,Jake,1.860525608062744,MM
Cyrus,Wade,1.86064875125885,MM
Carl,Damian,1.860710620880127,MM
Carlos,Keybo,1.8607813119888303,MM
Owen,Rex,1.8609299659729004,MM
Furnando,Neoguard,1.8609944581985471,MM
Bruce,Michael,1.8610248565673828,MM
Furnando,Peter,1.8614038228988647,MM
David,Tyson,1.8614706993103027,MM
Callan,Wade,1.8616795539855957,MM
Chad,DollarJr,1.8617194890975952,MM
Elias,Joshua,1.8617280721664429,MM
George,Jimmy,1.8619500398635864,MM
Gus,KlipKim,1.8620437383651731,MM
Damian,Frankenstein,1.8620933294296265,MM
Doug,Walter,1.8621597290039065,MM
Furnando,River,1.862409591674805,MM
Patrick,Xavier,1.8624591827392576,MM
CaptainBill,Jackson,1.8628463745117188,MM
David,PN,1.8628846406936648,MM
Hugh,UncleHank,1.862997055053711,MM
Justin,Matthew,1.863048434257507,MM
Bruce,Neel,1.863139033317566,MM
Aiden,Ron,1.8633050918579104,MM
Gus,Ravi,1.8633065223693848,MM
Kevin,Walter,1.863325238227844,MM
Dean,Frankenstein,1.863681435585022,MM
Ryan,Simon,1.8637018203735352,MM
Ben,Callan,1.863743782043457,MM
Chester,Kevin,1.863946318626404,MM
Liam,Tim,1.863970637321472,MM
Jake,Simon,1.864000678062439,MM
Chester,Michael,1.8640638589859009,MM
Dean,Edward,1.8640822172164917,MM
Carlos,Rudolph,1.8641070127487185,MM
DollarJr,Kanno,1.8641301393508911,MM
Damian,Icarus,1.864207148551941,MM
Michael,Simon,1.8642144203186035,MM
Brad,Damian,1.8642972707748413,MM
Jeff,Liam,1.8643354177474976,MM
Aaron,River,1.864360809326172,MM
Doug,Logan,1.864404559135437,MM
Rudolph,Tyson,1.8645710945129397,MM
Aaron,Hugh,1.8649030923843384,MM
Dean,Lloyd,1.86492121219635,MM
Henry,Neel,1.8650922775268557,MM
Joshua,Sindarin,1.8651528358459473,MM
Henry,Ravi,1.865286350250244,MM
Buddy,Xavier,1.8655492067337036,MM
Liam,Patrick,1.865882873535156,MM
Hugh,Noa,1.865981101989746,MM
Damian,Kanno,1.866010069847107,MM
Ravi,Simon,1.866089463233948,MM
DollarJr,Rex,1.8660959005355835,MM
Rudolph,Sean,1.8661036491394043,MM
Carlos,Doug,1.8661092519760132,MM
DollarJr,Robert,1.86617910861969,MM
Joshua,Slushy,1.8662924766540527,MM
Henry,Royce,1.866425633430481,MM
Caleb,Logan,1.8664816617965696,MM
Landon,Sean,1.8665472269058228,MM
Ron,Sean,1.866605281829834,MM
Patrick,Ravi,1.8666653633117676,MM
Neel,Xavier,1.866679310798645,MM
Aiden,Ben,1.866769313812256,MM
Furnando,Owen,1.866815209388733,MM
Bruce,Matthew,1.8668407201766968,MM
Brad,Mark,1.8669118881225584,MM
Gus,Owen,1.8670748472213743,MM
Justin,Rusty,1.8672641515731812,MM
KlipKim,River,1.8673862218856812,MM
Jake,Jeff,1.8674412965774536,MM
Dan,Jackson,1.8674496412277224,MM
Matthew,SantaClaus,1.8675159215927124,MM
Benny,NewscasterJohn,1.8675395250320437,MM
Nathan,Slushy,1.8676434755325315,MM
Edward,Neoguard,1.867823600769043,MM
KilliantheVampire,Neoguard,1.8679057359695437,MM
Chad,Lloyd,1.8680070638656616,MM
Neoguard,Ron,1.8680528402328491,MM
NewscasterJohn,Tim,1.8680838346481323,MM
Gus,Simon,1.868122696876526,MM
Peter,Ron,1.8681429624557495,MM
Edward,Tim,1.868191719055176,MM
Aiden,Tyson,1.8682026863098145,MM
Carlos,Walter,1.8682746887207031,MM
Landon,Royce,1.8682888746261597,MM
Henry,Jake,1.8684438467025757,MM
Rex,Xavier,1.868496298789978,MM
Landon,Robert,1.8686165809631348,MM
Jake,Santa,1.8687299489974976,MM
Jack,Ryan,1.8687373399734497,MM
Benny,Chase,1.868825078010559,MM
Cole,Logan,1.8688369989395144,MM
Bruce,Peter,1.86907422542572,MM
Hans,Matthew,1.8692134618759155,MM
David,NewscasterJohn,1.8693128824234009,MM
Frankenstein,Larry,1.869329571723938,MM
Carl,Vincent,1.8694710731506348,MM
Carlos,Larry,1.8695751428604128,MM
CaptainBill,Dan,1.8695807456970217,MM
Icarus,KlipKim,1.8696112632751465,MM
DollarJr,Royce,1.8696227073669431,MM
George,Sindarin,1.8697198629379272,MM
DollarJr,Michael,1.8698922395706177,MM
Jack,Joshua,1.8699110746383667,MM
Bruce,Gus,1.869928002357483,MM
Nathan,Santa,1.8701430559158323,MM
Frankenstein,Noa,1.8701859712600708,MM
CaptainBill,Tim,1.8702863454818728,MM
Landon,Owen,1.8704915046691897,MM
Duke,SantaClaus,1.8705343008041384,MM
Icarus,PN,1.8706339597702024,MM
Cyrus,Logan,1.870716452598572,MM
Duke,Rex,1.8707295656204224,MM
Jack,Viktor,1.8707724809646609,MM
Doug,Rex,1.8709229230880735,MM
Eman,Michael,1.870929718017578,MM
Henry,Jeff,1.8710451126098633,MM
Furnando,KilliantheVampire,1.8711713552474976,MM
Benny,Henry,1.8711811304092407,MM
Aiden,Jack,1.8717879056930544,MM
Chester,NewscasterJohn,1.8719009160995483,MM
Joshua,Kanno,1.8722902536392212,MM
Jeff,Royce,1.872414708137512,MM
Doug,West,1.872460961341858,MM
Caleb,Frankenstein,1.8725996017456057,MM
Icarus,Neoguard,1.8726004362106323,MM
Ben,Logan,1.8726009130477903,MM
Ben,Landon,1.872629165649414,MM
CaptainBill,Cyrus,1.8726636171340945,MM
Damian,Vincent,1.8727301359176636,MM
Simon,Vincent,1.872786045074463,MM
Carl,Logan,1.8727866411209104,MM
Joshua,Vincent,1.872941493988037,MM
Frankenstein,Philip,1.8729604482650757,MM
Benny,Doug,1.8732515573501587,MM
Aiden,Doug,1.873293399810791,MM
George,Tyson,1.8734253644943235,MM
Eman,Jeff,1.8734488487243652,MM
CaptainBill,Eman,1.8734807968139648,MM
Landon,Vincent,1.873585224151611,MM
David,Simon,1.873753547668457,MM
David,Peter,1.8741062879562376,MM
Buddy,Ravi,1.8741251230239868,MM
Hugh,Jack,1.8741388320922852,MM
Brad,Chase,1.8742374181747437,MM
Icarus,Kanno,1.8743144273757937,MM
Mark,Matthew,1.8743373155593872,MM
Benny,Brad,1.874338984489441,MM
Hugh,Justin,1.8744038343429563,MM
Chad,Robert,1.8744640350341797,MM
Kevin,Matthew,1.8745721578598025,MM
Aaron,Bruce,1.874680995941162,MM
Nathan,Owen,1.8748294115066528,MM
Bruce,Buddy,1.8748750686645508,MM
Brad,JackoLantern,1.8748807907104492,MM
Bruce,West,1.8750280141830444,MM
Cyrus,NewscasterJohn,1.875032901763916,MM
Benny,Neel,1.8750735521316528,MM
Edward,Vincent,1.875198483467102,MM
Kanno,Sindarin,1.8752955198287964,MM
Kevin,West,1.8753260374069216,MM
PN,Slushy,1.8753324747085571,MM
Benny,Justin,1.875402569770813,MM
Chad,Michael,1.8754944801330569,MM
Bruce,Walter,1.8756245374679563,MM
Buddy,Kevin,1.875650405883789,MM
Edward,Owen,1.8756908178329468,MM
Royce,Tyson,1.8757290840148928,MM
Jeff,Larry,1.8757529258728027,MM
Furnando,Ryan,1.8760385513305664,MM
Elias,Simon,1.876153349876404,MM
Chester,Hans,1.876229166984558,MM
George,Robert,1.8763370513916016,MM
Jeff,West,1.8763413429260256,MM
Callan,Carlos,1.8765498399734497,MM
JackoLantern,Kanno,1.876651167869568,MM
Buddy,Justin,1.876742243766785,MM
Buddy,Tyson,1.8768010139465332,MM
Chad,Vincent,1.8769468069076536,MM
Bruce,Joshua,1.8769922256469729,MM
Carlos,Jack,1.877008318901062,MM
Neel,Peter,1.877109408378601,MM
Philip,West,1.8772101402282717,MM
Buddy,DollarJr,1.8773698806762695,MM
Logan,Neoguard,1.877373218536377,MM
Jeff,Ryan,1.8774681091308592,MM
CaptainBill,Oscar,1.8775867223739624,MM
Cole,Sindarin,1.8776031732559204,MM
Matthew,Rex,1.8777321577072144,MM
Elias,Nathan,1.8778613805770872,MM
Doug,Owen,1.878429293632507,MM
Jackson,Vincent,1.878515601158142,MM
Jake,Ron,1.878551125526428,MM
Ben,Neel,1.8786495923995972,MM
Brad,David,1.8788386583328247,MM
Aaron,Vincent,1.878839373588562,MM
Dan,Slushy,1.878853678703308,MM
Jack,Tyson,1.8788537979125977,MM
Carlos,Wade,1.8789458274841309,MM
Jack,River,1.8789995908737185,MM
Neoguard,Royce,1.879096508026123,MM
Jimmy,Simon,1.8791292905807495,MM
NewscasterJohn,Rudolph,1.879252552986145,MM
Hans,JackoLantern,1.8792577981948853,MM
KilliantheVampire,Ron,1.8793354034423828,MM
Icarus,West,1.879364013671875,MM
Joshua,Michael,1.879456043243408,MM
Liam,Ryan,1.8799818754196167,MM
Gus,Slushy,1.8800348043441772,MM
Buddy,Kanno,1.8801445960998535,MM
Benny,JackoLantern,1.8801594972610471,MM
Callan,Dylan,1.8802322149276731,MM
Chad,Ron,1.880292534828186,MM
Chase,West,1.88032066822052,MM
KilliantheVampire,Matthew,1.8804235458374023,MM
Carlos,West,1.8804467916488647,MM
Jake,KilliantheVampire,1.8804739713668823,MM
Larry,NewscasterJohn,1.8805500268936155,MM
Brad,Buddy,1.8806260824203491,MM
Matthew,West,1.880706787109375,MM
Carl,Lloyd,1.8807209730148315,MM
Elias,George,1.8807854652404783,MM
CaptainBill,Jack,1.880942940711975,MM
Benny,Eman,1.880980372428894,MM
CaptainBill,River,1.8811744451522827,MM
Rex,Sindarin,1.881203532218933,MM
Cole,Peter,1.8812566995620728,MM
Henry,Liam,1.8815040588378904,MM
DollarJr,Vincent,1.8816596269607544,MM
Brad,Owen,1.8818732500076296,MM
Furnando,SantaClaus,1.881912350654602,MM
Graham,Landon,1.8819388151168823,MM
Cyrus,Gus,1.8820656538009644,MM
Michael,Rex,1.8822447061538696,MM
Chase,Liam,1.88257360458374,MM
Cole,Ravi,1.8826308250427248,MM
Dylan,Hugh,1.8828248977661133,MM
Cyrus,Sean,1.8828673362731936,MM
Justin,Vincent,1.8829073905944824,MM
Lloyd,Sindarin,1.8830851316452024,MM
Chester,Doug,1.883166790008545,MM
Ben,Liam,1.8832424879074097,MM
Owen,Rudolph,1.8833314180374143,MM
Furnando,Santa,1.8834128379821775,MM
KilliantheVampire,Noa,1.8835192918777464,MM
Chad,Doug,1.883553385734558,MM
Hans,Tim,1.8835605382919312,MM
Carl,Gus,1.8837300539016724,MM
Neoguard,Tyson,1.88373863697052,MM
Aiden,Sindarin,1.884083271026611,MM
George,Jackson,1.8841224908828735,MM
Jimmy,Slushy,1.8841900825500488,MM
PN,Ron,1.884231686592102,MM
Ben,Furnando,1.8842936754226685,MM
Sean,Tim,1.8843475580215456,MM
Cyrus,Henry,1.8844305276870728,MM
Aaron,Icarus,1.884565472602844,MM
Jeff,Wade,1.884652018547058,MM
Peter,West,1.8848623037338257,MM
Kevin,Owen,1.8848985433578491,MM
Cole,Graham,1.885115146636963,MM
Royce,Sindarin,1.8852124214172363,MM
Damian,Elias,1.8852165937423704,MM
Dan,Kanno,1.8852888345718384,MM
PN,West,1.88534414768219,MM
Kevin,Rex,1.885420322418213,MM
CaptainBill,Henry,1.8856984376907349,MM
Mark,PN,1.886177897453308,MM
Cole,Neel,1.8862155675888064,MM
Simon,Slushy,1.8862773180007937,MM
Hugh,West,1.8863162994384768,MM
Carl,Simon,1.886325478553772,MM
Callan,Walter,1.8863439559936523,MM
Caleb,Tim,1.8863611221313477,MM
Jeff,Logan,1.886428952217102,MM
Frankenstein,Ryan,1.8864860534667969,MM
Landon,Michael,1.8864907026290896,MM
Jeff,Jimmy,1.886770725250244,MM
Jimmy,Michael,1.8867816925048828,MM
CaptainBill,Joshua,1.88678514957428,MM
Elias,Kanno,1.886967658996582,MM
Aaron,Carl,1.8870006799697876,MM
NewscasterJohn,Sindarin,1.887062668800354,MM
Michael,Oscar,1.8871026039123535,MM
Brad,Edward,1.8871583938598633,MM
Kanno,KlipKim,1.8872233629226685,MM
Cole,Tyson,1.887229561805725,MM
Jake,Slushy,1.8872755765914917,MM
Damian,Simon,1.8876137733459473,MM
Michael,River,1.8876878023147583,MM
Oscar,Santa,1.887701153755188,MM
Chad,Santa,1.887750506401062,MM
Brad,Lloyd,1.8879648447036743,MM
Damian,Jackson,1.88802969455719,MM
Cole,River,1.8881508111953735,MM
Icarus,JackoLantern,1.8882161378860471,MM
Brad,Hugh,1.8882349729537964,MM
Sean,Wade,1.8883501291275024,MM
Gus,Rudolph,1.8885239362716677,MM
David,West,1.8888317346572876,MM
Neel,Rudolph,1.888975739479065,MM
Carl,Jack,1.8889788389205933,MM
Brad,Patrick,1.88900363445282,MM
Callan,Furnando,1.8890377283096311,MM
Kevin,Royce,1.8891226053237915,MM
Joshua,River,1.8891534805297852,MM
Neel,Ryan,1.8892053365707395,MM
Rudolph,Wade,1.889407515525818,MM
SantaClaus,Wade,1.8894256353378296,MM
Callan,Joshua,1.8895630836486816,MM
Carl,Chad,1.889581084251404,MM
Brad,Hans,1.889655590057373,MM
Jackson,Neel,1.8896592855453491,MM
Callan,Ryan,1.889816403388977,MM
Elias,Graham,1.8901758193969729,MM
KlipKim,Robert,1.890363335609436,MM
Ravi,Vincent,1.8905515670776367,MM
Philip,Rudolph,1.890891432762146,MM
CaptainBill,Nathan,1.8909436464309692,MM
Frankenstein,NewscasterJohn,1.8909997940063477,MM
Chad,Simon,1.89104688167572,MM
Owen,Vincent,1.8911714553833008,MM
Buddy,Callan,1.891216278076172,MM
Icarus,Simon,1.8916994333267212,MM
Aiden,Buddy,1.89191210269928,MM
Jake,West,1.8919731378555296,MM
Carl,Henry,1.892062187194824,MM
Doug,Noa,1.8921823501586912,MM
Henry,Simon,1.8921912908554075,MM
Furnando,Kanno,1.8922266960144043,MM
Benny,Dan,1.8922829627990725,MM
Henry,NewscasterJohn,1.8922966718673704,MM
Ravi,Rex,1.892389178276062,MM
Graham,Jackson,1.892572999000549,MM
Chester,Peter,1.8928159475326536,MM
Kanno,Ryan,1.8928219079971311,MM
DollarJr,Frankenstein,1.8928602933883667,MM
Robert,Simon,1.8928807973861697,MM
Jeff,Ravi,1.892904281616211,MM
Bruce,Sean,1.893316388130188,MM
Jackson,Xavier,1.893575668334961,MM
KilliantheVampire,Nathan,1.8936599493026731,MM
KilliantheVampire,Ravi,1.8936792612075808,MM
Doug,Simon,1.8940213918685913,MM
Cyrus,Walter,1.8941723108291624,MM
Buddy,Liam,1.8942095041275024,MM
Rudolph,Slushy,1.8945761919021609,MM
Carlos,Henry,1.8946266174316408,MM
Icarus,Jake,1.894737720489502,MM
David,Landon,1.8948227167129517,MM
Carlos,Robert,1.8948272466659544,MM
Logan,Walter,1.8948479890823364,MM
Rex,Robert,1.8949822187423704,MM
Chase,Landon,1.8949922323226929,MM
Rex,Slushy,1.8950010538101196,MM
Callan,Lloyd,1.895093321800232,MM
Bruce,Dean,1.8951568603515625,MM
Hugh,KilliantheVampire,1.895266056060791,MM
Bruce,Chad,1.8952802419662476,MM
Lloyd,Simon,1.8953628540039065,MM
Callan,Vincent,1.895620822906494,MM
Jackson,Peter,1.895631194114685,MM
Ravi,West,1.8958812952041624,MM
Doug,Wade,1.8958829641342163,MM
Logan,Owen,1.895917534828186,MM
Caleb,Jackson,1.8959475755691528,MM
Cole,Duke,1.8960877656936648,MM
Kevin,Wade,1.896270751953125,MM
Elias,Neoguard,1.8962992429733276,MM
Oscar,Royce,1.896324634552002,MM
Kanno,Matthew,1.896336555480957,MM
KilliantheVampire,KlipKim,1.8963507413864136,MM
Logan,Rex,1.896708846092224,MM
Oscar,Owen,1.8967304229736328,MM
Peter,Sean,1.8967446088790896,MM
Kanno,Landon,1.896798014640808,MM
NewscasterJohn,Ryan,1.8968011140823364,MM
River,Royce,1.8968669176101685,MM
Graham,Sindarin,1.8969182968139648,MM
Henry,Sean,1.896964192390442,MM
Henry,Philip,1.8971201181411743,MM
PN,Robert,1.897219181060791,MM
Larry,Neel,1.8972344398498535,MM
Furnando,Jeff,1.8975046873092651,MM
Philip,Sindarin,1.8976022005081177,MM
CaptainBill,Carl,1.8977447748184204,MM
JackoLantern,Sean,1.8979649543762207,MM
Jackson,Larry,1.8980307579040527,MM
KilliantheVampire,Oscar,1.8980556726455688,MM
Gus,Michael,1.8980811834335327,MM
CaptainBill,Walter,1.8981308937072752,MM
CaptainBill,UncleHank,1.898168683052063,MM
CaptainBill,Simon,1.8982106447219849,MM
River,Santa,1.898304343223572,MM
George,Hans,1.8983925580978391,MM
George,Slushy,1.8985081911087036,MM
Frankenstein,Matthew,1.898821473121643,MM
Matthew,River,1.898885726928711,MM
Jimmy,Kanno,1.8989118337631223,MM
Frankenstein,Sindarin,1.8989936113357544,MM
Peter,Simon,1.89904260635376,MM
Tim,Vincent,1.8993464708328247,MM
Jackson,Sindarin,1.8994349241256712,MM
Benny,Simon,1.8994442224502563,MM
Henry,Kanno,1.899558186531067,MM
Neoguard,Robert,1.899585843086243,MM
Hans,Jackson,1.899616241455078,MM
Tyson,Vincent,1.899804711341858,MM
Justin,Walter,1.899813532829285,MM
KilliantheVampire,Robert,1.8999834060668943,MM
Jackson,Ravi,1.8999956846237185,MM
Vincent,Wade,1.9000097513198853,MM
Neel,River,1.9000929594039917,MM
Chase,Edward,1.9002203941345217,MM
Royce,Wade,1.9003311395645144,MM
Jeff,Sindarin,1.9005589485168457,MM
Matthew,Ravi,1.9006136655807495,MM
Jimmy,Kevin,1.9007052183151243,MM
Ravi,Tyson,1.9007376432418823,MM
Carlos,Liam,1.9007892608642576,MM
Chester,Kanno,1.9007911682128904,MM
Frankenstein,Wade,1.9008158445358276,MM
Henry,Sindarin,1.9008277654647827,MM
Jackson,Royce,1.9008368253707888,MM
Jack,Tim,1.9008384943008425,MM
Owen,Walter,1.90084445476532,MM
Dylan,Ron,1.9009455442428589,MM
Chad,Owen,1.901004195213318,MM
Landon,Ron,1.901084542274475,MM
Carlos,Ravi,1.9011231660842896,MM
Henry,Kevin,1.9013749361038208,MM
Elias,Tim,1.9014359712600708,MM
Furnando,Jackson,1.9015275239944456,MM
Icarus,Nathan,1.9016138315200808,MM
Neel,Walter,1.901687741279602,MM
David,Slushy,1.901766300201416,MM
Jake,Lloyd,1.901840090751648,MM
Cyrus,Vincent,1.901872634887695,MM
DollarJr,Henry,1.9020034074783323,MM
Ben,Neoguard,1.902040958404541,MM
Kanno,PN,1.9020609855651855,MM
Logan,NewscasterJohn,1.9023054838180544,MM
Graham,River,1.9023808240890503,MM
Chase,PN,1.9024003744125368,MM
Benny,Carlos,1.9026955366134644,MM
Peter,Wade,1.9027427434921265,MM
Carl,KlipKim,1.9027429819107056,MM
Joshua,UncleHank,1.9027929306030271,MM
DollarJr,Jack,1.902820110321045,MM
Chester,Cyrus,1.902928352355957,MM
Edward,Nathan,1.903119206428528,MM
Justin,NewscasterJohn,1.903120040893555,MM
Aiden,Furnando,1.9034029245376587,MM
Peter,River,1.9034342765808103,MM
Jeff,Neel,1.9034390449523928,MM
River,Walter,1.9034394025802612,MM
Caleb,Elias,1.9035700559616089,MM
Henry,Robert,1.9035831689834597,MM
Chad,Edward,1.9038864374160769,MM
Landon,SantaClaus,1.903910994529724,MM
Aiden,Philip,1.9039502143859863,MM
Doug,Patrick,1.9039740562438965,MM
Chase,Vincent,1.9039992094039917,MM
Cyrus,Matthew,1.9040603637695312,MM
Doug,Tyson,1.9043689966201784,MM
Aiden,Duke,1.9043797254562376,MM
Benny,Sean,1.904713749885559,MM
Landon,Viktor,1.90497624874115,MM
Kanno,Liam,1.9049824476242063,MM
JackoLantern,Santa,1.9051446914672852,MM
Doug,JackoLantern,1.90524160861969,MM
Doug,Matthew,1.9052447080612185,MM
Cole,Kanno,1.9054621458053589,MM
Kanno,Kevin,1.9054657220840456,MM
Buddy,David,1.9054721593856812,MM
George,UncleHank,1.9055324792861936,MM
Jackson,Kevin,1.905583739280701,MM
Benny,Frankenstein,1.9057146310806272,MM
Kevin,UncleHank,1.9057375192642212,MM
Hugh,Tim,1.9058135747909544,MM
Kanno,NewscasterJohn,1.905856728553772,MM
Chad,Hugh,1.9059046506881712,MM
Gus,Peter,1.90611469745636,MM
Kanno,Nathan,1.9066535234451296,MM
Jack,Rudolph,1.906762957572937,MM
Jeff,KilliantheVampire,1.9068188667297363,MM
Philip,Simon,1.906894564628601,MM
David,Royce,1.9069968461990356,MM
Neel,Sindarin,1.9071084260940552,MM
Bruce,Callan,1.9071232080459597,MM
Elias,Eman,1.9071612358093264,MM
Lloyd,Peter,1.9071803092956543,MM
Chase,Ravi,1.9072760343551636,MM
Hans,Joshua,1.9073400497436523,MM
Rex,Tyson,1.907423496246338,MM
Benny,George,1.9074941873550415,MM
Icarus,Rusty,1.907534122467041,MM
Carl,Jackson,1.907631754875183,MM
DollarJr,Peter,1.907659649848938,MM
Jimmy,Neoguard,1.9076733589172363,MM
Chester,Ravi,1.907704710960388,MM
Liam,River,1.9078110456466677,MM
Doug,Jake,1.9078599214553833,MM
Justin,Michael,1.9079608917236328,MM
Bruce,Chester,1.9079915285110471,MM
Furnando,Walter,1.908098220825195,MM
NewscasterJohn,UncleHank,1.9081624746322632,MM
CaptainBill,Robert,1.908238410949707,MM
Henry,Jimmy,1.9083547592163088,MM
Graham,Owen,1.9084315299987793,MM
CaptainBill,Slushy,1.9085954427719116,MM
Logan,Santa,1.9086517095565796,MM
Gus,West,1.9086979627609253,MM
Chester,Graham,1.90880024433136,MM
Caleb,Callan,1.9091423749923704,MM
Carlos,Michael,1.9091938734054563,MM
Kanno,West,1.909196376800537,MM
Elias,Logan,1.9093445539474487,MM
Cyrus,Doug,1.9094892740249632,MM
Jimmy,Walter,1.909690737724304,MM
Aiden,Lloyd,1.9098668098449707,MM
Chester,Robert,1.9099255800247192,MM
CaptainBill,Gus,1.9101423025131223,MM
Cyrus,Ron,1.9101485013961792,MM
Logan,Rudolph,1.9103182554244995,MM
Carl,Sean,1.9103626012802124,MM
Frankenstein,Nathan,1.9103959798812864,MM
Larry,Ron,1.910542607307434,MM
KlipKim,Ron,1.9105671644210815,MM
Elias,Ryan,1.91064453125,MM
Edward,Joshua,1.91071879863739,MM
Carlos,Frankenstein,1.910887122154236,MM
Damian,Slushy,1.9114452600479128,MM
Jackson,Neoguard,1.911543846130371,MM
Graham,Ryan,1.9116793870925903,MM
Callan,Royce,1.9117716550827024,MM
Henry,River,1.9118839502334597,MM
Ravi,Sindarin,1.9119396209716797,MM
Kanno,Neoguard,1.9119497537612915,MM
Robert,Viktor,1.9119787216186523,MM
Michael,Slushy,1.912067413330078,MM
Ben,Damian,1.912075161933899,MM
Jimmy,KlipKim,1.9125136137008667,MM
Kanno,UncleHank,1.9126054048538208,MM
Kevin,Robert,1.912655234336853,MM
Edward,Xavier,1.9130889177322388,MM
Bruce,Carlos,1.9131685495376587,MM
Ben,Dylan,1.9133812189102173,MM
Rex,Sean,1.9134153127670288,MM
Chase,Elias,1.913427472114563,MM
Chester,Keybo,1.9134844541549685,MM
Icarus,Oscar,1.9136780500411987,MM
Edward,Henry,1.9139889478683472,MM
Duke,NewscasterJohn,1.914050579071045,MM
Chad,Viktor,1.914317727088928,MM
Carlos,Peter,1.9144841432571411,MM
CaptainBill,Jimmy,1.914514660835266,MM
Philip,Vincent,1.9146790504455569,MM
Icarus,Noa,1.9147566556930544,MM
Hans,Simon,1.91500186920166,MM
CaptainBill,Rudolph,1.9151586294174192,MM
Bruce,Carl,1.915180206298828,MM
David,Henry,1.915194630622864,MM
Furnando,Jimmy,1.9152182340621948,MM
Logan,Vincent,1.9153884649276731,MM
Frankenstein,Jake,1.915483355522156,MM
Caleb,Simon,1.9155489206314087,MM
Chester,Jack,1.915571689605713,MM
Gus,Liam,1.915856957435608,MM
Carl,Justin,1.9159480333328247,MM
JackoLantern,Robert,1.9162062406539917,MM
Lloyd,PN,1.9163479804992676,MM
Elias,Liam,1.9163800477981567,MM
Santa,Simon,1.9164739847183228,MM
Chase,Graham,1.9166303873062136,MM
Dylan,Philip,1.9167755842208865,MM
Rex,Santa,1.9172329902648928,MM
Doug,Ravi,1.917333960533142,MM
Chase,Santa,1.9173579216003416,MM
Ravi,Wade,1.9175482988357544,MM
Callan,Jackson,1.917575716972351,MM
Caleb,Tyson,1.917603135108948,MM
Carl,Liam,1.9177273511886597,MM
Elias,KlipKim,1.9177993535995483,MM
Chester,David,1.9179595708847048,MM
Doug,River,1.9179614782333376,MM
Jackson,Owen,1.9179935455322263,MM
Keybo,Slushy,1.9182558059692385,MM
Brad,Gus,1.9188448190689087,MM
Logan,Sean,1.9189038276672363,MM
Edward,Oscar,1.9189327955245972,MM
Santa,Vincent,1.918980598449707,MM
Graham,Lloyd,1.919273018836975,MM
Furnando,Hugh,1.919298768043518,MM
Logan,Robert,1.919814944267273,MM
Joshua,Santa,1.9198466539382937,MM
Chase,Sean,1.919864535331726,MM
Jimmy,Santa,1.9198981523513792,MM
Chase,Eman,1.919973850250244,MM
David,Robert,1.9199930429458616,MM
Philip,River,1.9200290441513064,MM
JackoLantern,Rex,1.92004919052124,MM
Furnando,Simon,1.9200726747512815,MM
Cyrus,Tyson,1.9206475019454956,MM
Buddy,Ron,1.920772910118103,MM
JackoLantern,Tyson,1.920805811882019,MM
Benny,Edward,1.9208426475524905,MM
Liam,Viktor,1.9212398529052737,MM
Elias,Sean,1.921385169029236,MM
Logan,Tyson,1.9214168787002563,MM
Justin,Rex,1.921841025352478,MM
Jake,Wade,1.9218555688858032,MM
Jeff,Nathan,1.9219642877578735,MM
Ravi,UncleHank,1.9219789505004885,MM
Chester,Jeff,1.9220536947250368,MM
Duke,Furnando,1.9221001863479616,MM
River,West,1.922299027442932,MM
George,Icarus,1.9224132299423216,MM
CaptainBill,Jeff,1.92241370677948,MM
Chase,David,1.9224430322647097,MM
David,Hans,1.922592043876648,MM
Kevin,Slushy,1.9228025674819944,MM
Cole,Royce,1.9229222536087036,MM
Cyrus,Furnando,1.9229393005371096,MM
Edward,Michael,1.923340916633606,MM
Chase,Michael,1.923375964164734,MM
Kanno,Robert,1.9234923124313352,MM
Hugh,Xavier,1.9235529899597168,MM
Royce,Simon,1.9235929250717163,MM
Aiden,Hans,1.9236654043197632,MM
Ravi,River,1.9236655235290527,MM
Graham,Hans,1.9236927032470703,MM
Buddy,Walter,1.9238910675048828,MM
Hugh,Jake,1.9240809679031372,MM
Cyrus,Philip,1.924476623535156,MM
Bruce,Rusty,1.9245033264160156,MM
Cole,Jack,1.9247206449508667,MM
Caleb,NewscasterJohn,1.9247751235961912,MM
Lloyd,Viktor,1.9249663352966309,MM
Neel,Simon,1.9251375198364256,MM
Matthew,Sean,1.9251400232315063,MM
Jimmy,West,1.925449252128601,MM
Buddy,Rex,1.9256771802902224,MM
Buddy,CaptainBill,1.925950050354004,MM
Cole,Hugh,1.9259915351867676,MM
Ben,Dean,1.926264405250549,MM
Jackson,Jeff,1.9262694120407104,MM
Aiden,Jeff,1.9264206886291504,MM
KilliantheVampire,Landon,1.926490306854248,MM
Ben,CaptainBill,1.9266339540481567,MM
Nathan,SantaClaus,1.9266982078552248,MM
Ben,Graham,1.9267982244491575,MM
Ron,Walter,1.9268369674682615,MM
Buddy,Wade,1.9269566535949707,MM
Matthew,Neel,1.9270375967025757,MM
Duke,Noa,1.9271812438964844,MM
Lloyd,Noa,1.927351474761963,MM
Rex,Wade,1.9273947477340696,MM
Gus,Oscar,1.9274057149887085,MM
Royce,UncleHank,1.927613854408264,MM
KilliantheVampire,Viktor,1.92766010761261,MM
CaptainBill,Kevin,1.9280096292495728,MM
Furnando,Hans,1.9280710220336912,MM
Ben,Sean,1.9282068014144895,MM
Jake,Logan,1.9282736778259275,MM
Icarus,Tim,1.928461670875549,MM
Eman,West,1.9284833669662476,MM
Doug,Dylan,1.9285184144973757,MM
Kanno,Royce,1.9285569190979004,MM
Ryan,Tyson,1.928704857826233,MM
Dylan,Tyson,1.928850769996643,MM
Chad,Patrick,1.9288878440856936,MM
CaptainBill,Damian,1.92898690700531,MM
Elias,West,1.929211974143982,MM
Eman,Jimmy,1.9292689561843872,MM
Furnando,Wade,1.9292917251586912,MM
Furnando,Mark,1.9293923377990725,MM
Dean,UncleHank,1.9295358657836912,MM
Oscar,Patrick,1.92960786819458,MM
Rudolph,West,1.929614543914795,MM
Chase,Henry,1.9298685789108276,MM
Buddy,Chase,1.9298909902572632,MM
Graham,Rusty,1.929955005645752,MM
Frankenstein,Justin,1.930164813995361,MM
Carlos,David,1.9302369356155396,MM
Dean,Hans,1.9302695989608765,MM
Jeff,Kanno,1.9306479692459104,MM
Logan,Philip,1.930758357048035,MM
Callan,Sean,1.93094003200531,MM
Kanno,Walter,1.9310420751571655,MM
Jackson,Jimmy,1.9310461282730105,MM
Hugh,Viktor,1.9310994148254397,MM
Jeff,Philip,1.931147217750549,MM
Carl,Sindarin,1.9311827421188352,MM
Aiden,SantaClaus,1.931216597557068,MM
Benny,David,1.9312329292297363,MM
Robert,West,1.9313701391220093,MM
Mark,Walter,1.931509017944336,MM
Lloyd,Walter,1.931596636772156,MM
Chad,Mark,1.9316247701644895,MM
Doug,Sindarin,1.931702971458435,MM
Noa,SantaClaus,1.9318790435791016,MM
Henry,Slushy,1.9319911003112793,MM
Bruce,Simon,1.9320873022079468,MM
Brad,Bruce,1.9321484565734863,MM
Elias,Oscar,1.9321526288986208,MM
Ben,Rudolph,1.932167649269104,MM
David,Eman,1.932181715965271,MM
Carl,Walter,1.932195782661438,MM
Larry,Tyson,1.9322052001953125,MM
DollarJr,Ravi,1.932292103767395,MM
Doug,Jimmy,1.9328867197036743,MM
Dean,Kanno,1.9333173036575315,MM
Benny,Bruce,1.9334163665771484,MM
Cyrus,David,1.933456301689148,MM
Caleb,Jeff,1.9336262941360471,MM
Justin,Santa,1.933695912361145,MM
Carlos,Icarus,1.933705687522888,MM
Jack,Simon,1.9337421655654907,MM
CaptainBill,Duke,1.9337555170059204,MM
Owen,Peter,1.9342862367630005,MM
Graham,Logan,1.93428897857666,MM
David,Jeff,1.9347203969955444,MM
Kanno,Noa,1.934770107269287,MM
Furnando,Vincent,1.9349735975265503,MM
Justin,Sean,1.9350881576538088,MM
Rusty,UncleHank,1.9353071451187136,MM
DollarJr,Hugh,1.9353355169296265,MM
Frankenstein,Oscar,1.9353870153427124,MM
Peter,Robert,1.9355134963989256,MM
Buddy,Oscar,1.9355319738388064,MM
Duke,Peter,1.935714602470398,MM
Dylan,Rusty,1.935885429382324,MM
Benny,Rudolph,1.9359159469604492,MM
Doug,Elias,1.936005473136902,MM
Kanno,Tim,1.9360371828079224,MM
DollarJr,Icarus,1.936218738555908,MM
PN,River,1.9362283945083616,MM
Buddy,Jeff,1.9363762140274048,MM
Dylan,Patrick,1.9364075660705569,MM
Aiden,Elias,1.9365264177322388,MM
Jack,Patrick,1.93673312664032,MM
KilliantheVampire,Tyson,1.936845302581787,MM
Joshua,Lloyd,1.936854362487793,MM
Gus,Jackson,1.9369810819625857,MM
Benny,Logan,1.9370909929275513,MM
Liam,Logan,1.937283515930176,MM
Dylan,Furnando,1.9373959302902224,MM
CaptainBill,Doug,1.9375905990600584,MM
Chester,Furnando,1.9375948905944824,MM
Jeff,Sean,1.9376639127731323,MM
Nathan,Patrick,1.9378156661987305,MM
Furnando,Patrick,1.938088059425354,MM
David,Sean,1.938132882118225,MM
Henry,Jackson,1.938355803489685,MM
Logan,Slushy,1.9383578300476072,MM
Elias,Gus,1.938426494598389,MM
Kanno,Philip,1.938437581062317,MM
Elias,Neel,1.9386476278305056,MM
Aiden,NewscasterJohn,1.9387340545654297,MM
CaptainBill,Sean,1.9390712976455688,MM
Caleb,Doug,1.9391189813613892,MM
Ravi,Robert,1.939196228981018,MM
Elias,Jimmy,1.9392390251159668,MM
Aiden,Patrick,1.9394731521606443,MM
CaptainBill,West,1.939502835273743,MM
Henry,Vincent,1.9397602081298828,MM
Brad,Doug,1.939916491508484,MM
Dylan,Neel,1.939984440803528,MM
Hugh,Joshua,1.9400568008422852,MM
Dylan,SantaClaus,1.9401798248291016,MM
Furnando,Sean,1.9402624368667605,MM
Aiden,Owen,1.940330386161804,MM
George,Hugh,1.9403854608535769,MM
Ron,Royce,1.9405797719955444,MM
Furnando,Jake,1.9406981468200684,MM
Cyrus,Rex,1.9411274194717407,MM
Callan,Rex,1.941393256187439,MM
Caleb,Patrick,1.941660523414612,MM
Doug,George,1.9419623613357544,MM
DollarJr,Santa,1.942074179649353,MM
Jeff,Joshua,1.9421058893203735,MM
Cyrus,Jackson,1.942275047302246,MM
Buddy,Peter,1.9424585103988647,MM
Hugh,Ryan,1.9425822496414185,MM
Dylan,Hans,1.9426774978637695,MM
Justin,KilliantheVampire,1.942710876464844,MM
Sean,Sindarin,1.9428976774215696,MM
Aaron,Kanno,1.9430006742477417,MM
Dean,Ron,1.9431339502334597,MM
Damian,Duke,1.9431754350662231,MM
Robert,Walter,1.943398118019104,MM
Damian,Hugh,1.9434393644332888,MM
David,Jimmy,1.9435124397277832,MM
Hugh,Rex,1.9436432123184204,MM
Philip,Wade,1.9437273740768433,MM
Chad,River,1.943781495094299,MM
Ben,Ravi,1.9439576864242551,MM
CaptainBill,David,1.9440678358078003,MM
Damian,SantaClaus,1.9441126585006712,MM
Carl,Ron,1.9441503286361697,MM
Dylan,KilliantheVampire,1.9442391395568848,MM
Cole,Doug,1.9443286657333376,MM
Hugh,Tyson,1.944395899772644,MM
Chad,UncleHank,1.9445966482162476,MM
George,Rex,1.944642186164856,MM
Carl,Edward,1.945021629333496,MM
Aaron,UncleHank,1.9450435638427737,MM
Frankenstein,Kanno,1.9451093673706057,MM
Kanno,Rex,1.9451814889907837,MM
Liam,Owen,1.9452205896377563,MM
Michael,West,1.9452918767929075,MM
DollarJr,Jimmy,1.945317625999451,MM
CaptainBill,Royce,1.9453614950180056,MM
Ben,UncleHank,1.9454227685928345,MM
KilliantheVampire,Xavier,1.945528030395508,MM
Jackson,Liam,1.9455680847167969,MM
Ron,Ryan,1.94579553604126,MM
Lloyd,West,1.945876717567444,MM
NewscasterJohn,Wade,1.946076273918152,MM
Kevin,Rusty,1.946080207824707,MM
Cole,Edward,1.9465042352676392,MM
Frankenstein,Neel,1.9468927383422852,MM
Elias,Henry,1.9470030069351196,MM
Bruce,SantaClaus,1.9470850229263303,MM
Doug,Peter,1.9471031427383425,MM
Ben,Chase,1.947110295295715,MM
Chad,Jackson,1.9471691846847536,MM
Robert,Sean,1.9471921920776367,MM
Benny,Jake,1.947214961051941,MM
David,Sindarin,1.947366714477539,MM
Benny,Hugh,1.947424054145813,MM
Benny,Jimmy,1.9474555253982544,MM
Elias,Wade,1.947482705116272,MM
Icarus,Neel,1.947514533996582,MM
Lloyd,Michael,1.947597622871399,MM
Ben,Buddy,1.9477453231811523,MM
Logan,West,1.9478726387023928,MM
Benny,River,1.9478782415390017,MM
Dylan,Elias,1.947888970375061,MM
Sean,Vincent,1.9482288360595703,MM
Duke,Robert,1.948453426361084,MM
Icarus,Jackson,1.9484740495681765,MM
NewscasterJohn,Ron,1.9484888315200808,MM
Ravi,Ryan,1.9485855102539065,MM
Edward,Logan,1.9485920667648315,MM
Caleb,Robert,1.9487992525100708,MM
KilliantheVampire,Neel,1.949016571044922,MM
DollarJr,UncleHank,1.9490355253219604,MM
Carl,Joshua,1.9491480588912964,MM
Dean,Patrick,1.949267864227295,MM
Rudolph,Simon,1.9493013620376587,MM
Gus,Lloyd,1.949332594871521,MM
Lloyd,UncleHank,1.9494067430496216,MM
Justin,Ron,1.9498320817947388,MM
Hugh,Kanno,1.950299859046936,MM
Kanno,Logan,1.9503087997436523,MM
Chase,Jake,1.9503564834594729,MM
Buddy,Dylan,1.950360894203186,MM
Owen,Xavier,1.950687885284424,MM
DollarJr,Elias,1.950764298439026,MM
Cole,Jeff,1.9509377479553225,MM
Aiden,Frankenstein,1.9509382247924805,MM
Sindarin,Xavier,1.9509955644607544,MM
Ron,Xavier,1.951029658317566,MM
CaptainBill,Jake,1.951293349266052,MM
Edward,Justin,1.9512944221496584,MM
Frankenstein,Royce,1.9513195753097536,MM
Bruce,Jimmy,1.9515576362609863,MM
Bruce,DollarJr,1.9516938924789429,MM
Dan,Patrick,1.9517742395401,MM
Jimmy,Noa,1.951945424079895,MM
Carl,JackoLantern,1.9520021677017212,MM
Callan,Henry,1.9520225524902344,MM
Eman,Robert,1.9521657228469849,MM
Robert,Ryan,1.9521831274032593,MM
Edward,Gus,1.9524809122085571,MM
Slushy,Wade,1.95256507396698,MM
Sindarin,Slushy,1.9528087377548216,MM
Chester,Royce,1.952930569648743,MM
Ben,Kanno,1.9533714056015017,MM
Jack,NewscasterJohn,1.953641057014465,MM
Dan,UncleHank,1.953910231590271,MM
Damian,KilliantheVampire,1.9540640115737915,MM
Chester,West,1.9540715217590332,MM
CaptainBill,Frankenstein,1.954112648963928,MM
Jimmy,Sean,1.9541414976119995,MM
Bruce,Elias,1.954232692718506,MM
Callan,Logan,1.9542466402053833,MM
PN,UncleHank,1.9544020891189575,MM
Benny,Robert,1.9546111822128296,MM
Chase,Cyrus,1.9549468755722048,MM
Jake,Kanno,1.955112338066101,MM
Ben,Doug,1.9551857709884644,MM
Benny,Rex,1.9553507566452024,MM
Doug,Rusty,1.955579161643982,MM
Chase,Neel,1.955796718597412,MM
Chase,Jack,1.955825686454773,MM
Buddy,Lloyd,1.95596182346344,MM
Damian,UncleHank,1.9559975862503052,MM
Edward,Larry,1.9561134576797483,MM
Carlos,UncleHank,1.956320643424988,MM
David,Hugh,1.9564708471298216,MM
Ben,Caleb,1.956608772277832,MM
CaptainBill,Ravi,1.956864833831787,MM
Aaron,Jimmy,1.9572588205337524,MM
Noa,Robert,1.9575141668319704,MM
Caleb,Hugh,1.9580717086791992,MM
Brad,Slushy,1.958138942718506,MM
Chase,Furnando,1.958167552947998,MM
Vincent,West,1.958234190940857,MM
Dan,NewscasterJohn,1.958359718322754,MM
Chester,Elias,1.9585429430007937,MM
Jack,Rusty,1.9587626457214355,MM
DollarJr,Ron,1.958786368370056,MM
Chase,Peter,1.9590848684310913,MM
Duke,Lloyd,1.9593364000320437,MM
Dan,Robert,1.95945942401886,MM
Hugh,JackoLantern,1.9594782590866089,MM
Furnando,Michael,1.9595564603805544,MM
David,Jake,1.9597636461257937,MM
Kanno,Patrick,1.9597781896591189,MM
Bruce,Graham,1.959969162940979,MM
Caleb,Icarus,1.960202693939209,MM
Doug,Jackson,1.9602112770080569,MM
Bruce,Viktor,1.9602775573730469,MM
Jack,Michael,1.9604921340942385,MM
Benny,Sindarin,1.960570216178894,MM
Michael,Royce,1.9608668088912964,MM
Aaron,Michael,1.9608745574951172,MM
PN,SantaClaus,1.96107816696167,MM
Brad,Jimmy,1.9613666534423828,MM
Owen,Sean,1.9620755910873413,MM
Duke,Simon,1.96214497089386,MM
Cole,Owen,1.9624003171920776,MM
Aaron,Lloyd,1.9627090692520144,MM
Ben,Sindarin,1.9627829790115356,MM
Dan,Hans,1.962901949882507,MM
Hugh,Simon,1.9629489183425903,MM
Carl,River,1.963058352470398,MM
David,Icarus,1.963090777397156,MM
Rudolph,UncleHank,1.963159680366516,MM
Matthew,Robert,1.9631896018981936,MM
Hans,Ryan,1.963199496269226,MM
Benny,Slushy,1.9632567167282104,MM
Frankenstein,Peter,1.963363528251648,MM
Icarus,Sindarin,1.9633688926696775,MM
Edward,NewscasterJohn,1.9633954763412476,MM
Owen,Ryan,1.963426947593689,MM
Dan,SantaClaus,1.9634567499160769,MM
Ben,West,1.9634863138198853,MM
Carl,Peter,1.9637573957443235,MM
Ben,Vincent,1.9639889001846311,MM
Edward,Santa,1.9642330408096311,MM
Santa,Tim,1.9643381834030151,MM
Dylan,Royce,1.9644094705581665,MM
Gus,Vincent,1.9647756814956665,MM
CaptainBill,Cole,1.9648656845092771,MM
Dean,Hugh,1.9650087356567385,MM
Ron,Tim,1.9650249481201172,MM
Chester,Ron,1.965110659599304,MM
George,SantaClaus,1.9651380777359009,MM
Kanno,Simon,1.9654487371444704,MM
JackoLantern,Lloyd,1.9659451246261597,MM
Dean,Mark,1.966044783592224,MM
Frankenstein,Xavier,1.9660719633102417,MM
Edward,Elias,1.9661680459976196,MM
NewscasterJohn,Xavier,1.9662340879440308,MM
Jackson,Joshua,1.9663853645324707,MM
Hugh,NewscasterJohn,1.9665160179138184,MM
Duke,KlipKim,1.966598391532898,MM
Mark,Oscar,1.9668880701065063,MM
Bruce,Cole,1.9668999910354616,MM
Furnando,Landon,1.967375874519348,MM
Joshua,Patrick,1.9675002098083496,MM
Elias,Hans,1.9675089120864868,MM
Ben,Jack,1.9676426649093628,MM
Edward,Wade,1.9676870107650757,MM
Hans,Neel,1.967695713043213,MM
CaptainBill,Owen,1.967703938484192,MM
David,JackoLantern,1.96781063079834,MM
Caleb,UncleHank,1.968093514442444,MM
Frankenstein,Tim,1.9682453870773315,MM
Edward,George,1.9683789014816284,MM
Henry,West,1.968582272529602,MM
Benny,Michael,1.9686006307601929,MM
Callan,Frankenstein,1.968617796897888,MM
Ben,Jackson,1.96866512298584,MM
Duke,George,1.9687525033950808,MM
Dylan,Graham,1.9688581228256223,MM
Brad,Kanno,1.9688981771469116,MM
Duke,PN,1.9689141511917112,MM
Frankenstein,Sean,1.9689291715621948,MM
Elias,Matthew,1.968966007232666,MM
NewscasterJohn,West,1.9690035581588743,MM
Gus,Patrick,1.9690766334533691,MM
Carl,Kanno,1.969227313995361,MM
Keybo,PN,1.9693288803100584,MM
Buddy,KilliantheVampire,1.9693986177444456,MM
Cole,Icarus,1.9694108963012695,MM
Icarus,Joshua,1.9694328308105469,MM
Aaron,Hans,1.969438552856445,MM
Patrick,Ryan,1.9695377349853516,MM
Jeff,Slushy,1.969583511352539,MM
Chad,Slushy,1.969706654548645,MM
Buddy,Mark,1.969727158546448,MM
Larry,Slushy,1.9697636365890503,MM
Chase,Duke,1.969778537750244,MM
Sindarin,Tyson,1.969824194908142,MM
Simon,Walter,1.9698691368103027,MM
Kanno,Oscar,1.969948172569275,MM
Owen,Sindarin,1.9703418016433716,MM
KilliantheVampire,Walter,1.9704638719558716,MM
Gus,Ron,1.9704647064208984,MM
Aaron,Slushy,1.9706133604049685,MM
Kanno,Lloyd,1.9706662893295288,MM
Hugh,Larry,1.970671772956848,MM
Caleb,KilliantheVampire,1.9707655906677248,MM
Ben,Peter,1.9707947969436648,MM
Gus,River,1.970981240272522,MM
Buddy,Jackson,1.971058368682861,MM
Callan,CaptainBill,1.9711174964904783,MM
Chester,Philip,1.9713197946548464,MM
Philip,Sean,1.9713220596313477,MM
Graham,Kanno,1.971328616142273,MM
Damian,Edward,1.9713964462280271,MM
Landon,Rusty,1.9714075326919556,MM
Dean,Rusty,1.9714480638504028,MM
Jackson,West,1.9720746278762815,MM
Rex,Royce,1.9720953702926636,MM
Elias,Peter,1.9720972776412964,MM
Eman,Frankenstein,1.972148895263672,MM
Caleb,Slushy,1.9722561836242676,MM
Keybo,Noa,1.9726628065109253,MM
Lloyd,NewscasterJohn,1.972767233848572,MM
Rusty,Simon,1.9727858304977417,MM
Edward,Peter,1.9730488061904907,MM
Frankenstein,SantaClaus,1.973302721977234,MM
Duke,Philip,1.973331093788147,MM
Carl,Elias,1.9733823537826536,MM
Simon,Tyson,1.973392128944397,MM
River,Vincent,1.973506450653076,MM
Bruce,Patrick,1.9736210107803345,MM
Dylan,NewscasterJohn,1.9736679792404177,MM
Benny,Callan,1.974002480506897,MM
Ben,Jake,1.9741926193237305,MM
Kanno,Wade,1.9742555618286133,MM
Eman,SantaClaus,1.974268913269043,MM
River,Tyson,1.9744154214859009,MM
Lloyd,Rusty,1.9744467735290527,MM
Cyrus,KilliantheVampire,1.9748324155807495,MM
Chase,Oscar,1.9748481512069704,MM
Benny,Graham,1.9748934507369995,MM
CaptainBill,Philip,1.9754258394241333,MM
Benny,Buddy,1.9757038354873655,MM
CaptainBill,George,1.9757404327392576,MM
Logan,Peter,1.9757663011550903,MM
Duke,Jack,1.975823998451233,MM
Rex,Tim,1.975834846496582,MM
Damian,Jimmy,1.9758492708206177,MM
Chase,Frankenstein,1.975974917411804,MM
Frankenstein,George,1.976302981376648,MM
Elias,Ron,1.976406455039978,MM
Rex,West,1.9764174222946167,MM
Benny,Caleb,1.9767214059829712,MM
Icarus,Tyson,1.9768043756484983,MM
Duke,Landon,1.976878643035889,MM
Lloyd,Matthew,1.976945877075195,MM
Elias,Jake,1.977017283439636,MM
Buddy,River,1.9770201444625857,MM
Elias,Robert,1.9774080514907837,MM
Benny,Owen,1.9776029586791992,MM
Jeff,Michael,1.9776848554611208,MM
Edward,Liam,1.977829098701477,MM
Henry,UncleHank,1.9780964851379397,MM
Benny,Ravi,1.978190302848816,MM
Ryan,Viktor,1.978333830833435,MM
Callan,Elias,1.978533387184143,MM
Frankenstein,Robert,1.9785643815994265,MM
Cole,Elias,1.9787834882736208,MM
Eman,Icarus,1.9788724184036257,MM
Frankenstein,Jimmy,1.97898530960083,MM
Neoguard,SantaClaus,1.979141116142273,MM
Dan,Icarus,1.979383111000061,MM
Brad,UncleHank,1.9794378280639648,MM
Sean,Simon,1.9795145988464355,MM
Frankenstein,JackoLantern,1.9795867204666135,MM
Edward,Jake,1.9796833992004397,MM
Bruce,Tyson,1.97980272769928,MM
Nathan,Robert,1.9799000024795532,MM
Chester,River,1.9799827337265017,MM
Jackson,Tyson,1.9801605939865112,MM
Duke,Oscar,1.980435848236084,MM
Liam,Slushy,1.9804826974868777,MM
DollarJr,Sindarin,1.9805063009262085,MM
CaptainBill,Kanno,1.9807034730911257,MM
Eman,Keybo,1.9809030294418335,MM
Jackson,NewscasterJohn,1.981021761894226,MM
Ben,George,1.9810289144515991,MM
Kevin,NewscasterJohn,1.981103777885437,MM
Cole,Philip,1.9811912775039673,MM
Bruce,Jackson,1.9812811613082888,MM
Ben,Keybo,1.9814467430114744,MM
Jackson,Michael,1.9815782308578491,MM
Bruce,Rex,1.981613278388977,MM
CaptainBill,Peter,1.9818977117538452,MM
Buddy,Hugh,1.982050538063049,MM
Jeff,Walter,1.9821901321411133,MM
JackoLantern,Rusty,1.982433795928955,MM
Bruce,UncleHank,1.9825419187545776,MM
NewscasterJohn,Simon,1.9825612306594849,MM
Rex,River,1.9826472997665403,MM
Carl,Hans,1.982883334159851,MM
Ben,River,1.9828952550888064,MM
Jimmy,Nathan,1.982923984527588,MM
Duke,Frankenstein,1.9834890365600584,MM
NewscasterJohn,Santa,1.9835184812545776,MM
Keybo,Ryan,1.983972430229187,MM
Hans,Landon,1.9840260744094849,MM
Duke,Sindarin,1.9841537475585935,MM
Callan,David,1.9843131303787231,MM
Hugh,Owen,1.9845000505447388,MM
Callan,Patrick,1.984566330909729,MM
Patrick,Philip,1.9846645593643188,MM
Chad,KilliantheVampire,1.984930157661438,MM
Caleb,River,1.9850153923034668,MM
Jeff,Peter,1.9852157831192017,MM
Furnando,West,1.985343098640442,MM
Buddy,Chester,1.98570454120636,MM
Hans,PN,1.9858671426773071,MM
Owen,UncleHank,1.9859329462051392,MM
Carlos,Ron,1.9860453605651855,MM
Benny,Icarus,1.9860968589782717,MM
Doug,Royce,1.9862691164016724,MM
Neoguard,River,1.9863334894180296,MM
Jackson,Wade,1.9864401817321775,MM
Jeff,Oscar,1.986483097076416,MM
Neel,Sean,1.9867397546768188,MM
Henry,KilliantheVampire,1.9869284629821775,MM
Frankenstein,Walter,1.987212061882019,MM
Jake,Rex,1.987255573272705,MM
Kevin,Viktor,1.9872798919677737,MM
Peter,Slushy,1.9872899055480957,MM
Jack,UncleHank,1.9876288175582888,MM
Chester,Santa,1.987798810005188,MM
Icarus,Ravi,1.9879237413406372,MM
Hans,Justin,1.9879528284072876,MM
Chase,Royce,1.9879599809646609,MM
David,Jackson,1.9880141019821167,MM
Ben,Henry,1.9881318807601929,MM
River,Robert,1.9882707595825195,MM
Henry,Icarus,1.9886330366134644,MM
Jack,Jackson,1.988719463348389,MM
Patrick,Robert,1.9887691736221311,MM
Kevin,SantaClaus,1.9890284538269043,MM
Ben,Jimmy,1.989092230796814,MM
Doug,Hans,1.989407539367676,MM
Chad,SantaClaus,1.989628314971924,MM
Jimmy,River,1.9896817207336424,MM
Hugh,Jeff,1.9897767305374143,MM
Cole,Ron,1.9898905754089355,MM
Bruce,Kanno,1.9900206327438352,MM
Benny,Jack,1.9907306432724,MM
Dylan,UncleHank,1.991037368774414,MM
Benny,Duke,1.9910472631454468,MM
Carl,Icarus,1.9912248849868777,MM
Buddy,Rudolph,1.9915865659713743,MM
Lloyd,Ryan,1.99166738986969,MM
Cyrus,Simon,1.991687297821045,MM
Justin,Keybo,1.9917038679122925,MM
Elias,Royce,1.9917125701904297,MM
Cyrus,Rusty,1.9917502403259275,MM
David,KilliantheVampire,1.9924798011779783,MM
Rusty,Sindarin,1.9925066232681272,MM
Kevin,KilliantheVampire,1.9927362203598025,MM
Bruce,CaptainBill,1.9933613538742063,MM
Jack,Kanno,1.9933644533157349,MM
Edward,Kevin,1.9936771392822263,MM
Duke,Liam,1.9937019348144531,MM
Jackson,Robert,1.9937821626663208,MM
Benny,UncleHank,1.993895411491394,MM
UncleHank,Wade,1.993945598602295,MM
Chester,Frankenstein,1.9941229820251465,MM
Chad,Duke,1.9941729307174685,MM
Elias,Michael,1.994212985038757,MM
Ben,Icarus,1.9944868087768557,MM
Duke,Eman,1.9948915243148804,MM
Brad,Frankenstein,1.9955129623413088,MM
Eman,Kanno,1.9957219362258911,MM
Dan,Frankenstein,1.995926856994629,MM
Jackson,Sean,1.9960139989852903,MM
Philip,Santa,1.9962486028671265,MM
Benny,Kevin,1.9963339567184448,MM
Liam,Santa,1.996976852416992,MM
Dylan,Owen,1.9970375299453735,MM
Icarus,Matthew,1.997559189796448,MM
Cyrus,Jimmy,1.997580409049988,MM
Furnando,Rudolph,1.9976638555526731,MM
Michael,NewscasterJohn,1.997684955596924,MM
Frankenstein,Logan,1.9978008270263672,MM
Cyrus,River,1.9979301691055296,MM
KilliantheVampire,Tim,1.9982084035873413,MM
Jake,UncleHank,1.9985605478286743,MM
Ron,Wade,1.998698115348816,MM
Elias,Vincent,1.9987527132034304,MM
Royce,Rusty,1.9989018440246584,MM
SantaClaus,Walter,1.9989022016525269,MM
Elias,Landon,1.9989796876907349,MM
Jimmy,Rex,1.999151587486267,MM
Graham,Slushy,1.9993013143539429,MM
Noa,UncleHank,1.99931538105011,MM
Tim,UncleHank,1.999799728393555,MM
Elias,River,1.9998759031295776,MM
Bruce,Rudolph,2.000007390975952,MM
Dan,Edward,2.0000312328338623,MM
Carl,Doug,2.0002334117889404,MM
Callan,Chase,2.000385284423828,MM
Damian,River,2.0007827281951904,MM
Landon,Mark,2.000837564468384,MM
Carlos,Rex,2.0010273456573486,MM
Cyrus,Hugh,2.0010550022125244,MM
Mark,Sindarin,2.00138258934021,MM
Jackson,Ron,2.0014195442199707,MM
Chase,Robert,2.0015430450439453,MM
Brad,Duke,2.002220869064331,MM
Cyrus,Icarus,2.002511978149414,MM
Bruce,Chase,2.0028076171875,MM
Jimmy,Liam,2.002823829650879,MM
Chad,Jeff,2.003225564956665,MM
Frankenstein,Rudolph,2.0035712718963623,MM
Icarus,River,2.0037436485290527,MM
Elias,Philip,2.0038373470306396,MM
JackoLantern,Ron,2.003960609436035,MM
Oscar,UncleHank,2.004436731338501,MM
Duke,Jimmy,2.004676818847656,MM
Buddy,Sean,2.0047764778137207,MM
Buddy,Owen,2.00490403175354,MM
Michael,Neel,2.0050675868988037,MM
Caleb,Owen,2.0050947666168213,MM
Furnando,Viktor,2.0050971508026123,MM
Aaron,Duke,2.005307912826538,MM
Jackson,Philip,2.005379438400269,MM
Graham,Henry,2.0055572986602783,MM
Mark,Robert,2.005568504333496,MM
Cyrus,Owen,2.0057032108306885,MM
Hans,Walter,2.006091356277466,MM
Jimmy,Robert,2.006093263626098,MM
Hans,Neoguard,2.006431579589844,MM
Logan,Mark,2.006568193435669,MM
Hans,Larry,2.006835460662842,MM
Brad,Robert,2.0072078704833984,MM
Edward,Graham,2.0073699951171875,MM
Buddy,Simon,2.0074331760406494,MM
Robert,Tyson,2.007460832595825,MM
Cyrus,Lloyd,2.007682085037231,MM
Kanno,KilliantheVampire,2.007728099822998,MM
George,KilliantheVampire,2.0078699588775635,MM
Buddy,Vincent,2.007894992828369,MM
Cole,Hans,2.008000373840332,MM
Edward,Furnando,2.0080583095550537,MM
Jimmy,Owen,2.0081117153167725,MM
Larry,Mark,2.008342027664185,MM
Doug,Slushy,2.008422613143921,MM
JackoLantern,SantaClaus,2.008599042892456,MM
Callan,Matthew,2.008700132369995,MM
Patrick,Walter,2.008824586868286,MM
Hugh,Logan,2.0088624954223633,MM
Carl,Jeff,2.0088653564453125,MM
Graham,Gus,2.0089001655578613,MM
George,Kanno,2.009030818939209,MM
Carlos,Hugh,2.009132623672486,MM
Landon,Santa,2.009235143661499,MM
Callan,Kanno,2.0093822479248047,MM
Rusty,Viktor,2.0096280574798584,MM
Caleb,Edward,2.0097620487213135,MM
Edward,Kanno,2.0100085735321045,MM
Ravi,Slushy,2.010042428970337,MM
Cole,Furnando,2.0100812911987305,MM
Carl,Rudolph,2.0101723670959473,MM
Duke,Dylan,2.010221481323242,MM
Callan,River,2.010430097579956,MM
DollarJr,Keybo,2.0105130672454834,MM
Brad,Elias,2.0106518268585205,MM
Dean,Keybo,2.0109641551971436,MM
Furnando,Keybo,2.010993719100952,MM
Larry,Viktor,2.011191129684448,MM
KlipKim,Mark,2.0113465785980225,MM
Jimmy,Peter,2.0114095211029053,MM
Jackson,Kanno,2.0116021633148193,MM
Hans,Liam,2.0119175910949707,MM
Frankenstein,Graham,2.012000560760498,MM
Aiden,Edward,2.0120632648468018,MM
Benny,Philip,2.0120694637298584,MM
Carlos,KilliantheVampire,2.012115716934204,MM
Sean,Tyson,2.0121266841888428,MM
Jeff,Santa,2.0123026371002197,MM
Hans,Jack,2.01232647895813,MM
Cyrus,Edward,2.0123558044433594,MM
Jimmy,PN,2.0123772621154785,MM
Neoguard,UncleHank,2.0124549865722656,MM
Jimmy,Rudolph,2.0125317573547363,MM
Chase,Rex,2.0127010345458984,MM
Aiden,Viktor,2.012718439102173,MM
Benny,Jeff,2.012845754623413,MM
Bruce,Owen,2.0131776332855225,MM
Furnando,Icarus,2.0133278369903564,MM
Lloyd,Patrick,2.0134060382843018,MM
River,Rusty,2.0136868953704834,MM
Damian,Mark,2.0138285160064697,MM
Icarus,Ron,2.0138466358184814,MM
Keybo,Neoguard,2.0138754844665527,MM
Chase,SantaClaus,2.01389479637146,MM
Callan,Rusty,2.013899564743042,MM
Jackson,Lloyd,2.014019727706909,MM
KlipKim,Patrick,2.01407241821289,MM
Aiden,CaptainBill,2.0143024921417236,MM
Logan,Ron,2.01438307762146,MM
Hugh,Wade,2.0144076347351074,MM
Graham,Michael,2.0146470069885254,MM
Kanno,Santa,2.014647960662842,MM
Hugh,Vincent,2.0150563716888428,MM
Brad,SantaClaus,2.0151445865631104,MM
Mark,Neoguard,2.0152156352996826,MM
Duke,Mark,2.0152533054351807,MM
Edward,Jeff,2.0153510570526123,MM
David,Patrick,2.015366554260254,MM
Hugh,Rudolph,2.015409469604492,MM
Owen,West,2.015636444091797,MM
Jack,SantaClaus,2.015820264816284,MM
Jeff,Rudolph,2.0160486698150635,MM
Carl,Philip,2.0162556171417236,MM
Duke,Kanno,2.016256332397461,MM
George,Rusty,2.0163071155548096,MM
Liam,Rusty,2.0163729190826416,MM
Chester,Tyson,2.016484260559082,MM
KilliantheVampire,Rusty,2.0166568756103516,MM
Rex,Simon,2.0167951583862305,MM
Jackson,Santa,2.016796827316284,MM
Jeff,NewscasterJohn,2.017155408859253,MM
Rudolph,SantaClaus,2.0172340869903564,MM
Benny,Kanno,2.0172626972198486,MM
Doug,Edward,2.017428159713745,MM
Gus,Kanno,2.017515182495117,MM
Bruce,Ryan,2.018091917037964,MM
Larry,Patrick,2.018176794052124,MM
Liam,Michael,2.0182583332061768,MM
Cyrus,Michael,2.0182783603668213,MM
Callan,Carl,2.018301010131836,MM
Slushy,Tim,2.018711805343628,MM
Benny,Peter,2.0187270641326904,MM
Edward,Rex,2.019047498703003,MM
Kanno,Rudolph,2.0190932750701904,MM
Jake,Jimmy,2.019104480743408,MM
Callan,Slushy,2.0192387104034424,MM
Mark,Neel,2.019282341003418,MM
Carlos,Santa,2.0193731784820557,MM
Elias,Jackson,2.019455671310425,MM
Carl,Cyrus,2.0197079181671143,MM
Keybo,KlipKim,2.0198662281036377,MM
SantaClaus,Sindarin,2.0199787616729736,MM
Ben,Cyrus,2.01999831199646,MM
Dean,Icarus,2.0200355052948,MM
Peter,UncleHank,2.0201079845428467,MM
Brad,Keybo,2.02022385597229,MM
George,Ron,2.020282030105591,MM
Aiden,Icarus,2.0212082862854004,MM
NewscasterJohn,Ravi,2.021254777908325,MM
Eman,UncleHank,2.021576404571533,MM
Aaron,Edward,2.021669626235962,MM
George,Owen,2.021807909011841,MM
Hans,Hugh,2.022084474563598,MM
Aaron,Jeff,2.0223515033721924,MM
Elias,Lloyd,2.0223546028137207,MM
Aaron,Patrick,2.0223805904388428,MM
Lloyd,Rex,2.022617816925049,MM
Santa,West,2.022642135620117,MM
Bruce,Mark,2.0228958129882812,MM
Royce,Sean,2.023393154144287,MM
Caleb,Hans,2.023473024368286,MM
Ron,West,2.0237033367156982,MM
CaptainBill,Santa,2.023787021636963,MM
Hans,Slushy,2.023928642272949,MM
Eman,Hans,2.023993015289306,MM
Benny,Furnando,2.024008274078369,MM
Kevin,Patrick,2.0240819454193115,MM
Owen,Slushy,2.0247132778167725,MM
Frankenstein,Rex,2.0247817039489746,MM
Duke,Nathan,2.0250372886657715,MM
Hugh,Walter,2.025662660598755,MM
Santa,Slushy,2.025756597518921,MM
Benny,Jackson,2.025806665420532,MM
Oscar,Viktor,2.025808095932007,MM
Hans,KilliantheVampire,2.025952100753784,MM
Jackson,Slushy,2.026048421859741,MM
Doug,Mark,2.0260660648345947,MM
Cole,Patrick,2.0264618396759033,MM
Neel,Slushy,2.026594877243042,MM
Cole,Robert,2.026731014251709,MM
JackoLantern,NewscasterJohn,2.026855707168579,MM
David,Mark,2.0269906520843506,MM
Landon,River,2.0270655155181885,MM
Dan,Duke,2.027081251144409,MM
Gus,Hugh,2.0271997451782227,MM
Jimmy,Ravi,2.027271270751953,MM
Duke,JackoLantern,2.027287721633911,MM
Chase,Philip,2.0274088382720947,MM
Hans,Kevin,2.027491331100464,MM
Eman,Rusty,2.0275919437408447,MM
NewscasterJohn,SantaClaus,2.0277743339538574,MM
NewscasterJohn,Slushy,2.0278446674346924,MM
Bruce,Cyrus,2.027942180633545,MM
Larry,Rusty,2.0284178256988525,MM
Chester,Rusty,2.028651475906372,MM
Aaron,Santa,2.0288054943084717,MM
Buddy,Duke,2.028817892074585,MM
Jeff,Ron,2.028876781463623,MM
Frankenstein,Santa,2.028986930847168,MM
Keybo,Santa,2.0294606685638428,MM
Benny,Royce,2.0294740200042725,MM
Keybo,Neel,2.0296926498413086,MM
Mark,Santa,2.0298655033111572,MM
Bruce,Hans,2.0300896167755127,MM
Buddy,Michael,2.0301401615142822,MM
DollarJr,Duke,2.0301709175109863,MM
Edward,River,2.030683755874634,MM
Chester,Lloyd,2.03073787689209,MM
Icarus,Logan,2.0308167934417725,MM
Michael,Philip,2.030827283859253,MM
Dylan,Robert,2.0309107303619385,MM
Ben,Mark,2.0312275886535645,MM
Frankenstein,Jackson,2.0314643383026123,MM
Carl,Furnando,2.031548261642456,MM
Edward,Frankenstein,2.0317771434783936,MM
Oscar,Robert,2.0317983627319336,MM
Carlos,Rusty,2.0318989753723145,MM
Jeff,Vincent,2.032010078430176,MM
Damian,Rusty,2.0320470333099365,MM
David,Elias,2.032053232192993,MM
Cyrus,Patrick,2.032180070877075,MM
Jackson,Rex,2.032249212265014,MM
Nathan,UncleHank,2.0322933197021484,MM
Icarus,Walter,2.0323610305786133,MM
Keybo,Wade,2.0323610305786133,MM
Frankenstein,Joshua,2.0324411392211914,MM
Frankenstein,Tyson,2.03244948387146,MM
David,Owen,2.0324931144714355,MM
River,Rudolph,2.0325686931610107,MM
Hugh,Patrick,2.033156394958496,MM
Duke,River,2.0336015224456787,MM
Ravi,Rusty,2.0336928367614746,MM
KlipKim,Rusty,2.0336954593658447,MM
Chester,Hugh,2.033759117126465,MM
Doug,Vincent,2.033849000930786,MM
Icarus,Larry,2.0339181423187256,MM
Eman,Patrick,2.0339534282684326,MM
Hans,Peter,2.034301280975342,MM
Royce,Viktor,2.0344741344451904,MM
Callan,Jimmy,2.034550189971924,MM
Robert,Vincent,2.0345585346221924,MM
Kanno,Tyson,2.034662961959839,MM
Kanno,Larry,2.034678220748902,MM
Chad,Hans,2.0348284244537354,MM
Icarus,Sean,2.035064935684204,MM
Edward,West,2.0352344512939453,MM
Hugh,Sean,2.0357701778411865,MM
DollarJr,Lloyd,2.036158800125122,MM
Duke,Sean,2.0361618995666504,MM
Benny,Hans,2.036398410797119,MM
Jimmy,Lloyd,2.036494016647339,MM
Keybo,Rex,2.036555290222168,MM
Frankenstein,Kevin,2.036705255508423,MM
Aiden,Robert,2.0369248390197754,MM
Hans,Rudolph,2.0369372367858887,MM
Justin,Slushy,2.037017583847046,MM
Ben,Royce,2.0370357036590576,MM
David,UncleHank,2.0372204780578613,MM
Dylan,Viktor,2.037264585494995,MM
Justin,Viktor,2.037290334701538,MM
Graham,Sean,2.037385940551758,MM
Henry,Owen,2.0374631881713867,MM
Buddy,Patrick,2.037484884262085,MM
Justin,Mark,2.0375163555145264,MM
Dean,Owen,2.037738084793091,MM
Oscar,SantaClaus,2.038116216659546,MM
Jimmy,Royce,2.0383055210113525,MM
Kanno,Owen,2.0385384559631348,MM
Doug,Rudolph,2.0387327671051025,MM
Carl,West,2.0391294956207275,MM
Ben,Larry,2.039152145385742,MM
Jimmy,Neel,2.039695978164673,MM
UncleHank,Walter,2.039835214614868,MM
Chester,Duke,2.039855718612671,MM
Carl,Royce,2.040055990219116,MM
DollarJr,KilliantheVampire,2.0405075550079346,MM
Damian,Hans,2.0406293869018555,MM
Frankenstein,Icarus,2.0407721996307373,MM
Keybo,Landon,2.040916681289673,MM
Benny,Lloyd,2.0410876274108887,MM
Hans,River,2.0411813259124756,MM
Icarus,Ryan,2.041374921798706,MM
Hans,Jake,2.0413806438446045,MM
Carl,Patrick,2.042379140853882,MM
Philip,Ryan,2.0424859523773193,MM
Chad,Icarus,2.042701959609986,MM
Neel,Viktor,2.0428173542022705,MM
Doug,SantaClaus,2.042846441268921,MM
Hans,NewscasterJohn,2.0428919792175293,MM
Keybo,Oscar,2.0430092811584473,MM
Chase,NewscasterJohn,2.043029546737671,MM
Patrick,UncleHank,2.0436642169952393,MM
Edward,Royce,2.0442450046539307,MM
Furnando,Slushy,2.0442631244659424,MM
Mark,UncleHank,2.044443130493164,MM
Frankenstein,Rusty,2.0448076725006104,MM
Graham,Santa,2.044938087463379,MM
Rex,UncleHank,2.0449411869049072,MM
Dan,KilliantheVampire,2.0452182292938232,MM
Icarus,NewscasterJohn,2.0454208850860596,MM
CaptainBill,Hans,2.046039581298828,MM
Dan,Viktor,2.0461316108703613,MM
Benny,Carl,2.0461976528167725,MM
Kanno,Mark,2.046463966369629,MM
Hans,Kanno,2.0466201305389404,MM
KilliantheVampire,West,2.0466458797454834,MM
Mark,Michael,2.0468413829803467,MM
Buddy,Jimmy,2.047029733657837,MM
Chester,UncleHank,2.0472395420074463,MM
CaptainBill,KilliantheVampire,2.0473783016204834,MM
Frankenstein,Owen,2.047961473464966,MM
Aiden,UncleHank,2.0483181476593018,MM
Buddy,UncleHank,2.0483243465423584,MM
Larry,UncleHank,2.048434019088745,MM
Callan,Michael,2.0485880374908447,MM
Hans,Royce,2.0490562915802,MM
Elias,Walter,2.049593210220337,MM
Buddy,Santa,2.049661159515381,MM
Ravi,Viktor,2.0498108863830566,MM
Chase,Lloyd,2.0499374866485596,MM
Frankenstein,Vincent,2.050213575363159,MM
Jackson,Keybo,2.050532579421997,MM
Duke,Rudolph,2.0506374835968018,MM
Chase,Tyson,2.050833225250244,MM
Buddy,Hans,2.0508809089660645,MM
Bruce,Vincent,2.050910711288452,MM
Ron,UncleHank,2.0509510040283203,MM
Callan,KilliantheVampire,2.0509884357452393,MM
UncleHank,Vincent,2.0511133670806885,MM
Chase,Slushy,2.0513789653778076,MM
Hans,Mark,2.0513949394226074,MM
Carlos,Lloyd,2.051543712615967,MM
Ron,Rudolph,2.051571846008301,MM
Matthew,Ron,2.05161190032959,MM
NewscasterJohn,Peter,2.0517759323120117,MM
Carl,Robert,2.051902532577514,MM
Chad,Keybo,2.052117109298706,MM
Carl,Rex,2.052356243133545,MM
David,Ron,2.0524191856384277,MM
Keybo,Logan,2.0524795055389404,MM
Eman,Viktor,2.0526139736175537,MM
Viktor,Xavier,2.0526885986328125,MM
Keybo,Michael,2.052698850631714,MM
Bruce,Slushy,2.052978038787842,MM
NewscasterJohn,River,2.053273916244507,MM
Carl,KilliantheVampire,2.0532798767089844,MM
Elias,Santa,2.053336381912231,MM
Dean,KilliantheVampire,2.053370237350464,MM
Elias,Icarus,2.053466796875,MM
Dylan,Keybo,2.053511381149292,MM
Rusty,Tim,2.053703546524048,MM
Keybo,Vincent,2.053927421569824,MM
Patrick,Viktor,2.0540754795074463,MM
Gus,Hans,2.0544140338897705,MM
David,Rudolph,2.0544204711914062,MM
Frankenstein,River,2.055105686187744,MM
Icarus,Wade,2.055225610733032,MM
Mark,Ravi,2.055699348449707,MM
Lloyd,Slushy,2.0559775829315186,MM
Keybo,Walter,2.0562384128570557,MM
Jack,Slushy,2.056248903274536,MM
Ron,Tyson,2.0562584400177,MM
Kanno,Sean,2.0565335750579834,MM
Icarus,Michael,2.0567104816436768,MM
Neel,Patrick,2.057579517364502,MM
Cyrus,Slushy,2.0576212406158447,MM
Jimmy,Rusty,2.0576815605163574,MM
Icarus,Slushy,2.0578486919403076,MM
Brad,Icarus,2.0579874515533447,MM
Duke,Justin,2.0579962730407715,MM
Jack,Owen,2.058032274246216,MM
Furnando,UncleHank,2.0582025051116943,MM
Chase,Owen,2.0582711696624756,MM
CaptainBill,Lloyd,2.0584285259246826,MM
Jimmy,Ron,2.0585458278656006,MM
Frankenstein,Viktor,2.058739423751831,MM
Dean,Viktor,2.0590102672576904,MM
Aiden,Rusty,2.0590360164642334,MM
Gus,Mark,2.059331178665161,MM
Furnando,Rusty,2.0593628883361816,MM
Henry,Viktor,2.059453010559082,MM
Chase,Rudolph,2.059460163116455,MM
KlipKim,SantaClaus,2.059696912765503,MM
Robert,Slushy,2.05973744392395,MM
Duke,Patrick,2.0599684715270996,MM
Chase,Kanno,2.060131311416626,MM
Slushy,Tyson,2.0602922439575195,MM
Mark,Wade,2.0603721141815186,MM
Joshua,Ron,2.0606212615966797,MM
Elias,Frankenstein,2.0611088275909424,MM
Patrick,Peter,2.061293840408325,MM
KilliantheVampire,Wade,2.0615580081939697,MM
Bruce,Edward,2.062370538711548,MM
Carl,NewscasterJohn,2.0625061988830566,MM
Hugh,Jackson,2.0625269412994385,MM
Dylan,Mark,2.0625531673431396,MM
Lloyd,Tyson,2.062974691390991,MM
Cyrus,Hans,2.06311297416687,MM
Hans,Lloyd,2.063770532608032,MM
Cyrus,SantaClaus,2.063885450363159,MM
Frankenstein,Mark,2.0639657974243164,MM
Royce,Santa,2.064208745956421,MM
Robert,Rudolph,2.064387083053589,MM
George,Mark,2.064434289932251,MM
David,Edward,2.0644569396972656,MM
Jake,River,2.0644750595092773,MM
Jackson,Rusty,2.0648298263549805,MM
Hans,Wade,2.065171480178833,MM
Elias,Rex,2.0652756690979004,MM
Duke,Jeff,2.065892457962036,MM
Eman,Mark,2.066032886505127,MM
Edward,Neel,2.0660815238952637,MM
Hans,Henry,2.066126585006714,MM
Tyson,Wade,2.066126585006714,MM
Icarus,Owen,2.0664167404174805,MM
Brad,KilliantheVampire,2.0666096210479736,MM
Chase,UncleHank,2.066667318344116,MM
Noa,Patrick,2.066737174987793,MM
Henry,Keybo,2.0668323040008545,MM
Jackson,UncleHank,2.0669384002685547,MM
Rusty,Ryan,2.067096471786499,MM
Hugh,Rusty,2.067617654800415,MM
Cole,KilliantheVampire,2.067920446395874,MM
Owen,Robert,2.0682504177093506,MM
Viktor,Wade,2.0682945251464844,MM
Kanno,Peter,2.0688791275024414,MM
Cyrus,Viktor,2.06894850730896,MM
Carl,Duke,2.069026231765747,MM
Cole,UncleHank,2.069669008255005,MM
NewscasterJohn,Vincent,2.069821834564209,MM
Michael,Sean,2.0700957775115967,MM
David,Vincent,2.0703179836273193,MM
Edward,Sean,2.0706098079681396,MM
Rusty,Xavier,2.0706541538238525,MM
Ben,Bruce,2.0707478523254395,MM
Frankenstein,Lloyd,2.071061134338379,MM
Michael,SantaClaus,2.071324586868286,MM
Ron,Vincent,2.0713677406311035,MM
Duke,Tim,2.0720787048339844,MM
Hans,Philip,2.072117805480957,MM
Cole,Lloyd,2.0723133087158203,MM
Hugh,River,2.0723254680633545,MM
Hans,Jimmy,2.0725395679473877,MM
Frankenstein,Ravi,2.0730769634246826,MM
Philip,Viktor,2.07310152053833,MM
Jeff,Tyson,2.073335647583008,MM
Ben,Michael,2.0736639499664307,MM
Graham,Keybo,2.0737452507019043,MM
Frankenstein,Jeff,2.0740420818328857,MM
Carl,SantaClaus,2.074070692062378,MM
JackoLantern,KilliantheVampire,2.0740835666656494,MM
Gus,Icarus,2.0744030475616455,MM
Benny,Mark,2.0744917392730713,MM
Kanno,Slushy,2.0749170780181885,MM
Ben,Jeff,2.074918508529663,MM
Hugh,Santa,2.075773239135742,MM
Kanno,Vincent,2.075981378555298,MM
CaptainBill,Rusty,2.075981855392456,MM
Gus,KilliantheVampire,2.0763580799102783,MM
Duke,Jake,2.076763868331909,MM
Noa,Rusty,2.0772204399108887,MM
Duke,Graham,2.07806658744812,MM
Jeff,Viktor,2.0782229900360107,MM
Benny,Rusty,2.078367233276367,MM
Dan,Keybo,2.078594207763672,MM
Keybo,Xavier,2.078659772872925,MM
Duke,Slushy,2.0786850452423096,MM
Ben,Hugh,2.0787575244903564,MM
River,UncleHank,2.078849077224731,MM
Chase,Hans,2.079223394393921,MM
Frankenstein,Michael,2.0794639587402344,MM
KilliantheVampire,Larry,2.0795705318450928,MM
CaptainBill,Tyson,2.079848051071167,MM
Carl,Neel,2.0802907943725586,MM
Callan,Viktor,2.080575942993164,MM
Chase,Ron,2.080717086791992,MM
Aaron,KilliantheVampire,2.080723524093628,MM
Edward,Jack,2.0807454586029053,MM
SantaClaus,Xavier,2.080754518508911,MM
Ravi,SantaClaus,2.0809905529022217,MM
Chester,Icarus,2.0819132328033447,MM
Royce,Slushy,2.0819249153137207,MM
Elias,Hugh,2.0829837322235107,MM
Logan,Rusty,2.0830461978912354,MM
Brad,Jeff,2.0831222534179688,MM
Michael,Tyson,2.083193063735962,MM
Owen,River,2.0833466053009033,MM
Keybo,Owen,2.083447217941284,MM
Frankenstein,UncleHank,2.0834500789642334,MM
Jake,SantaClaus,2.083684206008911,MM
Duke,Logan,2.0837061405181885,MM
Icarus,Rex,2.084256649017334,MM
Icarus,Mark,2.0843451023101807,MM
Ryan,UncleHank,2.084437370300293,MM
Chester,Patrick,2.084479331970215,MM
Hugh,Jimmy,2.0846707820892334,MM
KilliantheVampire,Patrick,2.0846829414367676,MM
Carl,Frankenstein,2.0847816467285156,MM
Frankenstein,Patrick,2.084944248199463,MM
Buddy,Carl,2.085034132003784,MM
Santa,Sean,2.085301160812378,MM
Chester,SantaClaus,2.0854432582855225,MM
Owen,Royce,2.085481882095337,MM
Slushy,West,2.0855281352996826,MM
Hugh,Matthew,2.085610866546631,MM
Eman,KilliantheVampire,2.0860984325408936,MM
Doug,Santa,2.0861945152282715,MM
Gus,Keybo,2.0862791538238525,MM
Caleb,Keybo,2.08640456199646,MM
Aaron,Rusty,2.0864195823669434,MM
Neel,Santa,2.086557149887085,MM
Keybo,River,2.086743116378784,MM
Mark,Simon,2.086764097213745,MM
Edward,Philip,2.086965322494507,MM
Henry,Tyson,2.0870625972747803,MM
Keybo,Rudolph,2.087424993515014,MM
Buddy,Slushy,2.0874361991882324,MM
Owen,Ravi,2.089341402053833,MM
Ben,Hans,2.0894181728363037,MM
Benny,Tyson,2.089728593826294,MM
Buddy,Viktor,2.089975118637085,MM
Neoguard,Patrick,2.090036392211914,MM
Peter,SantaClaus,2.0900371074676514,MM
Edward,Icarus,2.090195417404175,MM
Aiden,KilliantheVampire,2.0903480052948,MM
Patrick,Wade,2.090623140335083,MM
Edward,Robert,2.0909221172332764,MM
Elias,Tyson,2.0910677909851074,MM
Patrick,Royce,2.0917115211486816,MM
David,Rusty,2.0917985439300537,MM
Duke,Edward,2.0918045043945312,MM
Henry,Rusty,2.0918469429016113,MM
Hans,Tyson,2.0920374393463135,MM
Patrick,West,2.092299699783325,MM
George,Patrick,2.0936856269836426,MM
Mark,Xavier,2.094017267227173,MM
Michael,Robert,2.094187021255493,MM
Justin,SantaClaus,2.0943660736083984,MM
Keybo,Larry,2.0944836139678955,MM
Edward,Hans,2.0946037769317627,MM
Duke,Ravi,2.094630479812622,MM
River,Ron,2.094820499420166,MM
Hugh,Slushy,2.095198631286621,MM
Ben,Frankenstein,2.095210313796997,MM
Duke,Kevin,2.095475435256958,MM
Cole,Viktor,2.095515012741089,MM
Cyrus,Santa,2.0955824851989746,MM
Aaron,Mark,2.0955870151519775,MM
Joshua,SantaClaus,2.0956010818481445,MM
JackoLantern,Patrick,2.0965685844421387,MM
Icarus,Peter,2.096598863601685,MM
Joshua,Mark,2.096671342849731,MM
Nathan,Rusty,2.096967935562134,MM
Aaron,Viktor,2.0970265865325928,MM
DollarJr,Patrick,2.097132682800293,MM
Callan,Mark,2.0975022315979004,MM
Carl,Tyson,2.0975451469421387,MM
Benny,SantaClaus,2.0980117321014404,MM
Liam,Mark,2.0988967418670654,MM
Aaron,SantaClaus,2.0993125438690186,MM
Ben,Patrick,2.099717140197754,MM
Joshua,KilliantheVampire,2.0997233390808105,MM
Kanno,Viktor,2.099891424179077,MM
KilliantheVampire,Ryan,2.100008010864258,MM
Larry,Owen,2.100268602371216,MM
KilliantheVampire,Logan,2.100301504135132,MM
Cyrus,Duke,2.1003153324127197,MM
Hugh,Royce,2.1004478931427,MM
Duke,Elias,2.1006436347961426,MM
KilliantheVampire,Royce,2.1006734371185303,MM
Mark,Tim,2.1007769107818604,MM
Hugh,Michael,2.1008551120758057,MM
Cyrus,Mark,2.101047992706299,MM
Duke,Royce,2.1011719703674316,MM
Benny,Ron,2.1011874675750732,MM
Callan,Edward,2.101536512374878,MM
Buddy,Edward,2.101661920547486,MM
Sean,Viktor,2.1019058227539062,MM
Chad,Rusty,2.1019768714904785,MM
DollarJr,Mark,2.1025071144104004,MM
Lloyd,Royce,2.102877378463745,MM
Lloyd,Mark,2.103477954864502,MM
Benny,Elias,2.103539228439331,MM
Mark,Ryan,2.1041979789733887,MM
Gus,UncleHank,2.104714870452881,MM
Carlos,SantaClaus,2.104830503463745,MM
NewscasterJohn,Sean,2.1050236225128174,MM
Ben,Robert,2.105074644088745,MM
Hans,Santa,2.1051442623138428,MM
Graham,Jimmy,2.105263948440552,MM
Logan,SantaClaus,2.1053214073181152,MM
Graham,Viktor,2.1054534912109375,MM
CaptainBill,Patrick,2.105942487716675,MM
Hans,Rex,2.105949640274048,MM
Lloyd,Rudolph,2.105998992919922,MM
Lloyd,SantaClaus,2.1061575412750244,MM
Hans,Jeff,2.1063060760498047,MM
Doug,Michael,2.1067936420440674,MM
Slushy,UncleHank,2.106969118118286,MM
Dan,Rusty,2.107063055038452,MM
Jackson,KilliantheVampire,2.107234477996826,MM
Carl,Graham,2.1072709560394287,MM
Frankenstein,Hugh,2.1073098182678223,MM
David,Frankenstein,2.107409954071045,MM
Icarus,Jimmy,2.10774564743042,MM
Royce,SantaClaus,2.1077663898468018,MM
NewscasterJohn,Patrick,2.107851982116699,MM
Liam,SantaClaus,2.107884645462036,MM
Philip,Rusty,2.1081011295318604,MM
Callan,Hans,2.108210563659668,MM
Mark,Royce,2.108323335647583,MM
Hans,UncleHank,2.1085519790649414,MM
KilliantheVampire,Rudolph,2.1086418628692627,MM
Keybo,Liam,2.108705520629883,MM
KilliantheVampire,Santa,2.1089272499084473,MM
Neoguard,Rusty,2.1089999675750732,MM
Graham,Patrick,2.109248399734497,MM
Jimmy,Oscar,2.109377861022949,MM
Ben,Wade,2.1097428798675537,MM
Philip,Slushy,2.1098341941833496,MM
Ben,Duke,2.1101205348968506,MM
Rex,SantaClaus,2.1105878353118896,MM
Ben,Carl,2.110795497894287,MM
Jake,Mark,2.110804796218872,MM
PN,Rusty,2.1110970973968506,MM
DollarJr,Rusty,2.111424446105957,MM
Keybo,Simon,2.111539363861084,MM
Duke,KilliantheVampire,2.1120033264160156,MM
Hans,Sean,2.112088441848755,MM
Carlos,Patrick,2.1122357845306396,MM
Benny,KilliantheVampire,2.112394094467163,MM
Elias,Rudolph,2.112529993057251,MM
River,Slushy,2.1134073734283447,MM
DollarJr,SantaClaus,2.113714694976806,MM
Carl,UncleHank,2.1137349605560303,MM
Santa,Tyson,2.1139791011810303,MM
Cole,Mark,2.114018201828003,MM
Elias,Owen,2.1140921115875244,MM
Logan,UncleHank,2.1141202449798584,MM
Joshua,Keybo,2.1144306659698486,MM
Icarus,Patrick,2.114440441131592,MM
Benny,Santa,2.114494800567627,MM
Duke,Hugh,2.1145479679107666,MM
Carlos,Mark,2.114630699157715,MM
SantaClaus,Sean,2.1152145862579346,MM
Matthew,UncleHank,2.115299940109253,MM
Jeff,Rex,2.1157381534576416,MM
PN,Patrick,2.116295576095581,MM
Ron,Slushy,2.1163930892944336,MM
Bruce,Royce,2.116586923599243,MM
Carl,Mark,2.1167733669281006,MM
Rusty,West,2.117202043533325,MM
Chase,Hugh,2.1173722743988037,MM
Edward,Tyson,2.117380142211914,MM
CaptainBill,Ron,2.1180899143218994,MM
Ron,Sindarin,2.118246555328369,MM
Oscar,Rusty,2.119971513748169,MM
Ron,Rusty,2.120044469833374,MM
Neoguard,Viktor,2.120323419570923,MM
Mark,West,2.120633840560913,MM
KilliantheVampire,Sindarin,2.120654344558716,MM
Sindarin,UncleHank,2.1213138103485107,MM
Nathan,Viktor,2.121824026107788,MM
Buddy,Rusty,2.122609853744507,MM
Duke,West,2.123246431350708,MM
Sean,UncleHank,2.123854875564575,MM
Edward,UncleHank,2.124440908432007,MM
CaptainBill,Hugh,2.124516248703003,MM
Keybo,Tim,2.125643014907837,MM
Ron,Simon,2.126115322113037,MM
Jackson,Mark,2.1261656284332275,MM
Hans,Michael,2.1261680126190186,MM
Hans,Robert,2.126343011856079,MM
Owen,Wade,2.126426696777344,MM
Patrick,Rudolph,2.126709222793579,MM
Robert,Santa,2.1268584728240967,MM
Duke,Hans,2.1271066665649414,MM
Gus,Viktor,2.1272013187408447,MM
Henry,Mark,2.1272175312042236,MM
Carlos,Duke,2.1289987564086914,MM
River,Sean,2.129732847213745,MM
Mark,River,2.1300570964813232,MM
Duke,Neel,2.1301004886627197,MM
Jeff,Owen,2.13043475151062,MM
Ben,KilliantheVampire,2.130617141723633,MM
Aiden,Mark,2.131167411804199,MM
Mark,Rudolph,2.13124680519104,MM
Jimmy,Keybo,2.1313297748565674,MM
Ben,Elias,2.1313469409942627,MM
SantaClaus,Slushy,2.131378173828125,MM
SantaClaus,West,2.1318957805633545,MM
Elias,Rusty,2.132178783416748,MM
Icarus,Rudolph,2.1322109699249268,MM
Elias,SantaClaus,2.1326866149902344,MM
Patrick,Tim,2.1328134536743164,MM
Keybo,UncleHank,2.1337101459503174,MM
Caleb,Mark,2.1338608264923096,MM
KilliantheVampire,Rex,2.134289503097534,MM
Kevin,Keybo,2.1344153881073,MM
Carl,Keybo,2.1347246170043945,MM
Edward,Ravi,2.1352593898773193,MM
Frankenstein,Simon,2.135446786880493,MM
Jack,Keybo,2.135537385940552,MM
Lloyd,Owen,2.1357924938201904,MM
Rusty,Slushy,2.1360769271850586,MM
Kanno,River,2.136730909347534,MM
Chase,Keybo,2.138080358505249,MM
Chase,Rusty,2.1384713649749756,MM
Duke,Jackson,2.138582229614258,MM
Noa,Viktor,2.138720989227295,MM
Cole,Rusty,2.138795852661133,MM
Damian,Keybo,2.1388020515441895,MM
Jeff,SantaClaus,2.1395938396453857,MM
Carl,Rusty,2.1396000385284424,MM
Matthew,Patrick,2.1400434970855713,MM
Carl,Hugh,2.140299081802368,MM
Patrick,Tyson,2.140420198440552,MM
CaptainBill,NewscasterJohn,2.140531539916992,MM
Chase,Icarus,2.14063024520874,MM
Keybo,Ravi,2.1406877040863037,MM
KilliantheVampire,Peter,2.140986442565918,MM
Hans,SantaClaus,2.141481637954712,MM
Mark,SantaClaus,2.142030715942383,MM
KilliantheVampire,Simon,2.1420559883117676,MM
Jimmy,Viktor,2.1422536373138428,MM
Tim,Viktor,2.142355442047119,MM
UncleHank,Viktor,2.1426801681518555,MM
Duke,Vincent,2.1426892280578613,MM
Benny,Keybo,2.1428067684173584,MM
Edward,Mark,2.142901659011841,MM
Ben,Lloyd,2.143112897872925,MM
Jimmy,NewscasterJohn,2.1433074474334717,MM
Hans,West,2.1438491344451904,MM
CaptainBill,Mark,2.144230604171753,MM
Chase,Patrick,2.1452114582061768,MM
Elias,Patrick,2.1453897953033447,MM
Kanno,Rusty,2.1456496715545654,MM
Hugh,Sindarin,2.14691424369812,MM
Hans,Ron,2.1476030349731445,MM
David,Keybo,2.147688150405884,MM
Mark,Rex,2.148003339767456,MM
CaptainBill,SantaClaus,2.148050546646118,MM
Icarus,Santa,2.1482083797454834,MM
Elias,KilliantheVampire,2.148505687713623,MM
Chester,KilliantheVampire,2.1489126682281494,MM
KilliantheVampire,Michael,2.1489522457122803,MM
Hans,Owen,2.1496469974517822,MM
SantaClaus,Tyson,2.150134325027466,MM
Hugh,Mark,2.150217056274414,MM
Callan,Duke,2.1503102779388428,MM
SantaClaus,Tim,2.150426149368286,MM
Logan,Patrick,2.1508491039276123,MM
River,SantaClaus,2.1512134075164795,MM
Aaron,Keybo,2.1515603065490723,MM
Michael,Owen,2.1520049571990967,MM
Kanno,SantaClaus,2.1520392894744873,MM
Lloyd,Vincent,2.152041435241699,MM
Graham,Mark,2.15252685546875,MM
Keybo,Peter,2.15279483795166,MM
Hans,Icarus,2.153167963027954,MM
Duke,Ron,2.153695821762085,MM
Edward,SantaClaus,2.1538546085357666,MM
Benny,Vincent,2.154240846633911,MM
Jake,Keybo,2.154597759246826,MM
Michael,Ron,2.154641628265381,MM
Ben,Santa,2.1550800800323486,MM
Philip,SantaClaus,2.1561310291290283,MM
Owen,Ron,2.156203031539917,MM
Brad,Rusty,2.1565325260162354,MM
Damian,Viktor,2.1569631099700928,MM
Duke,Icarus,2.1570842266082764,MM
Brad,Viktor,2.157613515853882,MM
Jack,Mark,2.1577324867248535,MM
KilliantheVampire,SantaClaus,2.1587650775909424,MM
Elias,NewscasterJohn,2.159611225128174,MM
Duke,UncleHank,2.159714698791504,MM
Elias,UncleHank,2.160187005996704,MM
Logan,Viktor,2.1606905460357666,MM
Chester,Mark,2.16365909576416,MM
Patrick,Sindarin,2.163743734359741,MM
Elias,Slushy,2.1646769046783447,MM
George,Viktor,2.1657958030700684,MM
KlipKim,Viktor,2.166018486022949,MM
KilliantheVampire,Owen,2.1660590171813965,MM
Callan,Santa,2.1668663024902344,MM
David,SantaClaus,2.1669135093688965,MM
Mark,Owen,2.168250322341919,MM
KilliantheVampire,Sean,2.168440580368042,MM
Icarus,Keybo,2.169074773788452,MM
Joshua,Viktor,2.169650077819824,MM
Jimmy,Philip,2.16992712020874,MM
Cole,Keybo,2.170220375061035,MM
KilliantheVampire,River,2.1721930503845215,MM
Icarus,Viktor,2.1727263927459717,MM
Kevin,Mark,2.173395872116089,MM
Matthew,Rusty,2.1745102405548096,MM
Icarus,Vincent,2.1747546195983887,MM
Keybo,Nathan,2.175229787826538,MM
Chase,KilliantheVampire,2.1767356395721436,MM
SantaClaus,Simon,2.177256345748902,MM
SantaClaus,Vincent,2.180363416671753,MM
NewscasterJohn,Rusty,2.181437730789185,MM
Jimmy,SantaClaus,2.181683301925659,MM
Kanno,Keybo,2.18180775642395,MM
David,Viktor,2.1828441619873047,MM
Patrick,SantaClaus,2.182875394821167,MM
Frankenstein,Slushy,2.183602094650269,MM
Edward,KilliantheVampire,2.1841180324554443,MM
Hans,Vincent,2.185466766357422,MM
Icarus,Royce,2.1862428188323975,MM
Buddy,Icarus,2.1862432956695557,MM
Caleb,Viktor,2.1864702701568604,MM
Hugh,SantaClaus,2.1872718334198,MM
Duke,Tyson,2.187628984451294,MM
Patrick,Simon,2.187666416168213,MM
Michael,Rusty,2.188060522079468,MM
Jimmy,UncleHank,2.188239812850952,MM
Ron,Santa,2.1885011196136475,MM
Keybo,Philip,2.188549280166626,MM
Carl,Viktor,2.189216136932373,MM
Callan,SantaClaus,2.189485788345337,MM
Jimmy,Tyson,2.1910769939422607,MM
Rusty,Vincent,2.1913819313049316,MM
Edward,Rusty,2.1914241313934326,MM
Mark,Patrick,2.1934714317321777,MM
Frankenstein,Hans,2.193962335586548,MM
Chester,Viktor,2.1953697204589844,MM
Michael,Patrick,2.1961615085601807,MM
Edward,Lloyd,2.196471929550171,MM
Mark,Slushy,2.1970818042755127,MM
Chase,Mark,2.197371482849121,MM
Dan,Mark,2.198350667953491,MM
Bruce,Keybo,2.198618650436402,MM
Jackson,SantaClaus,2.1989853382110596,MM
Jeff,Keybo,2.2006165981292725,MM
Joshua,Rusty,2.2006661891937256,MM
Slushy,Viktor,2.2007548809051514,MM
Hans,Sindarin,2.2013204097747803,MM
Ron,SantaClaus,2.2022078037261963,MM
Jeff,Patrick,2.202775001525879,MM
Caleb,Rusty,2.20278000831604,MM
Jackson,Patrick,2.2057011127471924,MM
Edward,Ron,2.2059357166290283,MM
Jake,Rusty,2.2059524059295654,MM
Edward,Hugh,2.2064969539642334,MM
Callan,Keybo,2.206596612930298,MM
Carlos,Viktor,2.2074124813079834,MM
Chase,Viktor,2.207465410232544,MM
Keybo,Royce,2.209784984588623,MM
JackoLantern,Viktor,2.211480617523194,MM
Jake,Viktor,2.2114927768707275,MM
Rusty,Santa,2.212345838546753,MM
Patrick,Sean,2.2129006385803223,MM
Matthew,Viktor,2.2132065296173096,MM
KilliantheVampire,Slushy,2.21341872215271,MM
JackoLantern,Mark,2.213927984237671,MM
Benny,Viktor,2.2162981033325195,MM
Robert,SantaClaus,2.216658115386963,MM
Owen,Santa,2.218017578125,MM
Hans,Patrick,2.219585657119751,MM
Buddy,Keybo,2.2197165489196777,MM
Ben,Ron,2.219874858856201,MM
Rex,Viktor,2.2199761867523193,MM
KilliantheVampire,Vincent,2.220329999923706,MM
Frankenstein,Keybo,2.222330093383789,MM
Cyrus,Keybo,2.222672700881958,MM
Elias,Keybo,2.2244081497192383,MM
Aiden,Keybo,2.224916696548462,MM
PN,Viktor,2.224952936172486,MM
Patrick,River,2.225764751434326,MM
Keybo,Robert,2.2257986068725586,MM
Patrick,Santa,2.2265713214874268,MM
Neel,SantaClaus,2.227337121963501,MM
George,Keybo,2.228846788406372,MM
DollarJr,Viktor,2.231119155883789,MM
Viktor,Walter,2.2318215370178223,MM
CaptainBill,Viktor,2.232562780380249,MM
Mark,Peter,2.2329084873199463,MM
Rusty,Walter,2.234236717224121,MM
Jeff,Mark,2.234240770339966,MM
Patrick,Vincent,2.237795352935791,MM
Keybo,SantaClaus,2.2381584644317627,MM
Keybo,Lloyd,2.2382237911224365,MM
Carl,Owen,2.239219903945923,MM
Keybo,Tyson,2.240020513534546,MM
Duke,Owen,2.240220785140991,MM
Jimmy,Patrick,2.2416059970855713,MM
Benny,Patrick,2.2431533336639404,MM
Owen,Patrick,2.243328809738159,MM
Peter,Viktor,2.244835138320923,MM
Gus,Rusty,2.2454018592834473,MM
NewscasterJohn,Viktor,2.245744466781616,MM
Michael,UncleHank,2.2490108013153076,MM
Santa,UncleHank,2.249042272567749,MM
Mark,Ron,2.2494075298309326,MM
Rudolph,Viktor,2.2502973079681396,MM
Keybo,West,2.253217935562134,MM
Elias,Viktor,2.253519296646118,MM
Rusty,Sean,2.2559802532196045,MM
Duke,Keybo,2.256439208984375,MM
Keybo,NewscasterJohn,2.2572600841522217,MM
Hans,Rusty,2.259589195251465,MM
Rudolph,Rusty,2.2632999420166016,MM
Viktor,West,2.2651684284210205,MM
Keybo,KilliantheVampire,2.2662768363952637,MM
Peter,Rusty,2.268298864364624,MM
SantaClaus,Viktor,2.2688024044036865,MM
Jake,Patrick,2.2695581912994385,MM
Patrick,Rusty,2.2731735706329346,MM
Mark,Rusty,2.2738051414489746,MM
Jimmy,KilliantheVampire,2.2738683223724365,MM
Keybo,Sean,2.2739415168762207,MM
Simon,Viktor,2.274528741836548,MM
Graham,SantaClaus,2.275254964828491,MM
Duke,Rusty,2.2780516147613525,MM
Jackson,Viktor,2.2798357009887695,MM
Elias,Mark,2.280693769454956,MM
Patrick,Slushy,2.2812623977661133,MM
Sindarin,Viktor,2.2815945148468018,MM
Keybo,Ron,2.2847490310668945,MM
Doug,Keybo,2.2851309776306152,MM
Ben,SantaClaus,2.2890162467956543,MM
Duke,Viktor,2.2929203510284424,MM
River,Viktor,2.293295383453369,MM
Mark,Vincent,2.2988905906677246,MM
Keybo,Patrick,2.3009002208709717,MM
SantaClaus,UncleHank,2.301339864730835,MM
Keybo,Rusty,2.3143556118011475,MM
Mark,Sean,2.3153698444366455,MM
Viktor,Vincent,2.317378282546997,MM
Keybo,Mark,2.3197593688964844,MM
Rusty,SantaClaus,2.330734968185425,MM
Edward,Patrick,2.339064121246338,MM
Hans,Keybo,2.3427064418792725,MM
Jimmy,Mark,2.3464443683624268,MM
Ben,Rusty,2.3464725017547607,MM
Hans,Viktor,2.3473527431488037,MM
Hugh,Keybo,2.3480148315429688,MM
Michael,Viktor,2.349747657775879,MM
Rex,Rusty,2.352086067199707,MM
Edward,Viktor,2.358966112136841,MM
Icarus,SantaClaus,2.3591291904449463,MM
Ben,Viktor,2.3672099113464355,MM
Santa,Viktor,2.371387720108032,MM
Tyson,Viktor,2.3763701915740967,MM
Owen,Rusty,2.38271164894104,MM
Owen,SantaClaus,2.3965604305267334,MM
Rusty,Tyson,2.399231433868408,MM
Owen,Viktor,2.4311444759368896,MM
Keybo,Viktor,2.440502405166626,MM
Mark,Viktor,2.4728643894195557,MM
