name1,name2,distance
Larry,Wade,0.925199568271637
Dean,Larry,0.932956874370575
Vanessa,Vivien,0.9590269923210144
Sara,Vanessa,0.9626211524009705
Dan,Kevin,1.021309494972229
Emma,Vivien,1.0289841890335083
Bell,Doughnut,1.0332728624343872
Bruce,Lloyd,1.0335723161697388
Dean,Wade,1.0589338541030884
Carlos,DollarJr,1.070440411567688
Camila,Millie,1.0726385116577148
Bell,Jenna,1.085882306098938
April,SabrinatheWitch,1.0888723134994507
Sara,Vivien,1.089726209640503
Aiden,Cole,1.0969120264053345
Cole,Ryan,1.0987099409103394
Camila,Jenna,1.103798270225525
Bell,Camila,1.1082583665847778
Doughnut,Jenna,1.111775279045105
Avery,Nana,1.1119900941848755
Nia,Nova,1.1283468008041382
Camila,Lindsay,1.1450735330581665
Camila,Doughnut,1.1508530378341675
Neoguard,PN,1.154642105102539
Amber,Echo,1.1790531873703003
Jennifer,ReporterCatalina,1.1810463666915894
Abigail,Amber,1.1847554445266724
Emma,Vanessa,1.1847639083862305
Lindsay,Millie,1.1880296468734741
Kristen,Skylar,1.1884342432022095
Brad,Oscar,1.1945937871932983
MrsClaus,Sophia,1.1984766721725464
Brad,Nathan,1.2012662887573242
KlipKim,Rudolph,1.2013064622879028
Helena,Jenna,1.2059142589569092
Alex,Emma,1.2118991613388062
Charlotte,Olivia,1.2135331630706787
KlipKim,Peter,1.2153005599975586
Jack,Liam,1.217524528503418
Carol,Lydia,1.2184773683547974
Mark,NewscasterJohn,1.2191377878189087
Brad,Eman,1.2212867736816406
Amber,Athena,1.222094178199768
Jennifer,Nana,1.2294434309005737
Margaret,ReporterCatalina,1.2295290231704712
Nathan,Oscar,1.2328827381134033
Liz,Olivia,1.233863353729248
Bell,Lindsay,1.2347272634506226
Jenna,Lydia,1.2398523092269897
Justin,Tim,1.247254490852356
Avery,Harper,1.2490041255950928
Emma,Sara,1.250396966934204
Carol,Nana,1.2562543153762817
Doughnut,Lydia,1.2575350999832153
Noa,PN,1.2576658725738525
Jenna,Lindsay,1.2610059976577759
Patricia,Riley,1.261947512626648
Liz,Starling,1.2703438997268677
Neoguard,Noa,1.2711511850357056
Nana,ReporterCatalina,1.2744156122207642
Michael,Santa,1.2798329591751099
Bell,Lydia,1.282335638999939
Jodie,SabrinatheWitch,1.2836909294128418
Abigail,April,1.288442850112915
Bell,Millie,1.290594458580017
Abigail,Echo,1.2919213771820068
Norah,Nova,1.2923544645309448
NewscasterJohn,Philip,1.2938814163208008
Lydia,Natalie,1.2955337762832642
Aiden,Ryan,1.29922354221344
Chloe,Nova,1.2997137308120728
Lydia,Rebecca,1.3053855895996094
Rudolph,Vincent,1.3174755573272705
Eman,Oscar,1.3188127279281616
Abigail,MrsClaus,1.3253026008605957
David,Xavier,1.3296900987625122
Jenna,Liz,1.3296966552734375
Kelsey,Olivia,1.3326244354248047
Lydia,Stephanie,1.337934136390686
Graham,Neel,1.338185429573059
Cyrus,Royce,1.3395905494689941
Jake,Neoguard,1.3400267362594604
Jake,PN,1.3422036170959473
Lindsay,Stephanie,1.3448880910873413
Philip,Tyson,1.3451052904129028
Doug,Robert,1.3451277017593384
Abigail,Rebecca,1.3459211587905884
Avery,Carol,1.3461514711380005
Nova,Skylar,1.347051739692688
Lydia,Margaret,1.3479775190353394
Aiden,Dan,1.3492798805236816
Alex,Vivien,1.3496102094650269
Alex,Lindsay,1.3501943349838257
Kristen,Nova,1.3515933752059937
Echo,Rebecca,1.3532729148864746
Liz,Lydia,1.3542448282241821
AnnabelletheGhost,Stephanie,1.3546901941299438
Rudolph,Walter,1.3553420305252075
Lydia,Olivia,1.3554301261901855
Cyrus,West,1.3565162420272827
Eman,Nathan,1.3573585748672485
Buddy,Furnando,1.3591641187667847
Janet,Tessa,1.365648865699768
Carol,Natalie,1.3669222593307495
Jennifer,Margaret,1.366949200630188
Carol,Kelsey,1.367617130279541
Chester,Slushy,1.3687487840652466
Ben,Owen,1.3702036142349243
AnnabelletheGhost,Lindsay,1.3719953298568726
Harper,Katie,1.3721590042114258
AnnabelletheGhost,Olivia,1.3772501945495605
Peter,Rudolph,1.37795889377594
Jenna,Millie,1.3783355951309204
Jake,KlipKim,1.3791624307632446
Abigail,Athena,1.3792824745178223
Dan,Ravi,1.3794986009597778
Cole,Noa,1.37998628616333
Helena,Liz,1.3804850578308105
Charlotte,Jodie,1.3842549324035645
Helena,Vanessa,1.3876686096191406
Amber,Kristen,1.3878058195114136
Matthew,Noa,1.390215516090393
April,Norah,1.3910211324691772
Norah,SabrinatheWitch,1.3915787935256958
Chloe,Natalie,1.3930236101150513
KlipKim,Vincent,1.3942012786865234
Nathan,Noa,1.3947457075119019
Doughnut,Helena,1.3948116302490234
Brad,Walter,1.396186351776123
Alex,Vanessa,1.3972800970077515
Abigail,Natalie,1.401756763458252
Liam,Oscar,1.4020380973815918
Carol,Stephanie,1.4038180112838745
DollarJr,Jackson,1.4042311906814575
Callan,Landon,1.4044322967529297
Carol,ReporterCatalina,1.4048773050308228
Athena,Patricia,1.4062522649765015
Helena,Lydia,1.408113956451416
April,MrsClaus,1.4091492891311646
AnnabelletheGhost,SabrinatheWitch,1.4106823205947876
Athena,Echo,1.4109387397766113
Bell,Stephanie,1.4113553762435913
MrsClaus,SabrinatheWitch,1.411476492881775
Amber,Natalie,1.4116826057434082
Aiden,George,1.413664698600769
Doughnut,Liz,1.4157270193099976
Mia,Rebecca,1.4168157577514648
Aiden,Noa,1.417912483215332
Carlos,Jackson,1.4187039136886597
Chester,Oliver,1.419209599494934
Jenna,Stephanie,1.4199284315109253
Kevin,Ravi,1.4208632707595825
Audrey,Natalie,1.421545386314392
MrsClaus,Samantha,1.421995759010315
Lydia,SabrinatheWitch,1.4220741987228394
Alex,Sara,1.4223837852478027
Cole,Neoguard,1.422873854637146
KlipKim,Noa,1.4230213165283203
Matthew,PN,1.4231823682785034
Doughnut,Lindsay,1.4235097169876099
Camila,Lydia,1.4241379499435425
Charlotte,SabrinatheWitch,1.4248775243759155
George,Xavier,1.424979329109192
Dean,Santa,1.425526738166809
Shana,Sylvia,1.425818920135498
Kelsey,ReporterCatalina,1.4263134002685547
Lydia,Nana,1.4272089004516602
Katie,Samantha,1.428338885307312
Dean,Walter,1.4297523498535156
Olivia,SabrinatheWitch,1.4303017854690552
Matthew,Walter,1.430778980255127
Kelsey,Liz,1.4309048652648926
Jackson,Tim,1.431050181388855
KlipKim,Neoguard,1.4311838150024414
Margaret,Rita,1.4318760633468628
Carol,Olivia,1.4321292638778687
Amber,MrsClaus,1.433215618133545
Athena,Samantha,1.434350609779358
Ron,Viktor,1.4359078407287598
Carlos,Tim,1.4368910789489746
Lindsay,Olivia,1.4385700225830078
Alex,Bell,1.4387844800949097
Carol,Margaret,1.4395040273666382
Camila,Helena,1.440466046333313
NewscasterJohn,Tyson,1.4430795907974243
David,Joshua,1.443121075630188
Noa,Oscar,1.444339394569397
Claire,Margaret,1.4446371793746948
Cole,George,1.4448412656784058
Amber,Rebecca,1.4451998472213745
Kristen,Norah,1.4454870223999023
Harper,Lindsay,1.4458850622177124
Harper,Jenna,1.4460114240646362
Kristen,Natalie,1.4462575912475586
Carl,Xavier,1.4466801881790161
KlipKim,Nathan,1.4476996660232544
River,Tim,1.4479933977127075
Dan,George,1.4480949640274048
Nia,Skylar,1.4482170343399048
April,Echo,1.4482415914535522
Dylan,Nathan,1.4488111734390259
Harper,Lydia,1.4490199089050293
Avery,Natalie,1.449302077293396
Dean,Ryan,1.4498157501220703
Mia,Sylvia,1.451987624168396
Dean,George,1.452034592628479
Amber,April,1.4524773359298706
KlipKim,PN,1.452652931213379
Jake,Noa,1.453440546989441
Nana,Natalie,1.4536266326904297
Emma,Harper,1.453933835029602
Maisie,Sylvia,1.45498788356781
Chester,Nia,1.4555846452713013
George,Larry,1.4567646980285645
Maisie,Natalie,1.4577583074569702
Angela,Claire,1.4600297212600708
Lydia,Maisie,1.4605120420455933
Matthew,Rudolph,1.4612274169921875
Caleb,Neoguard,1.4613884687423706
Jake,Rudolph,1.4620532989501953
Matthew,Ryan,1.4621731042861938
Jodie,Lydia,1.4623910188674927
Echo,Natalie,1.462557315826416
Kelsey,Nana,1.4630203247070312
Buddy,Royce,1.4637929201126099
Emma,Lindsay,1.4640976190567017
Dean,Gus,1.4641523361206055
Carol,Rebecca,1.4642022848129272
Natalie,Norah,1.4644966125488281
April,Athena,1.4646631479263306
AnnabelletheGhost,Helena,1.4653316736221313
Bell,Helena,1.4656676054000854
April,Rebecca,1.466275691986084
KlipKim,Liam,1.4663063287734985
Rebecca,Verna,1.4670462608337402
Oliver,Verna,1.4671629667282104
Dylan,Landon,1.4672635793685913
Doug,Hugh,1.467469334602356
Cole,Dean,1.467480182647705
Avery,Jennifer,1.4686040878295898
Oliver,Tessa,1.4689465761184692
Lydia,Vanessa,1.4702987670898438
Kelsey,Natalie,1.4704605340957642
Doughnut,Millie,1.4714347124099731
Lindsay,Lydia,1.471706748008728
Camila,Stephanie,1.4722485542297363
Carlos,JackoLantern,1.4726223945617676
Camila,Liz,1.4730244874954224
Katie,Lydia,1.4733818769454956
Aaron,Liam,1.4739857912063599
Carol,Jenna,1.4742439985275269
Harper,Natalie,1.4744230508804321
Dylan,Xavier,1.4746402502059937
Samantha,Sophia,1.4748252630233765
Charlotte,Lydia,1.4748455286026
Bruce,Doug,1.4748592376708984
KlipKim,Walter,1.4752516746520996
Noa,Ryan,1.4757298231124878
Abigail,Verna,1.4776434898376465
Abigail,Lydia,1.4783424139022827
Nana,SabrinatheWitch,1.4783505201339722
Jenna,Vanessa,1.4796525239944458
Peter,Vincent,1.4796611070632935
Carol,SabrinatheWitch,1.4796770811080933
Shana,Victoria,1.4803284406661987
Matthew,Neoguard,1.481141209602356
Helena,Lindsay,1.4813488721847534
Caitlyn,Vivien,1.4813933372497559
Eman,Peter,1.4819526672363281
Margaret,Natalie,1.4828602075576782
AnnabelletheGhost,Rebecca,1.483188271522522
Abigail,Nova,1.4834638833999634
Aaron,KlipKim,1.4850009679794312
Margaret,Nana,1.4850783348083496
Harper,Vanessa,1.485089898109436
Glenda,ReporterCatalina,1.4859126806259155
Claire,Sylvia,1.4860743284225464
Jenna,Starling,1.4861723184585571
Camila,Nana,1.486227035522461
Liam,West,1.48640775680542
Damian,Dylan,1.4865578413009644
Joshua,Xavier,1.4866042137145996
Dan,Eman,1.4874138832092285
Damian,KlipKim,1.487523078918457
Natalie,SabrinatheWitch,1.4877122640609741
Jenna,Olivia,1.4883912801742554
Nia,Norah,1.4886435270309448
Amber,Chloe,1.4886727333068848
Abigail,Mia,1.4890278577804565
Brad,Noa,1.4892500638961792
KlipKim,Oscar,1.4897276163101196
Helena,Olivia,1.4910439252853394
Rebecca,Stephanie,1.4911822080612183
Ben,Joshua,1.491552472114563
Athena,Natalie,1.4929184913635254
Justin,River,1.493070125579834
Doughnut,Stephanie,1.4934258460998535
DollarJr,Oliver,1.4935108423233032
Echo,Nova,1.4936858415603638
Natalie,Rachel,1.4937571287155151
Norah,Skylar,1.4941989183425903
Harper,Norah,1.4946203231811523
Rebecca,SabrinatheWitch,1.4947772026062012
Ravi,Xavier,1.4954229593276978
Jennifer,Lydia,1.4955692291259766
George,Noa,1.4958356618881226
Claire,Shana,1.4959720373153687
Carol,Liz,1.4960517883300781
Aiden,Dylan,1.496243953704834
Dylan,Noa,1.4965558052062988
Dan,KlipKim,1.4965606927871704
Cole,Gus,1.4970864057540894
Avery,ReporterCatalina,1.4980201721191406
Amber,Jodie,1.4985421895980835
Rachel,Shana,1.4986733198165894
Charlotte,Helena,1.4987891912460327
Dan,Nathan,1.4991215467453003
Jake,Matthew,1.5003714561462402
Jake,Peter,1.500436782836914
AnnabelletheGhost,Bell,1.5006948709487915
Chester,DollarJr,1.5016847848892212
AnnabelletheGhost,Camila,1.5017484426498413
Cole,Dylan,1.5019344091415405
Carol,Harper,1.5021095275878906
Jodie,Olivia,1.5021878480911255
Lydia,ReporterCatalina,1.502848505973816
Harper,Nana,1.503219485282898
April,Nova,1.5036271810531616
Icarus,UncleHank,1.5037182569503784
Mia,Norah,1.503859519958496
Eman,Walter,1.5050158500671387
Rachel,Sylvia,1.5050477981567383
Amber,Lydia,1.5054351091384888
Abigail,SabrinatheWitch,1.5057592391967773
Shana,Vivien,1.5066882371902466
Helena,Kelsey,1.508331298828125
Caleb,KlipKim,1.508888602256775
April,Chloe,1.5090879201889038
AnnabelletheGhost,Doughnut,1.5101298093795776
Abigail,Sylvia,1.5101855993270874
Glenda,Rachel,1.510627269744873
Mia,Nia,1.511001706123352
Dylan,Ravi,1.51112699508667
Carlos,Chester,1.511867880821228
Edward,Matthew,1.5119022130966187
Cole,Dan,1.5126399993896484
Natalie,Sylvia,1.512977123260498
Catherine,Sylvia,1.513319492340088
Nova,Vivien,1.5133728981018066
AnnabelletheGhost,Charlotte,1.5140303373336792
Caitlyn,Nova,1.5143966674804688
Lindsay,Liz,1.514593482017517
Patricia,Samantha,1.515760064125061
Graham,Liam,1.5165833234786987
Angela,Shana,1.516814112663269
Cyrus,Neel,1.5168544054031372
April,Natalie,1.5168722867965698
Grace,Margot,1.5176424980163574
Shana,Skylar,1.5179227590560913
Lydia,Sylvia,1.5181268453598022
Echo,Norah,1.5182757377624512
Liam,Philip,1.5196329355239868
Aaron,Dan,1.5198124647140503
George,Nathan,1.5198577642440796
April,Patricia,1.5217691659927368
George,Neoguard,1.5221797227859497
Charlotte,Liz,1.522247314453125
Echo,Verna,1.5229172706604004
Avery,Kelsey,1.5230140686035156
Bruce,Jack,1.523269534111023
April,Carol,1.523342251777649
Oscar,Walter,1.5233674049377441
Natalie,Samantha,1.523664116859436
Natalie,Olivia,1.5242539644241333
Natalie,Shana,1.5242986679077148
Nana,Stephanie,1.5245281457901
Nova,Verna,1.5247329473495483
Katie,Margaret,1.526448130607605
Carol,Echo,1.526544213294983
Kelsey,Lydia,1.5265628099441528
Claire,Nana,1.5267963409423828
Chloe,ReporterCatalina,1.5270904302597046
Natalie,ReporterCatalina,1.5281906127929688
Dan,Joshua,1.5286682844161987
Chloe,Sylvia,1.528784155845642
Alex,Camila,1.5289875268936157
Bell,Liz,1.5290590524673462
Abigail,Jodie,1.529667854309082
KlipKim,Matthew,1.529984474182129
Lydia,Norah,1.5302914381027222
Harper,Vivien,1.5303597450256348
Amber,Nova,1.53081214427948
Damian,Neoguard,1.5313968658447266
Chester,JackoLantern,1.5323796272277832
Dean,Matthew,1.5326131582260132
Eman,KlipKim,1.5327023267745972
Amber,Sophia,1.5328559875488281
Brad,Larry,1.5329465866088867
Larry,Ryan,1.533161997795105
ReporterCatalina,SabrinatheWitch,1.533830165863037
Rex,Walter,1.534536361694336
Aaron,Nathan,1.535467267036438
Norah,Rebecca,1.5356287956237793
Nana,Norah,1.535658836364746
April,Lydia,1.5358365774154663
Avery,Jenna,1.5359050035476685
Harper,Skylar,1.5359697341918945
Carl,Dylan,1.5362497568130493
Jennifer,Kelsey,1.53691828250885
Olivia,Stephanie,1.537030577659607
Lindsay,Nana,1.5370696783065796
Kelsey,Rachel,1.5378369092941284
Abigail,Victoria,1.5378693342208862
AnnabelletheGhost,Jenna,1.5384408235549927
Norah,Samantha,1.5384982824325562
Caleb,PN,1.5386251211166382
Doug,Lloyd,1.538692831993103
April,Sophia,1.5387810468673706
Catherine,Rachel,1.5392441749572754
Lydia,Sara,1.539663314819336
Nia,Oliver,1.5396934747695923
Athena,MrsClaus,1.5398873090744019
Chloe,Olivia,1.5400103330612183
Tim,Xavier,1.5409150123596191
Edward,Keybo,1.5409208536148071
AnnabelletheGhost,Liz,1.540958046913147
Oscar,Peter,1.5422860383987427
Caleb,Dan,1.542507290840149
Carlos,Justin,1.5425825119018555
Aaron,Landon,1.5428053140640259
Aaron,Noa,1.543294906616211
Angela,Nova,1.5436482429504395
Callan,Liam,1.5452098846435547
Avery,Lydia,1.5455816984176636
Helena,Vivien,1.5456055402755737
Justin,Xavier,1.5456801652908325
Doughnut,Olivia,1.5459165573120117
Aaron,Oscar,1.546105980873108
Nova,Shana,1.5463849306106567
Claire,Jennifer,1.5464749336242676
Olivia,ReporterCatalina,1.546889305114746
Jack,Oscar,1.5472348928451538
Nova,Paige,1.5474247932434082
Oliver,Shana,1.5474909543991089
Neoguard,Ryan,1.5475965738296509
Brad,Rudolph,1.5478272438049316
MrsClaus,Tessa,1.5478378534317017
Emma,Jenna,1.5478724241256714
Carol,Charlotte,1.5479429960250854
Margaret,Sylvia,1.548392653465271
Caitlyn,Norah,1.548411250114441
Chloe,Norah,1.548632264137268
Aiden,Neoguard,1.5487346649169922
Joshua,Ryan,1.54901123046875
DollarJr,Tim,1.5494664907455444
Chloe,Maisie,1.5497187376022339
Eman,Rudolph,1.5499390363693237
Amber,Norah,1.5500235557556152
Elias,JackoLantern,1.5501707792282104
Natalie,Nova,1.5505026578903198
MrsClaus,Natalie,1.5508413314819336
Lucille,Victoria,1.553017020225525
PN,Rudolph,1.553301215171814
Charlotte,Sylvia,1.5533561706542969
Mia,Slushy,1.5535486936569214
Owen,Tyson,1.5541261434555054
Brad,Dean,1.5542044639587402
Carlos,Owen,1.554256558418274
Katie,Stephanie,1.5544382333755493
Caleb,Rudolph,1.5544720888137817
Dan,Sean,1.5545902252197266
Abigail,Margaret,1.5548001527786255
Jack,Larry,1.5554360151290894
Nathan,Xavier,1.5554579496383667
Dan,Xavier,1.555583119392395
SabrinatheWitch,Verna,1.5558761358261108
Larry,Walter,1.5559526681900024
MrsClaus,Norah,1.5560827255249023
Aiden,Oscar,1.5563403367996216
Katie,SabrinatheWitch,1.5564250946044922
Gus,Henry,1.556644082069397
Jenna,Margaret,1.5566776990890503
Liz,Stephanie,1.5569707155227661
Dean,Xavier,1.557015061378479
Jodie,Natalie,1.5571848154067993
Cole,Larry,1.5573886632919312
DollarJr,Simon,1.5574469566345215
Nathan,Tim,1.557586669921875
George,Kevin,1.5576027631759644
Dan,Noa,1.5576621294021606
Carol,Maisie,1.5577071905136108
George,KlipKim,1.557805061340332
Camila,Harper,1.5578464269638062
Abigail,Norah,1.5582042932510376
Jenna,Kelsey,1.5595980882644653
Dylan,Liam,1.5596733093261719
Caleb,Dean,1.5596851110458374
Jenna,Katie,1.5596922636032104
Abigail,ReporterCatalina,1.5597352981567383
Gus,Ryan,1.5602346658706665
Buddy,Gus,1.5603841543197632
Lydia,Vivien,1.5606809854507446
Caleb,Vincent,1.5608487129211426
SabrinatheWitch,Stephanie,1.5613102912902832
Claire,Natalie,1.5618253946304321
Callan,Eman,1.5619267225265503
Carol,Vanessa,1.5619291067123413
Neoguard,Oscar,1.5623011589050293
Lindsay,Vanessa,1.5626064538955688
Cole,Joshua,1.563438057899475
Liam,Peter,1.5639420747756958
Peter,Walter,1.5639523267745972
Joshua,Rex,1.5641065835952759
Echo,Kristen,1.5642765760421753
Mia,Nova,1.5647770166397095
Mia,Verna,1.5651048421859741
Brad,KlipKim,1.5652121305465698
Charlotte,Jennifer,1.565323829650879
Caleb,George,1.5659257173538208
April,Samantha,1.5660127401351929
Aaron,Callan,1.5662107467651367
Carol,Helena,1.5662530660629272
Brad,Peter,1.5663681030273438
KlipKim,Landon,1.5665358304977417
Avery,Norah,1.5671483278274536
Natalie,Skylar,1.5673807859420776
AnnabelletheGhost,Millie,1.568006992340088
Landon,Liam,1.5681242942810059
Jodie,Sylvia,1.568325161933899
Lydia,Starling,1.568625807762146
Chad,Cyrus,1.5686606168746948
Aaron,Jack,1.5688109397888184
Kelsey,Margaret,1.568832516670227
Bruce,Henry,1.5688554048538208
Rachel,Vivien,1.5689992904663086
Chloe,Kristen,1.5690913200378418
Amber,Margaret,1.5691975355148315
Tessa,Verna,1.5692235231399536
Caleb,Jack,1.5692459344863892
Nova,Rebecca,1.5693551301956177
Charlotte,Chloe,1.5699691772460938
Damian,Gus,1.5702415704727173
Caleb,Oscar,1.5703662633895874
Michael,Sindarin,1.5707060098648071
Echo,MrsClaus,1.5709675550460815
Aiden,Larry,1.571048617362976
Natalie,Rebecca,1.571205735206604
Harper,Margaret,1.5714179277420044
Alex,Doughnut,1.5715750455856323
Caleb,Rex,1.5718883275985718
Helena,Sylvia,1.5722018480300903
Aiden,Joshua,1.5722198486328125
Michael,Neoguard,1.5722661018371582
Millie,Starling,1.5724902153015137
Jennifer,Natalie,1.5725129842758179
Damian,Dean,1.5728282928466797
Camila,Carol,1.5728449821472168
Furnando,Jack,1.573207974433899
Natalie,Vanessa,1.5732804536819458
Norah,Sylvia,1.573447585105896
Dean,Noa,1.573743224143982
Camila,Olivia,1.573844075202942
Carol,Chloe,1.5744495391845703
Aaron,Damian,1.5745453834533691
Chloe,Skylar,1.575190544128418
Abigail,Kristen,1.5752242803573608
Natalie,Patricia,1.5753229856491089
Dylan,Neoguard,1.575467586517334
George,Jake,1.5757335424423218
Carlos,Matthew,1.575883388519287
Dean,Jack,1.57595694065094
April,Jodie,1.5761269330978394
Carol,Sara,1.5763702392578125
Amber,Carol,1.5765331983566284
Catherine,Claire,1.5766515731811523
Graham,Royce,1.5766545534133911
Damian,PN,1.576744556427002
Abigail,Sophia,1.5770946741104126
Chad,Neel,1.5771323442459106
Liz,Natalie,1.5772088766098022
Aaron,Kevin,1.5772632360458374
Kevin,KlipKim,1.577354907989502
Kristen,Nia,1.5777724981307983
Camila,Starling,1.5778498649597168
Larry,Nathan,1.578035831451416
Athena,Kristen,1.578515887260437
Neoguard,Santa,1.578537106513977
April,Charlotte,1.578542709350586
Oliver,Slushy,1.5787372589111328
Maisie,Mia,1.5787864923477173
Amber,SabrinatheWitch,1.5788475275039673
Jodie,Liz,1.5789709091186523
Liam,Ravi,1.5794175863265991
Helena,Millie,1.5796104669570923
Dan,Neoguard,1.5798147916793823
Jennifer,Starling,1.5798920392990112
Harper,Jennifer,1.5799371004104614
Jodie,Viqqie,1.579938530921936
Ryan,Slushy,1.579994797706604
Echo,Oliver,1.5801855325698853
Camila,Charlotte,1.5802645683288574
Brad,Chad,1.5802927017211914
Abigail,Samantha,1.5806492567062378
KlipKim,Ravi,1.5806527137756348
Carol,Katie,1.5811233520507812
Chloe,Patricia,1.5811470746994019
KlipKim,Xavier,1.5812859535217285
Millie,Nana,1.5819512605667114
Rachel,ReporterCatalina,1.582093596458435
Abigail,Chloe,1.5825252532958984
Furnando,Philip,1.5827113389968872
Nia,Shana,1.5827999114990234
Nathan,Walter,1.5828975439071655
Aaron,Chad,1.5829362869262695
Carlos,Logan,1.5831290483474731
Aaron,Neel,1.583277702331543
Carol,Doughnut,1.5833626985549927
Aaron,Joshua,1.583685278892517
Echo,Margaret,1.5837980508804321
Dan,Peter,1.5838451385498047
Camila,Emma,1.5840197801589966
Echo,Nia,1.584455132484436
AnnabelletheGhost,Lydia,1.584579348564148
Graham,Philip,1.584600806236267
Skylar,Vivien,1.5846747159957886
Kevin,Nathan,1.5847402811050415
Abigail,Maisie,1.5854114294052124
Aaron,Ravi,1.5856949090957642
Natalie,Vivien,1.5861196517944336
Jennifer,Liz,1.5865463018417358
April,Verna,1.5866131782531738
Dylan,PN,1.5870894193649292
Joshua,Tim,1.5871719121932983
George,PN,1.5875906944274902
Carlos,Oliver,1.5876374244689941
Mark,Philip,1.5877641439437866
Aaron,Peter,1.5879651308059692
Noa,Walter,1.5884541273117065
Benny,Dylan,1.5886331796646118
Chad,Noa,1.5887399911880493
Oscar,Ryan,1.5888524055480957
Nana,Olivia,1.5889812707901
Oscar,Rudolph,1.589055061340332
KlipKim,Michael,1.5890933275222778
Aaron,Neoguard,1.589553952217102
Caleb,Jake,1.5897983312606812
Tessa,Vivien,1.5898090600967407
Rebecca,Vanessa,1.5898257493972778
Echo,Patricia,1.5902217626571655
Cole,Matthew,1.5902814865112305
Graham,KlipKim,1.5903338193893433
Kristen,MrsClaus,1.5904806852340698
Caleb,Walter,1.590993046760559
Carol,Norah,1.591145634651184
Dylan,KlipKim,1.591190218925476
Dylan,Oscar,1.5915088653564453
Chloe,Vivien,1.5915158987045288
Athena,Margaret,1.591529369354248
Neel,Royce,1.5916428565979004
Chloe,Lydia,1.5919359922409058
Abigail,Shana,1.5920408964157104
Aiden,KlipKim,1.5923713445663452
Michael,Rudolph,1.5925321578979492
Gus,Joshua,1.5926012992858887
Jenna,Vivien,1.59280264377594
Brad,Dan,1.5928378105163574
Jodie,Margaret,1.593025803565979
Emma,Lydia,1.5935083627700806
Margaret,Samantha,1.5935250520706177
Buddy,Cyrus,1.5937061309814453
Helena,Stephanie,1.5938396453857422
Eman,Noa,1.593941569328308
April,Sylvia,1.59398353099823
Damian,Liam,1.594492793083191
Jackson,Justin,1.5945109128952026
Landon,Nathan,1.5945204496383667
JackoLantern,Logan,1.5945476293563843
Angela,Kristen,1.5946999788284302
Carol,Jennifer,1.5950498580932617
Caleb,Santa,1.5955276489257812
Camila,Katie,1.5956159830093384
Callan,Oscar,1.5957322120666504
Dean,Rudolph,1.5957436561584473
Angela,Skylar,1.5959495306015015
April,Katie,1.595955491065979
AnnabelletheGhost,Vanessa,1.5960865020751953
Millie,Stephanie,1.5962485074996948
Aiden,Xavier,1.596272349357605
Cole,DollarJr,1.5966119766235352
Logan,River,1.5968040227890015
Lydia,Shana,1.5970025062561035
Chad,Landon,1.5972174406051636
Aiden,Nathan,1.5972434282302856
Abigail,Vanessa,1.5972751379013062
Emma,Helena,1.5976051092147827
Liam,Walter,1.5978525876998901
Camila,Claire,1.598462462425232
Eman,Henry,1.5985270738601685
Matthew,Michael,1.5989956855773926
Margaret,Shana,1.599039077758789
Chase,Jackson,1.5993231534957886
Claire,Lydia,1.599388599395752
ReporterCatalina,Samantha,1.599508285522461
Dean,Nathan,1.5997051000595093
Natalie,Sophia,1.5997234582901
Santa,Walter,1.5997809171676636
Norah,ReporterCatalina,1.5997906923294067
Echo,Mia,1.60014808177948
Dan,Vincent,1.6001776456832886
Helena,Natalie,1.600256323814392
Carol,Tessa,1.6004122495651245
Neoguard,Peter,1.600518822669983
Caleb,Damian,1.6005898714065552
Larry,Oscar,1.6006250381469727
ReporterCatalina,Shana,1.6006765365600586
PN,Vincent,1.60073721408844
SabrinatheWitch,Samantha,1.600754737854004
Jenna,Jennifer,1.6008620262145996
Buddy,Chad,1.6009039878845215
Bruce,Furnando,1.6012603044509888
Catherine,Doughnut,1.6014456748962402
Logan,Margot,1.6015033721923828
Dan,Oscar,1.6015640497207642
PN,Philip,1.6018093824386597
Dean,Sindarin,1.6021809577941895
Michael,Walter,1.6027874946594238
Dean,Joshua,1.6029058694839478
Harper,Rebecca,1.602989673614502
Eman,Landon,1.6031371355056763
Amber,Shana,1.603212833404541
Audrey,Nova,1.603548526763916
Jackson,Simon,1.6039514541625977
Dean,Shana,1.6042591333389282
Avery,Margaret,1.6043297052383423
Edward,JackoLantern,1.6044915914535522
Alex,Jenna,1.6045236587524414
PN,Peter,1.6045938730239868
Dylan,George,1.604737401008606
Sylvia,Vivien,1.6047402620315552
April,ReporterCatalina,1.6050647497177124
Graham,Jack,1.6053677797317505
Dylan,Matthew,1.6053811311721802
MrsClaus,Shana,1.6055320501327515
Chad,Neoguard,1.6056809425354004
Liz,Vanessa,1.6057043075561523
Nia,Tessa,1.6057204008102417
Avery,Skylar,1.6057676076889038
Claire,Harper,1.606031894683838
Chloe,Margaret,1.6061118841171265
Liam,Nathan,1.606245994567871
Glenda,Jennifer,1.6063143014907837
Dean,Eman,1.606624722480774
Dan,Jake,1.606902003288269
Liz,ReporterCatalina,1.6069369316101074
Chad,Dan,1.607129454612732
Katie,Rita,1.6071704626083374
Lydia,Millie,1.6071845293045044
Audrey,Rachel,1.6072216033935547
Harper,Nova,1.6075068712234497
Harper,Stephanie,1.607514500617981
Angela,Vivien,1.6076226234436035
Matthew,Nathan,1.6076394319534302
Emma,Liz,1.607643485069275
Angela,Margaret,1.6076488494873047
Henry,Rex,1.6076812744140625
Aiden,Kevin,1.6079024076461792
Janet,Verna,1.6081897020339966
Amber,Victoria,1.6082340478897095
Larry,Noa,1.6082741022109985
Charlotte,Margaret,1.6083132028579712
Liam,Ron,1.6084823608398438
Aaron,Tyson,1.6085923910140991
Lydia,Mia,1.608685851097107
Jenna,Natalie,1.6087013483047485
Henry,Landon,1.6094363927841187
Jack,Kevin,1.609470009803772
Aiden,Dean,1.6096439361572266
Dean,Neoguard,1.609686255455017
Avery,Claire,1.6098318099975586
Avery,Camila,1.609881043434143
Neoguard,Rudolph,1.6098979711532593
Carol,Lindsay,1.6099847555160522
Chad,Dylan,1.610000729560852
Kevin,Xavier,1.6100448369979858
April,Olivia,1.6102296113967896
Brad,Sindarin,1.6104001998901367
Dean,MrsClaus,1.6105908155441284
Aiden,Caleb,1.610679030418396
Dean,Duke,1.6111254692077637
KilliantheVampire,Philip,1.611520767211914
Eman,Neoguard,1.6119657754898071
Ben,Carlos,1.6119753122329712
Verna,Vivien,1.612047553062439
Charlotte,ReporterCatalina,1.612254023551941
Margaret,Olivia,1.612284779548645
Larry,Matthew,1.6123112440109253
Larry,Santa,1.6125661134719849
Helena,Sara,1.612601637840271
Carol,Jodie,1.6126275062561035
Chloe,Rachel,1.6128559112548828
Aiden,Jake,1.6129206418991089
Cole,Jake,1.6129350662231445
Chloe,Vanessa,1.612989902496338
Rita,Samantha,1.6133114099502563
Maisie,Margaret,1.6135891675949097
Bell,Olivia,1.6136492490768433
Nathan,PN,1.6141437292099
Jenna,Nana,1.6142058372497559
Caitlyn,Natalie,1.6142807006835938
Caitlyn,Nana,1.6143559217453003
Shana,Verna,1.6143685579299927
Nova,SabrinatheWitch,1.6145401000976562
Larry,Xavier,1.6145960092544556
Jeff,Justin,1.614704966545105
Athena,Jodie,1.6148008108139038
Abigail,Nia,1.615134835243225
Rita,Sophia,1.6152037382125854
Chester,Jimmy,1.6153197288513184
JackoLantern,Margot,1.6153740882873535
Angela,Victoria,1.6153799295425415
DollarJr,Nathan,1.6154533624649048
Echo,Tessa,1.615519404411316
Oscar,Rex,1.61561918258667
Peter,Ravi,1.6161442995071411
Benny,Noa,1.6163023710250854
Sophia,Sylvia,1.6166871786117554
Brad,Caleb,1.6166962385177612
Caleb,Peter,1.6168770790100098
Eman,Jake,1.6170449256896973
ReporterCatalina,Sylvia,1.617210030555725
Callan,Philip,1.6173478364944458
SabrinatheWitch,Shana,1.6173542737960815
Doughnut,Starling,1.617503046989441
Damian,Henry,1.6175228357315063
Nova,Vanessa,1.6175899505615234
Nathan,Ravi,1.6179488897323608
Claire,Vivien,1.6180377006530762
Liz,Millie,1.618054747581482
Aaron,Cole,1.618107795715332
JackoLantern,ReporterCatalina,1.618278980255127
Mia,Natalie,1.6184015274047852
Alex,AnnabelletheGhost,1.6184138059616089
Claire,Mia,1.6184210777282715
Mia,Oliver,1.6185396909713745
Bell,Emma,1.6186094284057617
Charlotte,Kelsey,1.618830680847168
Chloe,SabrinatheWitch,1.619293212890625
Landon,Neoguard,1.6200718879699707
Gus,Neoguard,1.620233416557312
Doug,Ron,1.6204382181167603
Audrey,Vivien,1.6205188035964966
Harper,ReporterCatalina,1.6205586194992065
Aaron,Dylan,1.620632290840149
Jenna,Maddie,1.6206512451171875
KlipKim,Neel,1.6208420991897583
Natalie,Tessa,1.6209607124328613
Caleb,Gus,1.6212817430496216
Norah,Rachel,1.6212925910949707
CaptainBill,Keybo,1.6214386224746704
Angela,Natalie,1.621591567993164
Millie,Olivia,1.6219991445541382
Liam,Neoguard,1.6220554113388062
Maisie,Norah,1.6223634481430054
Chester,Mia,1.6225470304489136
Natalie,Rita,1.622780203819275
Margaret,Norah,1.622784972190857
Nova,Patricia,1.6227952241897583
Michael,Noa,1.6228532791137695
Dan,Tim,1.6228879690170288
Sylvia,Verna,1.6231433153152466
JackoLantern,Shana,1.6232572793960571
Chad,Gus,1.6232881546020508
Aaron,Jake,1.6235623359680176
Bell,Vivien,1.6236926317214966
Carl,George,1.623736023902893
MrsClaus,Rebecca,1.623753547668457
Camila,Rachel,1.623756766319275
Doughnut,Vivien,1.6238435506820679
Nia,Verna,1.6241406202316284
Justin,Lloyd,1.6241726875305176
Brad,Liam,1.6242979764938354
Athena,Sophia,1.6244691610336304
Damian,Landon,1.6247462034225464
April,Mia,1.6247931718826294
Liz,Rebecca,1.6249761581420898
Catherine,Helena,1.625005841255188
Noa,Rudolph,1.6253520250320435
Katie,Olivia,1.6254342794418335
Charlotte,Natalie,1.6255683898925781
Jenna,Rebecca,1.6255874633789062
Graham,Oscar,1.625688910484314
Audrey,Norah,1.6258436441421509
Damian,Dan,1.6259151697158813
Avery,Lindsay,1.62598717212677
Neoguard,Walter,1.6261423826217651
Echo,Lydia,1.6263656616210938
Carl,Nathan,1.62665855884552
Catherine,Shana,1.626781940460205
Katie,MrsClaus,1.6268318891525269
Kristen,Rachel,1.6272281408309937
George,Justin,1.6274796724319458
Amber,ReporterCatalina,1.6275397539138794
April,Margaret,1.6277427673339844
Rita,Sylvia,1.6278371810913086
Bruce,KilliantheVampire,1.6278553009033203
Eman,Larry,1.627927303314209
Chester,Nova,1.6279911994934082
Nova,Rachel,1.6281877756118774
Angela,Chloe,1.6282774209976196
Claire,Jenna,1.6282978057861328
Dan,JackoLantern,1.6285775899887085
Paige,Skylar,1.628663182258606
Cyrus,Liam,1.6289254426956177
Logan,Verna,1.6289421319961548
Dan,Dean,1.6290417909622192
JackoLantern,Matthew,1.6296087503433228
Charlotte,Jenna,1.6296225786209106
Cyrus,KlipKim,1.6298093795776367
Margaret,Patricia,1.6298155784606934
Dylan,Justin,1.6299786567687988
Dean,Royce,1.630014419555664
Katie,Lindsay,1.6300182342529297
George,Wade,1.63003408908844
Nova,Victoria,1.630165934562683
Carlos,Nathan,1.6306753158569336
Jack,Lloyd,1.630753517150879
Amber,Sylvia,1.6308027505874634
Amber,Verna,1.630940556526184
Ben,Tyson,1.6311320066452026
JackoLantern,Jimmy,1.631414771080017
Echo,SabrinatheWitch,1.631717562675476
Dan,Dylan,1.631735920906067
JackoLantern,Simon,1.6317983865737915
Joshua,Nathan,1.6320124864578247
Abigail,Carol,1.6321104764938354
Jodie,Shana,1.6321783065795898
Jennifer,Rachel,1.632291316986084
Mia,SabrinatheWitch,1.6323752403259277
Sara,Tessa,1.6323894262313843
KlipKim,Tim,1.6324747800827026
SabrinatheWitch,Victoria,1.6328459978103638
Chad,PN,1.6329083442687988
Dylan,Kevin,1.6329542398452759
Doughnut,Harper,1.6331782341003418
Oscar,PN,1.633238434791565
Cyrus,Graham,1.633388638496399
George,Ryan,1.6334190368652344
Angela,Jennifer,1.6336346864700317
Aiden,Brad,1.6340378522872925
Larry,Sean,1.6341389417648315
Annie,Tina,1.634238839149475
Olivia,Rebecca,1.6343470811843872
Jake,Vincent,1.6344419717788696
Dan,Larry,1.634482979774475
ReporterCatalina,Vivien,1.6345535516738892
Athena,Rita,1.6346535682678223
Abigail,Patricia,1.6346710920333862
Gus,PN,1.6348003149032593
Nia,Slushy,1.634848713874817
Ryan,Shana,1.6348791122436523
Carol,Vivien,1.6350904703140259
Jodie,MrsClaus,1.6352444887161255
Norah,Sophia,1.635301947593689
Dan,PN,1.635337471961975
Olivia,Sylvia,1.635602355003357
Chester,Shana,1.6357916593551636
Brad,Ryan,1.6358872652053833
Gus,Rex,1.6362553834915161
Natalie,Victoria,1.6365922689437866
Bell,Harper,1.6367673873901367
Brad,Matthew,1.6369165182113647
JackoLantern,Justin,1.6370137929916382
Jack,Ravi,1.6371454000473022
Dean,PN,1.6372026205062866
Doug,Liam,1.6372981071472168
Brad,Rex,1.637616515159607
Dylan,Ryan,1.6377949714660645
Santa,Wade,1.6378437280654907
Mia,Vivien,1.6379190683364868
DollarJr,Owen,1.6379421949386597
Larry,Neoguard,1.6381605863571167
Charlotte,Patricia,1.6382321119308472
Nana,Shana,1.6382461786270142
Katie,Liz,1.638426661491394
Hugh,Ron,1.6387077569961548
Camila,Catherine,1.638882040977478
Cole,Wade,1.6389328241348267
Chase,River,1.6389914751052856
Angela,Nana,1.63901948928833
Cole,PN,1.6391295194625854
JackoLantern,Oliver,1.6391383409500122
Jack,Sindarin,1.6391545534133911
Chase,Noa,1.6391664743423462
Lydia,Verna,1.6392096281051636
Bruce,Hugh,1.6393051147460938
Eman,Matthew,1.6393303871154785
Audrey,Shana,1.639398217201233
Alex,Millie,1.6395173072814941
Amber,Samantha,1.639593482017517
Tessa,Vanessa,1.6397032737731934
Damian,Peter,1.6397351026535034
Eman,Kevin,1.6397782564163208
Neoguard,Xavier,1.6399565935134888
Ryan,Walter,1.6400922536849976
Athena,Riley,1.6402387619018555
Charlotte,Nana,1.640508770942688
Angela,Nia,1.6408113241195679
Aiden,Tim,1.641215205192566
Lydia,Sophia,1.6412230730056763
Gus,Larry,1.6413918733596802
KlipKim,West,1.6414052248001099
Camila,Jennifer,1.6414456367492676
Doughnut,Emma,1.6422301530838013
Logan,Shana,1.6429166793823242
Eman,Ryan,1.6432489156723022
SabrinatheWitch,Sylvia,1.6434885263442993
Landon,Rudolph,1.6436642408370972
Dean,Jake,1.643696665763855
Furnando,Kevin,1.6437355279922485
Rebecca,Sara,1.6437458992004395
Nana,Vivien,1.6439236402511597
Avery,Stephanie,1.6440666913986206
Aaron,Eman,1.6441621780395508
Catherine,Vivien,1.6441842317581177
Emma,Nova,1.644236445426941
Damian,Kevin,1.6443700790405273
Katie,Rebecca,1.6444754600524902
George,Rudolph,1.6445015668869019
Elias,Furnando,1.6445518732070923
Matthew,Sindarin,1.6448850631713867
CaptainBill,JackoLantern,1.6454157829284668
Mia,MrsClaus,1.6454254388809204
Claire,Lindsay,1.6455305814743042
Caleb,Cole,1.645585060119629
Maddie,Maisie,1.6458210945129395
Bruce,Philip,1.6458336114883423
Margaret,Rebecca,1.6460226774215698
Dean,Graham,1.6460477113723755
Chester,Edward,1.646090030670166
Jackson,River,1.6461728811264038
Justin,Neel,1.6462234258651733
MrsClaus,Sylvia,1.6462688446044922
Brad,George,1.64631986618042
AnnabelletheGhost,Sara,1.646463394165039
Damian,Larry,1.6464958190917969
Amber,Patricia,1.6465907096862793
ReporterCatalina,Ryan,1.6467924118041992
Caitlyn,ReporterCatalina,1.6468256711959839
Neel,Philip,1.6468459367752075
Rachel,Tina,1.6470035314559937
Claire,Jodie,1.6470574140548706
Dan,Logan,1.6471201181411743
Abigail,Vivien,1.6471468210220337
Amber,Skylar,1.6471811532974243
MrsClaus,Oliver,1.6472395658493042
Bell,Starling,1.647278904914856
Landon,Oscar,1.6476736068725586
Charlotte,Lindsay,1.647813320159912
Alex,Harper,1.647861361503601
Graham,Xavier,1.6480098962783813
Caleb,Eman,1.6482691764831543
Rachel,Ryan,1.648314118385315
Chloe,Mia,1.648340106010437
Rebecca,Sylvia,1.6485285758972168
Jake,Sean,1.6485291719436646
Aiden,Rudolph,1.648709774017334
Chad,George,1.6487451791763306
Noa,West,1.6487860679626465
Chase,Dean,1.64895761013031
Dan,Liam,1.6489726305007935
Chloe,Shana,1.6491279602050781
Jodie,Rachel,1.6492549180984497
Bell,Carol,1.6492552757263184
Damian,Jake,1.6493257284164429
PN,Walter,1.6493891477584839
Chester,Tessa,1.6494706869125366
AnnabelletheGhost,Katie,1.649545669555664
Nana,Nova,1.6496700048446655
Norah,Tessa,1.6496715545654297
Norah,Vivien,1.6496882438659668
Dean,Michael,1.6498600244522095
Aaron,Aiden,1.6499587297439575
Chad,KlipKim,1.6499643325805664
Ryan,Wade,1.6499768495559692
Nia,Paige,1.6501964330673218
Damian,Xavier,1.6501976251602173
Kevin,Noa,1.6502366065979004
Abigail,Audrey,1.650528073310852
Noa,Ravi,1.6505383253097534
Joshua,Justin,1.650755763053894
Frankenstein,PN,1.6508649587631226
Liam,PN,1.650933861732483
Justin,Landon,1.6509828567504883
Doughnut,Vanessa,1.6510329246520996
Sylvia,Victoria,1.6512407064437866
Katie,Natalie,1.6512627601623535
Avery,Chloe,1.6512789726257324
Duke,Santa,1.6514949798583984
Damian,Noa,1.6515763998031616
Chad,Larry,1.6520110368728638
Amber,Rita,1.6521109342575073
Ben,DollarJr,1.6521152257919312
David,Dean,1.6521406173706055
Matthew,Oscar,1.6524372100830078
Joshua,Owen,1.652779459953308
Echo,Maisie,1.6528897285461426
AnnabelletheGhost,Sylvia,1.6531366109848022
Henry,Patrick,1.6532081365585327
Nana,Rebecca,1.6532459259033203
Matthew,Shana,1.653304100036621
Cole,Oscar,1.65334951877594
Rita,Shana,1.6537460088729858
Cole,Nathan,1.6537731885910034
Aiden,Carl,1.6538519859313965
Nova,Sara,1.6539520025253296
Noa,Peter,1.6541270017623901
Aaron,Tim,1.654147744178772
Furnando,Tim,1.6542013883590698
Carol,Patricia,1.6543402671813965
Rex,Ryan,1.6544097661972046
Henry,Neoguard,1.6545003652572632
Lindsay,Rebecca,1.6546010971069336
Cole,Walter,1.6546745300292969
Dean,Peter,1.65478515625
Ryan,Sean,1.6547919511795044
Kristen,Shana,1.6547966003417969
Chad,Ravi,1.654836654663086
Nathan,Rudolph,1.654880404472351
Jack,PN,1.6550477743148804
Doughnut,Jennifer,1.6552516222000122
Chloe,Harper,1.655318260192871
Henry,Walter,1.655369758605957
Caleb,Chad,1.6554101705551147
Dean,SabrinatheWitch,1.6555501222610474
Sindarin,Walter,1.6556367874145508
DollarJr,Matthew,1.6557058095932007
KilliantheVampire,Liam,1.6557472944259644
Caitlyn,Samantha,1.6558235883712769
Lydia,MrsClaus,1.6558938026428223
Doughnut,Natalie,1.6558952331542969
Joshua,Tyson,1.6560068130493164
Katie,Skylar,1.6560221910476685
Caleb,Matthew,1.6561589241027832
Damian,Jack,1.6561789512634277
Jack,Peter,1.656234622001648
Jack,Neoguard,1.6562670469284058
Bruce,Liam,1.6564435958862305
Graham,Noa,1.656498908996582
Simon,Xavier,1.6568351984024048
Audrey,JackoLantern,1.6569546461105347
Caleb,Ryan,1.6570254564285278
DollarJr,KlipKim,1.6572405099868774
Abigail,Rita,1.6572962999343872
Carlos,ReporterCatalina,1.657338261604309
AnnabelletheGhost,Emma,1.657427430152893
Damian,Walter,1.6574348211288452
Nathan,Shana,1.6574753522872925
Aaron,Xavier,1.657513976097107
MrsClaus,Rita,1.657687783241272
Graham,Vincent,1.6576967239379883
Avery,Katie,1.6577104330062866
Aiden,Vincent,1.6577516794204712
Claire,Liz,1.6580238342285156
Annie,Doughnut,1.6583490371704102
Damian,Sean,1.6584395170211792
Joshua,Walter,1.6585031747817993
Carol,JackoLantern,1.658521294593811
Liam,Noa,1.6586695909500122
Catherine,Maisie,1.6587079763412476
Nathan,Sean,1.6590906381607056
Patricia,SabrinatheWitch,1.6591511964797974
Charlotte,Rachel,1.6591755151748657
Audrey,ReporterCatalina,1.6592544317245483
Natalie,Stephanie,1.6593858003616333
Claire,Kelsey,1.6593955755233765
Chad,Dean,1.6594895124435425
Claire,Maisie,1.6594972610473633
Bell,Katie,1.659582495689392
Margaret,SabrinatheWitch,1.6596916913986206
Justin,UncleHank,1.6596988439559937
Shana,Tina,1.6597987413406372
Callan,Hugh,1.659878134727478
Buddy,Henry,1.6598819494247437
Graham,JackoLantern,1.6600780487060547
Oliver,Rebecca,1.6600817441940308
Oliver,Simon,1.6600881814956665
CaptainBill,Neoguard,1.660234808921814
Avery,Nova,1.660330891609192
Brad,Vincent,1.6603578329086304
DollarJr,JackoLantern,1.6604963541030884
Damian,Ravi,1.6605459451675415
George,Peter,1.6605983972549438
Jack,KlipKim,1.6606208086013794
Angela,Norah,1.6607164144515991
Claire,ReporterCatalina,1.6608818769454956
Margaret,Tessa,1.6609083414077759
Glenda,SabrinatheWitch,1.6609326601028442
DollarJr,ReporterCatalina,1.661107063293457
Abigail,Oliver,1.6611820459365845
Jennifer,Shana,1.6613200902938843
Furnando,Neel,1.661332130432129
JackoLantern,Nana,1.6616243124008179
Landon,Xavier,1.6616441011428833
Dan,Jack,1.6616525650024414
Chloe,Verna,1.6617943048477173
Lloyd,Xavier,1.661813735961914
Lindsay,Sara,1.6618242263793945
Nana,Rachel,1.6619714498519897
Grace,Natalie,1.6619735956192017
Rebecca,Tessa,1.6622424125671387
Norah,Patricia,1.6622730493545532
George,Santa,1.662590503692627
Lydia,Tessa,1.6626421213150024
Hugh,Landon,1.66265869140625
Rebecca,ReporterCatalina,1.6627298593521118
Jackson,Nathan,1.663088321685791
Norah,Sara,1.6630953550338745
NewscasterJohn,Walter,1.6631015539169312
Furnando,Justin,1.6631883382797241
CaptainBill,Matthew,1.6632280349731445
Lucille,Verna,1.6633094549179077
Chase,Simon,1.6634845733642578
Noa,Sindarin,1.6634894609451294
Claire,Doughnut,1.663605809211731
Carol,Sylvia,1.6636918783187866
Abigail,Chester,1.663963794708252
Liz,Margaret,1.6642483472824097
Doughnut,Margaret,1.6645073890686035
Justin,Logan,1.664511799812317
Catherine,Natalie,1.664634108543396
Echo,ReporterCatalina,1.664678692817688
Larry,Sindarin,1.6647816896438599
Camila,Vivien,1.6649051904678345
Angela,Vanessa,1.6649233102798462
Chad,Justin,1.6650581359863281
Samantha,Stephanie,1.6651066541671753
Sylvia,Tessa,1.6651681661605835
Samantha,Shana,1.6654982566833496
Callan,Nathan,1.665786623954773
Jodie,ReporterCatalina,1.6659746170043945
CaptainBill,Carlos,1.6661280393600464
Damian,George,1.6661452054977417
Eman,Liam,1.666254997253418
Nana,Vanessa,1.6663227081298828
Katie,Norah,1.666845679283142
Bell,Vanessa,1.6668672561645508
David,Lloyd,1.6669172048568726
JackoLantern,PN,1.6669548749923706
Caleb,Larry,1.666975975036621
Helena,Margaret,1.666983723640442
Cole,Landon,1.66706383228302
Jake,Landon,1.667103886604309
Nathan,Neoguard,1.6671637296676636
Liz,Shana,1.6673082113265991
Patricia,ReporterCatalina,1.6674877405166626
Brad,Callan,1.6677284240722656
Nana,Tessa,1.6678661108016968
Jenna,Mia,1.6681584119796753
Kevin,Sean,1.6684356927871704
Olivia,Rachel,1.66866934299469
Audrey,Tessa,1.668774962425232
Charlotte,Doughnut,1.6688848733901978
Angela,ReporterCatalina,1.668979525566101
Liz,Nana,1.669082760810852
Matthew,Santa,1.6691802740097046
Dean,Oliver,1.6691895723342896
Dean,Henry,1.6691981554031372
Duke,Henry,1.669251561164856
Mia,Tessa,1.6692949533462524
Rudolph,Ryan,1.6693130731582642
Bruce,Dan,1.6694159507751465
Jake,Liam,1.6694613695144653
Katie,Sophia,1.6694999933242798
Audrey,Maisie,1.6695952415466309
Dan,Tyson,1.6696223020553589
David,Duke,1.6696966886520386
Eman,PN,1.6697758436203003
Harper,Kristen,1.6698099374771118
Benny,Landon,1.6698179244995117
Doughnut,Rebecca,1.669906497001648
JackoLantern,Jeff,1.6699093580245972
Riley,SabrinatheWitch,1.6700876951217651
Jake,Kevin,1.6701254844665527
Claire,Skylar,1.6701406240463257
Jake,Nathan,1.6702035665512085
Nathan,Peter,1.670211911201477
Wade,Walter,1.6702990531921387
JackoLantern,KlipKim,1.6705223321914673
Aaron,Philip,1.670681357383728
Shana,Slushy,1.6707887649536133
Joshua,Larry,1.6708191633224487
Dean,Landon,1.6708321571350098
Natalie,Verna,1.670836329460144
Nova,Samantha,1.6709985733032227
Chloe,Echo,1.671026349067688
Bruce,KlipKim,1.671135425567627
Carl,Neoguard,1.671207308769226
Catherine,Starling,1.6712437868118286
Chad,Nathan,1.6714123487472534
Dean,Robert,1.6717497110366821
Eman,ReporterCatalina,1.671802043914795
Doug,Jack,1.6719083786010742
Claire,Helena,1.6720470190048218
AnnabelletheGhost,Vivien,1.6722809076309204
Katie,Starling,1.672432541847229
Olivia,Starling,1.6724809408187866
Kevin,Liam,1.6730823516845703
Harper,Mia,1.6730856895446777
JackoLantern,Noa,1.6731055974960327
Justin,Simon,1.6731820106506348
Jack,Philip,1.6731863021850586
Kevin,Philip,1.6733261346817017
Claire,Vanessa,1.6733425855636597
Olivia,Vanessa,1.6734439134597778
Jennifer,Vivien,1.6734849214553833
Eman,George,1.6735559701919556
Cole,ReporterCatalina,1.6735916137695312
Audrey,Verna,1.6735968589782715
Avery,Olivia,1.6739557981491089
JackoLantern,Victoria,1.673959732055664
AnnabelletheGhost,Jodie,1.67396080493927
Graham,UncleHank,1.6740325689315796
Glenda,Nana,1.6740978956222534
Claire,Millie,1.6741493940353394
Margaret,Vivien,1.6742724180221558
Carlos,Dan,1.6742931604385376
Caitlyn,Patricia,1.6743093729019165
Caleb,Nathan,1.6745944023132324
Jenna,Sylvia,1.6746402978897095
Dylan,Larry,1.6746631860733032
JackoLantern,Tim,1.6746960878372192
Bruce,Kevin,1.674716591835022
Caleb,Kevin,1.6747316122055054
Dean,Verna,1.6748086214065552
Damian,Rex,1.6748218536376953
Chad,Jack,1.6748543977737427
Joshua,Noa,1.674902319908142
Icarus,Landon,1.6749821901321411
Aaron,Cyrus,1.6750855445861816
Charlotte,Millie,1.6751166582107544
Harper,Rachel,1.6751857995986938
Margaret,Skylar,1.6752067804336548
Caitlyn,Shana,1.6752132177352905
Harper,Liz,1.6752549409866333
Cyrus,Noa,1.6753240823745728
ReporterCatalina,Verna,1.6755636930465698
Damian,Justin,1.6756924390792847
Justin,KlipKim,1.6759973764419556
Abigail,AnnabelletheGhost,1.6760655641555786
Callan,KlipKim,1.6762241125106812
Margaret,Stephanie,1.6762713193893433
Rebecca,Vivien,1.6763907670974731
Margaret,Mia,1.6765156984329224
Edward,Sindarin,1.676613211631775
Skylar,Tessa,1.6767148971557617
Abigail,Lucille,1.676742672920227
AnnabelletheGhost,Carol,1.6767586469650269
SabrinatheWitch,Viqqie,1.6767703294754028
Echo,Shana,1.6770631074905396
Dean,Oscar,1.6771138906478882
Norah,Verna,1.6773325204849243
Chloe,Nia,1.6774324178695679
Annie,Jennifer,1.6775093078613281
Oscar,Ron,1.677537441253662
Kristen,Sophia,1.6775908470153809
Dan,Santa,1.677600383758545
MrsClaus,Skylar,1.6776528358459473
Jeff,Simon,1.6777697801589966
Ben,Noa,1.6777764558792114
Joshua,Kevin,1.6777915954589844
Nana,Victoria,1.6779488325119019
Aiden,PN,1.6780916452407837
Noa,Xavier,1.678120732307434
Caleb,Liam,1.678195834159851
Landon,Peter,1.6784149408340454
Aiden,Justin,1.678454875946045
Catherine,Maddie,1.6785926818847656
Rachel,SabrinatheWitch,1.6786905527114868
Natalie,Riley,1.6787322759628296
Chester,Dylan,1.6788969039916992
Dan,Philip,1.6789302825927734
Logan,Ravi,1.678992748260498
Margaret,Vanessa,1.6790670156478882
Liam,Tyson,1.6795114278793335
Damian,Joshua,1.6795872449874878
Dan,Ryan,1.6795965433120728
MrsClaus,Victoria,1.6797747611999512
Nova,ReporterCatalina,1.679890513420105
Dan,Michael,1.6800165176391602
Nia,Rebecca,1.6800432205200195
George,Joshua,1.6801191568374634
Nova,Sylvia,1.6801365613937378
Margaret,Verna,1.68025541305542
Brad,Wade,1.6803151369094849
Samantha,Skylar,1.6804465055465698
Cole,Rex,1.6805745363235474
Aiden,Eman,1.680592656135559
Maddie,Starling,1.6806031465530396
Harper,Sara,1.680637240409851
Neoguard,Vincent,1.6806622743606567
Rachel,Skylar,1.6810030937194824
Carlos,Simon,1.6810320615768433
Kelsey,Tessa,1.681198000907898
Larry,PN,1.681198000907898
Audrey,Chloe,1.6812610626220703
Liz,Maisie,1.6815179586410522
ReporterCatalina,Tessa,1.6815215349197388
Abigail,Angela,1.6815357208251953
Caleb,Sean,1.681602120399475
Philip,Ron,1.6816433668136597
Dan,Justin,1.6817231178283691
Jodie,Nana,1.6819192171096802
Dean,Vincent,1.681933879852295
Logan,Tim,1.6819359064102173
Harper,Samantha,1.6820716857910156
Emma,Rachel,1.6821556091308594
Kristen,Patricia,1.682230830192566
Wade,Xavier,1.6822556257247925
Aiden,DollarJr,1.6824158430099487
Grace,JackoLantern,1.682421088218689
Logan,Nathan,1.6825294494628906
Cole,Damian,1.6826661825180054
Doughnut,Nana,1.6832342147827148
Claire,Rachel,1.6832929849624634
George,Matthew,1.683298945426941
Lindsay,Vivien,1.6833882331848145
Dean,Rex,1.6835013628005981
Chad,Sindarin,1.6836419105529785
Caleb,Joshua,1.6836825609207153
April,Riley,1.6838005781173706
Aaron,Benny,1.6839265823364258
KlipKim,Royce,1.6843180656433105
AnnabelletheGhost,Natalie,1.6844457387924194
Hans,Xavier,1.6847929954528809
Jodie,Verna,1.6848645210266113
Chase,Tim,1.684902548789978
Abigail,Dean,1.684909462928772
Chester,Natalie,1.6849913597106934
Damian,Matthew,1.6849942207336426
Athena,SabrinatheWitch,1.6850451231002808
Jackson,KlipKim,1.6850985288619995
Jodie,Maisie,1.6853128671646118
AnnabelletheGhost,Mia,1.6854325532913208
Echo,Sylvia,1.6855707168579102
Dan,Rex,1.6855918169021606
Chloe,Nana,1.6856399774551392
Liz,SabrinatheWitch,1.6857651472091675
Chester,KlipKim,1.6858595609664917
Elias,Kevin,1.6858978271484375
Neel,PN,1.686127781867981
Caleb,Xavier,1.6862303018569946
Oscar,Ravi,1.686436653137207
Charlotte,Rebecca,1.6864380836486816
Jennifer,SabrinatheWitch,1.6865086555480957
Liz,Vivien,1.686705470085144
Echo,Samantha,1.6868747472763062
Owen,Tim,1.6868858337402344
Caitlyn,Rachel,1.6869319677352905
Lydia,Rita,1.6869450807571411
Harper,Olivia,1.6869697570800781
Kristen,Maisie,1.6870681047439575
ReporterCatalina,Viqqie,1.6873847246170044
Harper,Maddie,1.6875349283218384
Kevin,Lloyd,1.6876119375228882
Kevin,Vincent,1.6876639127731323
Doug,Henry,1.6876758337020874
Aiden,Matthew,1.6878662109375
Claire,Tessa,1.6879416704177856
Caitlyn,Riley,1.6879726648330688
Kevin,Tim,1.687981128692627
Mia,Paige,1.6880933046340942
Kristen,Samantha,1.6880946159362793
Matthew,Rachel,1.6882133483886719
Aaron,Larry,1.6882246732711792
Buddy,Jack,1.6882824897766113
Neel,Neoguard,1.6883063316345215
Harper,Maisie,1.6886879205703735
Sindarin,West,1.688752293586731
Dean,Liam,1.6888456344604492
Gus,Noa,1.6889071464538574
Larry,Rudolph,1.6890201568603516
Lydia,Rachel,1.6890382766723633
Margaret,Rachel,1.6890783309936523
Hans,Nathan,1.6891604661941528
Nana,Nathan,1.6891967058181763
Caleb,Noa,1.6892294883728027
Bell,Rebecca,1.6893038749694824
George,Vincent,1.6898680925369263
Bruce,Justin,1.6899018287658691
Callan,Jack,1.6900711059570312
Chester,Noa,1.6901057958602905
Neoguard,Sean,1.690362811088562
Lloyd,Ravi,1.6904414892196655
Caleb,Furnando,1.6905630826950073
Riley,Samantha,1.6905851364135742
Dean,Rachel,1.6906366348266602
Stephanie,Tessa,1.690740942955017
Caitlyn,Skylar,1.690803050994873
Kelly,Rachel,1.6908522844314575
AnnabelletheGhost,April,1.6910895109176636
Chad,Kevin,1.6911202669143677
Kelsey,Vivien,1.691152572631836
Chase,Dan,1.6911859512329102
Abigail,Stephanie,1.6911929845809937
Larry,Shana,1.6912511587142944
Bell,Nana,1.6912556886672974
Buddy,Neel,1.691306471824646
Buddy,Frankenstein,1.6913546323776245
Cyrus,Damian,1.6913948059082031
Kevin,Peter,1.6914068460464478
Natalie,Sara,1.6915725469589233
Athena,Nova,1.6916298866271973
Logan,Lucille,1.6916707754135132
Eman,Sean,1.6917524337768555
Audrey,Grace,1.6918953657150269
Callan,Sindarin,1.6919585466384888
Dean,SantaClaus,1.692041039466858
SabrinatheWitch,Vivien,1.692050814628601
Philip,UncleHank,1.692056655883789
Emma,Shana,1.6921862363815308
Dean,KlipKim,1.692315936088562
Camila,SabrinatheWitch,1.6924285888671875
David,Ryan,1.6924434900283813
Jack,Landon,1.6924461126327515
Larry,Verna,1.6924508810043335
April,Kristen,1.6924762725830078
Neel,Noa,1.6925121545791626
Callan,Graham,1.6925193071365356
Lydia,Samantha,1.692525029182434
Athena,ReporterCatalina,1.692663311958313
Aaron,West,1.6926950216293335
Kelsey,Vanessa,1.692753791809082
Kevin,Oscar,1.6928962469100952
Aaron,Ryan,1.6930198669433594
Natalie,Ryan,1.6930221319198608
Dean,DollarJr,1.6930831670761108
ReporterCatalina,Stephanie,1.6932215690612793
Mia,Shana,1.6933060884475708
George,Oscar,1.6933482885360718
George,Tim,1.6933788061141968
Noa,Tim,1.6935831308364868
Sindarin,Wade,1.6936403512954712
Kristen,Victoria,1.6937428712844849
Aiden,Peter,1.6939088106155396
Nathan,Ryan,1.6940131187438965
Damian,Philip,1.694090723991394
Kelsey,SabrinatheWitch,1.6941637992858887
Helena,Starling,1.6943165063858032
Jodie,Rebecca,1.6943902969360352
Philip,Robert,1.69448983669281
KlipKim,Philip,1.6944938898086548
Dan,Walter,1.6945000886917114
Jennifer,Jodie,1.6945418119430542
AnnabelletheGhost,Nana,1.694989800453186
Dean,Tessa,1.695067048072815
Carol,Nova,1.6954050064086914
JackoLantern,Natalie,1.695466160774231
Eman,Ron,1.6954838037490845
Buddy,PN,1.6955342292785645
Nova,Oliver,1.6955381631851196
MrsClaus,Patricia,1.6955913305282593
Athena,Chloe,1.6957489252090454
Sylvia,Vanessa,1.6959394216537476
Echo,Skylar,1.6959433555603027
Camila,Kelsey,1.6959730386734009
Norah,Oliver,1.6959799528121948
Chad,Eman,1.6960700750350952
Katie,Nana,1.6962790489196777
Aaron,PN,1.696349024772644
Jennifer,Vanessa,1.6963750123977661
David,Nathan,1.6965056657791138
Landon,Ryan,1.696548342704773
Dan,Rudolph,1.6965774297714233
Chloe,Paige,1.6966105699539185
Jack,West,1.6968053579330444
Mia,Skylar,1.696865439414978
Cole,Rudolph,1.696876049041748
PN,Tyson,1.6969956159591675
Graham,PN,1.6970123052597046
Damian,Robert,1.697028636932373
April,Rita,1.6971594095230103
Simon,Tim,1.697172999382019
Damian,Nathan,1.6972087621688843
Avery,Bell,1.6972402334213257
Kevin,Neoguard,1.6972600221633911
Kristen,Mia,1.697457194328308
Avery,Starling,1.6974743604660034
Matthew,Vincent,1.6976431608200073
Jennifer,Olivia,1.6977680921554565
Margaret,Viqqie,1.6977802515029907
JackoLantern,Kevin,1.6980443000793457
Caleb,Henry,1.6982355117797852
Katie,Shana,1.6983815431594849
KlipKim,Sindarin,1.6983855962753296
Aaron,David,1.6985148191452026
Maisie,Vivien,1.6985621452331543
Sara,Verna,1.6989240646362305
Jenna,ReporterCatalina,1.698954463005066
Victoria,Vivien,1.6990264654159546
Neel,UncleHank,1.6990331411361694
Matthew,NewscasterJohn,1.699183464050293
Kevin,Tyson,1.6992906332015991
Jenna,Sara,1.6992969512939453
Jack,Wade,1.6995559930801392
DollarJr,Logan,1.6996861696243286
Furnando,PN,1.6997424364089966
Mia,ReporterCatalina,1.6997747421264648
Angela,Mia,1.6998265981674194
Oscar,West,1.699832558631897
Catherine,Jenna,1.699963092803955
Nana,Starling,1.7004624605178833
Chester,Cole,1.7005716562271118
Ryan,SabrinatheWitch,1.7006330490112305
Rex,Vincent,1.7006889581680298
Liz,Sylvia,1.7007408142089844
Harper,Tessa,1.7007416486740112
Caitlyn,Chloe,1.7008506059646606
Doughnut,Katie,1.7008668184280396
Maisie,Rebecca,1.7008748054504395
JackoLantern,Jackson,1.7008768320083618
Maisie,Vanessa,1.7008811235427856
Slushy,Sylvia,1.700941562652588
Joshua,KlipKim,1.7010196447372437
Dan,Verna,1.7010363340377808
Vanessa,Verna,1.7011442184448242
Dylan,Tim,1.701147437095642
Chase,JackoLantern,1.7012656927108765
Rebecca,Shana,1.7012706995010376
Jennifer,Tina,1.7013088464736938
Carlos,Kevin,1.7015293836593628
Chad,Ryan,1.7016701698303223
Nana,Samantha,1.7016949653625488
Harper,SabrinatheWitch,1.7017145156860352
Helena,Jennifer,1.7018494606018066
Furnando,Gus,1.7020220756530762
Abigail,Liz,1.7020444869995117
Dylan,West,1.7020988464355469
ReporterCatalina,Riley,1.7023309469223022
Dean,Victoria,1.7023829221725464
Chad,Damian,1.702407717704773
Larry,Rachel,1.7024661302566528
Aaron,DollarJr,1.7027348279953003
Nathan,Tyson,1.7028026580810547
Henry,Joshua,1.702985405921936
Owen,PN,1.7029948234558105
Janet,Oliver,1.7030595541000366
Nia,Vivien,1.703254222869873
Angela,Rita,1.7033206224441528
Caitlyn,Sara,1.7033270597457886
Liam,Xavier,1.703460693359375
April,Maisie,1.7034670114517212
Buddy,Noa,1.7034682035446167
Dylan,Walter,1.70350980758667
CaptainBill,Noa,1.7035611867904663
Claire,Starling,1.7036014795303345
Katie,ReporterCatalina,1.70361328125
Eman,Sindarin,1.7036641836166382
CaptainBill,PN,1.7037674188613892
Audrey,Nia,1.7038215398788452
Carlos,PN,1.703926682472229
Aaron,George,1.7039780616760254
Claire,Olivia,1.704022765159607
Nathan,ReporterCatalina,1.7042614221572876
Gus,Sean,1.704308032989502
Justin,Kevin,1.7043571472167969
Cole,Kevin,1.7044914960861206
Mia,Vanessa,1.704674243927002
Amber,Angela,1.7047128677368164
Chloe,Katie,1.704802393913269
Claire,Katie,1.7051047086715698
Emma,Natalie,1.7051178216934204
Helena,Tessa,1.7053004503250122
Justin,Larry,1.7053074836730957
Avery,Maddie,1.705325722694397
Callan,Peter,1.7054401636123657
Grace,ReporterCatalina,1.7054880857467651
Henry,Ryan,1.7058639526367188
Oscar,Sean,1.705997347831726
Carlos,KlipKim,1.7060275077819824
Chester,Ryan,1.7061206102371216
Harper,Starling,1.7061213254928589
Doug,ReporterCatalina,1.7062658071517944
Katie,Nova,1.7062840461730957
Alex,Lydia,1.7063099145889282
Dean,Dylan,1.7063924074172974
Caleb,Ravi,1.7066168785095215
Edward,Noa,1.7066574096679688
Icarus,KilliantheVampire,1.706674575805664
Kevin,ReporterCatalina,1.7068644762039185
ReporterCatalina,Vanessa,1.707034707069397
Jodie,Mia,1.7070420980453491
Doug,Furnando,1.7070865631103516
Helena,Nana,1.7071127891540527
Dan,Simon,1.7072027921676636
Larry,Peter,1.7073906660079956
Riley,Viqqie,1.7074066400527954
Landon,Simon,1.707464575767517
Landon,Matthew,1.7075352668762207
Aaron,Dean,1.7076406478881836
April,Nia,1.7076493501663208
Avery,Vanessa,1.7076841592788696
Ryan,Sindarin,1.7077239751815796
ReporterCatalina,Wade,1.7079476118087769
Vincent,Walter,1.7080588340759277
Athena,Viqqie,1.7080858945846558
Chase,Cole,1.708107590675354
Glenda,Kelsey,1.7081300020217896
Chloe,Kelsey,1.7081942558288574
Jake,Walter,1.7084022760391235
Chester,Verna,1.7084406614303589
Echo,Riley,1.7084780931472778
Carl,Noa,1.7084859609603882
Neel,Tyson,1.70856511592865
Lydia,Nova,1.708603024482727
Gus,Jake,1.7086411714553833
Abigail,Sara,1.708699107170105
Oscar,Sindarin,1.708734393119812
Aaron,Graham,1.708792805671692
Abigail,Joshua,1.708877444267273
Chloe,Jodie,1.7090758085250854
Emma,Stephanie,1.709164023399353
Jennifer,Wade,1.7093558311462402
Aaron,Gus,1.7093621492385864
Avery,Liz,1.7093669176101685
DollarJr,PN,1.7094632387161255
Athena,Rebecca,1.709678053855896
Dan,Graham,1.7097768783569336
Cole,Sean,1.709919810295105
Harper,Millie,1.709983229637146
Jack,Ron,1.7100257873535156
JackoLantern,River,1.7100495100021362
Maisie,Nova,1.7101022005081177
Kevin,PN,1.7102166414260864
Avery,Vivien,1.7102642059326172
Graham,Tyson,1.7103996276855469
DollarJr,Joshua,1.7104250192642212
Margaret,MrsClaus,1.710487723350525
Landon,Noa,1.710579752922058
Katie,Sylvia,1.7106975317001343
SabrinatheWitch,Sophia,1.7107640504837036
MrsClaus,Viqqie,1.7109864950180054
Athena,Verna,1.71098792552948
Camila,Tessa,1.7111612558364868
Landon,Larry,1.7112029790878296
Audrey,Echo,1.7113128900527954
Dan,Gus,1.7113338708877563
Maisie,ReporterCatalina,1.711525321006775
MrsClaus,Nova,1.7115769386291504
Dan,Lloyd,1.7115837335586548
Joshua,Shana,1.7116246223449707
Chloe,Victoria,1.711701512336731
Dan,ReporterCatalina,1.7117104530334473
Chase,Justin,1.711734414100647
PN,Ryan,1.7119121551513672
Dan,Neel,1.711943507194519
Aiden,Chester,1.7119451761245728
Skylar,Sylvia,1.7120399475097656
Graham,Robert,1.7121033668518066
Shana,Starling,1.7121230363845825
Jodie,Norah,1.7122546434402466
Camila,Margaret,1.7122749090194702
Dylan,Wade,1.7123206853866577
Emma,Katie,1.7124152183532715
Jake,Oscar,1.7124981880187988
David,Noa,1.7126356363296509
Caleb,Dylan,1.7127350568771362
Noa,Rachel,1.712849497795105
Harper,Kelsey,1.712852954864502
Brad,PN,1.7128548622131348
Chloe,Helena,1.712859034538269
Emma,Skylar,1.7129279375076294
KlipKim,Owen,1.712945818901062
Aaron,Carlos,1.7130125761032104
Damian,Eman,1.713053822517395
Henry,KlipKim,1.7131246328353882
Dean,Justin,1.7131437063217163
Athena,Shana,1.713227391242981
Caitlyn,Catherine,1.7134841680526733
Avery,Caitlyn,1.7136348485946655
Liz,Rachel,1.7137116193771362
Graham,Rex,1.7137374877929688
Nova,Tessa,1.7137402296066284
Jimmy,Joshua,1.7138018608093262
Jackson,Matthew,1.7138198614120483
Emma,Norah,1.71395742893219
Bruce,Neoguard,1.7140002250671387
Chester,ReporterCatalina,1.714236855506897
David,George,1.714236855506897
Abigail,Olivia,1.714248538017273
Camila,ReporterCatalina,1.7144180536270142
Echo,Nana,1.714441180229187
Amber,Vivien,1.7145414352416992
Henry,PN,1.714566707611084
Carlos,Edward,1.714581847190857
JackoLantern,Norah,1.7146258354187012
Logan,Rachel,1.7146791219711304
Brad,Dylan,1.7147712707519531
Oliver,SabrinatheWitch,1.714950680732727
JackoLantern,Neel,1.7150392532348633
Helena,Rebecca,1.7152934074401855
Amber,Liz,1.715402603149414
Ravi,Walter,1.7155089378356934
Chester,Simon,1.7156668901443481
Nathan,River,1.7157162427902222
Liz,Tessa,1.7157268524169922
Peter,Xavier,1.7157832384109497
George,Graham,1.7158170938491821
MrsClaus,ReporterCatalina,1.7158185243606567
Bell,Margaret,1.7158476114273071
Dean,JackoLantern,1.7159141302108765
Neoguard,Wade,1.7161856889724731
Claire,Rita,1.7161974906921387
Kelsey,Starling,1.7162705659866333
Cyrus,Landon,1.7165077924728394
April,Stephanie,1.7165387868881226
Stephanie,Vanessa,1.7165523767471313
Dan,Furnando,1.716556191444397
Avery,Patricia,1.716617226600647
Oliver,Vivien,1.7166271209716797
NewscasterJohn,Noa,1.7166434526443481
Dean,Sylvia,1.7167290449142456
Chad,Furnando,1.7169108390808105
MrsClaus,Verna,1.7169653177261353
Gus,Oliver,1.717078685760498
Rex,Rudolph,1.717081904411316
Abigail,Tessa,1.717084527015686
Neel,NewscasterJohn,1.7171510457992554
JackoLantern,SabrinatheWitch,1.7172154188156128
Oscar,Xavier,1.7173155546188354
Callan,Neel,1.7173314094543457
Verna,Wade,1.7173476219177246
Dean,Jodie,1.7174324989318848
Avery,Kristen,1.7176629304885864
Chloe,Samantha,1.7176822423934937
DollarJr,Xavier,1.7177623510360718
Chester,Neoguard,1.7177826166152954
Carol,Rachel,1.7178568840026855
Cole,Henry,1.717928409576416
Kristen,Sylvia,1.7180970907211304
Carl,Dean,1.718117117881775
Damian,Oliver,1.7181237936019897
Rachel,Victoria,1.7183407545089722
Avery,Samantha,1.7186716794967651
Annie,Jenna,1.7187138795852661
Jimmy,Victoria,1.7188717126846313
Victoria,Zoey,1.7189569473266602
Chester,Dean,1.7189807891845703
NewscasterJohn,PN,1.719067096710205
Aiden,Rex,1.7191224098205566
Frankenstein,Liam,1.7191888093948364
David,Ravi,1.7194775342941284
Mia,Patricia,1.719516396522522
Kevin,Simon,1.7195237874984741
Rita,SabrinatheWitch,1.7195320129394531
Nathan,West,1.719667911529541
ReporterCatalina,Victoria,1.71969735622406
SabrinatheWitch,Tessa,1.7199492454528809
Doug,Viktor,1.7200546264648438
Brad,Cole,1.7202014923095703
Abigail,Logan,1.7202831506729126
Gus,NewscasterJohn,1.72030508518219
Jack,Nathan,1.720381259918213
Doug,Philip,1.72040855884552
Matthew,Xavier,1.7206743955612183
DollarJr,Noa,1.7207192182540894
Cole,Eman,1.7207671403884888
Aaron,Sindarin,1.7208242416381836
David,Dylan,1.7209062576293945
Verna,Victoria,1.720969796180725
Aaron,Ben,1.7211593389511108
Cole,West,1.7214206457138062
Callan,Simon,1.7214244604110718
Chester,Logan,1.7215310335159302
Angela,Lydia,1.7215619087219238
Angela,Grace,1.7215632200241089
Callan,Jake,1.7216628789901733
Rita,Skylar,1.7216721773147583
Neel,ReporterCatalina,1.7217373847961426
Dylan,Michael,1.7217998504638672
Carl,Kevin,1.7219558954238892
Camila,Sylvia,1.7222169637680054
Jodie,Ryan,1.7222448587417603
Benny,Tim,1.722259521484375
Matthew,Tim,1.722342848777771
Doughnut,Kelsey,1.7225335836410522
Audrey,Victoria,1.7225942611694336
Furnando,Graham,1.7226001024246216
Carol,Viqqie,1.7228621244430542
Cole,Xavier,1.7229210138320923
Furnando,Joshua,1.7230089902877808
Carlos,Noa,1.7230831384658813
Jackson,Logan,1.7231308221817017
Justin,Wade,1.7231799364089966
April,Victoria,1.7233691215515137
Jeff,Rusty,1.7233901023864746
Callan,Chad,1.723394513130188
JackoLantern,Joshua,1.7233983278274536
Logan,Matthew,1.723458170890808
Nana,Simon,1.723482608795166
Neoguard,Slushy,1.7235493659973145
Lydia,Maddie,1.7238105535507202
Dylan,Jake,1.7239595651626587
Keybo,Matthew,1.723982334136963
Icarus,Justin,1.7241498231887817
Cole,Slushy,1.724239468574524
Kevin,Landon,1.7243428230285645
Nana,Sara,1.7244027853012085
Callan,West,1.7244529724121094
Cyrus,Frankenstein,1.7247328758239746
Dean,NewscasterJohn,1.7247520685195923
Shana,Xavier,1.7247530221939087
Graham,Peter,1.7247833013534546
Abigail,Skylar,1.724873661994934
Jake,Larry,1.7249432802200317
Kevin,Santa,1.7249469757080078
Norah,Victoria,1.7250703573226929
Kevin,Sindarin,1.7251602411270142
Angela,Caitlyn,1.7251644134521484
Chester,Sylvia,1.7251816987991333
Doughnut,Tessa,1.7253342866897583
Audrey,Sylvia,1.7253717184066772
Oliver,Sylvia,1.7253737449645996
Chloe,Rebecca,1.7257591485977173
Ben,Chester,1.7257885932922363
JackoLantern,Owen,1.725919246673584
Jake,Tim,1.725932240486145
DollarJr,Justin,1.7259324789047241
Landon,Tim,1.726026177406311
Dean,Simon,1.7260726690292358
Neel,Tim,1.7261172533035278
Henry,Larry,1.726198673248291
Callan,Kevin,1.7262262105941772
Eman,Vincent,1.726265788078308
Doughnut,Jodie,1.7263199090957642
Larry,Liam,1.7263531684875488
Graham,Joshua,1.7266393899917603
Dylan,Sean,1.7266654968261719
Rachel,Viqqie,1.7266845703125
Dylan,Logan,1.7267109155654907
JackoLantern,Sindarin,1.7267168760299683
Helena,Maisie,1.7268568277359009
Logan,Xavier,1.726915717124939
Harper,Sylvia,1.7269166707992554
Brad,Graham,1.7272030115127563
Callan,Dan,1.727251648902893
Audrey,Carol,1.7272580862045288
Emma,Rebecca,1.7274481058120728
Kristen,Vivien,1.7274900674819946
Noa,Philip,1.7275805473327637
George,Gus,1.7275890111923218
KlipKim,Larry,1.727598786354065
AnnabelletheGhost,Verna,1.7276829481124878
DollarJr,Ryan,1.7280011177062988
Aaron,Brad,1.728014588356018
Dean,Natalie,1.7281087636947632
Cole,KlipKim,1.7281231880187988
Camila,Jodie,1.7282967567443848
Michael,Vincent,1.7283040285110474
AnnabelletheGhost,Shana,1.7283062934875488
Camila,Vanessa,1.7283296585083008
Bruce,Damian,1.7283916473388672
Carol,Samantha,1.7284084558486938
Sindarin,Vincent,1.7284440994262695
Chester,Eman,1.7284640073776245
Kelsey,Sylvia,1.7284737825393677
Bell,Jennifer,1.7285151481628418
Bruce,Caleb,1.7285375595092773
Margaret,Nathan,1.7285571098327637
Dan,Henry,1.728616714477539
Katie,Vanessa,1.7286734580993652
MrsClaus,Stephanie,1.7288626432418823
Carlos,Joshua,1.7288941144943237
Jodie,Rita,1.7290016412734985
Aiden,David,1.7290202379226685
Jodie,Oliver,1.7290678024291992
Jake,Tyson,1.7290725708007812
Audrey,Sara,1.7291898727416992
Claire,Emma,1.7292922735214233
Angela,Catherine,1.7293152809143066
Margaret,Nova,1.729422688484192
Claire,Norah,1.729468822479248
Graham,West,1.7294864654541016
Matthew,Vivien,1.7295762300491333
Catherine,Nova,1.7296327352523804
Cyrus,Dean,1.7296777963638306
Aiden,Wade,1.7296991348266602
ReporterCatalina,Rita,1.7297717332839966
Bell,Claire,1.7297877073287964
Carlos,Chase,1.729803204536438
Dylan,Slushy,1.7300328016281128
JackoLantern,Xavier,1.7301640510559082
Aiden,Damian,1.7302852869033813
Chester,Nana,1.73031747341156
Jake,Ravi,1.7303656339645386
Icarus,Lloyd,1.7304401397705078
Carlos,Eman,1.7305318117141724
PN,Ravi,1.7307347059249878
Caitlyn,JackoLantern,1.7307395935058594
Dylan,Rudolph,1.7307955026626587
Icarus,Jeff,1.7309166193008423
AnnabelletheGhost,Starling,1.7309294939041138
Dylan,Jack,1.7309373617172241
Henry,SantaClaus,1.7314352989196777
Carlos,Furnando,1.7314914464950562
Jack,Xavier,1.7315608263015747
Dean,Kevin,1.7317990064620972
Chase,Ryan,1.7317992448806763
Nia,Sylvia,1.7318354845046997
Neoguard,Ravi,1.7321863174438477
Emma,Sylvia,1.7322497367858887
Dylan,Rachel,1.7323468923568726
Chad,Cole,1.7325129508972168
Echo,Stephanie,1.7326478958129883
Grace,Norah,1.7326749563217163
Ben,Dan,1.7329025268554688
Callan,Icarus,1.7329983711242676
Henry,Matthew,1.7330011129379272
Lindsay,Starling,1.7330366373062134
Matthew,Oliver,1.7331461906433105
Charlotte,Mia,1.733157753944397
Kevin,Michael,1.7331794500350952
Noa,River,1.7332288026809692
Catherine,Nana,1.7332539558410645
Dylan,Oliver,1.7333498001098633
Furnando,Sindarin,1.733373999595642
Ryan,Sylvia,1.7335141897201538
Nia,Victoria,1.7335253953933716
Buddy,Neoguard,1.7335280179977417
Abigail,Jennifer,1.7335747480392456
Echo,Rita,1.7336138486862183
Norah,Paige,1.7336176633834839
Joshua,Neel,1.7337340116500854
Justin,Nathan,1.7338989973068237
Camila,Natalie,1.7339057922363281
Agatha,Tessa,1.7339590787887573
Agatha,Audrey,1.7339826822280884
JackoLantern,Tessa,1.733991026878357
Chad,Royce,1.7341127395629883
Benny,KlipKim,1.7342723608016968
Kelsey,Lindsay,1.7343164682388306
Chase,DollarJr,1.7343602180480957
Liz,Mia,1.7343801259994507
JackoLantern,Rachel,1.7344762086868286
Hans,Logan,1.7345391511917114
Dean,River,1.7346283197402954
Jackson,Noa,1.7346605062484741
KlipKim,Tyson,1.7347627878189087
Brad,Landon,1.734826922416687
Bell,Sara,1.7348518371582031
Chester,Gus,1.7349047660827637
Abigail,Xavier,1.7349048852920532
Olivia,Vivien,1.7349172830581665
Benny,Damian,1.7349276542663574
Henry,Lloyd,1.734932780265808
Cyrus,Justin,1.7350801229476929
Jenna,Maisie,1.7351969480514526
Oscar,Vincent,1.735261082649231
Cole,Nana,1.7352951765060425
Chester,Vincent,1.7353190183639526
Logan,ReporterCatalina,1.735357403755188
Justin,Philip,1.7353702783584595
Matthew,Wade,1.7353957891464233
Harper,Helena,1.7354587316513062
Larry,Robert,1.7355340719223022
Oscar,Tyson,1.7356828451156616
Chester,PN,1.735831618309021
Carl,Cole,1.7358485460281372
Echo,Sophia,1.7359561920166016
Caitlyn,Harper,1.7360867261886597
Harper,MrsClaus,1.7361708879470825
Natalie,Nia,1.7362490892410278
Kevin,Margot,1.7363200187683105
Justin,Owen,1.7363395690917969
Catherine,Liz,1.7363481521606445
Oliver,PN,1.7363553047180176
Carl,Santa,1.736470103263855
Henry,JackoLantern,1.7365223169326782
SabrinatheWitch,Wade,1.7366615533828735
Logan,Oliver,1.7367233037948608
Bell,Sylvia,1.7367305755615234
Caitlyn,Jenna,1.73674738407135
Emma,Olivia,1.7367864847183228
Carlos,Xavier,1.7367963790893555
Larry,West,1.736859679222107
Lloyd,Oscar,1.7369474172592163
Jake,Philip,1.7370681762695312
Angela,Matthew,1.7371855974197388
Abigail,Katie,1.7371915578842163
Kelsey,Millie,1.7373229265213013
Alex,Helena,1.7374969720840454
Tessa,Viqqie,1.7376189231872559
Elias,Jeff,1.7376723289489746
Chester,Norah,1.7377525568008423
SabrinatheWitch,Sara,1.7378911972045898
Wade,West,1.7378913164138794
Aiden,Cyrus,1.7379684448242188
Agatha,Margot,1.7381101846694946
Carol,Shana,1.7381922006607056
Audrey,Vanessa,1.7383042573928833
Amber,Nia,1.7383190393447876
DollarJr,Jake,1.7383569478988647
Grace,Margaret,1.738418698310852
Olivia,Riley,1.738479733467102
Owen,Philip,1.7385655641555786
Cyrus,Kanno,1.7385692596435547
Abigail,Charlotte,1.7386239767074585
Chester,Damian,1.738660454750061
Patricia,Rachel,1.738726258277893
David,Tim,1.7388023138046265
Callan,Dean,1.738831639289856
Abigail,Jimmy,1.73893404006958
Chad,Oscar,1.7391681671142578
Hugh,Lloyd,1.7392034530639648
Frankenstein,West,1.7392168045043945
Callan,Cyrus,1.7394108772277832
Charlotte,Claire,1.7394657135009766
Agatha,Nana,1.7394737005233765
Katie,Patricia,1.7395726442337036
Margaret,Sophia,1.7396222352981567
Norah,Shana,1.7396316528320312
Dean,Jimmy,1.739665150642395
PN,Santa,1.739725112915039
Angela,Harper,1.7397290468215942
Damian,Ryan,1.7398638725280762
CaptainBill,Edward,1.7398929595947266
Liam,Sindarin,1.7400215864181519
Chester,Dan,1.740134835243225
Dean,Jeff,1.7402492761611938
Olivia,Sara,1.740251898765564
Ben,Oliver,1.7402805089950562
Duke,Walter,1.7403420209884644
April,Nana,1.7403658628463745
Caitlyn,Jennifer,1.740427017211914
Amber,Mia,1.7404505014419556
Edward,Oliver,1.7405966520309448
Dean,Nia,1.7406206130981445
JackoLantern,Neoguard,1.7406235933303833
Chester,Rebecca,1.7406624555587769
Noa,Oliver,1.7406920194625854
Claire,Maddie,1.740726113319397
Carl,David,1.740738868713379
Claire,Victoria,1.7407878637313843
Carol,Claire,1.7408093214035034
Michael,PN,1.740849494934082
Audrey,Riley,1.7410427331924438
Graham,Jake,1.7410578727722168
Carlos,Jeff,1.7410961389541626
Kelly,Patricia,1.7411543130874634
Caitlyn,Vanessa,1.7412967681884766
Amber,Charlotte,1.741336464881897
JackoLantern,Kelsey,1.741398811340332
Carlos,Margot,1.7414311170578003
Glenda,Victoria,1.741446852684021
Aaron,Doug,1.7415776252746582
Dan,DollarJr,1.7417011260986328
Buddy,Dean,1.7417923212051392
Amber,Nana,1.7418512105941772
Doug,Landon,1.7419300079345703
Avery,Rachel,1.7419365644454956
Carl,Larry,1.7419524192810059
Landon,Ravi,1.7419971227645874
Damian,Rudolph,1.7420244216918945
Carol,MrsClaus,1.742040753364563
Angela,Echo,1.7421032190322876
KlipKim,Ryan,1.7421473264694214
Carol,Mia,1.7422051429748535
Lindsay,Natalie,1.7424112558364868
Chester,Joshua,1.742448329925537
Patricia,Rebecca,1.7424665689468384
JackoLantern,Margaret,1.7425061464309692
Kelsey,Logan,1.7426244020462036
Benny,Chad,1.7426711320877075
Aaron,Walter,1.7427668571472168
AnnabelletheGhost,Patricia,1.7428306341171265
Bruce,Xavier,1.7428526878356934
Abigail,Dan,1.7428631782531738
David,Oscar,1.7429395914077759
April,Lucille,1.7429475784301758
Noa,Vincent,1.743003249168396
Maisie,Rachel,1.7430113554000854
Angela,JackoLantern,1.7431544065475464
Audrey,Caitlyn,1.7431951761245728
Dan,David,1.7433701753616333
Benny,Nathan,1.7434767484664917
Brad,Ravi,1.7436124086380005
DollarJr,Dylan,1.7436336278915405
Dean,West,1.7436498403549194
Damian,NewscasterJohn,1.743727684020996
Jackson,Oscar,1.7437764406204224
Liam,Neel,1.7438064813613892
PN,Tessa,1.743819236755371
Lindsay,SabrinatheWitch,1.743834376335144
Noa,Wade,1.7439340353012085
Aaron,Justin,1.7439817190170288
Angela,Sylvia,1.7439991235733032
Noa,Slushy,1.7441201210021973
Rebecca,Slushy,1.7442059516906738
Lindsay,Sylvia,1.7443121671676636
Jake,Xavier,1.7443183660507202
Dylan,Sindarin,1.7443509101867676
DollarJr,Walter,1.7444664239883423
Doug,Neel,1.7444688081741333
Chester,Echo,1.7444977760314941
Grace,Nana,1.7445317506790161
Carol,Emma,1.7445720434188843
Oscar,Philip,1.7446259260177612
Agatha,Caitlyn,1.7446584701538086
Caitlyn,Emma,1.744682788848877
Carlos,Dylan,1.744703769683838
Liam,Lloyd,1.7447261810302734
Kristen,Rebecca,1.7447614669799805
Gus,Landon,1.7448725700378418
Charlotte,Vanessa,1.7449685335159302
Bruce,Dylan,1.7449836730957031
Carlos,Tessa,1.7449880838394165
Olivia,Patricia,1.7450050115585327
Angela,Audrey,1.7450753450393677
Rebecca,Samantha,1.7450865507125854
CaptainBill,Sindarin,1.7452198266983032
Brad,West,1.7453912496566772
Callan,Justin,1.7455824613571167
Carl,Ravi,1.745587944984436
Frankenstein,Jack,1.7456103563308716
Landon,Walter,1.7456183433532715
Verna,Viqqie,1.745632529258728
Carlos,Jake,1.7456459999084473
Carol,Nathan,1.7456603050231934
Amber,Viqqie,1.7458600997924805
Catherine,Lydia,1.7459288835525513
Henry,Justin,1.7459665536880493
Doughnut,Sylvia,1.7460618019104004
AnnabelletheGhost,MrsClaus,1.7460732460021973
Aiden,Henry,1.7461360692977905
Avery,Millie,1.7461413145065308
Lindsay,Margaret,1.7461522817611694
Noa,Shana,1.7462331056594849
Abigail,Claire,1.7462905645370483
Nana,Verna,1.7463544607162476
CaptainBill,Neel,1.7464207410812378
Benny,Cole,1.7464327812194824
Amber,Tessa,1.746497631072998
Glenda,Shana,1.7465275526046753
Chloe,Jennifer,1.7465301752090454
Callan,Noa,1.746618390083313
Liam,Rudolph,1.746679663658142
Eman,Jackson,1.7467538118362427
Cole,Michael,1.7468208074569702
Nana,Oliver,1.746834397315979
Aiden,Ravi,1.7468644380569458
Agatha,Vivien,1.7469582557678223
Aiden,Michael,1.7470000982284546
Michael,Ryan,1.7471166849136353
MrsClaus,Riley,1.747139811515808
Lucille,Shana,1.7472244501113892
Eman,Rex,1.7473126649856567
Graham,Kevin,1.747419834136963
JackoLantern,Sylvia,1.7474969625473022
KlipKim,Sean,1.7475351095199585
AnnabelletheGhost,Claire,1.747546672821045
Landon,Sindarin,1.747592568397522
Angela,Maddie,1.7476301193237305
Angela,Ryan,1.7476987838745117
Damian,Oscar,1.7477229833602905
DollarJr,Shana,1.747764229774475
Nathan,NewscasterJohn,1.7479981184005737
Athena,Norah,1.7480168342590332
Graham,Justin,1.7480177879333496
Chase,Xavier,1.7480765581130981
Chester,Matthew,1.7481861114501953
Eman,Jack,1.7483237981796265
Amber,Maisie,1.7483474016189575
Norah,Olivia,1.7483586072921753
DollarJr,Slushy,1.7483984231948853
Carol,Kristen,1.7484564781188965
PN,Xavier,1.7484955787658691
Buddy,Ryan,1.7485098838806152
Furnando,Royce,1.7485276460647583
Cole,Shana,1.7486557960510254
AnnabelletheGhost,Harper,1.7488384246826172
DollarJr,Oscar,1.748887062072754
Landon,PN,1.748919129371643
Doug,NewscasterJohn,1.748936653137207
JackoLantern,Mia,1.7489596605300903
Caitlyn,Paige,1.7490848302841187
Chester,Owen,1.7491258382797241
Avery,Helena,1.749260425567627
Maisie,Shana,1.7493176460266113
Joshua,Peter,1.7493375539779663
Angela,Katie,1.749351978302002
Neel,Oscar,1.7493702173233032
Carl,Dan,1.7493747472763062
Chad,Logan,1.7495574951171875
Agatha,ReporterCatalina,1.7495986223220825
Damian,DollarJr,1.7498077154159546
Aiden,River,1.749829649925232
SabrinatheWitch,Vanessa,1.7498884201049805
Audrey,Emma,1.7501429319381714
Jodie,Kristen,1.7502447366714478
Avery,Emma,1.7503561973571777
Kevin,Logan,1.7503587007522583
Dan,Shana,1.7504342794418335
Cole,Santa,1.750434398651123
DollarJr,Eman,1.7504806518554688
Edward,Jackson,1.7506543397903442
Margot,Zoey,1.7506800889968872
Camila,Maddie,1.7507271766662598
Philip,Tim,1.7507524490356445
Shana,Wade,1.7507858276367188
Starling,Stephanie,1.7509671449661255
CaptainBill,Landon,1.7510160207748413
Eman,Neel,1.7510677576065063
Brad,Royce,1.7511934041976929
Noa,Tyson,1.7512065172195435
Emma,Millie,1.7512623071670532
Catherine,Olivia,1.7512739896774292
Jodie,Patricia,1.751293659210205
Chloe,Liz,1.751400113105774
Rachel,Wade,1.751423954963684
Jodie,Victoria,1.7516969442367554
Rachel,Rita,1.7517234086990356
Agatha,Angela,1.7518906593322754
Abigail,Riley,1.7521427869796753
Brad,Shana,1.7521723508834839
SabrinatheWitch,Simon,1.7522071599960327
Caitlyn,Margaret,1.752217411994934
Philip,Xavier,1.7522969245910645
Caleb,Philip,1.7523303031921387
Alex,Liz,1.7523378133773804
Robert,UncleHank,1.7523760795593262
Landon,ReporterCatalina,1.752573013305664
Catherine,Katie,1.7525748014450073
Damian,Lloyd,1.7526979446411133
Camila,Norah,1.7529163360595703
Charlotte,Valerie,1.7530635595321655
Dan,River,1.7531448602676392
Bruce,George,1.7532013654708862
Eman,Lloyd,1.753383994102478
Cyrus,UncleHank,1.7533950805664062
Jodie,Riley,1.7534270286560059
Elias,Sindarin,1.753447413444519
George,Walter,1.7534674406051636
Neoguard,Rex,1.7536085844039917
Janet,Vivien,1.7536295652389526
River,Simon,1.753700852394104
Furnando,JackoLantern,1.7537676095962524
Claire,Nova,1.753767967224121
Nathan,Philip,1.753812313079834
Aaron,Sean,1.753843903541565
Dean,ReporterCatalina,1.7538504600524902
Doughnut,Rachel,1.754048466682434
Joshua,Natalie,1.7541524171829224
Hans,Nana,1.754251480102539
Charlotte,Norah,1.7542520761489868
Abigail,Ryan,1.7542810440063477
Brad,Joshua,1.7543748617172241
Maddie,Margaret,1.7544795274734497
Patricia,Sylvia,1.7545729875564575
Helena,Rachel,1.7546601295471191
Jennifer,Rebecca,1.754714846611023
Aiden,Liam,1.75477933883667
Emma,SabrinatheWitch,1.7549422979354858
Athena,Lydia,1.7550193071365356
Ryan,Xavier,1.7550253868103027
Chad,Liam,1.7550358772277832
Joshua,Sean,1.7551069259643555
Bruce,Ravi,1.7551770210266113
Henry,Peter,1.7552493810653687
Gus,Matthew,1.7552980184555054
Nathan,Wade,1.7556322813034058
Bruce,Tim,1.755658745765686
Bruce,Landon,1.7556939125061035
Aaron,Jackson,1.7557249069213867
DollarJr,Nana,1.7557889223098755
Athena,Carol,1.7558221817016602
Chad,David,1.7558274269104004
Cyrus,Neoguard,1.7558631896972656
Chase,Kevin,1.7560186386108398
David,KlipKim,1.7560349702835083
Caleb,Michael,1.7560392618179321
JackoLantern,Vincent,1.7560805082321167
Oliver,ReporterCatalina,1.7561469078063965
Lydia,Patricia,1.756159782409668
Kevin,Neel,1.7563272714614868
Damian,Doug,1.7563838958740234
Mia,Riley,1.7563985586166382
Doug,Neoguard,1.7565155029296875
Jennifer,Millie,1.7565521001815796
Agatha,SabrinatheWitch,1.7565988302230835
Chase,Larry,1.7567405700683594
Philip,Ravi,1.7569478750228882
Alex,Stephanie,1.7569869756698608
Bruce,Frankenstein,1.7573243379592896
Brad,River,1.7573734521865845
Aiden,Walter,1.7574400901794434
AnnabelletheGhost,Riley,1.7575381994247437
Bruce,Santa,1.757541537284851
Furnando,Lloyd,1.7576125860214233
Carol,Millie,1.7576597929000854
Rachel,Sindarin,1.757743239402771
David,Neoguard,1.7579551935195923
JackoLantern,Verna,1.7579870223999023
Chloe,Emma,1.7580652236938477
Caitlyn,Kristen,1.7581208944320679
Aiden,Gus,1.758165717124939
Joshua,ReporterCatalina,1.7582706212997437
Chester,Jennifer,1.7582732439041138
Ben,Nathan,1.7583407163619995
Duke,Michael,1.758471965789795
Larry,SabrinatheWitch,1.7588468790054321
Abigail,Nana,1.758901596069336
Rita,Verna,1.7589740753173828
Noa,Tessa,1.7589788436889648
Buddy,Damian,1.7591074705123901
Cyrus,George,1.7591208219528198
George,Royce,1.7591460943222046
KilliantheVampire,Lloyd,1.759151816368103
Lucille,ReporterCatalina,1.759185791015625
Nathan,Sylvia,1.7592010498046875
DollarJr,Landon,1.759224534034729
Henry,Rudolph,1.7592402696609497
Rachel,Tessa,1.759260654449463
Liz,Sara,1.75927734375
Chloe,Sara,1.75931978225708
Bruce,PN,1.759365439414978
Cyrus,Peter,1.7594157457351685
Claire,SabrinatheWitch,1.7594175338745117
Dean,Logan,1.7594199180603027
Agatha,JackoLantern,1.7594631910324097
Aiden,Landon,1.7594757080078125
Jennifer,Larry,1.7594990730285645
Amber,Jennifer,1.759511947631836
Liz,Patricia,1.7595926523208618
Jake,Ryan,1.759644627571106
Larry,ReporterCatalina,1.7596477270126343
Landon,Wade,1.7597802877426147
Michael,Peter,1.7598257064819336
Bruce,Oscar,1.759878158569336
Joshua,Philip,1.7598804235458374
Graham,Ravi,1.7599059343338013
Nana,Viqqie,1.7599682807922363
Kristen,Lydia,1.760013222694397
Carlos,Neel,1.760068416595459
Chad,Wade,1.760109543800354
Edward,Slushy,1.7601853609085083
Angela,Maisie,1.7601919174194336
MrsClaus,Nia,1.7603002786636353
Nana,Sylvia,1.7603384256362915
Landon,West,1.7603493928909302
Chad,Xavier,1.7605894804000854
Royce,Tim,1.7606382369995117
Avery,Doughnut,1.7607159614562988
Carlos,Jimmy,1.7607827186584473
Brad,Neel,1.7608685493469238
Mia,Stephanie,1.760921835899353
Natalie,Nathan,1.760939598083496
Royce,West,1.7609742879867554
Peter,Sindarin,1.7610336542129517
Doug,Vivien,1.7610477209091187
Neoguard,West,1.7610958814620972
Catherine,Jennifer,1.7611445188522339
Sara,Stephanie,1.7611680030822754
Callan,Tyson,1.761244773864746
Carol,Cole,1.7612720727920532
Logan,SabrinatheWitch,1.7613502740859985
KilliantheVampire,UncleHank,1.7613667249679565
Agatha,Norah,1.7614651918411255
JackoLantern,Jennifer,1.761499047279358
Jimmy,Rachel,1.7615509033203125
Jenna,SabrinatheWitch,1.76158607006073
George,Lloyd,1.7616194486618042
Nana,Ryan,1.761645793914795
Lindsay,Norah,1.7617521286010742
Larry,Lloyd,1.761942744255066
Landon,Logan,1.7620166540145874
Sara,Sylvia,1.7620325088500977
Dean,Norah,1.7620383501052856
Charlotte,Vivien,1.7621229887008667
Ryan,Santa,1.7621536254882812
Camila,Sara,1.7621663808822632
Noa,Santa,1.7622109651565552
SabrinatheWitch,Xavier,1.762247085571289
Chad,Tim,1.7622562646865845
Benny,Joshua,1.7622766494750977
Abigail,Valerie,1.7622947692871094
Angela,Tessa,1.762455940246582
Lucille,Sylvia,1.7624717950820923
Elias,Jack,1.7626763582229614
Joshua,Oscar,1.7627519369125366
Patrick,Rex,1.7628272771835327
Dylan,Henry,1.76282799243927
Nana,Skylar,1.7628930807113647
Maisie,Sophia,1.7629204988479614
Aaron,Caleb,1.7629300355911255
April,Harper,1.763053059577942
Santa,Sindarin,1.7630704641342163
Chester,Walter,1.7630866765975952
Logan,Sindarin,1.7631295919418335
Neel,Owen,1.7631797790527344
Natalie,Starling,1.7633179426193237
Emma,Nana,1.7633410692214966
Norah,Vanessa,1.7633520364761353
Duke,Larry,1.7633634805679321
Cole,Oliver,1.763468623161316
Brad,Neoguard,1.7634716033935547
KlipKim,Slushy,1.7634879350662231
Aaron,Furnando,1.7635765075683594
Carlos,Margaret,1.7636224031448364
Aaron,Owen,1.7637301683425903
AnnabelletheGhost,Tessa,1.763771891593933
Catherine,Tina,1.7637747526168823
Jimmy,Xavier,1.7637882232666016
Aiden,ReporterCatalina,1.763867974281311
Olivia,Shana,1.7638808488845825
Hugh,Philip,1.7639001607894897
JackoLantern,Ryan,1.7640053033828735
George,West,1.7640475034713745
KlipKim,Oliver,1.7640992403030396
Emma,Kristen,1.7641040086746216
Jeff,Kevin,1.764137864112854
Aaron,Buddy,1.7641698122024536
Liam,Rex,1.7641712427139282
Cole,Rachel,1.7642388343811035
Oliver,Victoria,1.7642951011657715
Chloe,Claire,1.7643529176712036
Catherine,Emma,1.7643824815750122
April,Shana,1.764515995979309
Alex,Olivia,1.7646774053573608
Aiden,Slushy,1.7646865844726562
Chloe,Sophia,1.7647452354431152
Chloe,Jenna,1.7647819519042969
Jodie,Wade,1.764797329902649
Bruce,Nathan,1.7648998498916626
Abigail,Viqqie,1.7649235725402832
Buddy,NewscasterJohn,1.7649989128112793
Cole,SabrinatheWitch,1.7655645608901978
Buddy,Caleb,1.7655695676803589
JackoLantern,Royce,1.7655949592590332
Henry,Nathan,1.7657181024551392
Ben,Philip,1.76576566696167
Philip,Walter,1.7657685279846191
Logan,MrsClaus,1.765799641609192
AnnabelletheGhost,Samantha,1.7658066749572754
Landon,UncleHank,1.7658127546310425
Dan,Rachel,1.7658785581588745
Cyrus,Jake,1.7659077644348145
Carlos,Nana,1.7659753561019897
Nathan,Sindarin,1.7659960985183716
ReporterCatalina,Walter,1.7661118507385254
Ben,Ryan,1.7661441564559937
Katie,Rachel,1.7661582231521606
Kanno,ReporterCatalina,1.766580581665039
Liam,Vincent,1.766602873802185
Natalie,Viqqie,1.7666674852371216
Larry,Tim,1.7666959762573242
Graham,Tim,1.766777515411377
Bell,Charlotte,1.7668653726577759
MrsClaus,Nana,1.766945719718933
AnnabelletheGhost,Kelsey,1.7669992446899414
Nova,Zoey,1.7670539617538452
Gus,Jack,1.76705801486969
George,Ravi,1.7672466039657593
Rachel,Verna,1.7672691345214844
Bell,Kelsey,1.767360806465149
Doug,Sean,1.767366886138916
Graham,Jeff,1.7673691511154175
Lucille,MrsClaus,1.7673803567886353
Emma,Tessa,1.7674773931503296
Aaron,JackoLantern,1.7676005363464355
Angela,Paige,1.7676669359207153
DollarJr,Neoguard,1.7677587270736694
Dylan,Gus,1.767820954322815
CaptainBill,Dylan,1.7678261995315552
Bell,Tessa,1.767842411994934
Joshua,Nana,1.7678594589233398
CaptainBill,KlipKim,1.7678799629211426
Amber,Vanessa,1.7679052352905273
DollarJr,West,1.7681342363357544
Nova,Riley,1.7681573629379272
Maisie,SabrinatheWitch,1.7681655883789062
Eman,Joshua,1.7682918310165405
Henry,Ron,1.7684248685836792
Bell,Natalie,1.7686686515808105
JackoLantern,Viqqie,1.768735408782959
Justin,Rachel,1.7687969207763672
Ben,KlipKim,1.7688535451889038
Doughnut,Sara,1.7688603401184082
Chester,Rex,1.7689099311828613
Eman,JackoLantern,1.76897132396698
Nova,Slushy,1.7690232992172241
Avery,Maisie,1.7691446542739868
Jack,Robert,1.7691503763198853
Norah,Riley,1.7691969871520996
Simon,Sindarin,1.7693032026290894
Caitlyn,Camila,1.7693079710006714
Stephanie,Verna,1.7693819999694824
Dan,Nia,1.769418716430664
Dan,Hugh,1.769484519958496
Amber,Oliver,1.7695146799087524
Cole,Tim,1.7695235013961792
Olivia,Tessa,1.7695592641830444
Maisie,Nia,1.7695804834365845
Claire,JackoLantern,1.7696499824523926
Carol,Verna,1.7697662115097046
Paige,Patricia,1.7698473930358887
Shana,Vanessa,1.7698625326156616
Abigail,JackoLantern,1.7698696851730347
Damian,Wade,1.769875168800354
Sara,Shana,1.7701263427734375
Norah,Rita,1.7702094316482544
Katie,Vivien,1.7703231573104858
Damian,Tim,1.7705389261245728
Charlotte,Harper,1.7705693244934082
JackoLantern,Ravi,1.7706074714660645
Kelly,Natalie,1.7706254720687866
Jack,Noa,1.7707241773605347
Aiden,Sean,1.7708401679992676
Lucille,SabrinatheWitch,1.7708697319030762
Janet,Sara,1.7709064483642578
Santa,Xavier,1.770975947380066
Jack,JackoLantern,1.771139144897461
Abigail,Wade,1.7712410688400269
Shana,Walter,1.7712575197219849
Carlos,Ryan,1.7713241577148438
David,Wade,1.7713710069656372
Carlos,Dean,1.7714067697525024
Oliver,Riley,1.7714815139770508
Carol,Dan,1.7715014219284058
Aiden,Nia,1.7715529203414917
Jennifer,Tessa,1.7716560363769531
Kelly,Viqqie,1.7716928720474243
Angela,Larry,1.771746039390564
Damian,Sindarin,1.7717875242233276
Brad,Tyson,1.7720609903335571
Bruce,Icarus,1.7721333503723145
Verna,Xavier,1.7723482847213745
Angela,Oliver,1.7723712921142578
Eman,Tim,1.7725354433059692
Maisie,Samantha,1.7725549936294556
Lydia,Ryan,1.772588849067688
Dean,Nova,1.772591233253479
Graham,Neoguard,1.7726746797561646
Callan,Rudolph,1.772879719734192
Joshua,Matthew,1.7729543447494507
Caitlyn,Nia,1.772988200187683
JackoLantern,Vivien,1.7731140851974487
Cole,Glenda,1.7732219696044922
Olivia,Xavier,1.773229718208313
Angela,Rebecca,1.7732518911361694
Angela,Emma,1.773253083229065
Dean,Neel,1.7732633352279663
Jennifer,Norah,1.773333191871643
Nathan,Starling,1.7733349800109863
Edward,Walter,1.7733408212661743
Katie,Sara,1.7733432054519653
CaptainBill,Ryan,1.7735158205032349
Chad,Sean,1.7735447883605957
JackoLantern,Jake,1.7736444473266602
Buddy,Graham,1.7736492156982422
Angela,Rachel,1.7737785577774048
Tyson,Walter,1.7738908529281616
Justin,Viqqie,1.7740381956100464
Audrey,Kristen,1.7742363214492798
Chase,Nathan,1.7743784189224243
Dan,Sindarin,1.7744641304016113
Charlotte,Larry,1.7744741439819336
CaptainBill,Dean,1.7744938135147095
Aiden,Chad,1.774499535560608
Frankenstein,Furnando,1.7745604515075684
Jimmy,Tim,1.7746243476867676
Caleb,Neel,1.77470862865448
Chester,Jodie,1.7747440338134766
Benny,Chester,1.7747777700424194
JackoLantern,Rudolph,1.774910807609558
Furnando,Nathan,1.7749611139297485
Noa,ReporterCatalina,1.775029182434082
Maddie,Natalie,1.7751045227050781
Eman,Slushy,1.7751201391220093
UncleHank,Xavier,1.7751365900039673
Philip,Rex,1.7752567529678345
Icarus,Liam,1.7752913236618042
Ben,JackoLantern,1.7752915620803833
Angela,Dean,1.775302529335022
Eman,Margaret,1.7754168510437012
Lydia,Victoria,1.7754230499267578
Agatha,Dean,1.7756327390670776
Doug,Nathan,1.7756410837173462
Kevin,Larry,1.7756584882736206
Shana,Tessa,1.7757664918899536
AnnabelletheGhost,Margaret,1.775797724723816
Brad,Xavier,1.7758978605270386
Logan,Margaret,1.7759186029434204
Brad,Kevin,1.775976538658142
Dean,Tim,1.7760448455810547
Caitlyn,SabrinatheWitch,1.776133418083191
Natalie,Xavier,1.7761465311050415
Emma,Verna,1.7761491537094116
Margot,Oliver,1.776206135749817
Angela,Avery,1.776220679283142
Cyrus,Ryan,1.776258111000061
Grace,Victoria,1.7763437032699585
Logan,Natalie,1.7764304876327515
Eman,Ravi,1.7765063047409058
David,Kevin,1.776511549949646
Shana,Simon,1.7765570878982544
Chad,Joshua,1.7766023874282837
Hugh,KlipKim,1.7766690254211426
Dan,Landon,1.7766876220703125
Brad,Jack,1.776698112487793
Caitlyn,Carol,1.7767046689987183
Caleb,Royce,1.7767515182495117
Rachel,Vanessa,1.7767959833145142
Shana,Zoey,1.7768954038619995
Cyrus,Dylan,1.7769109010696411
Gus,SantaClaus,1.77695894241333
Margaret,Sara,1.7769631147384644
Jennifer,Noa,1.777015209197998
Carol,Nia,1.777021050453186
Justin,Ravi,1.7770490646362305
Angela,MrsClaus,1.7770644426345825
CaptainBill,Chase,1.7770706415176392
Carol,Riley,1.777145504951477
Callan,Neoguard,1.777201533317566
Gus,Walter,1.7773098945617676
Carlos,George,1.7773483991622925
Michael,Xavier,1.7773536443710327
Brad,Margaret,1.7773590087890625
Dan,Rebecca,1.7773610353469849
Chase,Neoguard,1.777477741241455
Maisie,Patricia,1.7774845361709595
Kelsey,Stephanie,1.7775152921676636
Rita,Stephanie,1.7775472402572632
Jenna,Tessa,1.7775731086730957
Victoria,Xavier,1.7775969505310059
Dean,Furnando,1.7776588201522827
Brad,Rachel,1.777905821800232
JackoLantern,Riley,1.7780555486679077
DollarJr,Tyson,1.7780927419662476
Brad,ReporterCatalina,1.778122067451477
Glenda,Natalie,1.7781267166137695
Carl,Wade,1.7782257795333862
Helena,SabrinatheWitch,1.778302788734436
CaptainBill,Chad,1.7783797979354858
DollarJr,Rudolph,1.7783823013305664
Aiden,JackoLantern,1.7783945798873901
CaptainBill,Logan,1.778412938117981
Larry,River,1.7784937620162964
Doug,Joshua,1.7785385847091675
PN,Sindarin,1.7786277532577515
Avery,Chester,1.7787812948226929
Claire,Stephanie,1.7789011001586914
Abigail,Harper,1.7789149284362793
Stephanie,Sylvia,1.779025673866272
Carl,Slushy,1.7790979146957397
AnnabelletheGhost,ReporterCatalina,1.7791138887405396
Jodie,Sophia,1.7791938781738281
Logan,Simon,1.7792719602584839
Audrey,Oliver,1.7792725563049316
DollarJr,Gus,1.7793256044387817
DollarJr,Graham,1.779344916343689
Logan,Royce,1.779354214668274
Dylan,Eman,1.7794280052185059
Mark,Tyson,1.7794946432113647
Dylan,Shana,1.7795524597167969
Caleb,JackoLantern,1.7795606851577759
Nana,Patricia,1.779631495475769
Camila,Rebecca,1.779633641242981
Aiden,West,1.7796756029129028
Logan,Nana,1.779685139656067
Hugh,Kevin,1.7797584533691406
Jodie,Stephanie,1.779773235321045
Athena,Skylar,1.7798000574111938
Natalie,Wade,1.7798155546188354
Agatha,Joshua,1.7799137830734253
Aiden,Graham,1.7799619436264038
Lydia,Riley,1.7800441980361938
CaptainBill,Oliver,1.7800534963607788
Claire,Tina,1.780192255973816
Aiden,Carlos,1.7802563905715942
Matthew,Slushy,1.7803198099136353
Jenna,Rachel,1.7803397178649902
JackoLantern,Nia,1.7803746461868286
Maisie,Riley,1.7804993391036987
Doug,Oscar,1.780631422996521
JackoLantern,Nova,1.7806577682495117
CaptainBill,Margaret,1.7807015180587769
Benny,DollarJr,1.7807358503341675
Jimmy,ReporterCatalina,1.7807618379592896
Audrey,Lydia,1.780806064605713
Larry,Vincent,1.7808395624160767
Caitlyn,Oliver,1.7809261083602905
Avery,Rebecca,1.78093421459198
Matthew,Tessa,1.7810026407241821
Joshua,Wade,1.7810639142990112
Cole,David,1.781215786933899
David,Justin,1.7812165021896362
Cole,Cyrus,1.7812542915344238
Margaret,Riley,1.781280517578125
Jodie,Larry,1.7813262939453125
April,Tessa,1.7814043760299683
Furnando,Rachel,1.7814313173294067
Larry,Logan,1.7814809083938599
Margaret,Ryan,1.7814921140670776
Patricia,Shana,1.7815074920654297
Neoguard,Shana,1.7815965414047241
Charlotte,Starling,1.781610131263733
Lloyd,Robert,1.7816826105117798
KilliantheVampire,NewscasterJohn,1.7816954851150513
Skylar,Tina,1.7817426919937134
Lloyd,Neoguard,1.7818050384521484
Kelsey,Shana,1.7818235158920288
Damian,Neel,1.7818583250045776
Eman,Shana,1.7819275856018066
Slushy,Vincent,1.7820496559143066
Jodie,Tessa,1.782125473022461
Dan,Natalie,1.7821602821350098
Duke,Neoguard,1.7821673154830933
Hugh,Liam,1.7822264432907104
Caitlyn,Tina,1.7822338342666626
Claire,Nia,1.7822657823562622
Gus,Logan,1.7823781967163086
SabrinatheWitch,Valerie,1.7823907136917114
Neel,West,1.7824100255966187
Nathan,Simon,1.7825045585632324
DollarJr,Sean,1.7825673818588257
Larry,Natalie,1.7826204299926758
Damian,Patrick,1.7826236486434937
Aaron,Royce,1.7826348543167114
Chad,Rachel,1.7826980352401733
Lucille,Valerie,1.7826992273330688
Angela,Verna,1.7827965021133423
KilliantheVampire,PN,1.7827996015548706
April,Rachel,1.7828856706619263
Liam,Sean,1.7830034494400024
Carol,Skylar,1.783004879951477
Doug,KilliantheVampire,1.7830657958984375
Chase,Jimmy,1.7831001281738281
Dan,Mia,1.783117651939392
Ravi,Zoey,1.7831472158432007
Robert,Royce,1.7831859588623047
Logan,Victoria,1.7833846807479858
Carlos,Gus,1.7834258079528809
Neoguard,Tessa,1.7834625244140625
Claire,Matthew,1.7834936380386353
Chase,George,1.7834968566894531
Echo,Grace,1.7835402488708496
Abigail,Larry,1.7835532426834106
Larry,Sylvia,1.7836546897888184
Olivia,Ryan,1.7836861610412598
Dean,Sean,1.7836896181106567
Jenna,Patricia,1.783696174621582
Oscar,Wade,1.7837735414505005
DollarJr,Edward,1.7838553190231323
Gus,Royce,1.7839540243148804
Dan,Nana,1.7839794158935547
Aiden,Nana,1.7839945554733276
Carlos,Kanno,1.7841275930404663
April,Logan,1.7841776609420776
Eman,NewscasterJohn,1.7844109535217285
Graham,ReporterCatalina,1.7847415208816528
DollarJr,Neel,1.7847474813461304
Millie,Vivien,1.7849202156066895
Echo,Logan,1.785049557685852
Nova,Rita,1.7850569486618042
Jimmy,Justin,1.7850719690322876
Landon,Lloyd,1.7851537466049194
Lindsay,Tessa,1.785155177116394
Liam,Wade,1.78515625
Bell,Jodie,1.7853994369506836
Aiden,Shana,1.785413146018982
Jennifer,Lindsay,1.7854748964309692
Nia,SabrinatheWitch,1.785536289215088
Audrey,Nana,1.7857298851013184
Neoguard,Sindarin,1.7857413291931152
Damian,David,1.7859047651290894
Eman,Hugh,1.7859082221984863
Lydia,Slushy,1.7859200239181519
Audrey,Kelsey,1.7859643697738647
Caitlyn,Verna,1.7860432863235474
Audrey,Samantha,1.7861145734786987
Margaret,Starling,1.7861226797103882
Brad,Henry,1.7861887216567993
Gus,Sindarin,1.7862792015075684
Landon,SabrinatheWitch,1.7863014936447144
ReporterCatalina,Sara,1.786309838294983
April,Kelsey,1.7863787412643433
Larry,MrsClaus,1.7864407300949097
Justin,Royce,1.7864986658096313
Nia,Vanessa,1.7865252494812012
Edward,PN,1.7865272760391235
AnnabelletheGhost,Victoria,1.7865633964538574
Amber,Audrey,1.786671757698059
Chester,Claire,1.7868199348449707
Carlos,River,1.786896824836731
Dylan,Jimmy,1.7869324684143066
Ben,Tim,1.7869958877563477
Mia,Rita,1.7870181798934937
David,Larry,1.787089467048645
Kristen,Rita,1.7871655225753784
Buddy,Doug,1.7871980667114258
Justin,Noa,1.7872101068496704
Bell,SabrinatheWitch,1.787270188331604
Aiden,Natalie,1.787282109260559
Aiden,Chase,1.7873121500015259
Jennifer,Patricia,1.787363052368164
Dan,Wade,1.7873634099960327
Rachel,Riley,1.7873843908309937
Kevin,Ryan,1.787539005279541
MrsClaus,Wade,1.7875434160232544
Henry,Wade,1.787610650062561
Cyrus,Jeff,1.7876588106155396
Eman,Furnando,1.7876883745193481
Maisie,Olivia,1.787711262702942
Brad,Tim,1.7877408266067505
Charlotte,Verna,1.7878237962722778
Kelsey,Victoria,1.7878317832946777
Jimmy,Logan,1.7878762483596802
Jimmy,Ryan,1.7879441976547241
Chester,Nathan,1.7881795167922974
Doug,Shana,1.788206696510315
Hugh,Oscar,1.788533329963684
Caleb,Graham,1.7885502576828003
Dean,Philip,1.7885586023330688
Norah,Viqqie,1.7885651588439941
Chester,Justin,1.7886022329330444
Charlotte,Wade,1.7886228561401367
Chester,Rudolph,1.7886391878128052
Caitlyn,Lydia,1.7886861562728882
Harper,Nia,1.7886885404586792
Nia,Zoey,1.7887119054794312
Abigail,Aiden,1.788779854774475
Skylar,Vanessa,1.788840889930725
DollarJr,NewscasterJohn,1.7889245748519897
Echo,Jodie,1.7889442443847656
Avery,Mia,1.7889556884765625
Caleb,West,1.789000391960144
David,Santa,1.789015293121338
Neoguard,Rachel,1.7890504598617554
Jennifer,Oliver,1.7890783548355103
Icarus,Robert,1.7890952825546265
ReporterCatalina,Simon,1.789164662361145
David,Jack,1.7892941236495972
Valerie,Victoria,1.7893120050430298
Duke,Matthew,1.7894014120101929
Viqqie,Vivien,1.7894138097763062
Emma,Mia,1.7896639108657837
Patricia,Skylar,1.7896933555603027
AnnabelletheGhost,Catherine,1.7899943590164185
David,Shana,1.7900031805038452
Doug,Eman,1.7900543212890625
Catherine,Margaret,1.7901047468185425
Matthew,Owen,1.7901272773742676
Royce,Ryan,1.790207862854004
Graham,Nana,1.790392518043518
Furnando,Robert,1.7904728651046753
Furnando,Tyson,1.7904878854751587
Logan,Noa,1.79056978225708
Avery,SabrinatheWitch,1.7906619310379028
Neoguard,ReporterCatalina,1.7907031774520874
Audrey,SabrinatheWitch,1.7907840013504028
Chloe,MrsClaus,1.7908536195755005
Carol,Ryan,1.7908767461776733
Furnando,ReporterCatalina,1.7909048795700073
Oliver,Zoey,1.7909356355667114
Oscar,River,1.7909961938858032
Kelsey,Sara,1.7910332679748535
Bruce,Eman,1.7910791635513306
Chad,Kanno,1.7910957336425781
Dylan,River,1.7912238836288452
Landon,Neel,1.7912445068359375
Shana,Sindarin,1.7912989854812622
Catherine,Chloe,1.7913371324539185
Graham,Walter,1.7913585901260376
ReporterCatalina,Sindarin,1.7913880348205566
Dan,Elias,1.7914916276931763
Hugh,Neel,1.791532039642334
Eman,Graham,1.7915385961532593
West,Xavier,1.7915557622909546
Justin,Sindarin,1.7915767431259155
Caleb,Sindarin,1.7916098833084106
Cole,Justin,1.791620135307312
Doug,Rachel,1.7917400598526
Jack,Logan,1.7918025255203247
Carol,Logan,1.7918895483016968
April,Vanessa,1.7920042276382446
JackoLantern,Landon,1.7920441627502441
Aaron,ReporterCatalina,1.7921785116195679
PN,Rex,1.792183518409729
Amber,Stephanie,1.7921985387802124
Sean,Shana,1.7922312021255493
Buddy,ReporterCatalina,1.7922388315200806
KlipKim,Shana,1.792248249053955
Graham,Nathan,1.7922574281692505
Chloe,Riley,1.7925187349319458
Brad,Jackson,1.792523741722107
Patricia,Sophia,1.7925618886947632
Caleb,Justin,1.7926030158996582
Katie,Maddie,1.7926502227783203
Norah,Ryan,1.7927361726760864
Audrey,Lucille,1.7928305864334106
Sophia,Tessa,1.7929037809371948
Jack,Santa,1.7929171323776245
Landon,Rachel,1.7929438352584839
Peter,Rex,1.7930326461791992
Jodie,Katie,1.7930423021316528
Bruce,Logan,1.7931631803512573
Kristen,SabrinatheWitch,1.7931824922561646
Ben,Brad,1.7931914329528809
Brad,Cyrus,1.7932459115982056
Landon,Tyson,1.7934023141860962
Caitlyn,Katie,1.7935066223144531
George,Shana,1.7935868501663208
Helena,Patricia,1.7935891151428223
Cole,Natalie,1.7936639785766602
Charlotte,Stephanie,1.7937544584274292
ReporterCatalina,Xavier,1.793818473815918
Bell,Mia,1.793850064277649
Maisie,Tessa,1.7938934564590454
Dan,Nova,1.7939811944961548
Chester,Rachel,1.794091820716858
Justin,Kanno,1.79417884349823
Doug,Icarus,1.7941875457763672
Starling,Sylvia,1.7942508459091187
Ben,Chad,1.7942882776260376
Cyrus,Tim,1.7942986488342285
Liam,Matthew,1.794310212135315
Callan,PN,1.7943439483642578
Gus,Nathan,1.7944064140319824
Nana,Nia,1.7944647073745728
Oliver,Vincent,1.7945575714111328
Sylvia,Wade,1.7945590019226074
Lloyd,Logan,1.7945932149887085
Jodie,Justin,1.794736385345459
Lydia,Viqqie,1.7947427034378052
Landon,Nana,1.7947444915771484
Chester,Jake,1.7947536706924438
Agatha,Graham,1.794795036315918
Ben,Gus,1.7948166131973267
Peter,Royce,1.7948378324508667
Doughnut,Shana,1.7948602437973022
Robert,Xavier,1.7948673963546753
Lydia,Nathan,1.7948881387710571
Bruce,David,1.7949572801589966
Norah,Slushy,1.7949613332748413
Brad,DollarJr,1.7950423955917358
Carlos,Tyson,1.795130729675293
Aiden,Logan,1.7951372861862183
Carlos,Shana,1.7951420545578003
Dan,Doug,1.7951585054397583
Carol,Oliver,1.7951713800430298
Glenda,Viqqie,1.7952113151550293
April,Audrey,1.7952280044555664
Jennifer,Ryan,1.795249342918396
Buddy,West,1.7953057289123535
Gus,Justin,1.7954157590866089
Nathan,Rachel,1.7954336404800415
Gus,JackoLantern,1.7954826354980469
Chad,West,1.7956181764602661
Jeff,UncleHank,1.795741081237793
Carlos,Cole,1.7957826852798462
Margot,Tim,1.7959741353988647
Abigail,Caitlyn,1.796091914176941
Robert,Ron,1.796159267425537
KlipKim,Simon,1.7961812019348145
Margaret,Matthew,1.7962428331375122
Angela,Carol,1.7962592840194702
Agatha,Viqqie,1.7963889837265015
Bell,Maddie,1.7963937520980835
JackoLantern,Lydia,1.7964476346969604
Jeff,Xavier,1.7964690923690796
Jack,KilliantheVampire,1.796472191810608
Chad,Natalie,1.7965158224105835
Cyrus,Sindarin,1.7965644598007202
Claire,Rebecca,1.7966594696044922
David,Graham,1.7966707944869995
Catherine,Skylar,1.7966742515563965
Royce,Rudolph,1.7967206239700317
Nana,Zoey,1.7967289686203003
Jennifer,Nathan,1.7967448234558105
Graham,Larry,1.7967724800109863
Chase,Shana,1.7969249486923218
Mia,Victoria,1.7969571352005005
Agatha,Doug,1.7969907522201538
Jimmy,Sindarin,1.7970165014266968
Doug,KlipKim,1.7971982955932617
NewscasterJohn,Robert,1.7972431182861328
Damian,Santa,1.7972794771194458
Echo,JackoLantern,1.7974013090133667
Glenda,JackoLantern,1.797402024269104
Damian,Royce,1.7974239587783813
Jimmy,Shana,1.7975035905838013
Harper,Shana,1.7975687980651855
Olivia,Samantha,1.797572135925293
Ravi,Ron,1.797593116760254
Matthew,Peter,1.797723412513733
Doug,Frankenstein,1.7977358102798462
Dean,Nana,1.7977555990219116
Walter,Xavier,1.7977782487869263
Noa,Royce,1.7978242635726929
Dylan,Icarus,1.7978459596633911
Jack,Jake,1.7978485822677612
Jenna,Shana,1.7978700399398804
Harper,Patricia,1.7979717254638672
Lloyd,Rachel,1.7979717254638672
Margaret,Oliver,1.798049807548523
Justin,Robert,1.798122525215149
ReporterCatalina,Ron,1.7983371019363403
Logan,PN,1.7983380556106567
Brad,Furnando,1.7983640432357788
Brad,CaptainBill,1.7983684539794922
April,Valerie,1.7983803749084473
Athena,Audrey,1.7983826398849487
MrsClaus,Rachel,1.798384666442871
Gus,Robert,1.798497200012207
Carlos,Damian,1.7985340356826782
Slushy,Vivien,1.798604130744934
Eman,Philip,1.7986449003219604
Noa,Owen,1.7986897230148315
Peter,Tim,1.7987279891967773
Catherine,Harper,1.7987641096115112
CaptainBill,Wade,1.7988920211791992
April,Oliver,1.7989929914474487
Jackson,Margot,1.7990244626998901
Angela,Tina,1.7991057634353638
Katie,Mia,1.7991943359375
Cyrus,JackoLantern,1.7992486953735352
Bell,Catherine,1.7992526292800903
Aaron,Oliver,1.7992545366287231
Jimmy,Matthew,1.7993077039718628
DollarJr,Kevin,1.799346923828125
Neoguard,Philip,1.799394130706787
Frankenstein,Henry,1.7994657754898071
Hugh,Nathan,1.7995418310165405
Chase,Dylan,1.799635410308838
Glenda,Vivien,1.7997642755508423
Abigail,Helena,1.8000831604003906
Mark,Noa,1.8001829385757446
Furnando,KlipKim,1.800300121307373
Margot,Nana,1.8003424406051636
AnnabelletheGhost,Chloe,1.800346851348877
Emma,Nia,1.800355315208435
ReporterCatalina,Royce,1.8004199266433716
Norah,Stephanie,1.8004626035690308
Doug,Xavier,1.8004693984985352
Nathan,Vincent,1.8005620241165161
Kevin,River,1.8005799055099487
Caleb,Wade,1.800653100013733
KlipKim,Rex,1.8007067441940308
Eman,Logan,1.800713062286377
Chester,Olivia,1.8007904291152954
Aiden,Hugh,1.8008171319961548
Jackson,Walter,1.8009042739868164
Doughnut,Maddie,1.8010212182998657
Nana,Noa,1.8012728691101074
Caleb,David,1.8013111352920532
Sean,Slushy,1.8013850450515747
Dean,Olivia,1.801416039466858
Brad,Philip,1.8014174699783325
Hugh,Neoguard,1.8014321327209473
Gus,Tessa,1.8014761209487915
Dylan,JackoLantern,1.8015340566635132
Carlos,Sylvia,1.8015929460525513
Jenna,Jodie,1.8016549348831177
Cole,JackoLantern,1.8016992807388306
Frankenstein,Gus,1.8017579317092896
Riley,Verna,1.8017687797546387
Chester,Jackson,1.801963448524475
Sean,Xavier,1.8020259141921997
Lindsay,ReporterCatalina,1.8020299673080444
Rita,Ryan,1.8022078275680542
Carlos,Sean,1.8022150993347168
Nia,Rachel,1.802236557006836
Jimmy,Natalie,1.8022538423538208
Eman,Oliver,1.8023492097854614
Glenda,Zoey,1.8023589849472046
Jennifer,Maddie,1.8024001121520996
Buddy,SantaClaus,1.8024686574935913
KlipKim,ReporterCatalina,1.80250883102417
Mia,Nana,1.8026200532913208
Jackson,Rudolph,1.8026374578475952
Amber,Emma,1.8026466369628906
Doug,Duke,1.8027043342590332
George,JackoLantern,1.8027578592300415
Liz,Riley,1.8028095960617065
Chester,George,1.8029228448867798
Bruce,Duke,1.8029733896255493
Doug,Jennifer,1.8029929399490356
Cole,Simon,1.8030571937561035
Jake,Owen,1.803074836730957
Dan,Matthew,1.8030864000320435
DollarJr,Margot,1.8030872344970703
Liz,Samantha,1.8031214475631714
Edward,KlipKim,1.8032402992248535
Michael,Wade,1.803284764289856
Logan,Ryan,1.8033212423324585
Damian,JackoLantern,1.8033719062805176
Peter,Philip,1.8034001588821411
Caleb,Cyrus,1.8034076690673828
Furnando,Ron,1.80350923538208
Margot,Matthew,1.803515911102295
Rudolph,Santa,1.8035221099853516
DollarJr,Riley,1.8035449981689453
Audrey,Liz,1.8035550117492676
Bruce,Ron,1.8035913705825806
David,Logan,1.803647518157959
Glenda,Norah,1.8036556243896484
Katie,Kristen,1.8036781549453735
Frankenstein,Neoguard,1.803689956665039
Benny,Ryan,1.8037818670272827
Callan,Tim,1.8038572072982788
Carlos,Viqqie,1.8038606643676758
David,Liam,1.8038886785507202
Rebecca,Victoria,1.8039036989212036
Furnando,Matthew,1.803940773010254
Vivien,Wade,1.8039655685424805
Carlos,Natalie,1.8039947748184204
Doughnut,Maisie,1.8040285110473633
AnnabelletheGhost,Norah,1.8040684461593628
Edward,Rudolph,1.8041014671325684
Abigail,Jenna,1.8042176961898804
Furnando,Henry,1.8042458295822144
Callan,Larry,1.8042949438095093
Olivia,Wade,1.804309368133545
Oscar,Shana,1.8043252229690552
MrsClaus,Olivia,1.804378628730774
Rachel,Slushy,1.8043789863586426
Audrey,Elias,1.80441415309906
Ryan,SantaClaus,1.8044241666793823
Robert,Rusty,1.8044356107711792
Claire,Nathan,1.8045272827148438
Liz,Nathan,1.8046528100967407
Chester,Tim,1.8047245740890503
Jennifer,MrsClaus,1.804742693901062
Carl,Chester,1.8047552108764648
Furnando,Xavier,1.804768443107605
Joshua,Simon,1.80490243434906
Caleb,DollarJr,1.8049688339233398
Callan,UncleHank,1.8049899339675903
Chester,Sean,1.8049951791763306
Amber,Katie,1.8051263093948364
Nathan,Neel,1.805130124092102
Jodie,Vivien,1.8052124977111816
Ben,Rex,1.8052273988723755
Aaron,Wade,1.8052386045455933
Tessa,Wade,1.8052886724472046
Carl,Jake,1.805327296257019
ReporterCatalina,Tim,1.805357813835144
Damian,Owen,1.8055037260055542
Aaron,Logan,1.8055192232131958
Dylan,Kanno,1.8056511878967285
Dylan,Nia,1.8057466745376587
KlipKim,Logan,1.805752158164978
Neel,Robert,1.8058966398239136
Aaron,Chase,1.805938720703125
Nathan,Royce,1.8060227632522583
Jeff,KlipKim,1.8060545921325684
Dan,Owen,1.8060699701309204
Aiden,Carol,1.806159496307373
Chester,Chloe,1.8061875104904175
Kristen,Tessa,1.8062094449996948
Simon,Tessa,1.8062323331832886
Annie,Liz,1.8062471151351929
Alex,Katie,1.8062504529953003
ReporterCatalina,Skylar,1.8062859773635864
Logan,Oscar,1.8063160181045532
Buddy,Robert,1.806390643119812
Grace,Oliver,1.8063918352127075
River,Sindarin,1.8064602613449097
Avery,Sylvia,1.806463599205017
Dylan,Peter,1.8065558671951294
Gus,Jimmy,1.8065999746322632
Furnando,Noa,1.8066295385360718
Callan,Cole,1.8067889213562012
Amber,Olivia,1.806799292564392
Harper,Verna,1.80685555934906
Jeff,Lloyd,1.806949496269226
Amber,Sara,1.8069863319396973
Jeff,Tim,1.8069993257522583
Chester,Vivien,1.807042121887207
Vivien,Walter,1.8071130514144897
Gus,Santa,1.8071485757827759
Cole,Jodie,1.807160496711731
Jimmy,Sylvia,1.8071774244308472
Cyrus,Rachel,1.807193398475647
Chad,Frankenstein,1.8072482347488403
Jimmy,Nia,1.80728018283844
Icarus,Philip,1.8072859048843384
Nathan,Olivia,1.8073269128799438
Henry,Hugh,1.8073935508728027
Gus,ReporterCatalina,1.807409405708313
Caleb,Chester,1.8074663877487183
Sylvia,Viqqie,1.8074828386306763
Carl,Ryan,1.8075023889541626
Royce,Xavier,1.8075170516967773
Ben,Tessa,1.8075742721557617
Amber,Chester,1.807613730430603
Joshua,NewscasterJohn,1.8076820373535156
Jennifer,Katie,1.8077000379562378
Logan,Viqqie,1.8077497482299805
ReporterCatalina,Sean,1.8077656030654907
KlipKim,Lloyd,1.807773232460022
Landon,Oliver,1.8078278303146362
Avery,Jodie,1.8078651428222656
Helena,ReporterCatalina,1.8079134225845337
Doug,Tim,1.8080662488937378
Jack,Walter,1.808074951171875
Oscar,Simon,1.8081026077270508
Audrey,Joshua,1.8081074953079224
Matthew,Royce,1.8081375360488892
Chad,Henry,1.8084646463394165
Cole,Jimmy,1.8084802627563477
Neel,Tessa,1.8085020780563354
Vanessa,Victoria,1.808518409729004
Carol,Chester,1.8085507154464722
JackoLantern,Michael,1.8085583448410034
Logan,Nova,1.8085966110229492
Furnando,Liam,1.8086010217666626
Eman,Tyson,1.8086241483688354
Jodie,Lindsay,1.8086944818496704
Caitlyn,Tessa,1.8087271451950073
Ben,Cole,1.8087468147277832
Lloyd,Nathan,1.808788776397705
Carl,Shana,1.8088284730911255
Chester,Riley,1.8088335990905762
Dan,Tessa,1.8088502883911133
Hans,KlipKim,1.8088849782943726
Sylvia,Valerie,1.8088902235031128
Rudolph,Sindarin,1.8089157342910767
Eman,Rachel,1.8089994192123413
Mia,Ryan,1.8091106414794922
Angela,SabrinatheWitch,1.8091731071472168
Neoguard,Simon,1.8091850280761719
Avery,Tessa,1.8092800378799438
Callan,JackoLantern,1.8092808723449707
Michael,Verna,1.8093353509902954
Aiden,Rachel,1.8093420267105103
Doughnut,Keybo,1.8094195127487183
Jack,Neel,1.8096351623535156
Natalie,Noa,1.8096369504928589
Annie,Camila,1.8096504211425781
Echo,Victoria,1.8096665143966675
Joshua,Ravi,1.8096723556518555
Ryan,Vincent,1.8096932172775269
Justin,Peter,1.8097301721572876
Matthew,ReporterCatalina,1.8097470998764038
Jenna,Riley,1.8098379373550415
Glenda,Margaret,1.8098907470703125
David,Michael,1.809903621673584
Justin,ReporterCatalina,1.8099116086959839
KlipKim,Santa,1.8099743127822876
Catherine,Tessa,1.8099790811538696
Aaron,Ron,1.8099870681762695
JackoLantern,Nathan,1.8100876808166504
David,River,1.8100999593734741
KlipKim,Zoey,1.810128092765808
Agatha,Furnando,1.8101873397827148
Dan,Jimmy,1.810194969177246
Jennifer,Mia,1.8102045059204102
Duke,Gus,1.810296654701233
Jeff,ReporterCatalina,1.8103480339050293
Maddie,Tina,1.8103693723678589
Chad,Chester,1.8103866577148438
Damian,Michael,1.810400128364563
Liam,UncleHank,1.8105045557022095
Kevin,Ron,1.810583472251892
Callan,DollarJr,1.8106130361557007
Lloyd,Philip,1.8106547594070435
Buddy,Matthew,1.810681939125061
Brad,Carlos,1.8107105493545532
JackoLantern,Liam,1.8107266426086426
Doug,Jeff,1.81076180934906
George,Simon,1.8108124732971191
Maisie,Slushy,1.810818076133728
Carlos,Landon,1.8108844757080078
Kelsey,Nathan,1.8108857870101929
Nova,Olivia,1.8109172582626343
Avery,JackoLantern,1.8109511137008667
Glenda,Ryan,1.810958743095398
Damian,Shana,1.8110750913619995
Avery,Paige,1.811087727546692
JackoLantern,Walter,1.8110963106155396
Rachel,Ron,1.8111881017684937
Amber,Kelsey,1.811281681060791
George,Philip,1.8113127946853638
Jeff,Rachel,1.8113651275634766
Larry,Royce,1.8115073442459106
JackoLantern,Jenna,1.8115628957748413
Eman,Gus,1.8115782737731934
Cyrus,Rudolph,1.8115859031677246
Carl,Jimmy,1.8116248846054077
Abigail,Grace,1.8116998672485352
ReporterCatalina,Sophia,1.8118540048599243
Agatha,Oliver,1.8118716478347778
KlipKim,NewscasterJohn,1.8119244575500488
Elias,PN,1.8120031356811523
Kelsey,Norah,1.8120595216751099
Aiden,Simon,1.8120630979537964
Ben,Shana,1.812106966972351
Aaron,CaptainBill,1.8121699094772339
Neel,Vincent,1.8121870756149292
Carlos,Graham,1.8122061491012573
Jackson,Landon,1.8122297525405884
Charlotte,Dean,1.8122426271438599
Jennifer,Skylar,1.81228506565094
Henry,Xavier,1.8122940063476562
CaptainBill,Chester,1.8123736381530762
Athena,Sylvia,1.8123773336410522
Jackson,Jake,1.8123908042907715
Dylan,Jodie,1.8125008344650269
Patricia,Rita,1.812510371208191
Caitlyn,Slushy,1.8125184774398804
Hugh,PN,1.8125444650650024
Jake,Neel,1.8125715255737305
Dean,Elias,1.8127412796020508
Eman,Wade,1.8127549886703491
AnnabelletheGhost,Dean,1.8128042221069336
Hailey,Norah,1.8128257989883423
Kanno,Nana,1.812829613685608
Dylan,Frankenstein,1.8129206895828247
Royce,Vincent,1.8129907846450806
Avery,Sara,1.8130332231521606
JackoLantern,MrsClaus,1.8130383491516113
George,Michael,1.8130639791488647
April,Sara,1.8130954504013062
Grace,Lydia,1.8131561279296875
Aiden,Santa,1.8131932020187378
Olivia,Victoria,1.8132113218307495
Brad,Carl,1.8132907152175903
Jennifer,Nova,1.8133779764175415
Nana,Ravi,1.8134193420410156
Chloe,Wade,1.8134499788284302
Nathan,Vivien,1.8135470151901245
Athena,Mia,1.813555359840393
Aaron,Rudolph,1.8135929107666016
Aiden,Jackson,1.813594937324524
DollarJr,Larry,1.8136037588119507
DollarJr,Rachel,1.8136075735092163
Callan,Owen,1.8136181831359863
Gus,Wade,1.8136531114578247
Neel,Ravi,1.8136731386184692
Glenda,Nova,1.8138213157653809
Logan,Neel,1.8138471841812134
Kevin,Nana,1.8138612508773804
Catherine,Vanessa,1.8138842582702637
Kristen,Paige,1.8139840364456177
Eman,Owen,1.8139938116073608
Joshua,MrsClaus,1.8140573501586914
April,Vivien,1.8140698671340942
Dylan,Santa,1.8140987157821655
Patricia,Viqqie,1.8141306638717651
Harper,Jodie,1.8141318559646606
Hans,Oscar,1.8141423463821411
George,River,1.8143068552017212
Lydia,Skylar,1.814450740814209
CaptainBill,Larry,1.8144640922546387
Eman,Justin,1.814476490020752
Aaron,Rachel,1.8145614862442017
Angela,Patricia,1.8145893812179565
Ben,Matthew,1.8146418333053589
Brad,Logan,1.8147765398025513
Aaron,NewscasterJohn,1.8149164915084839
Sara,Skylar,1.8149210214614868
Brad,NewscasterJohn,1.814940094947815
Audrey,Ryan,1.815060019493103
Maisie,MrsClaus,1.8151211738586426
Oliver,Sindarin,1.8151296377182007
Carl,Matthew,1.815177083015442
Chad,Peter,1.8152203559875488
Callan,Gus,1.8152893781661987
Chase,Doug,1.8153648376464844
Mia,Rachel,1.8153700828552246
Hugh,Icarus,1.815374732017517
Larry,Oliver,1.8153952360153198
Nia,Ryan,1.815407633781433
JackoLantern,Wade,1.8154315948486328
Audrey,Avery,1.815565586090088
Lloyd,Wade,1.8155804872512817
David,Matthew,1.8155931234359741
Amber,Rachel,1.8155932426452637
JackoLantern,Jodie,1.815778374671936
Larry,SantaClaus,1.815827488899231
Edward,Jimmy,1.8158389329910278
Brad,Jennifer,1.8158445358276367
Ravi,Tim,1.815854549407959
Dan,Ron,1.815872073173523
Natalie,Slushy,1.816026210784912
Oliver,Ryan,1.8160390853881836
PN,Shana,1.8160616159439087
Cole,Tessa,1.8160619735717773
SabrinatheWitch,Slushy,1.8160972595214844
Harper,Rita,1.816136360168457
Gus,Tim,1.8162139654159546
Bell,ReporterCatalina,1.8162857294082642
Hans,Zoey,1.8163304328918457
Jake,Oliver,1.8164016008377075
George,Jeff,1.8164373636245728
Chester,Victoria,1.816475749015808
Furnando,Ravi,1.8164786100387573
Mia,Olivia,1.816480278968811
Glenda,Kelly,1.816594123840332
Audrey,Sindarin,1.8166254758834839
Logan,Nia,1.8166416883468628
Buddy,Landon,1.8167036771774292
Jeff,River,1.8167119026184082
Helena,Mia,1.8167248964309692
Carl,Chase,1.8167753219604492
Lydia,Nia,1.8167818784713745
April,Skylar,1.8167985677719116
Chester,Wade,1.8168851137161255
Paige,Sylvia,1.817033290863037
Doug,Justin,1.817039132118225
Millie,Sylvia,1.81705904006958
Carl,Tim,1.817149043083191
Doughnut,ReporterCatalina,1.8171706199645996
JackoLantern,Keybo,1.8171892166137695
Simon,Wade,1.8172016143798828
PN,Tim,1.8172270059585571
Catherine,Lindsay,1.8172279596328735
Buddy,Tim,1.8172415494918823
CaptainBill,Xavier,1.8172879219055176
Dean,Vivien,1.817306399345398
MrsClaus,Ryan,1.8173772096633911
Justin,West,1.8173775672912598
Rachel,Starling,1.8173795938491821
Caleb,Kanno,1.8173829317092896
Dan,Margot,1.8173999786376953
Benny,Liam,1.8175586462020874
DollarJr,George,1.8176196813583374
Camila,Tina,1.817639946937561
Cyrus,Ravi,1.8177655935287476
Landon,Shana,1.8178058862686157
Benny,Xavier,1.817868709564209
PN,Wade,1.817876935005188
Jodie,Samantha,1.8178869485855103
Matthew,Tyson,1.8180605173110962
Jackson,Oliver,1.8180724382400513
Dan,SabrinatheWitch,1.8180789947509766
Grace,Matthew,1.818113923072815
Larry,Margaret,1.8181740045547485
Larry,Michael,1.8183196783065796
Cyrus,ReporterCatalina,1.8183244466781616
Bruce,Larry,1.8183388710021973
Jeff,Neoguard,1.8183404207229614
Katie,Maisie,1.8183668851852417
MrsClaus,Xavier,1.8183808326721191
Graham,Rudolph,1.8184003829956055
Chester,Liam,1.818416714668274
Cyrus,DollarJr,1.818433165550232
Dean,Jennifer,1.8184579610824585
Bell,Caitlyn,1.8185291290283203
Carol,Starling,1.8185406923294067
Echo,Viqqie,1.8185580968856812
Rebecca,Riley,1.8185811042785645
Rachel,Xavier,1.8186172246932983
Audrey,Olivia,1.8186225891113281
Claire,Oliver,1.8186951875686646
Jake,NewscasterJohn,1.8186997175216675
Neoguard,Oliver,1.8187063932418823
Chloe,Rita,1.8187352418899536
Nathan,Nova,1.8189020156860352
Natalie,Oliver,1.8189138174057007
Brad,Justin,1.818914532661438
Oscar,Tim,1.819048523902893
Dylan,Nana,1.8191347122192383
Keybo,Oliver,1.8191677331924438
Doug,Kevin,1.8191862106323242
Henry,Rachel,1.8192490339279175
Furnando,Oscar,1.8193045854568481
Carl,Landon,1.8193496465682983
Tyson,UncleHank,1.8193635940551758
Brad,Natalie,1.819481372833252
Dean,Doug,1.8195053339004517
Dylan,Joshua,1.8195419311523438
Chase,Jeff,1.8195503950119019
Dan,West,1.8195725679397583
Paige,Rita,1.8195737600326538
Justin,Tyson,1.819578766822815
Matthew,Skylar,1.8196104764938354
NewscasterJohn,Oscar,1.8196481466293335
Samantha,Tessa,1.819653868675232
Cyrus,Xavier,1.8196688890457153
George,Jack,1.8196959495544434
Neel,Rusty,1.819710373878479
Brad,Chester,1.8197193145751953
Justin,Ryan,1.8197602033615112
Aaron,Chester,1.8198280334472656
Chester,SabrinatheWitch,1.8198899030685425
Chester,Xavier,1.819901466369629
Kanno,Olivia,1.8199065923690796
Landon,NewscasterJohn,1.8199410438537598
Aiden,Royce,1.8199543952941895
Rachel,Ravi,1.8200377225875854
Jack,Vincent,1.8200411796569824
Eman,Xavier,1.8200443983078003
Alex,Rachel,1.8201031684875488
Henry,Noa,1.8201202154159546
Agatha,MrsClaus,1.8201838731765747
Sean,Walter,1.8202275037765503
Chase,Oliver,1.8202342987060547
Nia,Walter,1.8202353715896606
Buddy,JackoLantern,1.8202801942825317
Ben,Oscar,1.8203091621398926
Nana,Xavier,1.8203606605529785
Amber,Dean,1.8204094171524048
Agatha,Natalie,1.8204518556594849
Chad,Elias,1.8205615282058716
Amber,Claire,1.8206772804260254
Dean,Jackson,1.8207491636276245
Cyrus,Robert,1.8208876848220825
Angela,Joshua,1.8208969831466675
Emma,ReporterCatalina,1.8209309577941895
JackoLantern,West,1.8209418058395386
Audrey,Dean,1.8209577798843384
MrsClaus,Vivien,1.820975422859192
Chad,Rex,1.8210288286209106
Joshua,Landon,1.8211040496826172
Angela,Samantha,1.821205973625183
Amber,AnnabelletheGhost,1.8212822675704956
CaptainBill,Justin,1.8213043212890625
Ben,NewscasterJohn,1.8213146924972534
Peter,Santa,1.82133150100708
Justin,Verna,1.8213454484939575
George,Sean,1.821376919746399
Maisie,Nana,1.8213776350021362
Buddy,KlipKim,1.8214235305786133
Landon,Philip,1.821468710899353
Chase,Matthew,1.8215290307998657
Edward,Landon,1.8215665817260742
Gus,Kevin,1.821570873260498
Catherine,Millie,1.8216408491134644
River,Wade,1.8217190504074097
Lloyd,Tim,1.8217229843139648
Cole,Vincent,1.8218393325805664
Maddie,Nana,1.8219157457351685
Aaron,Matthew,1.8219183683395386
Landon,Norah,1.8219269514083862
Robert,Wade,1.8219307661056519
Carlos,Claire,1.8220314979553223
Nathan,SabrinatheWitch,1.8221015930175781
River,Xavier,1.8221197128295898
ReporterCatalina,Slushy,1.82213294506073
Noa,Sean,1.8221575021743774
AnnabelletheGhost,Athena,1.8222169876098633
Emma,Kelsey,1.822291374206543
April,Viqqie,1.822292685508728
NewscasterJohn,Rex,1.8223122358322144
Riley,Stephanie,1.822348952293396
Audrey,Carlos,1.8223506212234497
Neel,Rachel,1.8223646879196167
Landon,Slushy,1.8224889039993286
Jodie,Xavier,1.822569489479065
Rex,Ron,1.8225826025009155
Joshua,Oliver,1.822595238685608
Aiden,SabrinatheWitch,1.822623372077942
Ben,Nana,1.8226323127746582
Chad,JackoLantern,1.8226662874221802
Nova,Sindarin,1.8226813077926636
Charlotte,Shana,1.8227100372314453
Caitlyn,Mia,1.8227124214172363
Jeff,Robert,1.8227152824401855
Nathan,Oliver,1.8227876424789429
Shana,Sophia,1.8228368759155273
Patricia,Stephanie,1.8229598999023438
Cyrus,Dan,1.8229714632034302
Jennifer,Kanno,1.8229784965515137
Cyrus,Larry,1.8230077028274536
Ben,David,1.823011040687561
Larry,Vivien,1.8230242729187012
Larry,Lydia,1.8230282068252563
Benny,Dean,1.8230561017990112
Furnando,Larry,1.823106288909912
Edward,Ryan,1.8231072425842285
Bell,Rachel,1.8231371641159058
Chad,Oliver,1.8231462240219116
CaptainBill,Verna,1.8232002258300781
Oscar,ReporterCatalina,1.82325279712677
Chad,Jake,1.8233399391174316
Graham,Ron,1.8234919309616089
Chad,Margot,1.823549747467041
Aaron,Simon,1.8236414194107056
Logan,Sylvia,1.8236488103866577
Elias,Ravi,1.8236545324325562
Carol,Dylan,1.8236995935440063
George,Henry,1.823814868927002
Jeff,Matthew,1.8238400220870972
Audrey,Patricia,1.8238927125930786
Brad,Sean,1.8239489793777466
Carlos,Elias,1.8239630460739136
Duke,Joshua,1.8240059614181519
Jodie,Valerie,1.8240405321121216
Grace,Logan,1.8240550756454468
Buddy,George,1.8241931200027466
Catherine,Slushy,1.8242250680923462
Dean,Tyson,1.8242343664169312
Audrey,Nathan,1.8242453336715698
Abigail,Janet,1.8243104219436646
DollarJr,Liam,1.824324607849121
Dylan,Simon,1.824344515800476
Caleb,SantaClaus,1.8243541717529297
Chase,Wade,1.8244132995605469
Millie,Rachel,1.824418067932129
Glenda,Sylvia,1.8244186639785767
Buddy,Philip,1.8245035409927368
David,Rex,1.8246177434921265
Logan,Michael,1.8246560096740723
Maddie,Skylar,1.8246703147888184
Chester,Lydia,1.824713110923767
Ravi,Rudolph,1.8247495889663696
Rebecca,Skylar,1.8248323202133179
Henry,Oscar,1.8248363733291626
Viqqie,Xavier,1.824887752532959
Millie,SabrinatheWitch,1.824903964996338
Edward,Eman,1.824912667274475
Chester,Paige,1.8249163627624512
Jennifer,Sylvia,1.824934959411621
Larry,Philip,1.824968934059143
Chester,Margaret,1.8249993324279785
Catherine,Mia,1.8250294923782349
Noa,Rex,1.825168490409851
Shana,Viqqie,1.8252043724060059
Aaron,Elias,1.825217843055725
Jennifer,Walter,1.8252328634262085
Dean,Liz,1.825234055519104
CaptainBill,Graham,1.8254045248031616
Cole,Jennifer,1.8254855871200562
Chad,Nana,1.8256034851074219
CaptainBill,Michael,1.8256150484085083
Joshua,Robert,1.8256381750106812
Cyrus,PN,1.8256512880325317
George,Neel,1.8257490396499634
Camila,Shana,1.8257780075073242
Avery,Charlotte,1.825796127319336
Callan,Ron,1.8259682655334473
Oliver,Walter,1.825995922088623
Benny,Matthew,1.8260351419448853
Elias,Noa,1.8260540962219238
KilliantheVampire,Mark,1.8260622024536133
Audrey,Logan,1.8262825012207031
Nova,Walter,1.8263384103775024
George,Landon,1.8263691663742065
Rudolph,Xavier,1.8263822793960571
Larry,Olivia,1.8264431953430176
Chase,Logan,1.826483130455017
Caitlyn,Doughnut,1.8264846801757812
Henry,Santa,1.8264894485473633
Ravi,Royce,1.826509952545166
Athena,Stephanie,1.8265351057052612
Kelsey,Patricia,1.8265517950057983
Charlotte,Katie,1.8265806436538696
Grace,Tessa,1.8266047239303589
Brad,Jodie,1.8266282081604004
Henry,Tim,1.8267477750778198
Amber,Nathan,1.8267523050308228
Cole,Jackson,1.8267922401428223
Alex,Claire,1.8268412351608276
Carlos,Philip,1.8269442319869995
Matthew,Philip,1.8269463777542114
AnnabelletheGhost,JackoLantern,1.8269720077514648
Neoguard,Owen,1.82698392868042
Callan,George,1.8270663022994995
Ben,Simon,1.827181339263916
Carlos,Olivia,1.8271900415420532
Abigail,Emma,1.827254295349121
Margot,ReporterCatalina,1.8272687196731567
Lindsay,Rachel,1.8273648023605347
Bell,Norah,1.8274308443069458
Jack,Jeff,1.8274694681167603
Logan,Lydia,1.8275642395019531
Icarus,Jack,1.8275974988937378
Liam,Vivien,1.8276262283325195
Doughnut,SabrinatheWitch,1.8276952505111694
Buddy,Carlos,1.8277292251586914
Agatha,Xavier,1.8277708292007446
Caleb,Carl,1.827878475189209
Dylan,Edward,1.8278969526290894
Liam,NewscasterJohn,1.8279110193252563
CaptainBill,Icarus,1.8279248476028442
Carlos,Verna,1.8279379606246948
Dean,Mia,1.8279725313186646
Benny,Gus,1.8279949426651
Vincent,Xavier,1.8280320167541504
Charlotte,Kelly,1.828050971031189
Echo,Vanessa,1.8280692100524902
Audrey,Margot,1.828079342842102
Justin,Olivia,1.828148365020752
Graham,NewscasterJohn,1.8281692266464233
Eman,Natalie,1.828175663948059
Cole,Victoria,1.8282047510147095
Dean,Echo,1.8282837867736816
Chase,Sindarin,1.828328251838684
Joshua,West,1.828402042388916
Chase,Natalie,1.8284693956375122
Angela,Sara,1.8285212516784668
Liam,Robert,1.8285589218139648
Margaret,Tina,1.8286131620407104
Eman,Santa,1.8286209106445312
Carol,DollarJr,1.8287066221237183
CaptainBill,Tessa,1.8287320137023926
Aiden,Benny,1.8287464380264282
Graham,Icarus,1.8287774324417114
Cyrus,Oscar,1.8289237022399902
Hailey,Rachel,1.8290306329727173
Brad,Simon,1.8290647268295288
Catherine,ReporterCatalina,1.8290963172912598
Claire,Sara,1.8291062116622925
Doug,Larry,1.8293737173080444
Benny,Walter,1.829396367073059
Eman,Vivien,1.829472541809082
Furnando,Margaret,1.8296087980270386
Matthew,Nia,1.8296416997909546
NewscasterJohn,Royce,1.8297091722488403
Damian,Tyson,1.8297547101974487
Chad,Walter,1.8298794031143188
Lloyd,Santa,1.829897403717041
Audrey,Larry,1.8299084901809692
Dean,Lucille,1.8299192190170288
Keybo,Sindarin,1.8299516439437866
Nova,Stephanie,1.829979419708252
Amber,Grace,1.830012321472168
Oscar,SabrinatheWitch,1.8300410509109497
Charlotte,Maisie,1.8301256895065308
Kelsey,Viqqie,1.8301564455032349
Jake,Joshua,1.830162525177002
Riley,Sylvia,1.830201506614685
Furnando,Logan,1.830234169960022
George,Rachel,1.8302439451217651
Charlotte,Sara,1.8302721977233887
Chad,Margaret,1.8303054571151733
Edward,Rachel,1.8305402994155884
Jake,Robert,1.8305978775024414
Olivia,Oscar,1.8305989503860474
Liz,MrsClaus,1.8306852579116821
Maddie,Rachel,1.830690860748291
Royce,Shana,1.8307089805603027
DollarJr,Furnando,1.8308619260787964
Carlos,Kelsey,1.8308807611465454
KlipKim,Wade,1.8309153318405151
April,Dean,1.8309803009033203
Hailey,Nana,1.83100163936615
Dean,Lydia,1.8310765027999878
Chester,Neel,1.8311004638671875
DollarJr,MrsClaus,1.8311161994934082
Ben,Eman,1.831174373626709
Rachel,Sophia,1.8312498331069946
Damian,Graham,1.8312724828720093
Dean,Viqqie,1.8313225507736206
Jennifer,Neel,1.8313813209533691
Liam,Tessa,1.831414818763733
George,Logan,1.8314341306686401
Dean,Ravi,1.8315211534500122
Chase,Chester,1.83154296875
Logan,Zoey,1.8315492868423462
Caleb,Jimmy,1.831567406654358
Chad,Philip,1.8317033052444458
Samantha,Sylvia,1.831713080406189
Chester,Landon,1.8317703008651733
Justin,Patrick,1.8319588899612427
Damian,Ron,1.8319740295410156
DollarJr,Tessa,1.831979751586914
Cyrus,Eman,1.8319830894470215
April,Glenda,1.832223892211914
Chad,Graham,1.8322697877883911
Tim,Viqqie,1.83232843875885
Caitlyn,Joshua,1.8325058221817017
Brad,SabrinatheWitch,1.8325234651565552
Aiden,Kanno,1.8325387239456177
Carlos,NewscasterJohn,1.8326663970947266
David,Doug,1.8326953649520874
Margot,Ravi,1.8328191041946411
Lydia,Oliver,1.8328876495361328
JackoLantern,Larry,1.8329588174819946
Bruce,Wade,1.8329658508300781
Millie,Tessa,1.8331069946289062
Walter,West,1.8331445455551147
Edward,Simon,1.8333605527877808
Landon,Natalie,1.833394169807434
Nova,Simon,1.8335269689559937
DollarJr,SabrinatheWitch,1.8335407972335815
Liz,Maddie,1.833606243133545
Carl,Eman,1.8336210250854492
Hans,Noa,1.8336467742919922
Buddy,Cole,1.8336535692214966
JackoLantern,Olivia,1.8337253332138062
Jackson,Ryan,1.833734393119812
Ravi,ReporterCatalina,1.8337348699569702
Matthew,Natalie,1.8337534666061401
Chad,Tessa,1.833792805671692
Harper,Paige,1.8338102102279663
Victoria,Viqqie,1.8338203430175781
Dean,Sophia,1.8339247703552246
Amber,Caitlyn,1.8339685201644897
Carl,Michael,1.8340468406677246
Jodie,Kelsey,1.8340846300125122
Logan,Tessa,1.8340896368026733
Aaron,Audrey,1.8340986967086792
Chase,KlipKim,1.834114909172058
Icarus,Kevin,1.83412504196167
Charlotte,Rita,1.8341941833496094
Dean,Skylar,1.8343082666397095
Larry,Simon,1.834337830543518
Grace,Verna,1.8343485593795776
Ben,Benny,1.834366798400879
Dan,Jennifer,1.8343743085861206
Rachel,Simon,1.8344138860702515
Doug,Nana,1.834486484527588
Echo,Sara,1.8345065116882324
Hans,Ravi,1.8345369100570679
Claire,Kristen,1.8345707654953003
Neel,Rex,1.8346112966537476
Nana,Rita,1.8346400260925293
Caitlyn,Echo,1.8347774744033813
CaptainBill,Rita,1.8348404169082642
Furnando,Margot,1.8348407745361328
Avery,Nathan,1.8348493576049805
Gus,Xavier,1.8348544836044312
Larry,Ravi,1.8348894119262695
Michael,Nathan,1.8349075317382812
Kristen,Oliver,1.8349080085754395
Glenda,Wade,1.8349127769470215
Lucille,Nova,1.8349227905273438
Oliver,Rachel,1.8349504470825195
Doug,UncleHank,1.8350127935409546
Carlos,Jodie,1.835073471069336
Dylan,Jackson,1.8350790739059448
Chad,Rudolph,1.8351014852523804
Glenda,Jodie,1.835156798362732
Abigail,Kelly,1.8352103233337402
Audrey,Viqqie,1.8352117538452148
Olivia,Verna,1.8352974653244019
Rusty,Wade,1.8353943824768066
DollarJr,Hans,1.8354231119155884
Hugh,ReporterCatalina,1.8354525566101074
Chad,Jennifer,1.8354674577713013
Nia,Samantha,1.83563232421875
Tim,Walter,1.8356541395187378
Doug,Kanno,1.835729718208313
Emma,Victoria,1.8357347249984741
Carlos,Grace,1.8357950448989868
Dan,Olivia,1.8357993364334106
Glenda,Simon,1.8358207941055298
Lucille,Rachel,1.8358335494995117
Brad,Kelsey,1.835919976234436
Hailey,ReporterCatalina,1.8359203338623047
Alex,Carol,1.83602774143219
Benny,CaptainBill,1.8360451459884644
Chester,Skylar,1.8360921144485474
Dean,Starling,1.8361750841140747
Nathan,Zoey,1.8362045288085938
Cyrus,Joshua,1.8362332582473755
Benny,PN,1.8362363576889038
Tim,Tyson,1.8362518548965454
Kevin,Nia,1.8362560272216797
Camila,Patricia,1.8362733125686646
Elias,ReporterCatalina,1.836291790008545
Nathan,Tessa,1.8363770246505737
Olivia,Viqqie,1.8364330530166626
Liz,Xavier,1.836579442024231
Jenna,Norah,1.8366152048110962
Dylan,Lloyd,1.8366522789001465
Nana,Neel,1.8366576433181763
Simon,UncleHank,1.836663842201233
Justin,PN,1.8367444276809692
Callan,NewscasterJohn,1.8368054628372192
Edward,Natalie,1.8369351625442505
Bruce,Sindarin,1.8369678258895874
KlipKim,Nova,1.8369866609573364
Helena,Jodie,1.8370436429977417
Chloe,Dean,1.8373314142227173
Angela,Edward,1.8373397588729858
Henry,Verna,1.83735990524292
Graham,Hugh,1.8374000787734985
Carlos,Royce,1.8374475240707397
Abigail,Glenda,1.837511658668518
Chad,Chase,1.8375176191329956
ReporterCatalina,West,1.8376058340072632
Jimmy,Landon,1.837619423866272
Carol,Noa,1.8376532793045044
Rachel,Royce,1.8376635313034058
Jack,Matthew,1.8377056121826172
Doug,Graham,1.8377445936203003
Rachel,Walter,1.837859034538269
Aiden,Nova,1.837861180305481
Glenda,Xavier,1.8378859758377075
Jack,Royce,1.8378983736038208
Buddy,Nathan,1.837910771369934
Chase,Jennifer,1.837996006011963
Ben,Walter,1.838093876838684
Icarus,Xavier,1.838188648223877
Audrey,Dan,1.8381978273391724
Aiden,Mia,1.8382049798965454
Rita,Viqqie,1.8382211923599243
DollarJr,Sylvia,1.8383122682571411
Nova,Ryan,1.8383564949035645
Brad,Nana,1.8383928537368774
Aiden,Audrey,1.8384151458740234
Doug,Gus,1.8384734392166138
Caitlyn,Sylvia,1.8384819030761719
Buddy,Joshua,1.8384976387023926
Nia,Noa,1.8385047912597656
Catherine,Nathan,1.8385637998580933
Chester,Oscar,1.8386402130126953
CaptainBill,Furnando,1.838658332824707
Brad,Ron,1.8386592864990234
SabrinatheWitch,Skylar,1.8386622667312622
Jack,ReporterCatalina,1.8386694192886353
Robert,Shana,1.8386735916137695
Emma,Jennifer,1.8387564420700073
Carol,Margot,1.8387783765792847
Skylar,Verna,1.8387876749038696
Damian,West,1.8388258218765259
Mark,Nathan,1.838845133781433
Elias,Larry,1.838856816291809
Jeff,PN,1.8388625383377075
Oliver,Skylar,1.8388804197311401
Riley,Tessa,1.838903546333313
Oliver,Sean,1.8389692306518555
Rita,Tessa,1.8389912843704224
Chad,Jimmy,1.8390175104141235
Joshua,Victoria,1.8390699625015259
Jodie,Millie,1.8391547203063965
Dylan,Rex,1.8392329216003418
Carl,Carlos,1.839260220527649
Agatha,Neel,1.839264988899231
Mia,Vincent,1.8392757177352905
Callan,Robert,1.8394309282302856
MrsClaus,Simon,1.8394585847854614
Hans,Margot,1.8395029306411743
Dan,Oliver,1.8395533561706543
Chester,Sindarin,1.8395692110061646
Ben,Edward,1.8396183252334595
Michael,Nia,1.839633822441101
Jake,Michael,1.8396910429000854
Callan,Damian,1.8397526741027832
Benny,West,1.8398116827011108
Ryan,Viqqie,1.8399845361709595
Noa,Olivia,1.8399990797042847
Ryan,Tessa,1.8400492668151855
Dan,Royce,1.8400605916976929
KlipKim,Nia,1.8400611877441406
Carlos,Chad,1.840083122253418
JackoLantern,Peter,1.8401495218276978
JackoLantern,Rebecca,1.8401902914047241
Caitlyn,Maddie,1.84019935131073
Graham,Matthew,1.840312123298645
Carol,Grace,1.8403431177139282
Carl,PN,1.8403902053833008
Jimmy,Wade,1.840391755104065
Kanno,Michael,1.8403959274291992
Nia,Vincent,1.8403972387313843
Duke,Ryan,1.8404282331466675
Avery,Echo,1.8404687643051147
Lloyd,Sean,1.8404723405838013
Cyrus,Jack,1.8404914140701294
Philip,Royce,1.8405256271362305
SabrinatheWitch,Starling,1.8406133651733398
Ravi,Shana,1.8406434059143066
Oliver,Wade,1.840670108795166
Callan,Chester,1.8406867980957031
Carl,DollarJr,1.840706706047058
Angela,Chester,1.8407565355300903
Ravi,Santa,1.8408020734786987
Grace,Mia,1.8408726453781128
Aiden,Bruce,1.8409377336502075
Elias,Justin,1.8409384489059448
Margot,Victoria,1.840959906578064
Patricia,Vivien,1.8410325050354004
Eman,Simon,1.841064453125
Brad,Vivien,1.8410943746566772
Rudolph,Tim,1.8411626815795898
Dylan,Jennifer,1.84134042263031
River,Viqqie,1.8413549661636353
Graham,Wade,1.841420292854309
Doughnut,Mia,1.8414350748062134
Lydia,Xavier,1.8415061235427856
Natalie,Neel,1.8415499925613403
Michael,Ravi,1.8416107892990112
Stephanie,Vivien,1.8416152000427246
Tim,West,1.8416314125061035
Audrey,Catherine,1.8416805267333984
JackoLantern,Vanessa,1.8417075872421265
JackoLantern,Liz,1.8417158126831055
Cole,Nia,1.8417348861694336
River,Ryan,1.8417717218399048
Dean,Kelsey,1.8418306112289429
Chase,Tessa,1.8418339490890503
Chad,NewscasterJohn,1.8418446779251099
Claire,Samantha,1.8418458700180054
Ben,Justin,1.8418525457382202
Liam,Royce,1.8419288396835327
Bruce,NewscasterJohn,1.8419857025146484
Abigail,Zoey,1.8420616388320923
Eman,Jennifer,1.8422061204910278
Ben,Slushy,1.8422173261642456
Carlos,Jennifer,1.8422212600708008
Jake,Justin,1.8422616720199585
Brad,Camila,1.8422770500183105
Hugh,Ravi,1.8423269987106323
Callan,Nana,1.8423510789871216
Audrey,Doug,1.8425167798995972
David,Philip,1.8425301313400269
Robert,Sindarin,1.8425313234329224
Liz,Ryan,1.8425437211990356
Frankenstein,Landon,1.8425523042678833
Tina,Vivien,1.8425650596618652
Catherine,Noa,1.8426026105880737
Amber,Jimmy,1.8426060676574707
AnnabelletheGhost,Echo,1.8426364660263062
Abigail,Cole,1.842655062675476
Skylar,Victoria,1.8426982164382935
Audrey,Margaret,1.84274423122406
Avery,Catherine,1.84275484085083
Caleb,CaptainBill,1.8427619934082031
Kevin,Mia,1.8428153991699219
Liz,Noa,1.8428155183792114
Joshua,Logan,1.8428950309753418
Landon,Rex,1.8429161310195923
Neel,Olivia,1.8429514169692993
Caleb,Lloyd,1.8429545164108276
Nathan,Rex,1.8429948091506958
Carlos,Carol,1.843018889427185
Aiden,Neel,1.8431167602539062
Neoguard,NewscasterJohn,1.8431276082992554
Henry,Michael,1.8431614637374878
Jake,Royce,1.8431881666183472
Audrey,MrsClaus,1.8432825803756714
CaptainBill,Elias,1.8432883024215698
Dan,Margaret,1.84334135055542
Carlos,Cyrus,1.8434840440750122
David,DollarJr,1.8435004949569702
Chloe,Kelly,1.8435794115066528
Carlos,Slushy,1.8436436653137207
Jodie,Starling,1.8436717987060547
Margaret,Nia,1.8436747789382935
Kanno,Ravi,1.8436813354492188
Joshua,PN,1.843690037727356
Jodie,Nathan,1.8437271118164062
Norah,Walter,1.8437719345092773
Nathan,Ron,1.843790888786316
Claire,Glenda,1.843827724456787
PN,Royce,1.8438390493392944
Riley,Shana,1.843892216682434
Lydia,Wade,1.8438949584960938
Cyrus,Elias,1.8439165353775024
Dean,Margaret,1.8439322710037231
Cole,SantaClaus,1.8439449071884155
Audrey,Glenda,1.8439496755599976
Brad,Michael,1.843981146812439
Amber,Harper,1.8439841270446777
DollarJr,Doug,1.8439878225326538
Justin,Kelsey,1.8439950942993164
Nathan,Skylar,1.8440486192703247
Aaron,Rex,1.844094157218933
Claire,MrsClaus,1.8441095352172852
Callan,Ravi,1.8441282510757446
Caitlyn,Ryan,1.8441433906555176
Doughnut,Rita,1.8442021608352661
Jennifer,Rita,1.8442264795303345
Chad,Tyson,1.8442386388778687
Agatha,Carol,1.8442726135253906
Frankenstein,KlipKim,1.8443351984024048
ReporterCatalina,Starling,1.8443459272384644
Angela,Jodie,1.8443697690963745
David,Neel,1.8444539308547974
Carol,Kevin,1.8445534706115723
Dan,Glenda,1.8445907831192017
NewscasterJohn,Owen,1.8445945978164673
Glenda,Hailey,1.8446015119552612
Jennifer,Verna,1.844688057899475
Jennifer,Matthew,1.844692349433899
Dylan,Natalie,1.8446975946426392
Bruce,Rachel,1.844793438911438
Ben,ReporterCatalina,1.8448100090026855
Katie,Kelsey,1.8448222875595093
Audrey,Kevin,1.8448771238327026
Hugh,Robert,1.8448777198791504
Caitlyn,Walter,1.8448796272277832
Dan,Jeff,1.8449069261550903
Dylan,ReporterCatalina,1.8449115753173828
Paige,Rachel,1.844967007637024
Bruce,Noa,1.844969630241394
Dan,Sylvia,1.8449941873550415
Abigail,Caleb,1.8449997901916504
Carlos,Jenna,1.8450288772583008
Claire,Ryan,1.8450297117233276
Angela,Charlotte,1.8450504541397095
Caleb,MrsClaus,1.845089316368103
Annie,Catherine,1.8451193571090698
Maisie,Skylar,1.8451800346374512
Cole,NewscasterJohn,1.8452523946762085
Simon,Verna,1.8452578783035278
Larry,Rex,1.8452712297439575
David,Kanno,1.8452825546264648
Grace,Rebecca,1.8453491926193237
Camila,Nathan,1.8454407453536987
Aiden,Callan,1.845464825630188
Abigail,Nathan,1.8454698324203491
Kelsey,Rebecca,1.8454934358596802
Angela,Brad,1.8455743789672852
Chad,Matthew,1.8455952405929565
Noa,Simon,1.8457674980163574
Damian,Furnando,1.845800518989563
Larry,Victoria,1.8458539247512817
Edward,Tessa,1.8458608388900757
Aaron,Natalie,1.8459759950637817
Maisie,Sara,1.8460596799850464
Brad,Claire,1.8462077379226685
Jimmy,Larry,1.8462185859680176
Justin,Neoguard,1.8462411165237427
Matthew,Viqqie,1.8462566137313843
Brad,Starling,1.8462580442428589
Elias,Margot,1.8462653160095215
Aaron,Robert,1.846328616142273
Ravi,Sean,1.8463588953018188
Kelsey,Nova,1.8464032411575317
Chase,Gus,1.8464916944503784
Nia,Sindarin,1.846516489982605
Nathan,Norah,1.8465532064437866
April,Chester,1.8467812538146973
Damian,Rachel,1.8467830419540405
Aaron,Henry,1.8468540906906128
Abigail,Kelsey,1.8468631505966187
Benny,Larry,1.8469876050949097
Dylan,Olivia,1.847066044807434
CaptainBill,DollarJr,1.8470731973648071
Glenda,Patricia,1.8470796346664429
David,Furnando,1.8470913171768188
Landon,Victoria,1.8472925424575806
Doug,Lucille,1.8473790884017944
Carol,Ravi,1.8474140167236328
Caleb,Chase,1.8477054834365845
Aiden,Jimmy,1.8477877378463745
Graham,SabrinatheWitch,1.8477884531021118
Agatha,Simon,1.8477983474731445
Neel,Wade,1.8478764295578003
Doughnut,Matthew,1.8478878736495972
Rachel,Santa,1.8478909730911255
Lloyd,Viqqie,1.8479156494140625
DollarJr,Verna,1.8479251861572266
Robert,Tim,1.8479522466659546
Larry,Viqqie,1.8480042219161987
Edward,Shana,1.8481649160385132
Angela,Walter,1.8481999635696411
Brad,Nova,1.8482074737548828
KlipKim,UncleHank,1.8482333421707153
Ben,Kevin,1.8482550382614136
Caleb,Carlos,1.8482600450515747
Logan,Olivia,1.8482698202133179
Caitlyn,Matthew,1.8482723236083984
Annie,Claire,1.8482909202575684
Jimmy,Jodie,1.8483017683029175
Jack,Rex,1.8483632802963257
Kanno,Neel,1.8485063314437866
Jennifer,Xavier,1.8485325574874878
Echo,Harper,1.848534107208252
Carol,Catherine,1.8485569953918457
Margaret,Sindarin,1.8485628366470337
Carl,Rachel,1.8485716581344604
Gus,Tyson,1.848734736442566
Joshua,Neoguard,1.8487969636917114
Abigail,Kevin,1.848835825920105
Callan,Doug,1.8488574028015137
Camila,Matthew,1.8490322828292847
Kevin,Nova,1.849036693572998
Neel,Ron,1.8490694761276245
Jeff,Landon,1.8490792512893677
Maddie,Sylvia,1.849129557609558
Agatha,Samantha,1.8492103815078735
Buddy,Dan,1.8492766618728638
Hugh,Peter,1.8493679761886597
JackoLantern,Philip,1.8494511842727661
Caleb,Ron,1.8494735956192017
Catherine,SabrinatheWitch,1.8494848012924194
Jennifer,Justin,1.8495069742202759
Caleb,Duke,1.8495186567306519
Brad,Carol,1.8495359420776367
Amber,Kelly,1.8495877981185913
Edward,Kristen,1.8496164083480835
Jack,Justin,1.8496688604354858
Kevin,Sylvia,1.8497592210769653
Oliver,Xavier,1.8498469591140747
DollarJr,Olivia,1.8499070405960083
DollarJr,Natalie,1.8499857187271118
Dan,Norah,1.8500193357467651
Patricia,Verna,1.850044846534729
Gus,Neel,1.8500972986221313
April,Caitlyn,1.85011625289917
Graham,KilliantheVampire,1.8501802682876587
KlipKim,Vivien,1.8502107858657837
Chloe,Lindsay,1.8503309488296509
Oliver,Tim,1.8504210710525513
Angela,Chase,1.8504949808120728
Santa,Verna,1.8505264520645142
Simon,West,1.8506016731262207
Rachel,Robert,1.850695252418518
Carlos,Sindarin,1.850819706916809
Chase,Joshua,1.8508306741714478
Audrey,Wade,1.850887417793274
Aaron,Frankenstein,1.8509033918380737
Camila,Rita,1.8509043455123901
Frankenstein,KilliantheVampire,1.8509278297424316
Glenda,Nathan,1.8509441614151
Cole,Liam,1.850995659828186
Brad,Olivia,1.8510066270828247
Cyrus,Nathan,1.851033091545105
Maisie,Oliver,1.851166844367981
Justin,SabrinatheWitch,1.8511710166931152
ReporterCatalina,Zoey,1.85117769241333
Justin,Nana,1.8511940240859985
Helena,Shana,1.8512381315231323
Tim,Wade,1.8512439727783203
Camila,Oscar,1.851293683052063
AnnabelletheGhost,Rachel,1.8513261079788208
Larry,Tessa,1.8513294458389282
Audrey,DollarJr,1.8513754606246948
Chester,Henry,1.8514195680618286
Camila,Slushy,1.8514518737792969
JackoLantern,Oscar,1.8515087366104126
Nana,Oscar,1.851662516593933
Dylan,Jeff,1.851676106452942
Glenda,Ravi,1.8516994714736938
Justin,Rudolph,1.851737141609192
Chester,Kelsey,1.851741909980774
Starling,Xavier,1.8517680168151855
Norah,Simon,1.8518728017807007
Joshua,Rudolph,1.8519126176834106
Sophia,Victoria,1.8519163131713867
KlipKim,Nana,1.8519725799560547
Emma,Maisie,1.8520050048828125
Millie,Sara,1.8520065546035767
Angela,CaptainBill,1.8520373106002808
JackoLantern,UncleHank,1.852056622505188
Henry,ReporterCatalina,1.8520818948745728
Margot,PN,1.8521441221237183
Mia,Starling,1.8521441221237183
Rebecca,Ryan,1.8521522283554077
PN,Rachel,1.8521627187728882
Chester,Larry,1.8523039817810059
David,Gus,1.8523281812667847
Kevin,Rudolph,1.8523484468460083
Buddy,Rachel,1.8523935079574585
DollarJr,Jennifer,1.8524121046066284
Nia,Sara,1.852455496788025
Dylan,Vincent,1.8524924516677856
Duke,Wade,1.8525773286819458
Skylar,Sophia,1.8526479005813599
Audrey,Skylar,1.8526554107666016
Cyrus,Kevin,1.8526688814163208
Kanno,Ron,1.852676510810852
Chase,Walter,1.8526781797409058
Kevin,Oliver,1.8526978492736816
Doug,Ryan,1.8527202606201172
Justin,Oscar,1.8528169393539429
Damian,Jeff,1.852904200553894
Camila,Carlos,1.8529154062271118
Sindarin,Verna,1.852932095527649
Buddy,Eman,1.8531967401504517
Kristen,Margaret,1.8531999588012695
Furnando,Natalie,1.8533066511154175
PN,Sean,1.8533939123153687
Peter,Tyson,1.8534374237060547
Liam,Simon,1.8535045385360718
Kevin,Norah,1.8536144495010376
Oliver,Owen,1.8536171913146973
George,Liam,1.8536242246627808
Henry,Jack,1.8536375761032104
Oscar,Slushy,1.8536863327026367
Chase,ReporterCatalina,1.853772521018982
Athena,Charlotte,1.8537793159484863
Sindarin,Tim,1.853793978691101
Nia,Rita,1.853906273841858
Brad,Jake,1.8539937734603882
Rachel,Samantha,1.8540343046188354
Eman,Royce,1.8540377616882324
Peter,Ryan,1.8541102409362793
Catherine,Charlotte,1.8541232347488403
Lloyd,Ron,1.854169487953186
Landon,Sylvia,1.8542757034301758
Bruce,River,1.8542791604995728
Camila,JackoLantern,1.8543081283569336
Lloyd,River,1.854316234588623
Bruce,Robert,1.8544325828552246
David,Rachel,1.8544673919677734
Dean,Janet,1.85452139377594
Jackson,PN,1.854554295539856
Bruce,JackoLantern,1.8545995950698853
Sindarin,Tessa,1.854642391204834
Lloyd,Neel,1.8547793626785278
Dean,Slushy,1.8547849655151367
Millie,Vanessa,1.8548041582107544
Benny,Neoguard,1.8548678159713745
Carlos,Neoguard,1.85487699508667
Matthew,Simon,1.8549245595932007
Dean,Rita,1.854932427406311
Riley,Ryan,1.8549600839614868
Furnando,NewscasterJohn,1.8553391695022583
Xavier,Zoey,1.8553448915481567
Furnando,George,1.8553705215454102
Shana,Stephanie,1.8554600477218628
Damian,Logan,1.855460524559021
Owen,Simon,1.8554743528366089
PN,Simon,1.8555145263671875
Agatha,Verna,1.855526089668274
Caitlyn,Nathan,1.8556052446365356
Rachel,West,1.8556214570999146
Liam,Oliver,1.8556312322616577
Lucille,Oliver,1.8556385040283203
Annie,Vanessa,1.8556485176086426
Caleb,ReporterCatalina,1.855713963508606
Noa,Starling,1.8557472229003906
Agatha,Jennifer,1.8558064699172974
Callan,Xavier,1.8558565378189087
Carlos,Rachel,1.855878472328186
Cole,Kelsey,1.8559290170669556
Buddy,Larry,1.8559333086013794
Henry,Logan,1.8559727668762207
Kanno,Xavier,1.8559733629226685
Eman,River,1.8559762239456177
SantaClaus,Santa,1.8560048341751099
Joshua,Liam,1.8560494184494019
Katie,Nia,1.8560975790023804
Riley,Sophia,1.8561030626296997
Ryan,Tim,1.8561043739318848
Frankenstein,Ron,1.8561840057373047
Ryan,Skylar,1.8562012910842896
Michael,Tim,1.8562307357788086
Kelsey,Riley,1.8562355041503906
Kevin,Rachel,1.8562493324279785
Gus,Philip,1.8563207387924194
Jake,Sindarin,1.8563607931137085
Neoguard,Tim,1.8563655614852905
Cole,Frankenstein,1.8563686609268188
Echo,Paige,1.8563724756240845
Brad,Norah,1.8563798666000366
Bruce,Jeff,1.8563838005065918
Abigail,KlipKim,1.8563876152038574
Logan,Starling,1.8564070463180542
Doug,PN,1.8564304113388062
Carlos,Vincent,1.8564342260360718
Caleb,Nia,1.8564491271972656
Jack,Sean,1.8564554452896118
Caitlyn,Rebecca,1.8565678596496582
Cole,Liz,1.8565858602523804
Amber,Valerie,1.8566702604293823
DollarJr,River,1.856791615486145
Samantha,Sara,1.8568204641342163
Patrick,Ron,1.856839656829834
Duke,Xavier,1.856889247894287
Agatha,Rachel,1.8569096326828003
Noa,Sylvia,1.8569450378417969
George,Natalie,1.8569570779800415
Doug,Olivia,1.8569575548171997
Buddy,Jennifer,1.8571577072143555
Gus,Rachel,1.8571847677230835
Claire,Dean,1.8573040962219238
Brad,Santa,1.8573158979415894
Abigail,Rachel,1.8573466539382935
Logan,Stephanie,1.8573890924453735
Jeff,Noa,1.8574057817459106
George,NewscasterJohn,1.8574374914169312
Jimmy,Vincent,1.8574546575546265
Noa,Ron,1.857547640800476
Chester,Vanessa,1.8575571775436401
Hugh,Nana,1.8575721979141235
Glenda,Neel,1.8576273918151855
DollarJr,Philip,1.8577179908752441
Carol,Sophia,1.857731819152832
Ben,Xavier,1.8577598333358765
Natalie,Royce,1.8578776121139526
Bell,MrsClaus,1.857943058013916
Abigail,DollarJr,1.8579769134521484
Joshua,Samantha,1.8579992055892944
Abigail,Carlos,1.8580187559127808
Jake,ReporterCatalina,1.8580344915390015
Emma,Margaret,1.858036994934082
Kevin,Shana,1.8580493927001953
Sean,West,1.858088493347168
Maddie,Vanessa,1.8581438064575195
Ben,PN,1.8581547737121582
Justin,Liam,1.8581829071044922
Valerie,Verna,1.858277678489685
Jennifer,Landon,1.8582841157913208
Carl,Oscar,1.858302116394043
JackoLantern,Slushy,1.8583067655563354
Jennifer,Ravi,1.8583959341049194
DollarJr,Wade,1.8583978414535522
Carlos,Oscar,1.8584667444229126
Echo,Vivien,1.858484148979187
Matthew,Sylvia,1.8585028648376465
Bruce,Jake,1.8585482835769653
Jackson,ReporterCatalina,1.858555793762207
Aiden,Glenda,1.8585673570632935
Benny,Wade,1.858625888824463
Agatha,Shana,1.8586281538009644
Oscar,Rachel,1.8586429357528687
Ryan,West,1.8587363958358765
JackoLantern,Patricia,1.8587870597839355
Nia,Simon,1.8587874174118042
Dean,Glenda,1.8589520454406738
Dean,Kristen,1.8589600324630737
Chase,Damian,1.8589695692062378
Lindsay,Maddie,1.858973503112793
Samantha,Victoria,1.8590316772460938
Grace,Lucille,1.859066367149353
Buddy,Sindarin,1.8590993881225586
Caleb,Landon,1.8591097593307495
Jack,Jimmy,1.8592158555984497
Logan,Wade,1.859221339225769
CaptainBill,Vincent,1.8592244386672974
Joshua,Royce,1.8592833280563354
Caitlyn,MrsClaus,1.8592987060546875
Avery,Nia,1.8593014478683472
CaptainBill,Liam,1.8593615293502808
Landon,Patrick,1.8594313859939575
Furnando,Rex,1.8594449758529663
Kelly,Valerie,1.8594822883605957
Royce,Walter,1.8594938516616821
Margaret,Wade,1.8595069646835327
Slushy,Walter,1.8595513105392456
Neoguard,Verna,1.8595610857009888
Grace,Jimmy,1.8595625162124634
UncleHank,West,1.859574317932129
DollarJr,Jeff,1.8595786094665527
Buddy,Logan,1.8595935106277466
Chloe,Larry,1.8595943450927734
Hugh,Rachel,1.859599232673645
Graham,Simon,1.8596159219741821
Benny,Cyrus,1.8596420288085938
Benny,ReporterCatalina,1.8596528768539429
Annie,Bell,1.8596655130386353
Gus,Lucille,1.8596724271774292
Nathan,Viqqie,1.8598723411560059
CaptainBill,Shana,1.8598867654800415
CaptainBill,Rex,1.859892725944519
Callan,Jeff,1.8599038124084473
David,Walter,1.8599238395690918
Glenda,Justin,1.8599523305892944
Abigail,Margot,1.8599839210510254
Gus,Jeff,1.8599839210510254
Tyson,Xavier,1.859992504119873
Elias,Xavier,1.8600021600723267
Caitlyn,Eman,1.8601387739181519
Charlotte,Emma,1.8601876497268677
Buddy,Elias,1.860197901725769
Slushy,Xavier,1.8602651357650757
Carlos,Hans,1.860282301902771
Catherine,Ryan,1.86030912399292
Tyson,West,1.8603668212890625
Benny,Oscar,1.8604012727737427
Chase,SabrinatheWitch,1.8604339361190796
Audrey,Harper,1.8604636192321777
Buddy,Jake,1.8605256080627441
Ryan,Victoria,1.8605875968933105
Oliver,Paige,1.8605941534042358
Agatha,Olivia,1.8606138229370117
Kristen,Tina,1.8606253862380981
Cole,Olivia,1.86064875125885
Cyrus,Wade,1.86064875125885
Graham,Jennifer,1.8606570959091187
Alex,Norah,1.8606699705123901
Catherine,Kelsey,1.8606715202331543
Catherine,Kristen,1.860679030418396
Carl,Damian,1.860710620880127
Larry,Rita,1.8607724905014038
Carlos,Keybo,1.8607813119888306
Eman,Nova,1.8608039617538452
Carol,Hailey,1.8608498573303223
Henry,Shana,1.8609007596969604
Owen,Rex,1.8609299659729004
Furnando,Neoguard,1.8609944581985474
Bruce,Michael,1.8610248565673828
Margaret,Paige,1.8610997200012207
Dean,Rebecca,1.8611832857131958
Jenna,Rita,1.8614000082015991
Furnando,Peter,1.8614038228988647
Angela,Noa,1.8614157438278198
Alex,Tessa,1.861458420753479
David,Tyson,1.8614706993103027
Annie,Vivien,1.8616572618484497
Callan,Wade,1.8616795539855957
Chad,DollarJr,1.8617194890975952
Elias,Joshua,1.8617280721664429
Paige,Verna,1.8617912530899048
Kanno,Shana,1.8618022203445435
DollarJr,Jodie,1.8618311882019043
George,Jimmy,1.8619500398635864
Gus,KlipKim,1.8620437383651733
Caitlyn,Landon,1.8620682954788208
Damian,Frankenstein,1.8620933294296265
Brad,Liz,1.8621410131454468
Doug,Walter,1.8621597290039062
April,Jennifer,1.8621917963027954
Nana,Tina,1.8621984720230103
Riley,Slushy,1.862230896949768
Amber,Helena,1.8623195886611938
Furnando,River,1.8624095916748047
Patrick,Xavier,1.8624591827392578
Kristen,Matthew,1.8626054525375366
Alex,Catherine,1.862815022468567
Carlos,Mia,1.862816333770752
CaptainBill,Jackson,1.8628463745117188
David,PN,1.8628846406936646
Damian,Jodie,1.8628873825073242
Larry,Nana,1.862901210784912
AnnabelletheGhost,Viqqie,1.8629041910171509
DollarJr,Stephanie,1.8629437685012817
Hugh,UncleHank,1.862997055053711
Joshua,Nia,1.863012433052063
Justin,Matthew,1.8630484342575073
Abigail,Eman,1.8630820512771606
Liz,Wade,1.863136649131775
Bruce,Neel,1.863139033317566
Joshua,Tessa,1.863152027130127
Angela,Nathan,1.8632920980453491
Kevin,Natalie,1.863298773765564
Aiden,Ron,1.8633050918579102
Gus,Ravi,1.8633065223693848
Kevin,Walter,1.8633252382278442
Kristen,Verna,1.8634333610534668
Agatha,Claire,1.8634485006332397
AnnabelletheGhost,Xavier,1.8635042905807495
Caleb,Oliver,1.8636302947998047
Dean,Frankenstein,1.863681435585022
Ryan,Simon,1.8637018203735352
Ben,Callan,1.863743782043457
Camila,Noa,1.863934874534607
Chester,Kevin,1.8639463186264038
Liam,Tim,1.8639706373214722
Jake,Simon,1.864000678062439
Lindsay,Mia,1.8640098571777344
Chester,Michael,1.8640638589859009
Dean,Edward,1.8640822172164917
Carlos,Rudolph,1.8641070127487183
DollarJr,Kanno,1.8641301393508911
SabrinatheWitch,Zoey,1.8641554117202759
Angela,Sean,1.86418879032135
AnnabelletheGhost,Oliver,1.8641971349716187
Damian,Icarus,1.864207148551941
Michael,Simon,1.8642144203186035
Glenda,Hans,1.8642710447311401
Brad,Damian,1.8642972707748413
Jeff,Liam,1.8643354177474976
Aaron,River,1.8643608093261719
Doug,Logan,1.864404559135437
AnnabelletheGhost,Graham,1.8644870519638062
Athena,Jennifer,1.8645268678665161
Rudolph,Tyson,1.8645710945129395
Chloe,Stephanie,1.864585518836975
Eman,Mia,1.864676833152771
Katie,Verna,1.864721655845642
Janet,Vanessa,1.8648954629898071
Aaron,Hugh,1.8649030923843384
Dean,Lloyd,1.86492121219635
Jimmy,Kristen,1.8649921417236328
Aaron,Jodie,1.8650107383728027
Audrey,Mia,1.865047574043274
Henry,Neel,1.8650922775268555
Chase,Nana,1.865098476409912
Angela,April,1.8651155233383179
Avery,Carlos,1.8651299476623535
Joshua,Sindarin,1.8651528358459473
Abigail,Avery,1.865158200263977
Nova,Sophia,1.865220546722412
ReporterCatalina,Robert,1.8652420043945312
Henry,Ravi,1.8652863502502441
Carlos,Echo,1.8653059005737305
Lucille,Robert,1.8654042482376099
Lucille,Neel,1.8654146194458008
Ravi,Victoria,1.8654580116271973
Liz,Verna,1.8654837608337402
Oscar,Vivien,1.865529179573059
Buddy,Xavier,1.8655492067337036
Logan,Norah,1.8657379150390625
Audrey,Landon,1.8657976388931274
April,Larry,1.8658045530319214
Dylan,Kelsey,1.8658145666122437
Carol,Victoria,1.8658274412155151
Liam,Patrick,1.8658828735351562
Brad,Lydia,1.8658899068832397
Hugh,Noa,1.865981101989746
Chad,ReporterCatalina,1.8659963607788086
Damian,Kanno,1.866010069847107
Jodie,Landon,1.866081714630127
Ravi,Simon,1.8660894632339478
DollarJr,Rex,1.8660959005355835
Rudolph,Sean,1.8661036491394043
Carlos,Doug,1.8661092519760132
Buddy,Oliver,1.86611807346344
Neoguard,Nia,1.8661251068115234
Katie,Millie,1.8661636114120483
DollarJr,Robert,1.86617910861969
Margaret,Victoria,1.866183876991272
Dylan,Lydia,1.8661913871765137
Gus,Nana,1.8662501573562622
Helena,Maddie,1.8662556409835815
Angela,Jimmy,1.86626398563385
Joshua,Slushy,1.8662924766540527
Athena,Victoria,1.866322636604309
Henry,Royce,1.866425633430481
Caleb,Logan,1.8664816617965698
Jimmy,Mia,1.866505742073059
Paige,Tessa,1.866542935371399
Landon,Sean,1.8665472269058228
Ron,Sean,1.866605281829834
Abigail,Bell,1.8666216135025024
Patrick,Ravi,1.8666653633117676
Neel,Xavier,1.866679310798645
Carol,Oscar,1.8667575120925903
Aiden,Ben,1.8667693138122559
Chad,Verna,1.8667840957641602
Camila,Mia,1.86678946018219
Furnando,Owen,1.866815209388733
Bruce,Matthew,1.8668407201766968
Aiden,Olivia,1.8668609857559204
Brad,Mark,1.8669118881225586
Landon,Vivien,1.8669729232788086
Oliver,Viqqie,1.8670145273208618
Avery,Shana,1.8670614957809448
Gus,Owen,1.8670748472213745
Caitlyn,Helena,1.867085337638855
Nana,Wade,1.8670927286148071
Echo,Valerie,1.8671327829360962
Justin,Rusty,1.8672641515731812
Catherine,Nia,1.8672832250595093
Jennifer,Neoguard,1.867343544960022
Annie,Nana,1.8673580884933472
KlipKim,River,1.8673862218856812
Claire,Viqqie,1.867432713508606
Jake,Jeff,1.8674412965774536
Dan,Jackson,1.8674496412277222
Abigail,Slushy,1.867471694946289
Carlos,Stephanie,1.8674941062927246
Harper,Sophia,1.8674970865249634
Matthew,SantaClaus,1.8675159215927124
Benny,NewscasterJohn,1.8675395250320435
Margot,Simon,1.8675575256347656
Nathan,Slushy,1.8676434755325317
Nana,Royce,1.8677369356155396
Athena,Katie,1.867814540863037
Cyrus,Oliver,1.8678232431411743
Edward,Neoguard,1.867823600769043
Vivien,Xavier,1.867875576019287
KilliantheVampire,Neoguard,1.8679057359695435
Kevin,Verna,1.8679958581924438
Verna,Vincent,1.8679994344711304
Chad,Lloyd,1.8680070638656616
Neoguard,Ron,1.8680528402328491
NewscasterJohn,Tim,1.8680838346481323
Jodie,Logan,1.8680987358093262
Jodie,Noa,1.8681002855300903
Amber,Avery,1.8681186437606812
Gus,Simon,1.8681226968765259
Peter,Ron,1.8681429624557495
Edward,Tim,1.8681917190551758
Aiden,Tyson,1.8682026863098145
Carlos,Walter,1.8682746887207031
Landon,Royce,1.8682888746261597
Dan,Kelsey,1.8683034181594849
Henry,Jake,1.8684438467025757
Athena,Oliver,1.8684654235839844
Aiden,April,1.8684821128845215
Rex,Xavier,1.868496298789978
Charlotte,Nova,1.8686002492904663
Landon,Robert,1.8686165809631348
Dylan,Victoria,1.8686243295669556
Grace,Vincent,1.8687171936035156
Jake,Santa,1.8687299489974976
Jack,Ryan,1.8687373399734497
Avery,Ryan,1.868775725364685
Abigail,Agatha,1.868813395500183
Benny,Chase,1.868825078010559
Cole,Logan,1.8688369989395142
Katie,Victoria,1.8688774108886719
Kristen,Ryan,1.8689149618148804
Maddie,Nova,1.868929386138916
Natalie,Paige,1.8689898252487183
Aaron,SabrinatheWitch,1.8689912557601929
Chester,Jenna,1.8690332174301147
April,Liz,1.869057536125183
Bruce,Peter,1.8690742254257202
Doug,Natalie,1.8691363334655762
KlipKim,Mia,1.8691816329956055
JackoLantern,Sara,1.8691917657852173
Caitlyn,Victoria,1.869205355644226
Hans,Matthew,1.8692134618759155
Emma,Oliver,1.8692227602005005
Dylan,Nova,1.8692845106124878
David,NewscasterJohn,1.8693128824234009
Frankenstein,Larry,1.869329571723938
Amber,Logan,1.8693310022354126
Carl,Vincent,1.8694710731506348
Patricia,Vanessa,1.869519829750061
Carlos,Larry,1.8695751428604126
CaptainBill,Dan,1.8695807456970215
Rita,Victoria,1.8695813417434692
Icarus,KlipKim,1.8696112632751465
DollarJr,Royce,1.8696227073669434
April,Ryan,1.869653344154358
George,Sindarin,1.8697198629379272
Furnando,Jennifer,1.8697649240493774
Chloe,Nathan,1.8697878122329712
Glenda,UncleHank,1.8698433637619019
DollarJr,Michael,1.8698922395706177
PN,Viqqie,1.8698930740356445
Jack,Joshua,1.8699110746383667
Lindsay,Samantha,1.8699227571487427
Bruce,Gus,1.869928002357483
Eman,Sylvia,1.869950771331787
Camila,DollarJr,1.8700276613235474
Echo,Jennifer,1.870030403137207
Nathan,Santa,1.8701430559158325
Frankenstein,Noa,1.8701859712600708
Chloe,Maddie,1.8702278137207031
CaptainBill,Tim,1.8702863454818726
Carol,Simon,1.8704499006271362
Landon,Owen,1.8704915046691895
Duke,SantaClaus,1.8705343008041382
Icarus,PN,1.8706339597702026
Cyrus,Logan,1.8707164525985718
Duke,Rex,1.8707295656204224
Jack,Viktor,1.8707724809646606
Matthew,Mia,1.870775818824768
Abigail,Walter,1.8708778619766235
Slushy,Verna,1.870916485786438
Doug,Rex,1.8709229230880737
Eman,Michael,1.8709297180175781
Henry,Jeff,1.8710451126098633
Furnando,KilliantheVampire,1.8711713552474976
Maddie,Samantha,1.8711713552474976
Caitlyn,Chester,1.8711785078048706
Benny,Henry,1.8711811304092407
Kelly,Sylvia,1.8711915016174316
Rudolph,Shana,1.8712669610977173
Amber,JackoLantern,1.8712745904922485
Victoria,Wade,1.8713217973709106
DollarJr,Echo,1.8713570833206177
Kelsey,Wade,1.8714479207992554
Jodie,Nova,1.8715535402297974
Kanno,Rachel,1.8717433214187622
Margot,Nathan,1.871745228767395
Aiden,Jack,1.8717879056930542
Larry,Norah,1.8718525171279907
Nana,West,1.8718587160110474
Chester,NewscasterJohn,1.8719009160995483
Edward,Vivien,1.8719180822372437
AnnabelletheGhost,Jennifer,1.8720451593399048
Liz,Logan,1.8720507621765137
Oliver,Rudolph,1.8720598220825195
Audrey,Eman,1.8721466064453125
Patricia,Tessa,1.8722267150878906
Joshua,Kanno,1.8722902536392212
Joshua,Rebecca,1.8723564147949219
Gus,Shana,1.8724002838134766
Jeff,Royce,1.8724147081375122
Agatha,DollarJr,1.8724499940872192
Doug,West,1.872460961341858
Nana,Slushy,1.8724805116653442
Caitlyn,Glenda,1.8724913597106934
DollarJr,Rebecca,1.8725066184997559
Joshua,Rachel,1.8725413084030151
CaptainBill,Jennifer,1.8725706338882446
Larry,Nova,1.8725719451904297
Caleb,Frankenstein,1.8725996017456055
Icarus,Neoguard,1.8726004362106323
Ben,Logan,1.8726009130477905
Larry,Nia,1.8726115226745605
Ben,Landon,1.872629165649414
CaptainBill,Cyrus,1.8726636171340942
Nova,Valerie,1.8726969957351685
Jennifer,Logan,1.8727017641067505
Patricia,Starling,1.8727269172668457
Damian,Vincent,1.8727301359176636
Natalie,Walter,1.8727355003356934
Simon,Vincent,1.872786045074463
Carl,Logan,1.8727866411209106
Hailey,Nova,1.8728982210159302
Joshua,Vincent,1.872941493988037
Frankenstein,Philip,1.8729604482650757
Abigail,Brad,1.8729767799377441
Nia,ReporterCatalina,1.8729921579360962
Hailey,Natalie,1.873031497001648
Glenda,Joshua,1.8730602264404297
Agatha,Victoria,1.8730741739273071
Benny,Doug,1.8732515573501587
Aiden,Doug,1.873293399810791
Jennifer,Stephanie,1.8732966184616089
Audrey,Neel,1.8733047246932983
Chester,MrsClaus,1.8733078241348267
Carol,Dean,1.8733326196670532
Jennifer,Maisie,1.8734086751937866
Bruce,Vivien,1.8734145164489746
Chester,Liz,1.8734216690063477
George,Tyson,1.8734253644943237
Eman,Jeff,1.8734488487243652
CaptainBill,Eman,1.8734807968139648
Jennifer,Sean,1.8734937906265259
Camila,Skylar,1.8735270500183105
Janet,MrsClaus,1.873528003692627
Landon,Vincent,1.8735852241516113
Annie,Margaret,1.8736337423324585
Oliver,Samantha,1.8736640214920044
Dan,Vivien,1.8736729621887207
Doughnut,Slushy,1.8737090826034546
David,Simon,1.873753547668457
Kristen,Nana,1.8738876581192017
Brad,Verna,1.8739752769470215
Janet,SabrinatheWitch,1.8740625381469727
David,Peter,1.8741062879562378
Buddy,Ravi,1.8741251230239868
Hugh,Jack,1.8741388320922852
Margot,Natalie,1.8741812705993652
Nana,Walter,1.874214768409729
Keybo,Tessa,1.8742295503616333
Brad,Chase,1.8742374181747437
Icarus,Kanno,1.8743144273757935
Mark,Matthew,1.8743373155593872
Benny,Brad,1.874338984489441
Agatha,Margaret,1.8743816614151
Hugh,Justin,1.8744038343429565
Matthew,Victoria,1.87440824508667
Chad,Robert,1.8744640350341797
Bell,Shana,1.8744772672653198
Jenna,Nathan,1.8744782209396362
Eman,Norah,1.8744988441467285
Kevin,Matthew,1.8745721578598022
Aaron,Bruce,1.874680995941162
Graham,Olivia,1.8747342824935913
Jennifer,Victoria,1.8747748136520386
Jenna,Viqqie,1.8747817277908325
Nathan,Owen,1.8748294115066528
Glenda,Royce,1.874856948852539
Amber,Cole,1.8748599290847778
Jenna,Slushy,1.8748632669448853
Bruce,Buddy,1.8748750686645508
Brad,JackoLantern,1.8748807907104492
Lloyd,Vivien,1.8749083280563354
Dan,Liz,1.874909520149231
Frankenstein,Jodie,1.8749136924743652
Bruce,West,1.8750280141830444
Cyrus,NewscasterJohn,1.875032901763916
Cole,Echo,1.8750330209732056
Jennifer,Ron,1.8750386238098145
Jodie,Slushy,1.87504243850708
Helena,Katie,1.875052571296692
Carl,Verna,1.875062346458435
Benny,Neel,1.8750735521316528
Athena,Tessa,1.875111699104309
Edward,Vincent,1.875198483467102
Camila,Ryan,1.8752431869506836
Kanno,Sindarin,1.8752955198287964
Caleb,Shana,1.8753031492233276
Kevin,West,1.8753260374069214
PN,Slushy,1.8753324747085571
Joshua,Vivien,1.8753420114517212
Benny,Justin,1.875402569770813
Grace,Jennifer,1.8754769563674927
Noa,SabrinatheWitch,1.8754817247390747
Damian,Tessa,1.8754820823669434
Chad,Michael,1.8754944801330566
Carol,Matthew,1.8755470514297485
Bruce,Walter,1.8756245374679565
Amber,Ryan,1.8756331205368042
Buddy,Kevin,1.875650405883789
Edward,Owen,1.8756908178329468
Royce,Tyson,1.8757290840148926
Jeff,Larry,1.8757529258728027
ReporterCatalina,Vincent,1.8757848739624023
Edward,Nia,1.8758420944213867
Kevin,Tessa,1.8758615255355835
CaptainBill,Natalie,1.8759303092956543
AnnabelletheGhost,Nova,1.8759406805038452
Furnando,Ryan,1.8760385513305664
Alex,Nana,1.8761521577835083
Elias,Simon,1.8761533498764038
Carl,ReporterCatalina,1.8761745691299438
Jennifer,Sara,1.8761965036392212
Chester,Hans,1.876229166984558
Gus,Jodie,1.8763012886047363
George,Robert,1.8763370513916016
Jeff,West,1.8763413429260254
Slushy,Tessa,1.8763518333435059
Jenna,Nova,1.8764457702636719
Jack,Rachel,1.8764982223510742
Callan,Carlos,1.8765498399734497
Angela,Zoey,1.8765794038772583
Hans,Shana,1.876602292060852
Margaret,Neel,1.8766112327575684
JackoLantern,Kanno,1.8766511678695679
Carlos,Rebecca,1.8766769170761108
Chester,Zoey,1.8767393827438354
Buddy,Justin,1.8767422437667847
Buddy,Tyson,1.8768010139465332
Chad,Vincent,1.8769468069076538
Bruce,Joshua,1.8769922256469727
Carlos,Jack,1.877008318901062
DollarJr,Margaret,1.8770471811294556
Emma,Starling,1.8770960569381714
Neel,Peter,1.877109408378601
George,ReporterCatalina,1.87714684009552
Philip,West,1.8772101402282715
Damian,ReporterCatalina,1.8772822618484497
Buddy,DollarJr,1.8773698806762695
Logan,Neoguard,1.877373218536377
Jeff,Ryan,1.8774681091308594
Kelsey,MrsClaus,1.8774909973144531
Audrey,Noa,1.877492904663086
CaptainBill,Oscar,1.8775867223739624
George,Sylvia,1.877587914466858
Cole,Sindarin,1.8776031732559204
Aiden,Jennifer,1.8776346445083618
Millie,Natalie,1.8776354789733887
George,Verna,1.8776531219482422
Abigail,Doughnut,1.877664566040039
Helena,Norah,1.8776822090148926
Elias,Shana,1.8776968717575073
Matthew,Rex,1.8777321577072144
Aiden,Kelsey,1.8778105974197388
Elias,Nathan,1.8778613805770874
Glenda,Neoguard,1.8778642416000366
Lucille,Margot,1.878030776977539
Glenda,Logan,1.8781505823135376
Carlos,MrsClaus,1.8782501220703125
Nia,Ravi,1.8782542943954468
Gus,Nia,1.8783093690872192
Charlotte,Chester,1.878341555595398
April,Kelly,1.8784140348434448
Chester,Doughnut,1.878421664237976
Doug,Owen,1.8784292936325073
Jackson,Vincent,1.878515601158142
Jake,Ron,1.8785511255264282
JackoLantern,Maisie,1.8786163330078125
Ben,Neel,1.8786495923995972
Maddie,Millie,1.8787094354629517
Lindsay,Nova,1.8787130117416382
Agatha,Sylvia,1.878764033317566
Glenda,Larry,1.8788248300552368
Brad,David,1.8788386583328247
Aaron,Vincent,1.878839373588562
Dan,Slushy,1.878853678703308
Jack,Tyson,1.8788537979125977
Nova,Ravi,1.8788719177246094
Liam,Shana,1.8789151906967163
Carlos,Wade,1.8789458274841309
Shana,West,1.878994345664978
Jack,River,1.8789995908737183
Neoguard,Royce,1.879096508026123
Jimmy,Simon,1.8791292905807495
Jennifer,UncleHank,1.879136562347412
Audrey,Sophia,1.8791522979736328
Dan,Skylar,1.879185676574707
NewscasterJohn,Rudolph,1.879252552986145
Hans,JackoLantern,1.8792577981948853
KilliantheVampire,Ron,1.8793354034423828
Abigail,Ben,1.879338264465332
Icarus,West,1.879364013671875
Rachel,Sean,1.8793749809265137
Chloe,Viqqie,1.8794184923171997
Joshua,Michael,1.8794560432434082
Kanno,Kelsey,1.879658579826355
Furnando,Olivia,1.8796586990356445
Aaron,Olivia,1.8799099922180176
Jodie,Vanessa,1.879921793937683
Liam,Ryan,1.8799818754196167
Gus,Slushy,1.8800348043441772
Carl,Oliver,1.8800402879714966
Buddy,Kanno,1.8801445960998535
Benny,JackoLantern,1.8801594972610474
Amber,Riley,1.8801757097244263
April,Claire,1.8802093267440796
Callan,Dylan,1.8802322149276733
Lloyd,ReporterCatalina,1.8802728652954102
Chad,Ron,1.880292534828186
Sindarin,Vivien,1.8803085088729858
Abigail,Matthew,1.8803189992904663
Chase,West,1.88032066822052
KilliantheVampire,Matthew,1.8804235458374023
Carlos,West,1.8804467916488647
Jake,KilliantheVampire,1.8804739713668823
Maddie,Vivien,1.8805174827575684
Larry,NewscasterJohn,1.8805500268936157
Brad,Buddy,1.8806260824203491
Michael,Shana,1.8806418180465698
Skylar,Walter,1.8806862831115723
Claire,Slushy,1.8806992769241333
Matthew,West,1.880706787109375
Carl,Lloyd,1.8807209730148315
Liz,Tina,1.8807734251022339
Elias,George,1.8807854652404785
CaptainBill,Jack,1.880942940711975
Benny,Eman,1.880980372428894
Agatha,Vanessa,1.8810009956359863
CaptainBill,River,1.8811744451522827
Jenna,Skylar,1.8811888694763184
Rex,Sindarin,1.881203532218933
Chad,Shana,1.88123619556427
Cole,Peter,1.8812566995620728
Dan,Echo,1.8812941312789917
Starling,Verna,1.8813581466674805
Lydia,Matthew,1.8815016746520996
Henry,Liam,1.8815040588378906
Mia,Sophia,1.8815189599990845
Echo,Ryan,1.881617546081543
DollarJr,Vincent,1.8816596269607544
Audrey,Chester,1.8816865682601929
Kelsey,Ryan,1.8817018270492554
ReporterCatalina,Valerie,1.881710171699524
Dylan,Tessa,1.8817609548568726
Joshua,Verna,1.8817949295043945
JackoLantern,Lucille,1.8818360567092896
Brad,Owen,1.8818732500076294
Dan,MrsClaus,1.8818737268447876
Furnando,SantaClaus,1.881912350654602
Lloyd,Verna,1.8819130659103394
Carl,Natalie,1.8819217681884766
Graham,Landon,1.8819388151168823
Jackson,Rachel,1.8819869756698608
Agatha,Avery,1.882057785987854
Cyrus,Gus,1.8820656538009644
Joshua,SabrinatheWitch,1.882208228111267
Justin,Victoria,1.882240891456604
Michael,Rex,1.8822447061538696
Alex,Caitlyn,1.882272720336914
Glenda,Kevin,1.882320761680603
Amber,Jenna,1.8825310468673706
Chase,Liam,1.8825736045837402
Cole,Ravi,1.8826308250427246
George,Nana,1.882634162902832
Rachel,River,1.88267183303833
Caitlyn,Dean,1.882787823677063
Dylan,Hugh,1.8828248977661133
Cyrus,Sean,1.8828673362731934
Justin,Vincent,1.8829073905944824
Kevin,SabrinatheWitch,1.8829196691513062
Samantha,Vivien,1.8829745054244995
Nathan,Verna,1.88302743434906
Lloyd,Sindarin,1.8830851316452026
Nathan,Nia,1.8831089735031128
Chester,Doug,1.883166790008545
Ryan,Verna,1.883166790008545
Ben,Liam,1.8832424879074097
Claire,Larry,1.8832926750183105
Owen,Rudolph,1.8833314180374146
Liz,Rita,1.883402705192566
DollarJr,Nia,1.8834105730056763
Furnando,Santa,1.8834128379821777
Abigail,Paige,1.8834995031356812
Cole,Lydia,1.8835054636001587
KilliantheVampire,Noa,1.8835192918777466
Chad,Doug,1.883553385734558
Hans,Tim,1.8835605382919312
Carlos,Vivien,1.883674144744873
Camila,Viqqie,1.8836923837661743
Carl,Gus,1.8837300539016724
Neoguard,Tyson,1.88373863697052
Glenda,Lucille,1.8837451934814453
Emma,Jodie,1.8838034868240356
Margot,Noa,1.8838706016540527
Aiden,Sindarin,1.8840832710266113
AnnabelletheGhost,Maisie,1.8840909004211426
George,Jackson,1.8841224908828735
Liz,Slushy,1.8841608762741089
Liam,Natalie,1.8841816186904907
Jimmy,Slushy,1.8841900825500488
Liam,Olivia,1.884198784828186
PN,Ron,1.884231686592102
Landon,Lydia,1.8842482566833496
Nia,Rudolph,1.8842822313308716
Brad,Sylvia,1.884286880493164
Ben,Furnando,1.8842936754226685
Sean,Tim,1.8843475580215454
Cyrus,Henry,1.8844305276870728
Audrey,Oscar,1.884433627128601
CaptainBill,ReporterCatalina,1.884443759918213
Kelly,Nova,1.88455331325531
Aaron,Icarus,1.8845654726028442
Jeff,Wade,1.884652018547058
Carol,Liam,1.8846620321273804
Agatha,Sara,1.8848589658737183
Peter,West,1.8848623037338257
Agatha,Larry,1.8848780393600464
Kevin,Owen,1.8848985433578491
Charlotte,Echo,1.88491952419281
Vivien,Zoey,1.8849859237670898
Matthew,Nova,1.8850502967834473
Cole,Graham,1.885115146636963
Matthew,Norah,1.8851237297058105
Athena,Kelly,1.8851486444473267
Carol,Xavier,1.8851872682571411
Agatha,Elias,1.8852038383483887
Royce,Sindarin,1.8852124214172363
Damian,Elias,1.8852165937423706
Callan,ReporterCatalina,1.8852829933166504
Dan,Kanno,1.8852888345718384
Dylan,SabrinatheWitch,1.8853044509887695
Oliver,Stephanie,1.885336995124817
PN,West,1.88534414768219
Kevin,Rex,1.885420322418213
Chester,Grace,1.885515570640564
Nia,Patricia,1.8855470418930054
Charlotte,Ryan,1.8855756521224976
Avery,Walter,1.8855767250061035
CaptainBill,Henry,1.8856984376907349
Olivia,Slushy,1.8857249021530151
DollarJr,Kelsey,1.8858104944229126
Dan,Lydia,1.8859089612960815
Sindarin,Sylvia,1.885970115661621
Chloe,JackoLantern,1.8860607147216797
Patricia,Valerie,1.8860712051391602
Larry,Starling,1.8860927820205688
Landon,Verna,1.8861507177352905
Margot,Shana,1.8861507177352905
Mark,PN,1.886177897453308
Cole,Neel,1.8862155675888062
JackoLantern,Katie,1.8862581253051758
Kelsey,Noa,1.886264681816101
Simon,Slushy,1.8862773180007935
Simon,Sylvia,1.8862971067428589
AnnabelletheGhost,Dan,1.8862990140914917
Hugh,West,1.8863162994384766
Carl,Simon,1.886325478553772
Callan,Walter,1.8863439559936523
Caleb,Tim,1.8863611221313477
Starling,Vivien,1.8864132165908813
Jeff,Logan,1.886428952217102
Kelly,ReporterCatalina,1.8864365816116333
Gus,Victoria,1.8864550590515137
Noa,Nova,1.886467456817627
Hans,Jennifer,1.8864773511886597
Frankenstein,Ryan,1.8864860534667969
Angela,KlipKim,1.8864864110946655
Landon,Michael,1.8864907026290894
Liz,Oscar,1.8865008354187012
Jennifer,Liam,1.8866385221481323
Annie,Carol,1.8866581916809082
MrsClaus,Nathan,1.8867384195327759
Jeff,Jimmy,1.8867707252502441
Jimmy,Michael,1.8867816925048828
CaptainBill,Joshua,1.8867851495742798
Carol,Wade,1.8867989778518677
Rebecca,Starling,1.886849045753479
Maisie,Stephanie,1.8868666887283325
Glenda,Noa,1.8869420289993286
Elias,Kanno,1.886967658996582
Aaron,Carl,1.8870006799697876
Furnando,Tessa,1.8870099782943726
Athena,Nia,1.8870185613632202
Carol,Slushy,1.887047290802002
NewscasterJohn,Sindarin,1.887062668800354
Amber,Brad,1.8870795965194702
Kelly,Victoria,1.8870872259140015
Michael,Oscar,1.8871026039123535
Rebecca,Xavier,1.8871253728866577
Brad,Edward,1.8871583938598633
Kanno,KlipKim,1.8872233629226685
Cole,Tyson,1.887229561805725
Helena,Nova,1.8872355222702026
Camila,Maisie,1.887263298034668
Jake,Slushy,1.8872755765914917
Echo,Nathan,1.88728666305542
Furnando,Kelsey,1.8873125314712524
Millie,ReporterCatalina,1.887346625328064
Aiden,Verna,1.8873800039291382
Charlotte,Justin,1.887485384941101
Verna,Zoey,1.8875550031661987
Benny,Shana,1.8876012563705444
Damian,Simon,1.8876137733459473
Michael,River,1.8876878023147583
Logan,Valerie,1.8877005577087402
Oscar,Santa,1.887701153755188
Chad,Santa,1.887750506401062
Oliver,Ravi,1.8878326416015625
Caleb,Tessa,1.8879097700119019
Katie,Ryan,1.8879612684249878
Brad,Lloyd,1.8879648447036743
Ben,Rebecca,1.8879947662353516
Camila,Samantha,1.8880239725112915
Damian,Jackson,1.88802969455719
Cyrus,Glenda,1.8880468606948853
CaptainBill,Rachel,1.8880852460861206
Cole,River,1.8881508111953735
Cole,Sylvia,1.8882060050964355
Icarus,JackoLantern,1.8882161378860474
Brad,Hugh,1.8882349729537964
Margaret,Walter,1.8882819414138794
Chad,Jodie,1.8882907629013062
Sean,Wade,1.8883501291275024
Damian,Natalie,1.8884025812149048
Gus,Rudolph,1.8885239362716675
Buddy,Margot,1.888527750968933
Katie,Tessa,1.8885568380355835
Jennifer,Joshua,1.888634204864502
MrsClaus,River,1.8886703252792358
Justin,Natalie,1.8887258768081665
David,West,1.8888317346572876
Chad,Lydia,1.888856291770935
Brad,Tessa,1.888890266418457
Glenda,Walter,1.8889316320419312
DollarJr,Vivien,1.8889435529708862
Neel,Rudolph,1.888975739479065
Carl,Jack,1.8889788389205933
Brad,Patrick,1.8890036344528198
Callan,Furnando,1.8890377283096313
Callan,Oliver,1.889051079750061
Audrey,Claire,1.8890858888626099
Kevin,Royce,1.8891226053237915
Joshua,River,1.8891534805297852
Neel,Ryan,1.8892053365707397
Amber,Lucille,1.8892842531204224
Buddy,Nana,1.8893250226974487
Rudolph,Wade,1.8894075155258179
SantaClaus,Wade,1.8894256353378296
Starling,Tina,1.8894482851028442
Kelsey,Xavier,1.8894542455673218
Jake,Tessa,1.8894721269607544
Doug,Sylvia,1.8895214796066284
Simon,Victoria,1.8895277976989746
Callan,Joshua,1.8895630836486816
Carl,Chad,1.8895810842514038
Glenda,Valerie,1.8895829916000366
Brad,Hans,1.889655590057373
Jackson,Neel,1.8896592855453491
Grace,Shana,1.8896805047988892
Charlotte,Glenda,1.8897536993026733
Jodie,Skylar,1.8897933959960938
Callan,Ryan,1.889816403388977
Rex,Shana,1.8898619413375854
Matthew,Verna,1.8898645639419556
Liz,Walter,1.8898977041244507
Cole,Verna,1.889927864074707
Jimmy,Nova,1.8899492025375366
Kelsey,River,1.8901675939559937
Elias,Graham,1.8901758193969727
Abigail,Damian,1.8902044296264648
Nova,Vincent,1.8902653455734253
Camila,Edward,1.89031982421875
Alex,Sylvia,1.8903483152389526
KlipKim,Robert,1.890363335609436
April,JackoLantern,1.8903721570968628
Margaret,Oscar,1.8904012441635132
Noa,Victoria,1.8904118537902832
Charlotte,Tessa,1.890443205833435
Sophia,Stephanie,1.8905253410339355
Ravi,Vincent,1.8905515670776367
Michael,ReporterCatalina,1.890586256980896
Larry,Liz,1.8908430337905884
Mia,Valerie,1.890846610069275
DollarJr,Nova,1.8908480405807495
Philip,Rudolph,1.890891432762146
Sylvia,Xavier,1.8909298181533813
CaptainBill,Nathan,1.8909436464309692
Frankenstein,NewscasterJohn,1.8909997940063477
Chad,Simon,1.8910468816757202
Owen,Vincent,1.8911714553833008
Nathan,Stephanie,1.8912086486816406
Buddy,Callan,1.8912162780761719
Aaron,Verna,1.8912239074707031
Paige,Vivien,1.8913474082946777
Agatha,Riley,1.8914448022842407
Amber,Dan,1.8914657831192017
Simon,Vivien,1.8914796113967896
Mia,Viqqie,1.8914819955825806
Janet,Rebecca,1.8914904594421387
DollarJr,Mia,1.8914982080459595
Margot,Rebecca,1.8915890455245972
George,Glenda,1.8916234970092773
Icarus,Simon,1.8916994333267212
Brad,Skylar,1.891730785369873
Agatha,Nathan,1.8918224573135376
Aiden,Buddy,1.8919121026992798
Jake,West,1.8919731378555298
Ravi,Verna,1.8919830322265625
Jimmy,Oliver,1.8919953107833862
Carl,Henry,1.8920621871948242
Jimmy,MrsClaus,1.892158031463623
Doug,Noa,1.8921823501586914
Henry,Simon,1.8921912908554077
Alex,Avery,1.8922196626663208
Furnando,Kanno,1.8922266960144043
Angela,Eman,1.892245888710022
Benny,Dan,1.8922829627990723
Henry,NewscasterJohn,1.8922966718673706
Ravi,Rex,1.892389178276062
Nia,Stephanie,1.8923949003219604
Neoguard,Vivien,1.892408847808838
Caitlyn,Viqqie,1.8924384117126465
Kristen,Nathan,1.892565369606018
Landon,Lucille,1.8925710916519165
Graham,Jackson,1.8925729990005493
Rachel,Tim,1.8925775289535522
Oliver,Royce,1.892678141593933
Liam,Nana,1.892720341682434
Skylar,Starling,1.8927699327468872
Kelsey,Larry,1.8927946090698242
Chester,Peter,1.8928159475326538
Kanno,Ryan,1.8928219079971313
Nana,Riley,1.8928438425064087
DollarJr,Frankenstein,1.8928602933883667
Robert,Simon,1.8928807973861694
Jeff,Ravi,1.892904281616211
Dylan,Margaret,1.8929386138916016
Nova,Wade,1.8929847478866577
Norah,Vincent,1.8929972648620605
Liam,Liz,1.8930076360702515
Jennifer,Simon,1.8930710554122925
Doug,Glenda,1.8931406736373901
Victoria,Walter,1.893165111541748
Agatha,Robert,1.8932682275772095
Millie,Shana,1.8932709693908691
Carol,Kanno,1.893314242362976
Bruce,Sean,1.893316388130188
Kelsey,Maisie,1.8933342695236206
Emma,MrsClaus,1.8933769464492798
Carlos,Norah,1.8933992385864258
Avery,Viqqie,1.8934260606765747
Athena,Nathan,1.893471598625183
Abigail,Simon,1.8935052156448364
Larry,Mia,1.8935600519180298
Jackson,Xavier,1.893575668334961
Maddie,Nia,1.8936055898666382
Angela,Vincent,1.893654227256775
KilliantheVampire,Nathan,1.8936599493026733
KilliantheVampire,Ravi,1.8936792612075806
SabrinatheWitch,Walter,1.8937196731567383
Dylan,Sylvia,1.8937616348266602
Camila,Dean,1.8937650918960571
JackoLantern,Stephanie,1.8938488960266113
Audrey,Simon,1.8938676118850708
Charlotte,MrsClaus,1.8939155340194702
Alex,SabrinatheWitch,1.8940014839172363
Doug,Simon,1.8940213918685913
Grace,Vivien,1.8940280675888062
Kelsey,Ravi,1.8940497636795044
Chester,Kristen,1.8940653800964355
Charlotte,Doug,1.894076943397522
Furnando,Viqqie,1.8941398859024048
Cyrus,Walter,1.8941723108291626
Buddy,Liam,1.8942095041275024
Nathan,Riley,1.8942431211471558
Olivia,Rita,1.8943012952804565
Nana,Sean,1.8943647146224976
Kristen,Walter,1.8943824768066406
Caitlyn,Neoguard,1.8944215774536133
DollarJr,Liz,1.8944820165634155
Rudolph,Slushy,1.8945761919021606
Justin,Oliver,1.8945962190628052
Carlos,Henry,1.8946266174316406
Claire,Sindarin,1.894655704498291
Maisie,Victoria,1.8946601152420044
Hailey,SabrinatheWitch,1.8946620225906372
Grace,Sylvia,1.8946863412857056
Kelsey,Verna,1.8947067260742188
Icarus,Jake,1.894737720489502
Athena,Glenda,1.8947595357894897
Jennifer,Robert,1.8948003053665161
David,Landon,1.8948227167129517
Carlos,Robert,1.8948272466659546
Chloe,Tessa,1.8948320150375366
Logan,Walter,1.8948479890823364
Agatha,Matthew,1.8949071168899536
Rex,Robert,1.8949822187423706
Chase,Landon,1.8949922323226929
Rex,Slushy,1.8950010538101196
Callan,Lloyd,1.895093321800232
Bruce,Dean,1.8951568603515625
Paige,Vanessa,1.8951783180236816
Eman,Jodie,1.8952217102050781
Hugh,KilliantheVampire,1.895266056060791
Bruce,Chad,1.8952802419662476
Grace,Viqqie,1.895280361175537
Tessa,Walter,1.895281434059143
Norah,Sindarin,1.8953608274459839
Lloyd,Simon,1.8953628540039062
Natalie,Neoguard,1.8953680992126465
Owen,ReporterCatalina,1.8953801393508911
April,Avery,1.8954333066940308
Jennifer,Kevin,1.8955497741699219
Chester,Harper,1.8955610990524292
Callan,Vincent,1.8956208229064941
Jackson,Peter,1.895631194114685
Caitlyn,Maisie,1.8957319259643555
Carol,Chad,1.8957480192184448
AnnabelletheGhost,Rita,1.895790696144104
Grace,Jackson,1.8958053588867188
NewscasterJohn,Rachel,1.8958531618118286
Aaron,Jennifer,1.895861029624939
Ravi,West,1.8958812952041626
Doug,Wade,1.8958829641342163
Logan,Owen,1.895917534828186
Caleb,Jackson,1.8959475755691528
Jennifer,Oscar,1.8959723711013794
Amber,Joshua,1.8960343599319458
Cole,Duke,1.8960877656936646
Cyrus,Shana,1.8961172103881836
Jodie,Joshua,1.8961535692214966
Catherine,Norah,1.8961591720581055
DollarJr,Norah,1.8961747884750366
Justin,Vivien,1.8962316513061523
Kevin,Wade,1.896270751953125
Elias,Neoguard,1.8962992429733276
Oscar,Royce,1.896324634552002
Kanno,Matthew,1.896336555480957
KilliantheVampire,KlipKim,1.8963507413864136
Margaret,Xavier,1.8964394330978394
Eman,Tessa,1.8964638710021973
Jeff,Shana,1.8965092897415161
Dean,Zoey,1.8965096473693848
Shana,Vincent,1.8965309858322144
Cyrus,Jennifer,1.8966455459594727
Lucille,Natalie,1.8966749906539917
Logan,Rex,1.8967088460922241
Oscar,Owen,1.8967304229736328
Jenna,Verna,1.896738886833191
Peter,Sean,1.8967446088790894
River,SabrinatheWitch,1.896793246269226
Kanno,Landon,1.896798014640808
NewscasterJohn,Ryan,1.8968011140823364
Damian,Victoria,1.8968347311019897
Jimmy,Viqqie,1.8968478441238403
River,Royce,1.8968669176101685
Audrey,Liam,1.8969001770019531
Graham,Sindarin,1.8969182968139648
Angela,Olivia,1.8969260454177856
Henry,Sean,1.896964192390442
Starling,Wade,1.8970280885696411
Henry,Philip,1.8971201181411743
Logan,Mia,1.8971476554870605
Jake,Shana,1.8971548080444336
PN,Robert,1.897219181060791
Larry,Neel,1.8972344398498535
Jimmy,Rita,1.8972479104995728
Carol,Maddie,1.8973146677017212
Harper,Oscar,1.8973369598388672
Natalie,Valerie,1.8973941802978516
Damian,Nia,1.8974246978759766
Claire,Patricia,1.897436261177063
Doughnut,Ryan,1.8974589109420776
Amber,Frankenstein,1.8974860906600952
Furnando,Jeff,1.8975046873092651
Catherine,Rita,1.8975077867507935
Philip,Sindarin,1.8976022005081177
Edward,Grace,1.89762544631958
Jodie,Simon,1.897648811340332
Cole,Margaret,1.8976716995239258
Norah,Zoey,1.8976889848709106
CaptainBill,Carl,1.8977447748184204
Audrey,Brad,1.8977993726730347
Dean,Margot,1.8979140520095825
ReporterCatalina,Tina,1.8979334831237793
Carol,Chase,1.8979347944259644
Athena,Claire,1.8979414701461792
JackoLantern,Sean,1.8979649543762207
Eman,Nia,1.8979955911636353
Jackson,Larry,1.8980307579040527
Dylan,Verna,1.8980494737625122
KilliantheVampire,Oscar,1.8980556726455688
Gus,Michael,1.8980811834335327
Aaron,Abigail,1.8981138467788696
CaptainBill,Walter,1.8981308937072754
Michael,Oliver,1.8981537818908691
Avery,Joshua,1.8981610536575317
CaptainBill,UncleHank,1.898168683052063
Liz,Sophia,1.8982006311416626
CaptainBill,Simon,1.8982106447219849
River,Santa,1.8983043432235718
George,Hans,1.8983925580978394
Bell,Patricia,1.8984729051589966
Athena,Rachel,1.8985029458999634
George,Slushy,1.8985081911087036
Audrey,Jennifer,1.898566722869873
Dean,Valerie,1.8986616134643555
Ben,Echo,1.898674488067627
Dylan,Viqqie,1.8987475633621216
Frankenstein,Matthew,1.898821473121643
Samantha,Verna,1.898882269859314
Matthew,River,1.898885726928711
Jimmy,Kanno,1.8989118337631226
Elias,Olivia,1.8989132642745972
Janet,Lucille,1.8989216089248657
Jodie,Sindarin,1.8989238739013672
Frankenstein,Sindarin,1.8989936113357544
Elias,Rachel,1.899014949798584
Peter,Simon,1.8990426063537598
Chloe,Ryan,1.8990813493728638
Emma,Samantha,1.8991461992263794
Tim,Vincent,1.8993464708328247
Annie,Harper,1.8994115591049194
Jackson,Sindarin,1.8994349241256714
Benny,Simon,1.8994442224502563
Ben,SabrinatheWitch,1.8994895219802856
Henry,Kanno,1.899558186531067
Neoguard,Robert,1.8995858430862427
Brad,Oliver,1.899612545967102
Hans,Jackson,1.8996162414550781
Aiden,Chloe,1.8996491432189941
Jimmy,Vivien,1.8997236490249634
Margaret,Royce,1.8997858762741089
Nathan,Victoria,1.8997920751571655
Tyson,Vincent,1.899804711341858
Justin,Walter,1.8998135328292847
Avery,DollarJr,1.8998875617980957
Dean,Riley,1.899932861328125
Brad,Glenda,1.8999379873275757
KilliantheVampire,Robert,1.8999834060668945
Jackson,Ravi,1.8999956846237183
Liam,ReporterCatalina,1.8999996185302734
Vincent,Wade,1.9000097513198853
Maisie,Verna,1.9000186920166016
Stephanie,Viqqie,1.900037169456482
PN,ReporterCatalina,1.9000377655029297
Margot,Norah,1.9000760316848755
Neel,River,1.9000929594039917
JackoLantern,Zoey,1.9001106023788452
Kanno,Victoria,1.9001336097717285
Jodie,Matthew,1.9001531600952148
JackoLantern,Skylar,1.9001598358154297
Logan,Rebecca,1.9001917839050293
Chase,Edward,1.9002203941345215
Carlos,SabrinatheWitch,1.9002386331558228
Avery,Riley,1.9002426862716675
Royce,Wade,1.9003311395645142
Rebecca,Sophia,1.9005545377731323
Jeff,Sindarin,1.9005589485168457
Matthew,Ravi,1.9006136655807495
Catherine,Matthew,1.9006510972976685
Cyrus,Natalie,1.9006885290145874
Jimmy,Kevin,1.9007052183151245
Viqqie,Wade,1.9007080793380737
Agatha,Jodie,1.900726318359375
Athena,Vivien,1.9007301330566406
Ravi,Tyson,1.9007376432418823
Carlos,Liam,1.9007892608642578
Chester,Kanno,1.9007911682128906
Frankenstein,Wade,1.9008158445358276
Henry,Sindarin,1.9008277654647827
Jackson,Royce,1.9008368253707886
Nia,Santa,1.9008370637893677
Jack,Tim,1.9008384943008423
Owen,Walter,1.9008444547653198
Dylan,Ron,1.9009455442428589
Nova,Santa,1.900967001914978
Chad,Owen,1.9010041952133179
George,MrsClaus,1.901032567024231
Norah,Oscar,1.9010404348373413
Landon,Ron,1.901084542274475
Grace,Rachel,1.9011116027832031
Nana,UncleHank,1.901116967201233
Carlos,Ravi,1.9011231660842896
Joshua,Olivia,1.901124119758606
Santa,Shana,1.9011400938034058
Rita,Vivien,1.9011415243148804
Lucille,Nana,1.9011651277542114
Catherine,Verna,1.901178002357483
Caitlyn,Oscar,1.9012298583984375
Henry,Kevin,1.9013749361038208
Elias,Tim,1.9014359712600708
Dan,Viqqie,1.901483416557312
Jack,Sylvia,1.901516318321228
Agatha,Oscar,1.9015175104141235
Furnando,Jackson,1.9015275239944458
Aaron,Shana,1.9015437364578247
Icarus,Nathan,1.9016138315200806
Annie,ReporterCatalina,1.9016776084899902
Neel,Walter,1.901687741279602
David,Slushy,1.901766300201416
Claire,Jimmy,1.9017690420150757
Jake,Lloyd,1.901840090751648
Kevin,Margaret,1.9018522500991821
Agatha,Nova,1.901856541633606
Cyrus,Vincent,1.9018726348876953
Nathan,Tina,1.901941180229187
Audrey,Walter,1.9019802808761597
Edward,Jenna,1.9020012617111206
DollarJr,Henry,1.9020034074783325
Ben,Neoguard,1.902040958404541
Charlotte,Xavier,1.9020472764968872
April,Jenna,1.9020605087280273
Kanno,PN,1.9020609855651855
Gus,Margaret,1.902079701423645
Dan,Jodie,1.9020863771438599
Larry,Sophia,1.902113437652588
Angela,Liz,1.902147889137268
Amber,Larry,1.9021739959716797
Maddie,Paige,1.9022020101547241
Athena,Kelsey,1.9022825956344604
Logan,NewscasterJohn,1.9023054838180542
Chad,Sylvia,1.9023181200027466
Jodie,Oscar,1.902319312095642
Caitlyn,Liz,1.9023337364196777
Grace,Ryan,1.9023710489273071
Catherine,Dan,1.9023776054382324
Graham,River,1.9023808240890503
AnnabelletheGhost,Avery,1.902382731437683
Justin,Shana,1.902392864227295
Chase,PN,1.9024003744125366
Harper,Larry,1.9024075269699097
Echo,Katie,1.9024114608764648
Claire,Noa,1.9024451971054077
Audrey,Jodie,1.9025477170944214
Sara,Victoria,1.902566909790039
Benny,Carlos,1.9026955366134644
Peter,Wade,1.9027427434921265
Carl,KlipKim,1.9027429819107056
Joshua,UncleHank,1.9027929306030273
DollarJr,Jack,1.902820110321045
Caitlyn,Dan,1.90289306640625
Chester,Cyrus,1.902928352355957
Jimmy,Norah,1.9029597043991089
Jennifer,Sindarin,1.9029988050460815
Edward,Nathan,1.9031192064285278
Justin,NewscasterJohn,1.9031200408935547
Royce,SabrinatheWitch,1.9032946825027466
SabrinatheWitch,UncleHank,1.903315544128418
Owen,Tessa,1.9033207893371582
Matthew,MrsClaus,1.9033575057983398
Chloe,Dylan,1.903387427330017
Aiden,Furnando,1.9034029245376587
Peter,River,1.9034342765808105
Jeff,Neel,1.9034390449523926
River,Walter,1.9034394025802612
Chester,Lucille,1.9034929275512695
Caleb,Elias,1.9035700559616089
Henry,Robert,1.9035831689834595
Lindsay,Patricia,1.9036065340042114
Brad,Charlotte,1.9036216735839844
AnnabelletheGhost,Nathan,1.9036225080490112
Dan,Victoria,1.9036425352096558
Katie,Riley,1.9037340879440308
Agatha,Rebecca,1.9037407636642456
Chad,Edward,1.9038864374160767
Landon,SantaClaus,1.9039109945297241
Carol,Landon,1.9039306640625
Angela,Camila,1.903940200805664
Aiden,Philip,1.9039502143859863
Eman,Margot,1.9039554595947266
Doug,Patrick,1.9039740562438965
Chase,Vincent,1.9039992094039917
Hans,Kelsey,1.9040590524673462
Cyrus,Matthew,1.9040603637695312
Nana,Tim,1.9042572975158691
Aiden,Jodie,1.9042658805847168
Landon,Nova,1.9043015241622925
Chase,Jodie,1.9043105840682983
AnnabelletheGhost,Caitlyn,1.9043577909469604
Doug,Tyson,1.9043689966201782
Aiden,Duke,1.9043797254562378
Eman,Skylar,1.9043856859207153
Mia,Wade,1.9044970273971558
Audrey,Kelly,1.9045284986495972
Audrey,Cole,1.904532551765442
Bell,Riley,1.9045408964157104
Bell,Slushy,1.9045438766479492
Kelly,Vivien,1.904591679573059
Cole,MrsClaus,1.9046297073364258
Margaret,Millie,1.9046387672424316
Amber,Doughnut,1.9046964645385742
Benny,Jennifer,1.9047080278396606
Justin,Valerie,1.9047130346298218
Benny,Sean,1.904713749885559
Nathan,Rebecca,1.9048675298690796
Athena,Logan,1.9049510955810547
Rita,Valerie,1.9049545526504517
AnnabelletheGhost,Valerie,1.9049748182296753
Landon,Viktor,1.90497624874115
Kanno,Liam,1.9049824476242065
Jenna,Samantha,1.9050415754318237
April,Dan,1.9050463438034058
Chloe,Jimmy,1.9050631523132324
Cyrus,Jodie,1.9050785303115845
Larry,Lucille,1.9050930738449097
George,SabrinatheWitch,1.9051260948181152
JackoLantern,Santa,1.9051446914672852
Natalie,Sean,1.9051505327224731
Glenda,Lloyd,1.9051529169082642
Doug,JackoLantern,1.90524160861969
Doug,Matthew,1.9052447080612183
Agatha,Patricia,1.9052942991256714
Jodie,Walter,1.905314326286316
Millie,Norah,1.9053336381912231
AnnabelletheGhost,Chester,1.9053430557250977
Liz,Victoria,1.9054404497146606
Cole,Kanno,1.9054621458053589
Kanno,Kevin,1.9054657220840454
Buddy,David,1.9054721593856812
Kevin,Olivia,1.9054818153381348
Natalie,Tina,1.905495524406433
Rachel,Sara,1.9055176973342896
Eman,Kristen,1.905525803565979
Athena,Olivia,1.9055309295654297
George,UncleHank,1.9055324792861938
Doug,SabrinatheWitch,1.9055696725845337
Jackson,Kevin,1.9055837392807007
Angela,Carlos,1.9055904150009155
Carol,Larry,1.9055966138839722
Benny,Frankenstein,1.9057146310806274
Kevin,UncleHank,1.9057375192642212
Agatha,Hailey,1.9058027267456055
Justin,Tessa,1.9058054685592651
Hugh,Tim,1.9058135747909546
Angela,Slushy,1.9058157205581665
Kanno,NewscasterJohn,1.905856728553772
Chad,Hugh,1.9059046506881714
Carlos,Riley,1.905911922454834
Damian,Jennifer,1.905967354774475
Neel,Oliver,1.905985951423645
Caleb,Norah,1.905988097190857
KlipKim,Norah,1.9060205221176147
NewscasterJohn,ReporterCatalina,1.906046986579895
Eman,SabrinatheWitch,1.9060832262039185
Gus,Peter,1.9061146974563599
Chloe,Glenda,1.9061163663864136
Neoguard,Nova,1.9061260223388672
Ryan,Samantha,1.9061588048934937
Glenda,Margot,1.9061603546142578
Athena,Liz,1.9061884880065918
Kanno,Margaret,1.9064100980758667
AnnabelletheGhost,DollarJr,1.906652569770813
Kanno,Nathan,1.9066535234451294
JackoLantern,Samantha,1.906673550605774
Chad,Kelsey,1.9067546129226685
Jack,Rudolph,1.906762957572937
Buddy,Margaret,1.9068098068237305
Amber,Xavier,1.9068139791488647
Jeff,KilliantheVampire,1.9068188667297363
Philip,Simon,1.906894564628601
Emma,JackoLantern,1.9069348573684692
Ravi,SabrinatheWitch,1.9069410562515259
David,Royce,1.9069968461990356
Neel,Sindarin,1.9071084260940552
Doughnut,JackoLantern,1.9071159362792969
Bruce,Callan,1.9071232080459595
Furnando,Nana,1.907129168510437
Elias,Eman,1.9071612358093262
Lloyd,Peter,1.9071803092956543
Audrey,Slushy,1.9072060585021973
Eman,Lydia,1.907228946685791
Camila,Kristen,1.9072400331497192
Chase,Ravi,1.9072760343551636
Hans,Joshua,1.9073400497436523
Rex,Tyson,1.907423496246338
Abigail,Kanno,1.9074269533157349
Benny,George,1.9074941873550415
Furnando,Oliver,1.9075106382369995
Camila,Nova,1.9075231552124023
Icarus,Rusty,1.907534122467041
Aiden,Sylvia,1.9075813293457031
Carl,Jackson,1.907631754875183
Chad,Nova,1.9076467752456665
DollarJr,Peter,1.907659649848938
Jimmy,Neoguard,1.9076733589172363
Chester,Ravi,1.9077047109603882
Jeff,Oliver,1.9077280759811401
Liam,River,1.9078110456466675
Nana,Paige,1.9078179597854614
Doug,Jake,1.9078599214553833
Echo,Liz,1.907861351966858
Michael,Nova,1.9079222679138184
Justin,Michael,1.9079608917236328
Walter,Zoey,1.907989501953125
Bruce,Chester,1.9079915285110474
Natalie,Ron,1.9080816507339478
Furnando,Walter,1.9080982208251953
Eman,Verna,1.9081324338912964
NewscasterJohn,UncleHank,1.9081624746322632
CaptainBill,Robert,1.908238410949707
Dan,Zoey,1.908292293548584
Agatha,Wade,1.9082989692687988
Henry,Jimmy,1.9083547592163086
KlipKim,Verna,1.9084213972091675
Graham,Owen,1.9084315299987793
Liz,Nova,1.908457636833191
Graham,Tessa,1.908538818359375
Paige,Zoey,1.9085594415664673
CaptainBill,Slushy,1.9085954427719116
Oliver,Patricia,1.9086203575134277
Edward,Nova,1.9086321592330933
Logan,Santa,1.9086517095565796
Gus,West,1.9086979627609253
Glenda,Helena,1.9087166786193848
Chester,Graham,1.9088002443313599
Kristen,Liz,1.9089053869247437
Damian,Verna,1.9089117050170898
Abigail,Vincent,1.9089688062667847
Maddie,Mia,1.9089938402175903
Oliver,Sara,1.909014344215393
Caitlyn,Henry,1.909083366394043
Norah,Rudolph,1.9091216325759888
Maisie,Wade,1.9091283082962036
Caleb,Callan,1.9091423749923706
Carl,Victoria,1.9091447591781616
Echo,Rachel,1.9091709852218628
Carlos,Michael,1.9091938734054565
Kanno,West,1.909196376800537
Ben,Carol,1.9092531204223633
CaptainBill,Jodie,1.9093341827392578
Elias,Logan,1.9093445539474487
Avery,MrsClaus,1.909361481666565
Audrey,Chad,1.9094547033309937
Kelsey,Neel,1.9094713926315308
Cyrus,Doug,1.9094892740249634
Audrey,Matthew,1.909561276435852
Mia,Walter,1.909646987915039
Jimmy,Walter,1.9096907377243042
Oliver,Vanessa,1.9097810983657837
Chloe,Slushy,1.9097870588302612
April,Emma,1.9098178148269653
Oliver,West,1.9098525047302246
David,Olivia,1.9098620414733887
Aiden,Lloyd,1.9098668098449707
Chester,Robert,1.9099255800247192
Sophia,Wade,1.9099591970443726
Jennifer,Samantha,1.909988522529602
Jenna,Nia,1.910096526145935
Matthew,Tina,1.910118579864502
Dean,Samantha,1.9101351499557495
CaptainBill,Gus,1.9101423025131226
Cyrus,Ron,1.9101485013961792
Angela,Wade,1.9102216958999634
Jennifer,Jimmy,1.9102325439453125
Logan,Rudolph,1.9103182554244995
Carl,Sean,1.9103626012802124
Frankenstein,Nathan,1.9103959798812866
Agatha,Glenda,1.9104695320129395
Kanno,Natalie,1.9105304479599
Athena,Nana,1.9105415344238281
Larry,Ron,1.910542607307434
KlipKim,Ron,1.9105671644210815
Jake,Margot,1.9105876684188843
Amber,Carlos,1.9105979204177856
Elias,Ryan,1.91064453125
Hans,Olivia,1.9106770753860474
Jimmy,Verna,1.9107099771499634
Edward,Joshua,1.9107187986373901
Rex,Verna,1.910817265510559
Chad,Nia,1.9108366966247559
Carlos,Frankenstein,1.9108871221542358
Doughnut,Edward,1.910910725593567
Dean,Grace,1.9109286069869995
Liz,Matthew,1.910929799079895
Jenna,Matthew,1.9109359979629517
David,MrsClaus,1.9109653234481812
Oscar,Stephanie,1.911016821861267
Kelsey,Mia,1.9110296964645386
Claire,Dylan,1.9110684394836426
Samantha,Viqqie,1.911070704460144
Audrey,Furnando,1.9112210273742676
Chase,Echo,1.9112210273742676
Angela,AnnabelletheGhost,1.9113246202468872
Mia,Nathan,1.9114152193069458
Damian,Slushy,1.9114452600479126
Lucille,Norah,1.9114512205123901
Glenda,Mia,1.9114516973495483
Glenda,Oliver,1.911452293395996
Chad,Victoria,1.9114633798599243
Jackson,Neoguard,1.911543846130371
Henry,Sylvia,1.9115666151046753
Bruce,ReporterCatalina,1.9115790128707886
Aiden,Margaret,1.911623477935791
Caleb,Rachel,1.9116435050964355
Graham,Ryan,1.9116793870925903
Jackson,Nana,1.9116970300674438
Callan,Royce,1.9117716550827026
Henry,River,1.9118839502334595
Kristen,Slushy,1.9118956327438354
NewscasterJohn,Shana,1.9119247198104858
Lindsay,Shana,1.9119304418563843
Ravi,Sindarin,1.9119396209716797
Kanno,Neoguard,1.9119497537612915
Robert,Viktor,1.9119787216186523
Olivia,Sindarin,1.9120010137557983
Angela,Dan,1.9120663404464722
Michael,Slushy,1.9120674133300781
Ben,Damian,1.912075161933899
ReporterCatalina,UncleHank,1.9121118783950806
Kristen,Vanessa,1.9121127128601074
Jack,Shana,1.9121289253234863
CaptainBill,Doughnut,1.9121395349502563
Joshua,Nova,1.9121564626693726
Carol,Glenda,1.9121934175491333
Claire,DollarJr,1.9122241735458374
Ben,Natalie,1.9124250411987305
Jack,Verna,1.912443995475769
Jimmy,KlipKim,1.9125136137008667
Kristen,ReporterCatalina,1.912571907043457
Kanno,UncleHank,1.9126054048538208
Abigail,Liam,1.9126368761062622
Kevin,Robert,1.912655234336853
Kanno,Vivien,1.9127329587936401
Gus,Verna,1.9127639532089233
Logan,Millie,1.9129317998886108
Eman,Olivia,1.9129762649536133
Claire,Eman,1.913002610206604
Eman,Liz,1.9130867719650269
Edward,Xavier,1.9130889177322388
Matthew,Nana,1.9131144285202026
Bruce,Carlos,1.9131685495376587
Doug,Kelsey,1.9132441282272339
Jodie,Liam,1.9133076667785645
Eman,Kelsey,1.9133132696151733
Ben,Dylan,1.9133812189102173
Elias,Natalie,1.9134149551391602
Rex,Sean,1.9134153127670288
Chase,Elias,1.913427472114563
Angela,Neoguard,1.913479208946228
Chester,Keybo,1.9134844541549683
Jimmy,Margaret,1.9135222434997559
Angela,Caleb,1.9135260581970215
Maisie,Starling,1.9135950803756714
Icarus,Oscar,1.9136780500411987
Angela,Cole,1.9137754440307617
Margot,Ryan,1.9138374328613281
Charlotte,Noa,1.913885235786438
Justin,Margot,1.9139209985733032
Dan,Harper,1.913960576057434
Edward,Henry,1.9139889478683472
Aiden,Angela,1.9140006303787231
Starling,Vanessa,1.9140324592590332
Ryan,Valerie,1.9140490293502808
Duke,NewscasterJohn,1.914050579071045
Audrey,Rebecca,1.9141039848327637
Nova,Rudolph,1.9141064882278442
Noa,Vivien,1.914167046546936
Joshua,Skylar,1.9141693115234375
Noa,Verna,1.9141942262649536
Agatha,Liam,1.914199709892273
Camila,Chester,1.9142990112304688
Chad,Viktor,1.9143177270889282
Chester,Starling,1.914448618888855
Carlos,Peter,1.9144841432571411
CaptainBill,Jimmy,1.9145146608352661
Charlotte,Landon,1.914591908454895
Harper,Viqqie,1.914615273475647
Camila,Landon,1.9146499633789062
Philip,Vincent,1.9146790504455566
Nathan,Rita,1.9147554636001587
Icarus,Noa,1.9147566556930542
Audrey,Hailey,1.9148389101028442
Carlos,Doughnut,1.914908766746521
Dan,Grace,1.9149097204208374
Amber,Wade,1.9149197340011597
Rebecca,Rita,1.9149198532104492
Amber,Noa,1.9149800539016724
Hans,Simon,1.9150018692016602
Katie,Tina,1.9150444269180298
George,Kelsey,1.915131688117981
CaptainBill,Rudolph,1.9151586294174194
Emma,Nathan,1.9151641130447388
Bruce,Carl,1.9151802062988281
David,Henry,1.9151946306228638
Furnando,Jimmy,1.9152182340621948
Kanno,Lydia,1.9152365922927856
Camila,Justin,1.9152814149856567
April,Wade,1.9153016805648804
Logan,Vincent,1.9153884649276733
Natalie,Tim,1.9154152870178223
Kevin,Rebecca,1.915463924407959
Frankenstein,Jake,1.9154833555221558
Amber,Bell,1.9155254364013672
Caleb,Simon,1.9155489206314087
Jack,Jennifer,1.915570616722107
Chester,Jack,1.915571689605713
Maisie,Rita,1.9155827760696411
Abigail,Rex,1.9157623052597046
Gus,Liam,1.915856957435608
Jennifer,Viqqie,1.9158588647842407
DollarJr,Viqqie,1.9159021377563477
Eman,Victoria,1.9159226417541504
Caitlyn,Kanno,1.9159479141235352
Carl,Justin,1.9159480333328247
Kelsey,Kevin,1.9159866571426392
Audrey,Edward,1.9159895181655884
Aaron,Lucille,1.916013240814209
Lydia,Noa,1.9160226583480835
Nova,Peter,1.9160314798355103
Aaron,Nana,1.916067123413086
Graham,Natalie,1.916071891784668
Kelsey,Matthew,1.9160927534103394
Avery,Slushy,1.9160960912704468
Grace,Nia,1.9161430597305298
Sindarin,Tina,1.9161931276321411
JackoLantern,Robert,1.9162062406539917
Nana,Robert,1.9162379503250122
Doughnut,Liam,1.9162850379943848
Noa,Skylar,1.9162940979003906
Aiden,Viqqie,1.9163404703140259
Abigail,Neoguard,1.9163445234298706
Lloyd,PN,1.9163479804992676
Charlotte,Dan,1.9163646697998047
Elias,Liam,1.9163800477981567
April,Nathan,1.9164255857467651
Santa,Simon,1.9164739847183228
Bruce,Viqqie,1.916488766670227
Doughnut,Norah,1.916493535041809
Margot,SabrinatheWitch,1.9165534973144531
Chase,Graham,1.9166303873062134
Dylan,Philip,1.9167755842208862
Kelsey,Tim,1.916831135749817
Avery,Dan,1.9168485403060913
KlipKim,Margot,1.9168609380722046
Vanessa,Wade,1.9169121980667114
Kristen,Viqqie,1.9169124364852905
River,Shana,1.9170001745224
Charlotte,Riley,1.9170182943344116
Camila,Verna,1.9170408248901367
Maddie,Norah,1.9170535802841187
Alex,Charlotte,1.9171093702316284
JackoLantern,Kristen,1.9171420335769653
Claire,Walter,1.9171572923660278
Rex,Santa,1.9172329902648926
Caleb,Nana,1.9172428846359253
Olivia,Sophia,1.91725492477417
Liam,SabrinatheWitch,1.9173287153244019
Doug,Ravi,1.917333960533142
Harper,JackoLantern,1.9173407554626465
Chase,Santa,1.9173579216003418
Caitlyn,Simon,1.9173744916915894
Chase,Rachel,1.9174283742904663
Neoguard,Zoey,1.917448878288269
Frankenstein,Tessa,1.9174598455429077
Abigail,Chad,1.9174723625183105
Chester,Margot,1.9175457954406738
Liam,Rachel,1.9175457954406738
Ravi,Wade,1.9175482988357544
Callan,Jackson,1.917575716972351
Caleb,Tyson,1.9176031351089478
Kelsey,Skylar,1.9176992177963257
Chase,Verna,1.9177136421203613
Carl,Liam,1.9177273511886597
Norah,Royce,1.9177290201187134
Elias,KlipKim,1.9177993535995483
Caitlyn,Wade,1.9178104400634766
Dean,Harper,1.917856216430664
Margaret,Tim,1.9178770780563354
Angela,Chad,1.9178825616836548
Alex,Rebecca,1.917890191078186
Carol,Joshua,1.9179587364196777
Chester,David,1.9179595708847046
Doug,River,1.9179614782333374
Kelly,Logan,1.9179714918136597
Jackson,Owen,1.9179935455322266
Lydia,Walter,1.9180102348327637
Glenda,Riley,1.9180363416671753
Cole,Valerie,1.9180912971496582
Chester,Stephanie,1.9181033372879028
Kelly,Kelsey,1.9181104898452759
Caitlyn,Liam,1.9181636571884155
AnnabelletheGhost,Oscar,1.9182542562484741
Keybo,Slushy,1.9182558059692383
Joshua,Liz,1.9182580709457397
Kevin,Zoey,1.9182592630386353
George,Victoria,1.9182658195495605
Samantha,Vanessa,1.918279767036438
Margaret,Simon,1.9183720350265503
George,Starling,1.9184833765029907
Elias,Oliver,1.9184837341308594
Jake,Rachel,1.918523907661438
Angela,Doug,1.9185761213302612
Agatha,Nia,1.9185842275619507
Natalie,Simon,1.9185901880264282
Angela,Rudolph,1.9186125993728638
Abigail,Cyrus,1.9186252355575562
Echo,Gus,1.9186345338821411
Janet,Nana,1.9186393022537231
Claire,Grace,1.9186760187149048
River,Sylvia,1.918716311454773
Amber,Glenda,1.918734073638916
Edward,Mia,1.9187697172164917
Chloe,Kanno,1.918776035308838
Athena,Caitlyn,1.9187871217727661
Brad,Gus,1.9188448190689087
Shana,Tim,1.9188709259033203
Logan,Sean,1.9189038276672363
Aiden,Liz,1.9189223051071167
Edward,Oscar,1.9189327955245972
Robert,Victoria,1.9189425706863403
Santa,Vincent,1.918980598449707
Audrey,Dylan,1.9190961122512817
Oscar,Tessa,1.9191030263900757
Kevin,Victoria,1.919108510017395
Eman,Glenda,1.9191855192184448
Glenda,MrsClaus,1.9192079305648804
Grace,Kevin,1.9192276000976562
Graham,Lloyd,1.919273018836975
Furnando,Hugh,1.919298768043518
Doughnut,Oscar,1.919404149055481
Landon,Margaret,1.9194369316101074
Riley,Vivien,1.9195913076400757
AnnabelletheGhost,Carlos,1.919657826423645
Bell,Viqqie,1.9196921586990356
Audrey,Jack,1.9197230339050293
Maisie,Ryan,1.9197484254837036
Gus,MrsClaus,1.9197487831115723
Helena,Kelly,1.919761300086975
Royce,Verna,1.9198098182678223
Logan,Robert,1.919814944267273
Joshua,Santa,1.9198466539382935
Chase,Sean,1.919864535331726
Vincent,Vivien,1.9198905229568481
Logan,Riley,1.9198960065841675
Echo,Margot,1.9198967218399048
Jimmy,Santa,1.9198981523513794
Brad,Nia,1.9199551343917847
Margot,Sylvia,1.919969081878662
Chase,Eman,1.9199738502502441
Liz,Norah,1.9199738502502441
David,Robert,1.9199930429458618
Philip,River,1.9200290441513062
Angela,Doughnut,1.9200443029403687
JackoLantern,Rex,1.9200491905212402
Furnando,Simon,1.9200726747512817
Gus,Sylvia,1.92013680934906
Echo,Edward,1.9201737642288208
Emma,Slushy,1.9202747344970703
Amber,Walter,1.920308232307434
Agatha,Ravi,1.9203490018844604
Janet,ReporterCatalina,1.9204115867614746
Carlos,Harper,1.920432448387146
Millie,Noa,1.9204386472702026
Catherine,Samantha,1.9204574823379517
Caitlyn,Grace,1.920477032661438
Benny,Oliver,1.9204901456832886
Claire,Logan,1.9205408096313477
Nia,Riley,1.920638084411621
Cyrus,Tyson,1.9206475019454956
Dean,Patricia,1.9206730127334595
Alex,Kelsey,1.92070734500885
Riley,Simon,1.9207719564437866
Buddy,Ron,1.920772910118103
Doughnut,Tina,1.92078697681427
JackoLantern,Tyson,1.920805811882019
Benny,Edward,1.9208426475524902
Charlotte,Nathan,1.9209049940109253
Jeff,Nana,1.9209288358688354
Jodie,West,1.9209719896316528
Angela,George,1.9211515188217163
Audrey,KlipKim,1.9211634397506714
Ben,Camila,1.9211839437484741
Landon,Margot,1.9212141036987305
Liam,Viktor,1.9212398529052734
Athena,Maisie,1.9212740659713745
Catherine,Oliver,1.9212864637374878
Harper,Nathan,1.9213207960128784
MrsClaus,Vanessa,1.9213567972183228
Brad,Harper,1.9213827848434448
Elias,Sean,1.9213851690292358
Logan,Tyson,1.9214168787002563
Joshua,Margaret,1.9215463399887085
Agatha,Walter,1.9216030836105347
Kelly,SabrinatheWitch,1.9216679334640503
Carl,Sylvia,1.921755313873291
CaptainBill,Viqqie,1.9217976331710815
Justin,Rex,1.921841025352478
Jake,Wade,1.9218555688858032
Audrey,Jimmy,1.9218887090682983
Jeff,Nathan,1.9219642877578735
Nova,Oscar,1.9219778776168823
Ravi,UncleHank,1.9219789505004883
Tessa,West,1.9219948053359985
Jennifer,KlipKim,1.922005534172058
Caitlyn,Lindsay,1.9220399856567383
MrsClaus,Valerie,1.9220484495162964
Chester,Jeff,1.9220536947250366
Duke,Furnando,1.9221001863479614
Joshua,Norah,1.9222410917282104
Natalie,Sindarin,1.9222487211227417
KlipKim,Tessa,1.9222502708435059
Athena,Brad,1.9222831726074219
River,West,1.9222990274429321
Ben,Jennifer,1.9223076105117798
Claire,Echo,1.9223203659057617
MrsClaus,Rex,1.9223297834396362
Icarus,ReporterCatalina,1.9223322868347168
George,Icarus,1.9224132299423218
CaptainBill,Jeff,1.92241370677948
Chase,David,1.9224430322647095
Emma,Maddie,1.922482967376709
David,Hans,1.922592043876648
Agatha,Lydia,1.9226542711257935
Claire,Simon,1.922712802886963
Mia,Zoey,1.9227741956710815
Kevin,Slushy,1.9228025674819946
Skylar,Slushy,1.9229130744934082
Cole,Royce,1.9229222536087036
Abigail,Catherine,1.9229329824447632
Cyrus,Furnando,1.9229393005371094
Echo,Jenna,1.9230748414993286
Sean,Sylvia,1.9232021570205688
Caitlyn,Zoey,1.9232279062271118
Liz,Skylar,1.9232560396194458
Jake,Nia,1.9232913255691528
Edward,Michael,1.923340916633606
Chase,Michael,1.9233759641647339
Agatha,Maisie,1.9234343767166138
Kanno,Robert,1.9234923124313354
Hugh,Xavier,1.9235529899597168
Nana,Neoguard,1.9235669374465942
Amber,Janet,1.923581600189209
Royce,Simon,1.9235929250717163
Starling,Walter,1.9235972166061401
Lucille,Margaret,1.9236098527908325
Paige,Riley,1.9236222505569458
Neoguard,SabrinatheWitch,1.9236253499984741
Aiden,Hans,1.9236654043197632
Ravi,River,1.9236655235290527
Lindsay,Verna,1.9236801862716675
Graham,Hans,1.9236927032470703
Avery,Logan,1.9237841367721558
Emma,Oscar,1.923867106437683
Buddy,Walter,1.9238910675048828
Rachel,Viktor,1.923909068107605
Aiden,Lydia,1.924002766609192
Ryan,Vivien,1.9240626096725464
April,Lindsay,1.9240727424621582
Hugh,Jake,1.9240809679031372
Agatha,Eman,1.9241236448287964
Charlotte,Victoria,1.924176812171936
MrsClaus,Zoey,1.9241814613342285
Bell,Skylar,1.9241832494735718
Joshua,Sylvia,1.92425537109375
Abigail,Gus,1.9243050813674927
Caitlyn,Doug,1.9243268966674805
Carol,Rita,1.9243626594543457
Ben,MrsClaus,1.9243803024291992
KlipKim,Rachel,1.9244333505630493
Kristen,Logan,1.9244685173034668
Cyrus,Philip,1.9244766235351562
Caitlyn,KlipKim,1.924495816230774
Bruce,Rusty,1.9245033264160156
Carlos,Chloe,1.9246087074279785
Simon,Stephanie,1.9246169328689575
Bell,Samantha,1.9246244430541992
Cole,Jack,1.9247206449508667
Nova,Xavier,1.924770712852478
Caleb,NewscasterJohn,1.9247751235961914
Eman,Nana,1.9247931241989136
Chad,SabrinatheWitch,1.9248031377792358
Jack,Vivien,1.9248157739639282
Bell,Maisie,1.9248346090316772
Avery,Hans,1.9248465299606323
Lloyd,Viktor,1.9249663352966309
Jake,Victoria,1.92505943775177
PN,Sylvia,1.9250807762145996
Carol,Janet,1.92511785030365
Catherine,Stephanie,1.9251338243484497
Neel,Simon,1.9251375198364258
Matthew,Sean,1.9251400232315063
Avery,Rita,1.9252032041549683
George,Jodie,1.9252409934997559
Doug,Tessa,1.9252643585205078
Liz,Nia,1.9252854585647583
Kelly,Kristen,1.9253178834915161
Abigail,George,1.9253898859024048
Jimmy,West,1.925449252128601
Jennifer,Zoey,1.9254902601242065
Margaret,Margot,1.9255732297897339
Dylan,Vivien,1.9256404638290405
Buddy,Rex,1.9256771802902222
George,Tessa,1.9257121086120605
Bell,Matthew,1.9257375001907349
Avery,Brad,1.9257785081863403
Margaret,Noa,1.9257984161376953
Dylan,Norah,1.925801396369934
Buddy,CaptainBill,1.925950050354004
Cole,Hugh,1.9259915351867676
Rachel,Valerie,1.925993800163269
Lindsay,Maisie,1.9259968996047974
Cole,Margot,1.9260497093200684
Ryan,Tina,1.9260592460632324
Caleb,Nova,1.9261118173599243
Agatha,Caleb,1.9262062311172485
Glenda,Henry,1.9262304306030273
Ben,Dean,1.9262644052505493
Jackson,Jeff,1.9262694120407104
Joshua,Kristen,1.9263416528701782
Doug,Margaret,1.926350712776184
Edward,Sylvia,1.9263591766357422
Mia,Sara,1.926371455192566
Aiden,Stephanie,1.9264155626296997
Aiden,Jeff,1.9264206886291504
Brad,Chloe,1.9264849424362183
Frankenstein,Viqqie,1.9264863729476929
KilliantheVampire,Landon,1.926490306854248
KlipKim,Natalie,1.926490306854248
Philip,Rachel,1.9265098571777344
Harper,Wade,1.9265152215957642
Ben,CaptainBill,1.9266339540481567
Audrey,Janet,1.926650881767273
Nathan,SantaClaus,1.9266982078552246
Camila,Simon,1.9267011880874634
Cyrus,Nana,1.9267257452011108
DollarJr,Zoey,1.9267921447753906
Ben,Graham,1.9267982244491577
Ron,Walter,1.9268369674682617
David,Starling,1.9268375635147095
Brad,Catherine,1.9268770217895508
Buddy,Wade,1.9269566535949707
Nana,Vincent,1.9269757270812988
Graham,Shana,1.927013874053955
Matthew,Neel,1.9270375967025757
April,Helena,1.9270415306091309
Echo,Kelsey,1.9271172285079956
Grace,Nova,1.9271574020385742
Duke,Noa,1.9271812438964844
April,DollarJr,1.9272546768188477
Lloyd,Noa,1.927351474761963
Rex,Wade,1.9273947477340698
Gus,Oscar,1.9274057149887085
April,Cole,1.9275377988815308
Royce,UncleHank,1.9276138544082642
Alex,Natalie,1.9276204109191895
Jimmy,Valerie,1.9276450872421265
KilliantheVampire,Viktor,1.9276601076126099
Carol,Walter,1.9277609586715698
Duke,Shana,1.9277809858322144
April,Brad,1.9278024435043335
Ron,Sylvia,1.9278990030288696
Chloe,Noa,1.9279203414916992
Glenda,Olivia,1.9279359579086304
Henry,Natalie,1.9279837608337402
CaptainBill,Kevin,1.9280096292495728
Nana,River,1.9280542135238647
Furnando,Hans,1.9280710220336914
Joshua,Lydia,1.9280996322631836
Aiden,Oliver,1.9281073808670044
Jimmy,Skylar,1.9281688928604126
Buddy,Natalie,1.928202748298645
Ben,Sean,1.9282068014144897
Philip,ReporterCatalina,1.9282468557357788
Echo,Royce,1.928263783454895
Jake,Logan,1.9282736778259277
Audrey,Justin,1.9282745122909546
Landon,Olivia,1.9283417463302612
Natalie,Rex,1.9283655881881714
Natalie,Oscar,1.9283767938613892
Carlos,Lydia,1.9284394979476929
Icarus,Tim,1.9284616708755493
Eman,West,1.9284833669662476
Doug,Dylan,1.9285184144973755
Kanno,Royce,1.9285569190979004
Henry,Vivien,1.9286164045333862
Furnando,Kelly,1.9286249876022339
Michael,Rachel,1.928658127784729
Dylan,Liz,1.9286705255508423
Jack,Viqqie,1.928688883781433
Caleb,Jennifer,1.9286924600601196
Ryan,Tyson,1.928704857826233
Neel,SabrinatheWitch,1.9287338256835938
Dylan,Tyson,1.928850769996643
Chad,Patrick,1.9288878440856934
Emma,Janet,1.9289751052856445
Carlos,Victoria,1.9289846420288086
KlipKim,SabrinatheWitch,1.9289859533309937
CaptainBill,Damian,1.92898690700531
Harper,Logan,1.9291855096817017
Cole,Viqqie,1.9292069673538208
Elias,West,1.929211974143982
Charlotte,Cole,1.929232120513916
Eman,Jimmy,1.9292689561843872
Furnando,Wade,1.9292917251586914
Jennifer,Riley,1.9293488264083862
Margaret,Neoguard,1.929358959197998
Furnando,Mark,1.9293923377990723
Oscar,Starling,1.9294495582580566
Jennifer,Kristen,1.9294742345809937
Catherine,Joshua,1.9294942617416382
Dean,UncleHank,1.9295358657836914
Oliver,Oscar,1.929604172706604
Henry,Oliver,1.9296048879623413
Oscar,Patrick,1.92960786819458
Rudolph,West,1.929614543914795
Graham,Verna,1.929791808128357
Justin,Kelly,1.9298542737960815
Chase,Henry,1.9298685789108276
Maddie,ReporterCatalina,1.9298771619796753
Buddy,Chase,1.9298909902572632
Graham,Rusty,1.929955005645752
Caleb,Skylar,1.9299825429916382
Athena,Xavier,1.9300060272216797
Abigail,Dylan,1.9300084114074707
Catherine,JackoLantern,1.9300521612167358
Brad,Kristen,1.9300717115402222
AnnabelletheGhost,Larry,1.9300856590270996
Chad,Claire,1.9301146268844604
Jennifer,West,1.9301193952560425
Aiden,Echo,1.9301223754882812
Frankenstein,Justin,1.9301648139953613
JackoLantern,Starling,1.930195689201355
Carlos,David,1.9302369356155396
Jimmy,Lucille,1.9302492141723633
Dean,Hans,1.9302695989608765
Mia,Michael,1.9302825927734375
Emma,Landon,1.9302864074707031
KlipKim,Margaret,1.9304380416870117
Glenda,Landon,1.930525779724121
Carl,Jennifer,1.9305535554885864
AnnabelletheGhost,Joshua,1.9305949211120605
Brad,MrsClaus,1.930596947669983
Gus,Natalie,1.9305974245071411
Aiden,Avery,1.9306272268295288
Jeff,Kanno,1.9306479692459106
River,Verna,1.9306588172912598
Benny,Margaret,1.9306927919387817
Logan,Philip,1.9307583570480347
Chester,Emma,1.9307667016983032
Margot,Tessa,1.9307729005813599
Amber,Dylan,1.93083918094635
Norah,Sean,1.9308520555496216
Callan,SabrinatheWitch,1.9309087991714478
Callan,Sean,1.93094003200531
Kanno,Walter,1.9310420751571655
Jackson,Jimmy,1.9310461282730103
Angela,Lucille,1.931086540222168
Agatha,Grace,1.9310983419418335
Hugh,Viktor,1.9310994148254395
Jeff,Philip,1.9311472177505493
Carl,Sindarin,1.9311827421188354
Logan,Rita,1.9311977624893188
AnnabelletheGhost,Matthew,1.9312061071395874
Aiden,SantaClaus,1.9312165975570679
Benny,David,1.9312329292297363
Robert,West,1.9313701391220093
Henry,Viqqie,1.9314379692077637
Frankenstein,ReporterCatalina,1.9314581155776978
Damian,Vivien,1.9315019845962524
Mark,Walter,1.931509017944336
Lloyd,Walter,1.9315966367721558
Claire,Paige,1.9316139221191406
Chad,Mark,1.9316247701644897
Jennifer,Royce,1.931644082069397
Annie,Lindsay,1.931649088859558
DollarJr,Lucille,1.9316755533218384
Doug,Sindarin,1.931702971458435
Kanno,Sylvia,1.9317153692245483
Justin,Millie,1.9317283630371094
Elias,Tessa,1.93179452419281
Matthew,Rita,1.9318351745605469
Noa,SantaClaus,1.9318790435791016
Vivien,West,1.9319143295288086
Graham,Margaret,1.931920051574707
Henry,Slushy,1.9319911003112793
Furnando,Verna,1.9320363998413086
Audrey,Stephanie,1.932043433189392
Annie,Rachel,1.9320486783981323
Bruce,Simon,1.9320873022079468
Brad,Bruce,1.9321484565734863
Elias,Oscar,1.9321526288986206
Ben,Rudolph,1.932167649269104
Glenda,Hugh,1.9321759939193726
David,Eman,1.932181715965271
Carl,Walter,1.932195782661438
Larry,Tyson,1.9322052001953125
DollarJr,Ravi,1.932292103767395
Charlotte,JackoLantern,1.9323148727416992
Agatha,Kanno,1.9323254823684692
Brad,Doughnut,1.9323347806930542
Victoria,West,1.932454228401184
Chester,Patricia,1.932481288909912
Jack,SabrinatheWitch,1.9325555562973022
Angela,West,1.9326175451278687
Annie,Maddie,1.932694435119629
Audrey,Xavier,1.9327138662338257
CaptainBill,MrsClaus,1.9327412843704224
Echo,Jimmy,1.9328633546829224
Doug,Jimmy,1.9328867197036743
MrsClaus,Starling,1.9329255819320679
AnnabelletheGhost,Nia,1.932952880859375
Hailey,Lydia,1.9330121278762817
Sophia,Verna,1.9331988096237183
George,Nia,1.9332355260849
Rita,Vanessa,1.9332362413406372
Dean,Kanno,1.9333173036575317
Agatha,Camila,1.9333230257034302
Angela,DollarJr,1.9333866834640503
SabrinatheWitch,Sindarin,1.9334105253219604
Benny,Bruce,1.9334163665771484
Grace,Kanno,1.9334406852722168
Natalie,Zoey,1.9334444999694824
Cyrus,David,1.933456301689148
Brad,Caitlyn,1.933464527130127
Echo,Simon,1.933470606803894
Agatha,Lloyd,1.9335094690322876
JackoLantern,Kelly,1.933613657951355
Caleb,Jeff,1.9336262941360474
Margot,Verna,1.9336553812026978
Hans,Rachel,1.9336878061294556
Justin,Santa,1.933695912361145
Carlos,Icarus,1.9337056875228882
Jack,Simon,1.9337421655654907
CaptainBill,Duke,1.9337555170059204
Angela,Damian,1.933846354484558
Helena,Xavier,1.933893084526062
Joshua,Lucille,1.9339426755905151
Caitlyn,Kelsey,1.9341344833374023
Caleb,Verna,1.9342035055160522
Kelly,Mia,1.9342036247253418
Glenda,Verna,1.934219241142273
David,Verna,1.9342530965805054
Grace,Rita,1.9342559576034546
Owen,Peter,1.9342862367630005
Graham,Logan,1.9342889785766602
Neel,Verna,1.9343070983886719
Angela,Sindarin,1.9343222379684448
Ben,Doughnut,1.934431552886963
Glenda,Samantha,1.934435248374939
Neoguard,Sylvia,1.9345377683639526
Verna,Walter,1.9345918893814087
Camila,Sindarin,1.9346356391906738
Ben,Lydia,1.9346548318862915
Annie,Lydia,1.934676170349121
Tessa,Victoria,1.934693694114685
David,Jeff,1.9347203969955444
Kanno,Noa,1.934770107269287
Skylar,Viqqie,1.9348019361495972
Mia,Samantha,1.934850811958313
Kelsey,Sophia,1.9348721504211426
Athena,Dan,1.9349507093429565
Furnando,Vincent,1.9349735975265503
Dan,Kelly,1.935019612312317
Doughnut,Oliver,1.9350723028182983
Justin,Sean,1.9350881576538086
Amber,Tina,1.9351778030395508
Hailey,JackoLantern,1.9351884126663208
River,Tessa,1.9352335929870605
David,SabrinatheWitch,1.9352375268936157
Bell,Rita,1.9352823495864868
Rusty,UncleHank,1.9353071451187134
DollarJr,Hugh,1.9353355169296265
Chase,Victoria,1.9353365898132324
Furnando,Shana,1.93537175655365
Frankenstein,Oscar,1.9353870153427124
Lydia,Oscar,1.9354525804519653
Caitlyn,Carlos,1.9354711771011353
Amber,Kanno,1.9354783296585083
Peter,Robert,1.9355134963989258
Buddy,Oscar,1.9355319738388062
Catherine,Glenda,1.9356032609939575
Neoguard,Olivia,1.9356188774108887
Rebecca,Viqqie,1.9356640577316284
Carol,Kelly,1.9356752634048462
Duke,Peter,1.935714602470398
Camila,MrsClaus,1.9357484579086304
Camila,Riley,1.9358001947402954
Claire,Verna,1.9358006715774536
Caitlyn,Noa,1.9358106851577759
Eman,Rebecca,1.935836911201477
Aaron,Margaret,1.9358510971069336
AnnabelletheGhost,Slushy,1.9358643293380737
Annie,Starling,1.935877799987793
Dylan,Rusty,1.9358854293823242
Margot,Stephanie,1.9359124898910522
Benny,Rudolph,1.9359159469604492
Claire,Dan,1.935970664024353
Benny,Jodie,1.9360051155090332
Doug,Elias,1.9360054731369019
Damian,SabrinatheWitch,1.9360098838806152
Kanno,Tim,1.9360371828079224
Margaret,PN,1.936059832572937
George,Olivia,1.936080813407898
Athena,Dean,1.9360829591751099
DollarJr,Glenda,1.9361248016357422
Aiden,MrsClaus,1.9361759424209595
DollarJr,Icarus,1.9362187385559082
PN,River,1.9362283945083618
Caitlyn,Claire,1.9362987279891968
Riley,Xavier,1.9363360404968262
Frankenstein,Natalie,1.9363369941711426
Harper,Tina,1.936358094215393
Agatha,David,1.9363714456558228
Buddy,Jeff,1.9363762140274048
Icarus,Nana,1.9363855123519897
Riley,Wade,1.9364012479782104
Dylan,Patrick,1.9364075660705566
David,ReporterCatalina,1.9364558458328247
David,Natalie,1.9364910125732422
Chase,Rita,1.936498999595642
Agatha,Dan,1.936500906944275
Aiden,Elias,1.9365264177322388
Catherine,Xavier,1.936606526374817
Angela,Helena,1.9366401433944702
Caitlyn,Xavier,1.9366594552993774
Patricia,Ryan,1.9366908073425293
Bell,Carlos,1.9366955757141113
Jack,Patrick,1.9367331266403198
Aaron,Carol,1.9367402791976929
Chester,Sara,1.936842441558838
KilliantheVampire,Tyson,1.936845302581787
Joshua,Lloyd,1.936854362487793
Harper,Oliver,1.9368597269058228
Joshua,Mia,1.9368630647659302
Chloe,Sindarin,1.9368947744369507
Gus,Jackson,1.9369810819625854
Amber,Camila,1.9370346069335938
Catherine,Victoria,1.937036156654358
Starling,Tessa,1.9370673894882202
Benny,Logan,1.9370909929275513
Carl,Glenda,1.9371308088302612
Benny,Rachel,1.9371315240859985
Jenna,Ryan,1.9371634721755981
Camila,Liam,1.9371767044067383
Aaron,Charlotte,1.9372068643569946
Janet,Wade,1.9372440576553345
Chloe,Xavier,1.937272071838379
Claire,Liam,1.9372730255126953
Liam,Logan,1.9372835159301758
Larry,Skylar,1.9372872114181519
Dylan,Furnando,1.9373959302902222
Justin,Sylvia,1.9374116659164429
Nia,PN,1.937412142753601
Jenna,Logan,1.9374237060546875
Abigail,Justin,1.937484860420227
Caitlyn,Olivia,1.9375172853469849
Joshua,Starling,1.9375704526901245
CaptainBill,Doug,1.9375905990600586
Cyrus,Victoria,1.9375934600830078
Chester,Furnando,1.9375948905944824
Athena,Joshua,1.9376527070999146
Jeff,Sean,1.9376639127731323
Audrey,Helena,1.9377951622009277
Nathan,Patrick,1.9378156661987305
Cyrus,SabrinatheWitch,1.9378209114074707
Rita,Starling,1.9378501176834106
Norah,Wade,1.937874436378479
Valerie,Wade,1.9379339218139648
NewscasterJohn,Oliver,1.9379969835281372
Sean,Tessa,1.9380760192871094
Furnando,Patrick,1.938088059425354
Ryan,Sophia,1.9380916357040405
David,Sean,1.938132882118225
Camila,Graham,1.9381557703018188
Doughnut,Landon,1.9381723403930664
Agatha,PN,1.9381942749023438
Dean,Sara,1.9381998777389526
Brad,Rita,1.93820059299469
Brad,Jenna,1.938310980796814
Santa,Tessa,1.9383140802383423
Chad,Viqqie,1.9383383989334106
Justin,Margaret,1.9383440017700195
Henry,Jackson,1.938355803489685
Logan,Slushy,1.9383578300476074
Patricia,Victoria,1.9384093284606934
Elias,Gus,1.9384264945983887
Rachel,Rebecca,1.9384304285049438
Helena,Nathan,1.9384328126907349
Kanno,Philip,1.938437581062317
Ravi,Tessa,1.9385610818862915
Edward,Norah,1.9386004209518433
Bell,Ryan,1.9386030435562134
Lydia,Valerie,1.9386087656021118
AnnabelletheGhost,Liam,1.9386343955993652
Elias,Neel,1.9386476278305054
SabrinatheWitch,West,1.9387081861495972
Aiden,NewscasterJohn,1.9387340545654297
Jack,Tessa,1.9387407302856445
Larry,Valerie,1.93878972530365
Matthew,Starling,1.938829779624939
Agatha,Brad,1.938857913017273
Jimmy,Sophia,1.9389981031417847
Abigail,Neel,1.9390230178833008
CaptainBill,Sean,1.9390712976455688
Graham,Vivien,1.939073920249939
Graham,Jodie,1.9390791654586792
Caleb,Doug,1.9391189813613892
Jodie,Nia,1.9391425848007202
Ravi,Robert,1.939196228981018
Henry,Nova,1.9392353296279907
Elias,Jimmy,1.9392390251159668
Carol,Neoguard,1.9392584562301636
Aiden,Charlotte,1.9393893480300903
PN,Verna,1.9394060373306274
Aiden,Patrick,1.9394731521606445
Glenda,Grace,1.9394736289978027
Jodie,Neoguard,1.9394868612289429
Sindarin,Victoria,1.9394880533218384
CaptainBill,West,1.9395028352737427
Buddy,Shana,1.939547061920166
Grace,Vanessa,1.939730167388916
Henry,Vincent,1.9397602081298828
Graham,Rachel,1.939872145652771
Maisie,Nathan,1.9399036169052124
Brad,Doug,1.9399164915084839
Caitlyn,Rita,1.9399241209030151
ReporterCatalina,Rex,1.9399272203445435
Dylan,Neel,1.9399844408035278
Hugh,Joshua,1.9400568008422852
Harper,Ryan,1.9400954246520996
Simon,Zoey,1.940118432044983
Dylan,SantaClaus,1.9401798248291016
Dan,Jenna,1.9401817321777344
Neel,Sylvia,1.9402337074279785
Carlos,Liz,1.9402413368225098
Furnando,Sean,1.9402624368667603
Amber,Paige,1.940317988395691
Aiden,Owen,1.9403303861618042
George,Hugh,1.9403854608535767
Aiden,Tessa,1.9403948783874512
Ben,Nia,1.940423846244812
Kelly,Nana,1.9404462575912476
April,Simon,1.9404792785644531
Mia,Simon,1.9404932260513306
Hans,ReporterCatalina,1.940561294555664
Ron,Royce,1.9405797719955444
Harper,Walter,1.9406242370605469
DollarJr,Lydia,1.940682053565979
Furnando,Jake,1.9406981468200684
Agatha,Justin,1.940711498260498
Helena,Slushy,1.9407159090042114
Nana,Valerie,1.940813660621643
Robert,Sylvia,1.940837025642395
Chad,Olivia,1.9408470392227173
Angela,Ben,1.940952181816101
Echo,Slushy,1.941023349761963
Cyrus,Rex,1.9411274194717407
Chloe,Walter,1.9411405324935913
Paige,Victoria,1.941182017326355
Jimmy,Zoey,1.9412140846252441
Carlos,Nia,1.9412325620651245
Jack,Nana,1.9412813186645508
Avery,Oscar,1.9412938356399536
Callan,Rex,1.941393256187439
Jodie,Sara,1.941405177116394
Furnando,Grace,1.9414563179016113
Margot,Nia,1.9415267705917358
Angela,Xavier,1.9415427446365356
Grace,Noa,1.9415446519851685
Oliver,Rex,1.941555380821228
Margaret,Sean,1.9415674209594727
Lindsay,MrsClaus,1.9416497945785522
Caleb,Patrick,1.9416605234146118
Liam,Nova,1.9416874647140503
Katie,Paige,1.941718578338623
Dan,Kristen,1.94171941280365
Annie,Sindarin,1.9417924880981445
Rachel,Rudolph,1.9417957067489624
Chase,Nia,1.9418116807937622
Jodie,KlipKim,1.9418220520019531
Chad,Lucille,1.9419320821762085
Doug,George,1.9419623613357544
Damian,Nana,1.9420572519302368
Kelsey,Royce,1.9420675039291382
Audrey,Tim,1.942072868347168
DollarJr,Santa,1.942074179649353
Jeff,Joshua,1.9421058893203735
Rebecca,Simon,1.9421449899673462
Margaret,River,1.9422682523727417
Cyrus,Jackson,1.942275047302246
Aaron,Tessa,1.9423004388809204
Claire,Sean,1.942355751991272
Tim,Vivien,1.942375659942627
Grace,KlipKim,1.9423869848251343
Noa,Viqqie,1.9423953294754028
Chloe,DollarJr,1.9424487352371216
Buddy,Peter,1.9424585103988647
Matthew,SabrinatheWitch,1.9424853324890137
Grace,SabrinatheWitch,1.9425486326217651
Hugh,Ryan,1.9425822496414185
Agatha,Ryan,1.9425910711288452
Amber,Tim,1.942604899406433
Janet,Sylvia,1.94260835647583
Carlos,Lindsay,1.9426188468933105
Kelsey,Margot,1.9426318407058716
Dylan,Hans,1.9426774978637695
Agatha,Damian,1.9426840543746948
Alex,Mia,1.9426913261413574
Justin,KilliantheVampire,1.9427108764648438
Carlos,Nova,1.9427566528320312
Nia,Rex,1.9427886009216309
Carol,River,1.9428244829177856
Echo,Helena,1.9428526163101196
Sean,Sindarin,1.9428976774215698
Keybo,Verna,1.9428983926773071
Agatha,Liz,1.9429035186767578
Janet,Nova,1.9429625272750854
Catherine,Rebecca,1.9429646730422974
Agatha,Noa,1.9429668188095093
Harper,Riley,1.94297456741333
Aaron,Kanno,1.9430006742477417
Carol,Eman,1.9430056810379028
Agatha,Philip,1.9430121183395386
Justin,Lydia,1.943029761314392
Athena,Larry,1.9430441856384277
Dean,Ron,1.9431339502334595
Harper,Kevin,1.9431500434875488
Tessa,Tina,1.9431554079055786
Damian,Duke,1.9431754350662231
Kelly,Olivia,1.9432429075241089
Larry,Patricia,1.9432491064071655
Joshua,Zoey,1.9432681798934937
Tim,Verna,1.9432734251022339
Dean,Maisie,1.9433773756027222
Robert,Walter,1.943398118019104
Damian,Hugh,1.9434393644332886
Dylan,Kristen,1.9434828758239746
David,Jimmy,1.9435124397277832
Kelsey,Philip,1.9435852766036987
Hugh,Rex,1.9436432123184204
Avery,Dean,1.9436589479446411
Brad,Viqqie,1.9436591863632202
Maisie,Tina,1.943696141242981
Lloyd,Shana,1.943710207939148
Philip,Wade,1.9437273740768433
River,Valerie,1.9437464475631714
Chad,River,1.9437814950942993
DollarJr,Doughnut,1.9438575506210327
Graham,Lydia,1.9439235925674438
Bell,Chester,1.9439363479614258
Patricia,Wade,1.943938136100769
Ben,Ravi,1.9439576864242554
ReporterCatalina,River,1.9440230131149292
CaptainBill,David,1.9440678358078003
Helena,Paige,1.944069743156433
Damian,SantaClaus,1.9441126585006714
Sindarin,Skylar,1.944136142730713
Carl,Ron,1.9441503286361694
Athena,Valerie,1.944172739982605
Dylan,KilliantheVampire,1.9442391395568848
Helena,Noa,1.9443097114562988
Cole,Doug,1.9443286657333374
Doughnut,Nathan,1.9443718194961548
Hugh,Tyson,1.944395899772644
Furnando,Vivien,1.9444174766540527
Echo,Glenda,1.944530963897705
Chad,UncleHank,1.9445966482162476
Abigail,Lindsay,1.9446183443069458
George,Rex,1.944642186164856
Janet,Kelsey,1.9446805715560913
George,Oliver,1.9447312355041504
DollarJr,Victoria,1.9447613954544067
Caitlyn,DollarJr,1.9447687864303589
Neel,Viqqie,1.9447885751724243
Olivia,Ravi,1.944796085357666
Lucille,Wade,1.9448328018188477
Royce,Tessa,1.9448455572128296
George,Jennifer,1.9448491334915161
Agatha,Sindarin,1.9449056386947632
Carol,KlipKim,1.944966197013855
Patricia,Xavier,1.9449915885925293
Audrey,Neoguard,1.9450082778930664
Carl,Edward,1.945021629333496
Aaron,UncleHank,1.9450435638427734
Catherine,Dean,1.9450594186782837
Frankenstein,Kanno,1.9451093673706055
Sylvia,Vincent,1.9451099634170532
Kanno,Rex,1.9451814889907837
Liam,Owen,1.9452205896377563
Hailey,Tessa,1.9452513456344604
Michael,West,1.9452918767929077
DollarJr,Jimmy,1.9453176259994507
CaptainBill,Royce,1.9453614950180054
Ben,UncleHank,1.9454227685928345
Abigail,Camila,1.945449709892273
Abigail,CaptainBill,1.945478081703186
Rebecca,Wade,1.9455169439315796
KilliantheVampire,Xavier,1.9455280303955078
Jackson,Liam,1.9455680847167969
Chloe,Valerie,1.9456108808517456
Kristen,Maddie,1.9456678628921509
Ron,Ryan,1.9457955360412598
Dean,Helena,1.9458028078079224
Tessa,Xavier,1.945828914642334
AnnabelletheGhost,Skylar,1.9458699226379395
Lloyd,West,1.9458767175674438
NewscasterJohn,Wade,1.9460762739181519
Kevin,Rusty,1.946080207824707
Ravi,Viqqie,1.94622004032135
Nia,Peter,1.946292519569397
Charlotte,Kristen,1.9463615417480469
Katie,Matthew,1.9463891983032227
Nia,Xavier,1.9464106559753418
Justin,Liz,1.946424961090088
Aiden,Kelly,1.9464353322982788
Glenda,Tessa,1.9464426040649414
Joshua,Rita,1.9464472532272339
Amber,DollarJr,1.9464569091796875
Cole,Edward,1.9465042352676392
AnnabelletheGhost,Wade,1.946511149406433
MrsClaus,West,1.946540355682373
Angela,Jenna,1.9465588331222534
Chase,Kelsey,1.9466880559921265
Aiden,Margot,1.9466924667358398
Alex,Skylar,1.9467090368270874
Hugh,Kelsey,1.9467371702194214
Agatha,Catherine,1.9467864036560059
Kanno,Margot,1.9468530416488647
Abigail,Sindarin,1.9468752145767212
Callan,Carol,1.9468797445297241
Frankenstein,Neel,1.9468927383422852
MrsClaus,Royce,1.9468976259231567
Chester,Maddie,1.9469329118728638
Elias,Henry,1.9470030069351196
JackoLantern,Millie,1.947026252746582
MrsClaus,Walter,1.9470666646957397
Bruce,SantaClaus,1.9470850229263306
Doug,Peter,1.9471031427383423
Ben,Chase,1.9471102952957153
Elias,Jennifer,1.9471168518066406
Camila,Neoguard,1.9471505880355835
Chad,Jackson,1.9471691846847534
KlipKim,Sylvia,1.947182059288025
Robert,Sean,1.9471921920776367
Benny,Jake,1.947214961051941
Margot,Owen,1.9472154378890991
Brad,Emma,1.947224736213684
Olivia,Simon,1.9472484588623047
David,Sindarin,1.947366714477539
Oliver,Robert,1.9473952054977417
Brad,Rebecca,1.9474234580993652
Benny,Hugh,1.947424054145813
Benny,Jimmy,1.9474555253982544
Elias,Wade,1.947482705116272
Dean,Stephanie,1.9475064277648926
Icarus,Neel,1.947514533996582
Bell,Brad,1.9475353956222534
Tessa,Tim,1.9475923776626587
Lloyd,Michael,1.947597622871399
AnnabelletheGhost,Kevin,1.9476432800292969
Bell,JackoLantern,1.9476948976516724
Liam,Nia,1.9477452039718628
Ben,Buddy,1.9477453231811523
Dan,Lucille,1.947747826576233
Abigail,Ravi,1.9477519989013672
Edward,Margaret,1.9478522539138794
Logan,West,1.9478726387023926
Benny,River,1.9478782415390015
Dylan,Elias,1.947888970375061
Agatha,Sean,1.9479589462280273
Philip,Tessa,1.947989821434021
Samantha,Walter,1.9480876922607422
Sean,Vincent,1.9482288360595703
Annie,Kelsey,1.9482942819595337
Dean,Vanessa,1.9483011960983276
Glenda,KlipKim,1.9483963251113892
Duke,Robert,1.948453426361084
Abigail,Jack,1.9484621286392212
Icarus,Jackson,1.9484740495681763
NewscasterJohn,Ron,1.9484888315200806
Claire,George,1.9485255479812622
Elias,Verna,1.9485359191894531
Kelsey,Simon,1.9485582113265991
Ravi,Ryan,1.9485855102539062
Edward,Logan,1.9485920667648315
Jackson,Shana,1.948703646659851
Dylan,Starling,1.948717474937439
Tessa,Vincent,1.9487239122390747
Caleb,Robert,1.9487992525100708
Olivia,Walter,1.9488612413406372
Callan,Jodie,1.9489179849624634
KilliantheVampire,Neel,1.9490165710449219
DollarJr,UncleHank,1.9490355253219604
Emma,Patricia,1.94904625415802
Aaron,Caitlyn,1.9490810632705688
Sylvia,Zoey,1.9490834474563599
Amber,Ben,1.9491263628005981
Carl,Joshua,1.9491480588912964
Grace,Tim,1.9491544961929321
Brad,Victoria,1.9491620063781738
Patricia,Sara,1.9491634368896484
Margot,Xavier,1.949197769165039
Dean,Patrick,1.949267864227295
Rudolph,Simon,1.9493013620376587
Lindsay,Oscar,1.9493316411972046
Gus,Lloyd,1.949332594871521
Henry,Tessa,1.9494065046310425
Lloyd,UncleHank,1.9494067430496216
Camila,Eman,1.9494255781173706
Amber,Edward,1.9494438171386719
Callan,Victoria,1.9494463205337524
Caitlyn,Jake,1.9495853185653687
Carlos,Charlotte,1.9496110677719116
Buddy,Glenda,1.9496351480484009
Doughnut,Verna,1.949741005897522
Chloe,Dan,1.9497729539871216
Grace,Stephanie,1.949816346168518
Justin,Ron,1.9498320817947388
Carol,Tim,1.9499439001083374
Bruce,Shana,1.9499554634094238
Nathan,Samantha,1.950056552886963
Larry,Vanessa,1.9500573873519897
Margot,Royce,1.9500795602798462
Icarus,SabrinatheWitch,1.9501522779464722
Echo,Xavier,1.950248122215271
Amber,Chad,1.9502805471420288
Hugh,Kanno,1.950299859046936
Kanno,Logan,1.9503087997436523
Nova,Tina,1.9503451585769653
Chase,Jake,1.9503564834594727
Buddy,Dylan,1.950360894203186
Kevin,Liz,1.9503637552261353
Lindsay,Nia,1.9503694772720337
April,Joshua,1.9504295587539673
Agatha,Jake,1.9504523277282715
Alex,Margaret,1.9504677057266235
Annie,Edward,1.9505385160446167
ReporterCatalina,Santa,1.950543999671936
Jack,Natalie,1.9505605697631836
Ben,Kelsey,1.950567364692688
Audrey,Sean,1.9505882263183594
Angela,Athena,1.9506702423095703
Alex,Shana,1.9506840705871582
Owen,Xavier,1.9506878852844238
Tessa,Tyson,1.9507542848587036
DollarJr,Elias,1.9507642984390259
Oscar,Verna,1.9508429765701294
Cole,Nova,1.950863003730774
Camila,Logan,1.9508899450302124
Cole,Jeff,1.9509377479553223
Aiden,Frankenstein,1.9509382247924805
Caleb,Claire,1.9509596824645996
Sindarin,Xavier,1.9509955644607544
Ron,Xavier,1.951029658317566
Caitlyn,Larry,1.9511078596115112
Chloe,KlipKim,1.951188564300537
CaptainBill,Jake,1.9512933492660522
Edward,Justin,1.9512944221496582
Matthew,Millie,1.951295018196106
Frankenstein,Royce,1.9513195753097534
JackoLantern,Paige,1.9513479471206665
Jack,Oliver,1.951363444328308
Hailey,Riley,1.9513649940490723
Riley,Valerie,1.9513658285140991
Graham,Liz,1.9514096975326538
Cole,Norah,1.9514237642288208
Hugh,Jennifer,1.9514516592025757
Dylan,Harper,1.9514755010604858
Bruce,Jimmy,1.9515576362609863
Hans,SabrinatheWitch,1.9516059160232544
Ben,Jodie,1.951682209968567
Audrey,Jenna,1.951684594154358
Bruce,DollarJr,1.9516938924789429
Damian,Margaret,1.9517256021499634
Agatha,KlipKim,1.9517375230789185
Dan,Patrick,1.9517742395401
Kelsey,Ron,1.9517812728881836
Carol,Sindarin,1.9517897367477417
Jenna,Paige,1.9518269300460815
Claire,Margot,1.9518494606018066
Jimmy,Noa,1.951945424079895
Carol,Ron,1.9519532918930054
Kelly,Norah,1.951964020729065
Furnando,MrsClaus,1.9519942998886108
Carl,JackoLantern,1.9520021677017212
Callan,Henry,1.9520225524902344
Furnando,Sylvia,1.9521006345748901
Eman,Robert,1.9521657228469849
Robert,Ryan,1.9521831274032593
Amber,Chase,1.9522486925125122
Gus,Viqqie,1.9523624181747437
Avery,Simon,1.9523696899414062
Jodie,PN,1.9523735046386719
Kelly,River,1.9523862600326538
Edward,Gus,1.9524809122085571
Avery,Sophia,1.9524871110916138
Abigail,Starling,1.9525188207626343
Carlos,Millie,1.9525457620620728
April,Janet,1.9525599479675293
Slushy,Wade,1.95256507396698
Carol,Sean,1.9525898694992065
Camila,Larry,1.9525976181030273
Katie,Lucille,1.9526094198226929
Amber,Zoey,1.9527058601379395
Catherine,Oscar,1.9527875185012817
Agatha,Helena,1.952804446220398
Sindarin,Slushy,1.9528087377548218
Claire,Edward,1.9528652429580688
Chester,Royce,1.9529305696487427
Doughnut,Noa,1.9530779123306274
Aiden,Vivien,1.9530850648880005
Kelly,Kevin,1.953121542930603
Gus,Jennifer,1.953123688697815
Chloe,Starling,1.9531718492507935
Matthew,Olivia,1.9531916379928589
Gus,Margot,1.9531927108764648
Charlotte,Sophia,1.9532049894332886
AnnabelletheGhost,Cole,1.9532407522201538
Avery,Victoria,1.9532418251037598
Ben,Kanno,1.9533714056015015
Ben,Verna,1.9534991979599
Nathan,Sara,1.9535737037658691
Robert,Vivien,1.95362389087677
Jack,NewscasterJohn,1.9536410570144653
Dan,UncleHank,1.953910231590271
April,Carlos,1.9539216756820679
Justin,Tina,1.9539276361465454
Annie,Avery,1.9539295434951782
Neoguard,Victoria,1.953932285308838
Abigail,Royce,1.9539858102798462
Natalie,West,1.9540053606033325
Neel,Shana,1.9540425539016724
Harper,Sindarin,1.954058051109314
CaptainBill,Lydia,1.9540618658065796
Damian,KilliantheVampire,1.9540640115737915
Chester,West,1.9540715217590332
Viqqie,Walter,1.9540972709655762
CaptainBill,Frankenstein,1.9541126489639282
Jimmy,Sean,1.9541414976119995
Mia,Rudolph,1.9542170763015747
Bruce,Elias,1.9542326927185059
Rex,SabrinatheWitch,1.9542359113693237
Royce,Sylvia,1.95424222946167
Callan,Logan,1.9542466402053833
Jodie,Kanno,1.9543136358261108
JackoLantern,Tina,1.9543142318725586
Charlotte,Viqqie,1.954357624053955
Joshua,Viqqie,1.954360842704773
PN,UncleHank,1.9544020891189575
Kelsey,Samantha,1.9544183015823364
Frankenstein,Oliver,1.9544668197631836
Helena,Skylar,1.9544814825057983
Jennifer,Nia,1.9546104669570923
Benny,Robert,1.9546111822128296
Kelly,Tim,1.9546284675598145
Alex,Verna,1.9547525644302368
Shana,Tyson,1.954792857170105
Nia,Oscar,1.9548474550247192
Chase,Cyrus,1.9549468755722046
Hans,Natalie,1.9550260305404663
Claire,Wade,1.9550398588180542
Liz,Neoguard,1.9550920724868774
Jake,Kanno,1.955112338066101
Landon,Tessa,1.9551421403884888
Duke,Vivien,1.9551509618759155
Kristen,Riley,1.9551645517349243
Ben,Doug,1.9551857709884644
Athena,Sara,1.955194115638733
ReporterCatalina,Rusty,1.955271601676941
Benny,Rex,1.9553507566452026
Grace,Maisie,1.955403208732605
Chase,Margaret,1.9554322957992554
Audrey,Chase,1.9554643630981445
CaptainBill,Nana,1.9554781913757324
Camila,Nia,1.9554920196533203
Brad,Stephanie,1.9554985761642456
Aiden,Amber,1.9555139541625977
DollarJr,Jenna,1.955570101737976
Doug,Rusty,1.955579161643982
Glenda,West,1.9556918144226074
Dylan,Mia,1.9557517766952515
Catherine,Jodie,1.955757737159729
Glenda,Vanessa,1.9557846784591675
CaptainBill,Olivia,1.9557944536209106
Chase,Neel,1.955796718597412
Glenda,Liz,1.9558005332946777
Caitlyn,Edward,1.9558032751083374
KlipKim,Olivia,1.955811619758606
Landon,Valerie,1.9558148384094238
Chase,Jack,1.955825686454773
Angela,Margot,1.9558672904968262
Buddy,Lloyd,1.95596182346344
Benny,Nana,1.95598566532135
Oscar,Sylvia,1.9559911489486694
Kevin,Lucille,1.9559932947158813
Damian,UncleHank,1.9559975862503052
AnnabelletheGhost,Ryan,1.9560009241104126
Cole,Rebecca,1.9560173749923706
Jennifer,Tim,1.9560221433639526
Dean,Tina,1.9560428857803345
Riley,Royce,1.9560614824295044
Dan,Stephanie,1.956067442893982
George,Lydia,1.9561065435409546
Chase,MrsClaus,1.9561125040054321
Edward,Larry,1.9561134576797485
Cole,Mia,1.9561209678649902
Slushy,Zoey,1.9561344385147095
PN,Victoria,1.9562443494796753
Kelly,Neel,1.9562820196151733
Cole,Vivien,1.9563031196594238
Carlos,UncleHank,1.9563206434249878
Sean,Vivien,1.9563287496566772
Jeff,MrsClaus,1.9563484191894531
Valerie,Viqqie,1.9563909769058228
David,Hugh,1.9564708471298218
Agatha,Tim,1.956494927406311
Jeff,SabrinatheWitch,1.9565072059631348
Caitlyn,Sean,1.956525444984436
Kevin,Vivien,1.956528663635254
Ben,Caleb,1.956608772277832
Riley,Starling,1.956619143486023
KlipKim,Lydia,1.9566534757614136
Charlotte,George,1.9566682577133179
Catherine,DollarJr,1.9567033052444458
Audrey,Graham,1.9567877054214478
CaptainBill,Ravi,1.956864833831787
Jack,Margaret,1.956882119178772
Henry,Victoria,1.956908106803894
Callan,Shana,1.9569236040115356
Dean,Millie,1.9569624662399292
Abigail,Sean,1.9569681882858276
River,Victoria,1.956976294517517
Caitlyn,Hailey,1.9570335149765015
Edward,Jennifer,1.957068920135498
Ben,Viqqie,1.9571048021316528
Jodie,Lucille,1.957152009010315
Agatha,Carlos,1.9571579694747925
Keybo,Margaret,1.9571723937988281
Aaron,Jimmy,1.9572588205337524
Jennifer,Slushy,1.9572595357894897
Callan,Rachel,1.9573760032653809
Noa,Robert,1.9575141668319702
Chad,Charlotte,1.9575155973434448
Edward,Tina,1.957523226737976
Amber,Rex,1.9576791524887085
Furnando,Tina,1.9578582048416138
Hugh,Lucille,1.9579224586486816
Agatha,Chester,1.9579509496688843
Liam,Margaret,1.9579914808273315
Caitlyn,Stephanie,1.9579957723617554
AnnabelletheGhost,Noa,1.9580296277999878
Caleb,Hugh,1.9580717086791992
George,Margot,1.958128809928894
Brad,Slushy,1.9581389427185059
Chase,Furnando,1.958167552947998
Angela,Lindsay,1.9582018852233887
Aaron,Margot,1.9582096338272095
Vincent,West,1.958234190940857
Slushy,Victoria,1.9582475423812866
Damian,Sylvia,1.9582880735397339
Peter,Shana,1.958293080329895
Dean,Katie,1.9583524465560913
Dan,NewscasterJohn,1.958359718322754
Kristen,Sara,1.958361268043518
KlipKim,Victoria,1.9584898948669434
Harper,Matthew,1.9584914445877075
Chester,Elias,1.9585429430007935
Agatha,Emma,1.9586132764816284
Claire,Joshua,1.958630084991455
Oliver,Santa,1.958707332611084
Chad,MrsClaus,1.9587284326553345
Lydia,Neoguard,1.9587539434432983
Echo,Larry,1.958754539489746
Jack,Rusty,1.9587626457214355
Charlotte,DollarJr,1.9587644338607788
DollarJr,Ron,1.9587863683700562
Angela,Dylan,1.9588398933410645
Annie,Caitlyn,1.9588602781295776
Kelsey,Liam,1.9589157104492188
CaptainBill,Vivien,1.9589186906814575
Paige,ReporterCatalina,1.9589347839355469
Annie,Helena,1.9589691162109375
Janet,Logan,1.9590140581130981
Angela,Kelsey,1.9590610265731812
Chase,Peter,1.9590848684310913
April,Hailey,1.9591150283813477
Margaret,Ravi,1.9591256380081177
Liam,Sara,1.9591618776321411
April,Camila,1.959211826324463
Graham,Margot,1.9592198133468628
Camila,Tyson,1.9592283964157104
Aiden,Rita,1.9592407941818237
Hugh,SabrinatheWitch,1.959293246269226
Claire,KlipKim,1.9593056440353394
Duke,Lloyd,1.9593364000320435
Claire,Cole,1.959372878074646
Catherine,Sara,1.9593805074691772
CaptainBill,SabrinatheWitch,1.959457516670227
Dan,Robert,1.9594594240188599
Hugh,JackoLantern,1.9594782590866089
Lindsay,Riley,1.9595293998718262
Furnando,Michael,1.9595564603805542
Frankenstein,Rachel,1.959610939025879
Oliver,Valerie,1.9596718549728394
AnnabelletheGhost,Logan,1.959683895111084
Avery,Hailey,1.9596892595291138
David,Jake,1.9597636461257935
Kanno,Patrick,1.9597781896591187
Grace,Nathan,1.9598430395126343
Athena,JackoLantern,1.9599071741104126
Eman,Harper,1.9599518775939941
Bruce,Graham,1.959969162940979
April,Zoey,1.9600070714950562
Athena,Avery,1.960103154182434
Jimmy,Nana,1.9601889848709106
Caleb,Icarus,1.960202693939209
Doug,Jackson,1.9602112770080566
Hailey,Kelsey,1.9602149724960327
Bruce,Viktor,1.9602775573730469
Harper,Jack,1.9602837562561035
Elias,Margaret,1.9603052139282227
Camila,NewscasterJohn,1.960310459136963
Matthew,Rebecca,1.9603499174118042
Buddy,Kelsey,1.9604283571243286
Chester,Lindsay,1.96045982837677
Jack,Michael,1.9604921340942383
Benny,Sindarin,1.960570216178894
Cole,Starling,1.9606170654296875
Lindsay,Skylar,1.9606518745422363
Doug,Victoria,1.9606537818908691
Elias,Nana,1.9606752395629883
AnnabelletheGhost,Glenda,1.9607181549072266
Camila,Chad,1.9607843160629272
Cyrus,Olivia,1.9607847929000854
MrsClaus,Paige,1.960790991783142
Jake,Vivien,1.9608206748962402
Mia,Sean,1.9608286619186401
Michael,Royce,1.9608668088912964
Aaron,Michael,1.9608745574951172
George,Liz,1.960875153541565
Amber,Justin,1.9608904123306274
Kelsey,Walter,1.9609047174453735
Agatha,Amber,1.9610732793807983
PN,SantaClaus,1.96107816696167
Angela,Simon,1.9610990285873413
Dylan,Riley,1.9611048698425293
Elias,Kelly,1.9611338376998901
Rudolph,Victoria,1.961159110069275
Charlotte,Ron,1.9611711502075195
Ryan,Starling,1.9612222909927368
Jenna,Oscar,1.9612654447555542
Jackson,Natalie,1.9612746238708496
ReporterCatalina,Tyson,1.9613109827041626
Mia,Noa,1.9613137245178223
Edward,Vanessa,1.961341381072998
Brad,Jimmy,1.9613666534423828
Amber,Caleb,1.9613806009292603
Avery,Verna,1.961419701576233
Abigail,David,1.961432933807373
Avery,Kevin,1.9614653587341309
Chase,Starling,1.9614795446395874
Ben,Stephanie,1.961525559425354
Nana,Sindarin,1.961552619934082
Amber,Cyrus,1.9616066217422485
Graham,Stephanie,1.9616926908493042
Kristen,Larry,1.9617128372192383
DollarJr,Starling,1.9617242813110352
Audrey,CaptainBill,1.961755633354187
Camila,Oliver,1.9617685079574585
Edward,Margot,1.9617985486984253
Carlos,Rita,1.9618258476257324
Claire,Justin,1.9618643522262573
Vincent,Zoey,1.961887001991272
Carol,Graham,1.9619096517562866
Katie,Logan,1.961927890777588
Chester,Maisie,1.9619930982589722
Angela,PN,1.9620007276535034
Michael,Norah,1.9620007276535034
Chase,Claire,1.9620295763015747
Caleb,Viqqie,1.9620418548583984
Owen,Sean,1.9620755910873413
Chester,Rita,1.9621089696884155
Duke,Simon,1.9621449708938599
Camila,Philip,1.9622198343276978
Michael,Tessa,1.9622622728347778
Owen,Shana,1.9623017311096191
Maddie,Rita,1.9623991250991821
Cole,Owen,1.9624003171920776
Riley,Rita,1.962401032447815
Chester,Millie,1.9624847173690796
April,Eman,1.962504267692566
Carol,Zoey,1.9625205993652344
Eman,Emma,1.9625214338302612
Cole,Riley,1.9625476598739624
Rachel,SantaClaus,1.9625602960586548
Aiden,Victoria,1.962692141532898
Aaron,Lloyd,1.9627090692520142
Nia,Sean,1.96273672580719
Edward,Skylar,1.9627760648727417
Caleb,Natalie,1.9627772569656372
Olivia,West,1.9627808332443237
Ben,Sindarin,1.9627829790115356
Kanno,Verna,1.9627962112426758
Gus,SabrinatheWitch,1.9628015756607056
Caitlyn,Sindarin,1.9628115892410278
Echo,Joshua,1.9628205299377441
Claire,Oscar,1.962842583656311
Agatha,Buddy,1.9628547430038452
Dylan,Valerie,1.9628947973251343
Chase,Nova,1.9628995656967163
Dan,Hans,1.9629019498825073
Carol,Jackson,1.9629336595535278
Hugh,Simon,1.9629489183425903
Alex,Starling,1.963024616241455
Carl,River,1.963058352470398
Amber,Starling,1.9630627632141113
David,Icarus,1.9630907773971558
Rudolph,UncleHank,1.9631596803665161
Matthew,Robert,1.9631896018981934
Hans,Ryan,1.963199496269226
Chad,Glenda,1.963216781616211
Aaron,April,1.963223934173584
Benny,Slushy,1.9632567167282104
Patricia,Zoey,1.9632987976074219
Janet,Shana,1.963301658630371
Jenna,Noa,1.9633293151855469
Frankenstein,Peter,1.963363528251648
Icarus,Sindarin,1.9633688926696777
Bell,Oliver,1.9633727073669434
Edward,NewscasterJohn,1.9633954763412476
Owen,Ryan,1.963426947593689
Damian,Nova,1.9634419679641724
Dan,SantaClaus,1.9634567499160767
Camila,Cole,1.9634708166122437
Jenna,MrsClaus,1.9634851217269897
Ben,West,1.9634863138198853
Edward,Lydia,1.9635664224624634
AnnabelletheGhost,Paige,1.963706135749817
Carl,Peter,1.9637573957443237
Agatha,Lucille,1.9637608528137207
Abigail,Carl,1.9637846946716309
Oliver,Sophia,1.9638608694076538
Helena,Riley,1.9639087915420532
Athena,Ryan,1.9639368057250977
Jimmy,Tessa,1.9639607667922974
Ben,Vincent,1.9639889001846313
Hailey,Samantha,1.9640487432479858
Philip,Shana,1.964051365852356
Lucille,Sindarin,1.9641880989074707
Buddy,Tessa,1.9642043113708496
MrsClaus,Slushy,1.9642053842544556
Edward,Santa,1.9642330408096313
Peter,Verna,1.9642351865768433
Chloe,Cole,1.964297890663147
CaptainBill,Grace,1.9643152952194214
Shana,Valerie,1.9643362760543823
Santa,Tim,1.9643381834030151
Jodie,Neel,1.9643669128417969
Natalie,Ravi,1.9643992185592651
Dylan,Royce,1.9644094705581665
Camila,Dan,1.9644885063171387
Camila,Walter,1.964759349822998
Gus,Vincent,1.9647756814956665
Abigail,Noa,1.9647942781448364
David,Viqqie,1.9647960662841797
Skylar,Stephanie,1.96480131149292
CaptainBill,Cole,1.9648656845092773
Norah,Valerie,1.9649395942687988
Bell,DollarJr,1.9649537801742554
Logan,Skylar,1.9649754762649536
Dean,Hugh,1.9650087356567383
Ron,Tim,1.9650249481201172
Grace,PN,1.965071678161621
Agatha,Chloe,1.9650760889053345
Nathan,Patricia,1.9650906324386597
Chester,Ron,1.9651106595993042
George,SantaClaus,1.9651380777359009
Agatha,NewscasterJohn,1.9651602506637573
Paige,Viqqie,1.9652529954910278
Annie,Olivia,1.9653271436691284
Gus,Norah,1.9653639793395996
Carol,Furnando,1.9653927087783813
Chloe,Justin,1.9654179811477661
Audrey,Zoey,1.965438723564148
Kanno,Simon,1.9654487371444702
Kanno,Lucille,1.965474009513855
Agatha,Kristen,1.9655112028121948
Jennifer,Margot,1.9655508995056152
Harper,Victoria,1.965561032295227
Nana,Rex,1.9656318426132202
Chad,Norah,1.9656623601913452
David,Tessa,1.9657312631607056
Nia,Sophia,1.9657460451126099
Natalie,Robert,1.9657663106918335
Angela,Viqqie,1.9657691717147827
AnnabelletheGhost,Audrey,1.9658011198043823
Charlotte,Neel,1.9659420251846313
JackoLantern,Lloyd,1.9659451246261597
Rita,Walter,1.9659768342971802
Samantha,Zoey,1.965981125831604
Carol,Neel,1.9660145044326782
Dean,Mark,1.9660447835922241
Frankenstein,Xavier,1.9660719633102417
Caitlyn,Charlotte,1.9661202430725098
Liz,West,1.9661377668380737
Jenna,Tina,1.9661511182785034
Edward,Elias,1.9661680459976196
Abigail,Tim,1.9662141799926758
Avery,Matthew,1.966229796409607
Abigail,Owen,1.966233730316162
NewscasterJohn,Xavier,1.9662340879440308
Carl,Claire,1.9662532806396484
Doug,Jodie,1.9663032293319702
Agatha,Jeff,1.9663066864013672
Angela,Glenda,1.9663106203079224
Jackson,Joshua,1.9663853645324707
MrsClaus,Sindarin,1.9664387702941895
Rachel,UncleHank,1.9664483070373535
Maddie,Shana,1.966467022895813
Audrey,Henry,1.966485857963562
Hugh,NewscasterJohn,1.9665160179138184
Landon,Nia,1.9665478467941284
Nana,Rudolph,1.9665905237197876
Duke,KlipKim,1.966598391532898
Aiden,Rebecca,1.9666200876235962
Ben,Olivia,1.966671109199524
Callan,Lucille,1.9666752815246582
Kanno,Oliver,1.9667795896530151
Oliver,River,1.966840147972107
Mark,Oscar,1.9668880701065063
Margot,Oscar,1.9668914079666138
Bruce,Cole,1.9668999910354614
Kanno,Nova,1.9669402837753296
Avery,Chad,1.9671305418014526
Carol,Paige,1.9671489000320435
Grace,Kelsey,1.9672006368637085
Graham,Oliver,1.9672389030456543
JackoLantern,Valerie,1.9672869443893433
Angela,Landon,1.9673656225204468
Furnando,Landon,1.9673758745193481
Justin,Mia,1.9673959016799927
Ryan,Stephanie,1.9673962593078613
Ben,Vivien,1.9674516916275024
Joshua,Patrick,1.9675002098083496
Elias,Hans,1.9675089120864868
Stephanie,Xavier,1.9676002264022827
Ben,Jack,1.9676426649093628
Edward,Wade,1.9676870107650757
Hans,Neel,1.967695713043213
CaptainBill,Owen,1.967703938484192
Rebecca,Walter,1.9677947759628296
David,JackoLantern,1.9678106307983398
UncleHank,Victoria,1.9678722620010376
Caleb,Sylvia,1.9679001569747925
Eman,Grace,1.967977523803711
AnnabelletheGhost,Kristen,1.968056082725525
Abigail,Oscar,1.968072533607483
Caleb,UncleHank,1.9680935144424438
Charlotte,Furnando,1.968127727508545
Camila,CaptainBill,1.9681464433670044
Ben,Millie,1.9681634902954102
CaptainBill,Claire,1.9681649208068848
Philip,Vivien,1.9682235717773438
Eman,Maisie,1.9682296514511108
Angela,Oscar,1.968244194984436
Frankenstein,Tim,1.9682453870773315
Margaret,Slushy,1.9682793617248535
Edward,George,1.9683789014816284
Sean,Viqqie,1.9684263467788696
Michael,Nana,1.9684568643569946
Avery,Ravi,1.9684613943099976
Chad,Chloe,1.9684809446334839
Henry,West,1.968582272529602
Chase,Liz,1.9685912132263184
Benny,Michael,1.9686006307601929
Callan,Frankenstein,1.9686177968978882
Jack,Olivia,1.9686330556869507
Grace,Larry,1.9686347246170044
Liam,Vanessa,1.9686630964279175
Ben,Jackson,1.9686651229858398
MrsClaus,Oscar,1.9687470197677612
Duke,George,1.9687525033950806
DollarJr,Harper,1.9687800407409668
Catherine,Eman,1.968831181526184
Dylan,Graham,1.9688581228256226
Camila,River,1.9688853025436401
Brad,Kanno,1.9688981771469116
Duke,PN,1.9689141511917114
Frankenstein,Sean,1.9689291715621948
Norah,Xavier,1.9689308404922485
Glenda,Maisie,1.9689593315124512
Elias,Matthew,1.968966007232666
Doughnut,Viqqie,1.9689730405807495
Kelly,Vanessa,1.9689784049987793
NewscasterJohn,West,1.9690035581588745
Lucille,Samantha,1.9690507650375366
Dan,Vanessa,1.9690543413162231
Agatha,April,1.969075083732605
Gus,Patrick,1.9690766334533691
Agatha,Sophia,1.9691435098648071
Aaron,Victoria,1.9691786766052246
Kevin,MrsClaus,1.9692133665084839
Carl,Kanno,1.9692273139953613
Larry,Margot,1.9692273139953613
Doughnut,Skylar,1.969283938407898
Keybo,PN,1.9693288803100586
Emma,Matthew,1.9693379402160645
Buddy,KilliantheVampire,1.9693986177444458
Cole,Icarus,1.9694108963012695
Icarus,Joshua,1.9694328308105469
Aaron,Hans,1.9694385528564453
Jennifer,Sophia,1.9694899320602417
Athena,Chester,1.9694957733154297
Oliver,Peter,1.9695377349853516
Patrick,Ryan,1.9695377349853516
MrsClaus,PN,1.969579815864563
Jeff,Slushy,1.969583511352539
Lucille,Vivien,1.969612956047058
AnnabelletheGhost,Walter,1.9696216583251953
Riley,Vanessa,1.969627022743225
Jenna,Justin,1.9696340560913086
Chad,Slushy,1.969706654548645
Angela,Stephanie,1.9697185754776
Buddy,Mark,1.9697271585464478
Larry,Slushy,1.9697636365890503
Chase,Duke,1.9697785377502441
Sindarin,Tyson,1.969824194908142
Harper,Slushy,1.9698377847671509
Lloyd,SabrinatheWitch,1.9698476791381836
Simon,Walter,1.9698691368103027
Elias,Glenda,1.9699381589889526
Carol,Edward,1.9699454307556152
Kanno,Oscar,1.969948172569275
Emma,Viqqie,1.9699500799179077
Lucille,Rex,1.9699827432632446
Liz,Oliver,1.9700661897659302
KlipKim,Viqqie,1.9700673818588257
Catherine,Wade,1.9700969457626343
Kanno,Tessa,1.9701379537582397
Ben,Rachel,1.9702585935592651
Claire,Kevin,1.9703017473220825
Neel,Norah,1.9703078269958496
Owen,Sindarin,1.9703418016433716
Catherine,Kevin,1.9703596830368042
Aaron,Kelsey,1.9704389572143555
Caitlyn,Kevin,1.9704475402832031
KilliantheVampire,Walter,1.9704638719558716
Gus,Ron,1.9704647064208984
Noa,Norah,1.970474123954773
Gus,Valerie,1.9704786539077759
Amber,Gus,1.9705114364624023
Aaron,Slushy,1.9706133604049683
Caleb,Glenda,1.9706374406814575
Kanno,Lloyd,1.9706662893295288
Hugh,Larry,1.9706717729568481
Abigail,Henry,1.9707273244857788
Glenda,Matthew,1.9707365036010742
Caleb,KilliantheVampire,1.9707655906677246
Aiden,Skylar,1.9707789421081543
Rachel,Rusty,1.9707943201065063
Ben,Peter,1.9707947969436646
Kristen,Noa,1.9708040952682495
Margaret,Vincent,1.9708210229873657
Kelly,Margaret,1.970842719078064
Margaret,Ron,1.9708510637283325
Avery,Cole,1.9708632230758667
AnnabelletheGhost,Brad,1.9709471464157104
Jackson,Tessa,1.9709542989730835
Gus,River,1.970981240272522
Camila,Doug,1.9710146188735962
Buddy,Jackson,1.9710583686828613
Callan,CaptainBill,1.9711174964904785
Nana,Ron,1.971142292022705
Callan,Sylvia,1.971204161643982
Helena,Rita,1.971235752105713
Olivia,River,1.9712928533554077
Nathan,Vanessa,1.9712995290756226
Hailey,Victoria,1.9713083505630493
Henry,Nia,1.9713085889816284
Chester,Philip,1.9713197946548462
Philip,Sean,1.9713220596313477
Graham,Kanno,1.971328616142273
Damian,Edward,1.9713964462280273
Kanno,SabrinatheWitch,1.9714032411575317
Landon,Rusty,1.9714075326919556
Paige,Rebecca,1.9714237451553345
Dean,Rusty,1.9714480638504028
April,Xavier,1.9714627265930176
Audrey,Ravi,1.9714819192886353
Echo,Kelly,1.9716399908065796
Carol,Doug,1.9716912508010864
Oliver,Rita,1.9717446565628052
Lucille,Sophia,1.9717512130737305
April,Royce,1.9717921018600464
Chase,Vivien,1.971817135810852
Damian,Margot,1.9718670845031738
Rachel,Zoey,1.9719467163085938
Ben,Nova,1.971956729888916
Doughnut,Kristen,1.9719600677490234
Cole,Grace,1.9719901084899902
Noa,Stephanie,1.9720159769058228
Avery,Kanno,1.9720627069473267
Avery,Landon,1.9720654487609863
Aaron,Glenda,1.9720689058303833
Jackson,West,1.9720746278762817
Avery,Dylan,1.9720872640609741
Rex,Royce,1.9720953702926636
Elias,Peter,1.9720972776412964
Eman,Frankenstein,1.9721488952636719
Glenda,Tim,1.9722024202346802
Ben,Sylvia,1.9722157716751099
Caleb,Slushy,1.9722561836242676
Chloe,Matthew,1.9722660779953003
Helena,Wade,1.9723583459854126
Olivia,Ron,1.9724315404891968
Dan,Starling,1.9724516868591309
Camila,Kevin,1.9724847078323364
Jackson,Viqqie,1.9725728034973145
April,Kevin,1.9726041555404663
JackoLantern,Lindsay,1.9726309776306152
Avery,Glenda,1.9726566076278687
Keybo,Noa,1.9726628065109253
Doughnut,Kanno,1.9727064371109009
Cole,Stephanie,1.972707748413086
Margaret,Valerie,1.9727482795715332
Lloyd,NewscasterJohn,1.9727672338485718
Rusty,Simon,1.9727858304977417
Landon,Zoey,1.9728516340255737
Larry,Riley,1.972877025604248
Justin,Norah,1.9728994369506836
Joshua,Katie,1.9729958772659302
Keybo,Rachel,1.9730316400527954
AnnabelletheGhost,Ben,1.9730411767959595
George,Margaret,1.9730478525161743
Edward,Peter,1.9730488061904907
Agatha,Janet,1.9730747938156128
Rita,Tina,1.973152756690979
Frankenstein,Jennifer,1.9731966257095337
Hailey,Olivia,1.9732717275619507
Frankenstein,SantaClaus,1.9733027219772339
Cole,Doughnut,1.9733072519302368
Bruce,Verna,1.9733253717422485
Duke,Philip,1.973331093788147
Furnando,Lydia,1.973354697227478
Carl,Elias,1.9733823537826538
Cole,Lucille,1.9733847379684448
Simon,Tyson,1.973392128944397
Justin,MrsClaus,1.9734200239181519
Elias,Grace,1.9734700918197632
River,Vincent,1.9735064506530762
Nova,Royce,1.9735164642333984
Amber,Matthew,1.973603367805481
Angela,Sophia,1.9736131429672241
Bruce,Patrick,1.9736210107803345
Echo,Kevin,1.9736517667770386
Dylan,NewscasterJohn,1.9736679792404175
Hailey,Rebecca,1.9736727476119995
Millie,Nathan,1.9737601280212402
Jackson,Jennifer,1.9737921953201294
Jodie,Sean,1.9738134145736694
Furnando,Norah,1.9738694429397583
Chloe,Furnando,1.973901391029358
MrsClaus,Neel,1.9739025831222534
Eman,Samantha,1.9739052057266235
Doug,Sara,1.9739056825637817
Brad,Grace,1.9739203453063965
Jimmy,SabrinatheWitch,1.9739264249801636
Verna,West,1.973954677581787
Henry,Skylar,1.9739664793014526
Nova,Rex,1.9739670753479004
Logan,Samantha,1.9739881753921509
Benny,Callan,1.974002480506897
Abigail,Chase,1.9740737676620483
Ben,Jake,1.9741926193237305
Kanno,Wade,1.9742555618286133
Buddy,Caitlyn,1.9742587804794312
Eman,SantaClaus,1.974268913269043
Jackson,SabrinatheWitch,1.9743280410766602
Athena,Harper,1.974363923072815
Elias,Kelsey,1.9743748903274536
River,Tyson,1.9744154214859009
Agatha,AnnabelletheGhost,1.9744157791137695
Kanno,Viqqie,1.97443687915802
Lloyd,Rusty,1.9744467735290527
Glenda,Oscar,1.9746073484420776
Caitlyn,Kelly,1.9746809005737305
Cyrus,KilliantheVampire,1.9748324155807495
Glenda,Lydia,1.9748455286026
Chase,Oscar,1.9748481512069702
Brad,Margot,1.974850058555603
Oliver,Tina,1.974860668182373
Cole,Skylar,1.9748820066452026
Alex,Jodie,1.9748862981796265
Benny,Graham,1.9748934507369995
Owen,Vivien,1.9749482870101929
Mia,Xavier,1.9750065803527832
Catherine,Logan,1.975012183189392
Katie,Viqqie,1.975056767463684
Cole,Rita,1.9750653505325317
Ben,Margaret,1.9750885963439941
Benny,Natalie,1.9751323461532593
Charlotte,Eman,1.9751582145690918
Benny,Riley,1.9751850366592407
Agatha,Royce,1.9752558469772339
Echo,Olivia,1.9752758741378784
Logan,Vivien,1.9752917289733887
Hans,Starling,1.9753241539001465
Angela,Owen,1.9753355979919434
Eman,MrsClaus,1.97535240650177
Jodie,Ravi,1.9753755331039429
Audrey,Camila,1.9754055738449097
Elias,Viqqie,1.9754177331924438
CaptainBill,Philip,1.9754258394241333
Doug,Viqqie,1.9754457473754883
Oliver,Tyson,1.9754687547683716
Matthew,Vanessa,1.9754823446273804
Helena,Nia,1.9754923582077026
Carol,Hans,1.9755042791366577
Benny,Buddy,1.9757038354873657
CaptainBill,George,1.9757404327392578
Oscar,Viqqie,1.9757546186447144
Logan,Peter,1.9757663011550903
Duke,Jack,1.975823998451233
Caleb,Margaret,1.975830078125
Rex,Tim,1.975834846496582
Amber,Lindsay,1.9758373498916626
Damian,Jimmy,1.9758492708206177
Liam,Sylvia,1.9759427309036255
Chase,Frankenstein,1.9759749174118042
Audrey,Rita,1.9760369062423706
Brad,Helena,1.9760375022888184
Doughnut,MrsClaus,1.9760465621948242
Millie,Neoguard,1.9760617017745972
Avery,Zoey,1.9760626554489136
Abigail,Graham,1.9761170148849487
Janet,Natalie,1.9761883020401
Jack,Jodie,1.9762334823608398
Joshua,Patricia,1.9762483835220337
Furnando,Mia,1.9763015508651733
Frankenstein,George,1.976302981376648
Charlotte,Oscar,1.976313591003418
Avery,Noa,1.9763431549072266
Kelsey,Kristen,1.9763792753219604
Charlotte,Slushy,1.9763879776000977
Elias,Ron,1.976406455039978
Rex,West,1.9764174222946167
April,Landon,1.976428508758545
Helena,JackoLantern,1.9764419794082642
Carl,Margaret,1.9764784574508667
Jeff,Viqqie,1.9765084981918335
Harper,Liam,1.976548671722412
Millie,Verna,1.9765992164611816
Henry,Margaret,1.9766311645507812
Carlos,Skylar,1.9766364097595215
Graham,Kelsey,1.9766465425491333
Millie,Rebecca,1.9766513109207153
Caitlyn,Jodie,1.9766978025436401
Benny,Caleb,1.9767214059829712
Jenna,Keybo,1.9767260551452637
Chase,Skylar,1.9767276048660278
Emma,Larry,1.9767831563949585
Icarus,Tyson,1.9768043756484985
Agatha,Echo,1.97682523727417
Catherine,Landon,1.976868987083435
Duke,Landon,1.9768786430358887
MrsClaus,Sara,1.976922631263733
Lloyd,Matthew,1.9769458770751953
Emma,Tina,1.9769631624221802
Chloe,Cyrus,1.9769912958145142
Elias,Jake,1.9770172834396362
Buddy,River,1.9770201444625854
Chloe,Oliver,1.9770532846450806
Katie,Slushy,1.9770574569702148
Avery,Oliver,1.9771671295166016
Bruce,Glenda,1.9772132635116577
Camila,Chloe,1.9772206544876099
Brad,Mia,1.9772533178329468
Chad,Valerie,1.9773335456848145
Millie,Nova,1.9774049520492554
Elias,Robert,1.9774080514907837
Olivia,Robert,1.977554440498352
Brad,Tina,1.977585792541504
Benny,Owen,1.9776029586791992
Nana,PN,1.9776825904846191
Jeff,Michael,1.9776848554611206
Rudolph,Zoey,1.977709412574768
Dean,Paige,1.97771155834198
Carl,Nova,1.9777475595474243
Glenda,Graham,1.977767825126648
Edward,Liam,1.977829098701477
Jake,Sylvia,1.9778624773025513
Caleb,Jodie,1.9778646230697632
Kanno,Liz,1.9778956174850464
Katie,Oscar,1.9778999090194702
Olivia,Rex,1.977933406829834
Slushy,Starling,1.9779435396194458
Chase,Olivia,1.9779824018478394
Nana,Sophia,1.9780079126358032
NewscasterJohn,Tessa,1.9780689477920532
Jeff,Jennifer,1.9780722856521606
Henry,UncleHank,1.9780964851379395
Angela,Gus,1.978105068206787
Echo,Walter,1.9781274795532227
Benny,Ravi,1.978190302848816
Aiden,Athena,1.9781922101974487
Rachel,Rex,1.9782027006149292
Sylvia,West,1.9782382249832153
Chester,Katie,1.978259563446045
Carol,PN,1.978271484375
Ryan,Viktor,1.978333830833435
Dan,Doughnut,1.9783339500427246
Buddy,Verna,1.978345274925232
Jenna,Kanno,1.9783796072006226
Millie,Xavier,1.9783926010131836
Liz,Sindarin,1.9783962965011597
Amber,George,1.978414535522461
Jodie,Owen,1.9784220457077026
Jackson,Kelsey,1.978432059288025
Margot,Sindarin,1.9784458875656128
Lydia,Vincent,1.9784626960754395
Sylvia,Tina,1.9784704446792603
David,Sylvia,1.978477954864502
Callan,Elias,1.978533387184143
Frankenstein,Robert,1.9785643815994263
Camila,Keybo,1.9785655736923218
AnnabelletheGhost,Jack,1.9785689115524292
Amber,Kevin,1.9785767793655396
Jennifer,KilliantheVampire,1.978579044342041
Camila,Victoria,1.9785794019699097
Kristen,Olivia,1.9786796569824219
Eman,Jenna,1.9786983728408813
Dan,Janet,1.9787007570266724
Vanessa,Xavier,1.978719711303711
Cole,Elias,1.9787834882736206
Jimmy,Paige,1.978843331336975
Nia,Wade,1.978859305381775
Eman,Icarus,1.9788724184036255
Catherine,Larry,1.9788979291915894
Chase,Lydia,1.978977084159851
Frankenstein,Jimmy,1.97898530960083
Kelsey,Oscar,1.9789972305297852
Helena,MrsClaus,1.9790533781051636
Slushy,Stephanie,1.9790749549865723
Neoguard,SantaClaus,1.979141116142273
Amber,West,1.9791673421859741
Janet,Norah,1.9791769981384277
Bruce,Sylvia,1.9791789054870605
Oscar,Samantha,1.9791923761367798
Lucille,Ryan,1.9792970418930054
Kelly,MrsClaus,1.9793578386306763
Matthew,Samantha,1.9793829917907715
Dan,Icarus,1.979383111000061
Kristen,Landon,1.9793843030929565
Catherine,MrsClaus,1.9794234037399292
Brad,UncleHank,1.9794378280639648
Bell,Nathan,1.9795031547546387
Lloyd,Lucille,1.9795125722885132
Sean,Simon,1.9795145988464355
Larry,Rebecca,1.9795466661453247
Frankenstein,JackoLantern,1.9795867204666138
Dylan,MrsClaus,1.979602336883545
Henry,Jennifer,1.979605793952942
Edward,Jake,1.9796833992004395
Simon,Viqqie,1.9797614812850952
Dylan,Margot,1.979767918586731
Bruce,Tyson,1.9798027276992798
Nathan,Robert,1.9799000024795532
Charlotte,Kevin,1.9799054861068726
Charlotte,Graham,1.9799503087997437
Chester,River,1.9799827337265015
Lydia,Tina,1.9800044298171997
Dylan,Glenda,1.9800177812576294
Nia,Tina,1.9801043272018433
Lloyd,Sylvia,1.9801143407821655
Jackson,Tyson,1.9801605939865112
Matthew,Zoey,1.9802128076553345
SabrinatheWitch,Vincent,1.9802379608154297
Doughnut,Walter,1.9803595542907715
Catherine,Doug,1.9804301261901855
Duke,Oscar,1.980435848236084
Kelsey,Sindarin,1.9804781675338745
Liam,Slushy,1.9804826974868774
Annie,Chester,1.9805010557174683
DollarJr,Sindarin,1.9805063009262085
CaptainBill,Carol,1.9805594682693481
Aiden,Caitlyn,1.9805659055709839
Amber,River,1.9806572198867798
Jackson,Olivia,1.9806801080703735
Kevin,Viqqie,1.980699896812439
CaptainBill,Kanno,1.9807034730911255
Doug,Vanessa,1.9807113409042358
Jennifer,PN,1.980770468711853
Mark,Shana,1.9807772636413574
Bell,Oscar,1.9808106422424316
Eman,Keybo,1.9809030294418335
Audrey,Lloyd,1.9809173345565796
David,Kelsey,1.980951189994812
Lucille,Rita,1.9809602499008179
Lydia,Simon,1.9809828996658325
Rita,Xavier,1.9810031652450562
Audrey,Ron,1.9810181856155396
Bell,Ben,1.9810200929641724
Jackson,NewscasterJohn,1.981021761894226
Ben,George,1.9810289144515991
Agatha,Stephanie,1.9811030626296997
Kevin,NewscasterJohn,1.981103777885437
Buddy,Sylvia,1.981108546257019
Sophia,Vivien,1.9811201095581055
Avery,Rudolph,1.9811464548110962
Cole,Philip,1.9811912775039673
Audrey,Jackson,1.9812368154525757
Natalie,Vincent,1.9812374114990234
Joshua,Margot,1.9812809228897095
Bruce,Jackson,1.9812811613082886
Shana,UncleHank,1.9812864065170288
Camila,Xavier,1.9813765287399292
Aaron,Sylvia,1.9814200401306152
Margot,Neoguard,1.9814276695251465
Aiden,Patricia,1.9814380407333374
Maddie,Patricia,1.9814461469650269
Ben,Keybo,1.9814467430114746
Abigail,River,1.9814807176589966
Helena,Viqqie,1.9815688133239746
Jackson,Michael,1.9815782308578491
Agatha,Jack,1.9815951585769653
Lucille,Nia,1.9815956354141235
Katie,Larry,1.9815961122512817
Bruce,Rex,1.981613278388977
Alex,Annie,1.9816418886184692
Lucille,Zoey,1.981645941734314
Brad,Katie,1.9817713499069214
CaptainBill,Peter,1.9818977117538452
Katie,Nathan,1.9819391965866089
Carol,Hugh,1.9819732904434204
Glenda,Robert,1.9820307493209839
Buddy,Hugh,1.9820505380630493
Chloe,Logan,1.9820698499679565
Helena,Victoria,1.9820915460586548
Carlos,Emma,1.9821453094482422
Jeff,Walter,1.9821901321411133
CaptainBill,Sylvia,1.9822096824645996
Chad,Liz,1.982255458831787
Catherine,Liam,1.982265591621399
Carol,Elias,1.9822770357131958
Charlotte,Cyrus,1.9822884798049927
Maisie,Matthew,1.9823182821273804
Carol,Justin,1.9823945760726929
Larry,Millie,1.9824128150939941
JackoLantern,Rusty,1.982433795928955
Dean,Jenna,1.9825223684310913
Ben,Norah,1.9825235605239868
Bruce,UncleHank,1.9825419187545776
NewscasterJohn,Simon,1.9825612306594849
Kelly,Verna,1.9825688600540161
Camila,KilliantheVampire,1.9825814962387085
Audrey,Ben,1.9826141595840454
Rex,River,1.9826472997665405
Charlotte,Dylan,1.9827975034713745
Caitlyn,Cole,1.9828314781188965
Chloe,Neel,1.9828505516052246
Carl,Hans,1.982883334159851
Ben,River,1.9828952550888062
Jimmy,Nathan,1.982923984527588
Maisie,Viqqie,1.9829689264297485
Joshua,Tina,1.9830236434936523
Amber,Sindarin,1.9830816984176636
Icarus,Jennifer,1.9831165075302124
Angela,Elias,1.9832299947738647
Doughnut,Neoguard,1.983293890953064
River,Starling,1.983300805091858
Camila,Joshua,1.9833046197891235
Alex,Angela,1.9833078384399414
Caitlyn,Michael,1.9833173751831055
Glenda,Nia,1.9834057092666626
Robert,SabrinatheWitch,1.9834318161010742
Jackson,Margaret,1.9834327697753906
Agatha,Bruce,1.983433723449707
Duke,Frankenstein,1.9834890365600586
Chad,Grace,1.9835108518600464
NewscasterJohn,Santa,1.9835184812545776
Caitlyn,Ron,1.9835988283157349
Jenna,Wade,1.9836336374282837
Emma,Riley,1.9836534261703491
Caleb,Mia,1.983657956123352
Norah,Ravi,1.9836703538894653
Olivia,Skylar,1.983697772026062
Paige,Shana,1.9837045669555664
AnnabelletheGhost,Kelly,1.98372220993042
Abigail,Maddie,1.9838175773620605
ReporterCatalina,Rudolph,1.9838190078735352
Kristen,Sindarin,1.9838199615478516
Olivia,PN,1.9838504791259766
Hailey,Vivien,1.983859658241272
Jackson,Victoria,1.983873963356018
MrsClaus,Noa,1.9839696884155273
Keybo,Ryan,1.983972430229187
Dan,Emma,1.9840258359909058
Hans,Landon,1.9840260744094849
Duke,Sindarin,1.9841537475585938
Avery,Furnando,1.9842305183410645
Harper,Kanno,1.9842504262924194
Ben,Victoria,1.9843019247055054
Sindarin,Viqqie,1.9843069314956665
Callan,David,1.9843131303787231
Brad,Lindsay,1.9844034910202026
Catherine,David,1.9844142198562622
Lindsay,Slushy,1.9844383001327515
Hugh,Owen,1.9845000505447388
April,Catherine,1.9845415353775024
Callan,Patrick,1.984566330909729
Abigail,Edward,1.9846000671386719
Stephanie,Victoria,1.9846354722976685
Echo,Noa,1.9846407175064087
Patrick,Philip,1.9846645593643188
Lloyd,Natalie,1.9846739768981934
DollarJr,Patricia,1.9846974611282349
Justin,Nia,1.9848589897155762
Claire,Royce,1.9848753213882446
David,Nana,1.9848893880844116
Chad,KilliantheVampire,1.984930157661438
Agatha,Kevin,1.9849530458450317
Caleb,River,1.9850153923034668
JackoLantern,Rita,1.9850541353225708
Aiden,Norah,1.9850589036941528
Claire,Sophia,1.9850974082946777
Dean,Doughnut,1.9852056503295898
Jeff,Peter,1.9852157831192017
Jenna,Kristen,1.9852291345596313
Callan,Margot,1.9852370023727417
Jennifer,NewscasterJohn,1.9852375984191895
Echo,Zoey,1.985273003578186
Harper,Simon,1.9852899312973022
Furnando,West,1.985343098640442
Annie,Millie,1.9853483438491821
Jake,Nana,1.9853506088256836
Camila,Dylan,1.9853595495224
Bell,Verna,1.9853601455688477
Abigail,Hailey,1.9853829145431519
Jennifer,Philip,1.9854463338851929
Caitlyn,Jimmy,1.985477328300476
Jodie,Tina,1.985501766204834
Audrey,River,1.9855095148086548
Logan,Sophia,1.9855151176452637
CaptainBill,Lucille,1.9855152368545532
Helena,Oscar,1.985582947731018
Bell,Chloe,1.9855934381484985
Audrey,West,1.9855976104736328
Kelsey,Landon,1.9856864213943481
Buddy,Chester,1.9857045412063599
Skylar,Zoey,1.9857449531555176
Abigail,Santa,1.9858318567276
Hans,PN,1.9858671426773071
Kevin,Skylar,1.9858938455581665
Angela,Kanno,1.9858986139297485
Aaron,Riley,1.9859113693237305
Owen,UncleHank,1.9859329462051392
Kanno,Norah,1.986027717590332
Hailey,Patricia,1.986043930053711
Carlos,Ron,1.9860453605651855
Tim,Victoria,1.9860559701919556
Angela,Bell,1.986066460609436
Benny,Icarus,1.9860968589782715
Lucille,Viqqie,1.9861130714416504
Caitlyn,CaptainBill,1.9861615896224976
Wade,Zoey,1.9861793518066406
Ravi,Rebecca,1.9862065315246582
Agatha,Harper,1.9862149953842163
Chase,Glenda,1.9862433671951294
Doug,Royce,1.9862691164016724
Natalie,River,1.9863158464431763
Sophia,Viqqie,1.9863308668136597
Neoguard,River,1.9863334894180298
Lydia,Sindarin,1.9863780736923218
Audrey,Kanno,1.9864182472229004
Jackson,Wade,1.9864401817321777
Jeff,Oscar,1.986483097076416
Kelly,Riley,1.9864999055862427
Ravi,Vivien,1.986514687538147
Doughnut,Eman,1.986580729484558
Sean,Skylar,1.9865821599960327
Graham,Starling,1.9866324663162231
Carlos,Katie,1.9866489171981812
Neel,Sean,1.9867397546768188
David,Victoria,1.986758828163147
Edward,ReporterCatalina,1.9868091344833374
Emma,Liam,1.9868355989456177
Henry,KilliantheVampire,1.9869284629821777
Echo,Tim,1.986961841583252
DollarJr,Lindsay,1.9870233535766602
Aiden,Claire,1.9870938062667847
Kelly,Lucille,1.98717200756073
Frankenstein,Walter,1.987212061882019
Margaret,Owen,1.9872149229049683
Helena,Matthew,1.9872173070907593
Agatha,Gus,1.987221360206604
Ben,Caitlyn,1.9872255325317383
Buddy,Grace,1.987255573272705
Jake,Rex,1.987255573272705
Glenda,River,1.9872606992721558
Kevin,Viktor,1.9872798919677734
Jeff,Tessa,1.9872832298278809
Peter,Slushy,1.9872899055480957
Callan,Charlotte,1.987348198890686
Skylar,Vincent,1.9873504638671875
Athena,Carlos,1.9873542785644531
Amber,Eman,1.9873641729354858
Justin,Starling,1.9873706102371216
Bell,Sophia,1.9875659942626953
Jack,UncleHank,1.9876288175582886
Brad,Patricia,1.987668514251709
Janet,Lydia,1.987669587135315
Chester,Glenda,1.9877433776855469
Nana,Tyson,1.987778663635254
Glenda,Tina,1.9877796173095703
Chester,Santa,1.987798810005188
Kelly,Lloyd,1.987820029258728
Abigail,Furnando,1.9878214597702026
Camila,Vincent,1.9878512620925903
Jimmy,Lydia,1.9878520965576172
Helena,Verna,1.9878557920455933
Avery,Sindarin,1.987860083580017
AnnabelletheGhost,Furnando,1.987886905670166
Lydia,Margot,1.987897515296936
Icarus,Ravi,1.9879237413406372
Riley,Walter,1.9879502058029175
Hans,Justin,1.9879528284072876
Cyrus,Nova,1.9879531860351562
Chase,Royce,1.9879599809646606
David,Jackson,1.9880141019821167
Furnando,Liz,1.988026738166809
Catherine,Kelly,1.9880452156066895
Lucille,Nathan,1.988045573234558
Abigail,Alex,1.9880677461624146
Ben,Henry,1.9881318807601929
MrsClaus,Neoguard,1.9881759881973267
Chester,Janet,1.988176941871643
Joshua,Sara,1.98819100856781
River,Robert,1.9882707595825195
Emma,Joshua,1.988301396369934
Mia,Royce,1.9883135557174683
Oliver,UncleHank,1.9883204698562622
Agatha,Landon,1.9883713722229004
Kelly,Rita,1.9883991479873657
Charlotte,Liam,1.9885282516479492
Henry,Icarus,1.9886330366134644
Audrey,Valerie,1.98867928981781
Amber,CaptainBill,1.9887104034423828
Jack,Jackson,1.9887194633483887
Agatha,Logan,1.9887501001358032
Patrick,Robert,1.9887691736221313
Furnando,Nova,1.9887696504592896
Ron,Vivien,1.9888156652450562
Lindsay,Sindarin,1.9888616800308228
Eman,Zoey,1.9888631105422974
Katie,Walter,1.9889556169509888
Athena,Grace,1.9889668226242065
Chloe,Lucille,1.988969326019287
Avery,Wade,1.9889801740646362
Glenda,Jackson,1.9890280961990356
Kevin,SantaClaus,1.9890284538269043
Ben,Jimmy,1.989092230796814
Caitlyn,Logan,1.989092469215393
Avery,Caleb,1.989106297492981
Noa,Zoey,1.9891729354858398
Lindsay,Victoria,1.9891730546951294
Dean,Emma,1.989190697669983
Jennifer,Lucille,1.9891966581344604
Harper,Ron,1.9892603158950806
Cole,Zoey,1.9892830848693848
Chloe,Eman,1.9893088340759277
Graham,Vanessa,1.9893336296081543
Doug,Hans,1.9894075393676758
Bell,Noa,1.9894261360168457
Catherine,West,1.9894684553146362
Agatha,Zoey,1.9895037412643433
Chad,Starling,1.989555835723877
Eman,Vanessa,1.9895576238632202
Henry,Norah,1.9895615577697754
Chad,SantaClaus,1.9896283149719238
Liam,Lydia,1.98963463306427
Jimmy,River,1.9896817207336426
Caleb,Vivien,1.989761471748352
Hugh,Jeff,1.9897767305374146
Margot,Walter,1.9898128509521484
Sylvia,Walter,1.9898649454116821
Cole,Ron,1.9898905754089355
Catherine,Chester,1.9899438619613647
Kelly,Ravi,1.989958643913269
DollarJr,Grace,1.9899629354476929
Bruce,Kanno,1.9900206327438354
KilliantheVampire,Rachel,1.9900760650634766
Echo,Matthew,1.9901131391525269
Emma,Walter,1.9901881217956543
Aiden,Jenna,1.9901965856552124
Dan,Hailey,1.9903005361557007
Landon,Viqqie,1.990309715270996
Jeff,Victoria,1.9903203248977661
Alex,Jennifer,1.9904303550720215
Aiden,Camila,1.9904569387435913
Jackson,Vivien,1.9904779195785522
Royce,Viqqie,1.9904929399490356
Henry,Olivia,1.990541934967041
Janet,Nia,1.9905858039855957
Justin,Rita,1.9905894994735718
Chase,Stephanie,1.9907002449035645
Benny,Jack,1.9907306432724
Mia,Oscar,1.990743637084961
Kristen,Stephanie,1.9908307790756226
Jack,MrsClaus,1.9908441305160522
Kanno,Rebecca,1.9908924102783203
April,Paige,1.9910069704055786
Dylan,UncleHank,1.991037368774414
Benny,Duke,1.9910472631454468
Brad,Millie,1.9910610914230347
Echo,Sean,1.9911774396896362
Millie,Skylar,1.991194248199463
Janet,Liam,1.991199016571045
Carl,Icarus,1.9912248849868774
Grace,MrsClaus,1.9912360906600952
CaptainBill,Harper,1.9912757873535156
Brad,Echo,1.991284966468811
Glenda,Kanno,1.991298794746399
Damian,MrsClaus,1.9913250207901
Damian,Lucille,1.9913288354873657
Grace,Sindarin,1.9913325309753418
Slushy,Vanessa,1.9913655519485474
KilliantheVampire,ReporterCatalina,1.9913815259933472
Kristen,Simon,1.9914436340332031
Doug,Emma,1.9914449453353882
Charlotte,Jimmy,1.9915252923965454
Caleb,SabrinatheWitch,1.9915343523025513
Oliver,Philip,1.991557240486145
Lucille,Simon,1.9915674924850464
Aaron,Vivien,1.9915720224380493
Buddy,Rudolph,1.9915865659713745
Carol,Tina,1.9916486740112305
Lloyd,Ryan,1.99166738986969
Audrey,Damian,1.991673469543457
Cyrus,Simon,1.991687297821045
Justin,Keybo,1.9917038679122925
Elias,Royce,1.9917125701904297
Cyrus,Rusty,1.9917502403259277
Chad,Rita,1.9917858839035034
CaptainBill,Jenna,1.991787075996399
Grace,Graham,1.9918495416641235
Hugh,Vivien,1.9918851852416992
Mia,Santa,1.9919053316116333
Camila,Robert,1.9919391870498657
Margaret,Michael,1.9919997453689575
Helena,Samantha,1.9920076131820679
Echo,Janet,1.992080569267273
Sylvia,Tim,1.9921417236328125
Doug,Kelly,1.9922161102294922
Avery,Sean,1.9922298192977905
Liam,Riley,1.992230772972107
Millie,Sindarin,1.9922372102737427
Agatha,Callan,1.9922432899475098
Hailey,Jennifer,1.9923371076583862
Liz,Neel,1.99235200881958
Eman,Viqqie,1.9923681020736694
Oscar,Rebecca,1.9923855066299438
David,Liz,1.9923886060714722
Grace,Justin,1.9924100637435913
PN,Vivien,1.9924143552780151
Edward,Nana,1.9924465417861938
David,KilliantheVampire,1.9924798011779785
Rusty,Sindarin,1.9925066232681274
Carl,Kelsey,1.9925605058670044
Paige,Samantha,1.9926038980484009
Echo,Lucille,1.9926122426986694
Damian,Olivia,1.9926170110702515
George,Skylar,1.99270761013031
Liam,Starling,1.9927231073379517
Kevin,KilliantheVampire,1.9927362203598022
Oliver,Starling,1.9927444458007812
Hugh,Sylvia,1.992758870124817
Ben,Lindsay,1.992781162261963
Janet,Viqqie,1.9927812814712524
Nova,Viqqie,1.9928563833236694
Charlotte,Neoguard,1.9928679466247559
Audrey,Lindsay,1.9928841590881348
Camila,George,1.9929312467575073
Chloe,Oscar,1.992931842803955
Glenda,Rita,1.993044376373291
Lloyd,Victoria,1.9931296110153198
Neel,Vivien,1.9931621551513672
Amber,Slushy,1.9932265281677246
April,Neel,1.9932283163070679
Jodie,Royce,1.9932494163513184
Doughnut,Riley,1.9932575225830078
Carl,Chloe,1.9932807683944702
Tina,Wade,1.993308424949646
Bruce,CaptainBill,1.9933613538742065
Jack,Kanno,1.9933644533157349
Caitlyn,Furnando,1.9933685064315796
Elias,Liz,1.9934390783309937
Lucille,Ravi,1.99358332157135
Agatha,Cyrus,1.9936248064041138
Alex,Nova,1.9936342239379883
Duke,Nova,1.9936705827713013
Edward,Kevin,1.9936771392822266
Duke,Liam,1.9937019348144531
Caleb,Kristen,1.9937337636947632
George,Nova,1.9937397241592407
Jackson,Robert,1.9937821626663208
Jennifer,Kelly,1.9938331842422485
Ravi,Starling,1.9938410520553589
Glenda,Gus,1.9938691854476929
Benny,UncleHank,1.993895411491394
UncleHank,Wade,1.993945598602295
Catherine,Janet,1.9940062761306763
Joshua,Riley,1.9940541982650757
CaptainBill,Norah,1.9940695762634277
Lindsay,Nathan,1.9940775632858276
Chester,Frankenstein,1.9941229820251465
Chad,Duke,1.9941729307174683
DollarJr,Katie,1.9941869974136353
Elias,Michael,1.9942129850387573
Jackson,Norah,1.9942212104797363
Agatha,West,1.9942477941513062
Millie,Slushy,1.9943424463272095
Henry,Jodie,1.9943636655807495
Doughnut,Dylan,1.994381308555603
Noa,Tina,1.9944443702697754
Margot,Rudolph,1.9944825172424316
Ben,Icarus,1.9944868087768555
Caitlyn,Jeff,1.9945281744003296
Charlotte,Simon,1.9945703744888306
Oscar,Skylar,1.9946117401123047
Margot,Rachel,1.9946409463882446
George,Mia,1.9947924613952637
Margot,Robert,1.9948019981384277
Aiden,Kristen,1.994836449623108
Nia,Olivia,1.994842529296875
Duke,Eman,1.9948915243148804
Nana,NewscasterJohn,1.9949603080749512
Aiden,AnnabelletheGhost,1.9950875043869019
Jodie,Kevin,1.995090365409851
Jenna,Kevin,1.9951176643371582
Catherine,Patricia,1.9952603578567505
Rachel,Tyson,1.9954009056091309
Brad,Vanessa,1.9954123497009277
Rex,Victoria,1.9954171180725098
Caitlyn,Rudolph,1.9954813718795776
Caleb,Victoria,1.9955072402954102
Brad,Frankenstein,1.9955129623413086
Chester,Samantha,1.9955466985702515
Millie,MrsClaus,1.995557188987732
Callan,Vivien,1.9956938028335571
Eman,Kanno,1.9957219362258911
Lucille,Neoguard,1.9958014488220215
Brad,Riley,1.9958168268203735
Brad,Zoey,1.9958182573318481
AnnabelletheGhost,Lucille,1.9958701133728027
Dan,Frankenstein,1.995926856994629
Jackson,Sean,1.9960139989852905
Camila,PN,1.996059775352478
Justin,Nova,1.9960695505142212
Caitlyn,PN,1.9960741996765137
Keybo,Sylvia,1.9961706399917603
Doug,Zoey,1.9962416887283325
Philip,Santa,1.9962486028671265
Echo,Vincent,1.9962536096572876
Jennifer,Valerie,1.9962605237960815
Kelsey,Rita,1.9962888956069946
Benny,Kevin,1.9963339567184448
Doughnut,Samantha,1.996372103691101
Glenda,Jake,1.9963784217834473
Camila,West,1.9963809251785278
Doug,Lydia,1.9964274168014526
Matthew,Riley,1.9964632987976074
Hugh,Zoey,1.9964677095413208
Aaron,Amber,1.9965014457702637
Dan,Millie,1.9965022802352905
Katie,Oliver,1.9966168403625488
Dylan,Echo,1.996664047241211
Audrey,Carl,1.996682047843933
Claire,River,1.9966988563537598
Caitlyn,West,1.996720314025879
Doughnut,Wade,1.9967280626296997
Frankenstein,Margaret,1.9968290328979492
Avery,Doug,1.9968457221984863
Camila,Ravi,1.9968620538711548
Liam,Santa,1.9969768524169922
Carl,Nia,1.9969815015792847
DollarJr,Emma,1.9970144033432007
Dylan,Owen,1.9970375299453735
Henry,Nana,1.9970422983169556
Elias,Riley,1.9970875978469849
Helena,Kristen,1.9971987009048462
Nana,Philip,1.9972082376480103
Carl,Nana,1.99727201461792
Caitlyn,Vincent,1.9972739219665527
Ron,Shana,1.9973087310791016
Audrey,Charlotte,1.9973243474960327
Margot,Neel,1.9973374605178833
Lucille,Lydia,1.9973602294921875
Santa,Victoria,1.9973663091659546
Rita,River,1.9973868131637573
Charlotte,Elias,1.9974074363708496
Jeff,Mia,1.9974180459976196
Chloe,Tina,1.997421145439148
Dylan,Millie,1.9974521398544312
Cyrus,Tessa,1.9974546432495117
Helena,Ryan,1.9974561929702759
Samantha,Starling,1.9974640607833862
Emma,Simon,1.9974745512008667
ReporterCatalina,Viktor,1.9974751472473145
Camila,Furnando,1.997502326965332
Rita,Wade,1.9975277185440063
Icarus,Matthew,1.9975591897964478
Cyrus,Jimmy,1.9975804090499878
AnnabelletheGhost,Simon,1.9976032972335815
Avery,Vincent,1.9976520538330078
Nova,West,1.9976521730422974
Jenna,Sindarin,1.9976611137390137
Furnando,Rudolph,1.9976638555526733
Chase,Kristen,1.9976750612258911
Michael,NewscasterJohn,1.9976849555969238
Margot,Wade,1.9977880716323853
Frankenstein,Logan,1.9978008270263672
Benny,Victoria,1.9978200197219849
Avery,Michael,1.997859001159668
Millie,Nia,1.9978693723678589
Graham,Helena,1.9978920221328735
Audrey,Jake,1.997902750968933
Cyrus,River,1.9979301691055298
Catherine,Ravi,1.9980268478393555
Sophia,Starling,1.9980788230895996
KilliantheVampire,Tim,1.9982084035873413
Kristen,Lindsay,1.9982457160949707
Grace,Neel,1.998304009437561
Avery,Larry,1.998397707939148
Dylan,Grace,1.9984198808670044
Brad,Samantha,1.9984369277954102
Neoguard,Skylar,1.9984722137451172
Alex,Oscar,1.9984779357910156
Matthew,Sara,1.9985069036483765
Doughnut,Nia,1.9985233545303345
Doughnut,Graham,1.99852454662323
Emma,Lucille,1.9985352754592896
Jake,UncleHank,1.9985605478286743
Furnando,Rebecca,1.9985748529434204
Agatha,Neoguard,1.9985822439193726
Janet,Neel,1.9986233711242676
Camila,Kelly,1.9986419677734375
Bell,Kristen,1.998656153678894
Ron,Wade,1.998698115348816
Chloe,Ron,1.998704433441162
Chase,Margot,1.998721957206726
Elias,Vincent,1.9987527132034302
Carl,Tessa,1.9988387823104858
April,Oscar,1.9988757371902466
Royce,Rusty,1.9989018440246582
SantaClaus,Walter,1.9989022016525269
Elias,Landon,1.9989796876907349
Avery,KlipKim,1.9989815950393677
Catherine,Simon,1.9990038871765137
Glenda,Jeff,1.999019980430603
Caitlyn,Sophia,1.999048113822937
Emma,Rita,1.9990525245666504
Jimmy,Rex,1.999151587486267
Agatha,Lindsay,1.9991518259048462
Lydia,Royce,1.999172329902649
Abigail,PN,1.9991989135742188
Frankenstein,Shana,1.999201774597168
Margot,Sean,1.9992517232894897
Graham,Slushy,1.9993013143539429
Noa,UncleHank,1.9993153810501099
Avery,Grace,1.9993176460266113
Jeff,Nova,1.9993300437927246
Henry,Mia,1.99933922290802
Carlos,Kristen,1.9994114637374878
Chloe,Joshua,1.9994388818740845
Carol,Philip,1.9994453191757202
Amber,Damian,1.9995059967041016
Dan,Sara,1.999536395072937
Maddie,Olivia,1.9995479583740234
Aiden,Riley,1.9995571374893188
Vanessa,Zoey,1.9995776414871216
Claire,Neoguard,1.999616026878357
Chloe,West,1.9996337890625
Tim,UncleHank,1.9997997283935547
Carol,Valerie,1.999800205230713
Elias,River,1.9998759031295776
Athena,Jimmy,1.9998779296875
Athena,Wade,1.9999076128005981
Graham,Jenna,1.9999175071716309
Justin,Lucille,1.999921202659607
Agatha,Vincent,1.9999313354492188
Avery,Eman,1.999965786933899
Cyrus,Liz,1.9999771118164062
Bruce,Rudolph,2.000007390975952
Dan,Edward,2.0000312328338623
Aaron,Agatha,2.000058889389038
Charlotte,Logan,2.000145435333252
Mia,Neoguard,2.0001494884490967
Grace,Jenna,2.000153064727783
Camila,Hugh,2.0001566410064697
Carl,Doug,2.0002334117889404
Grace,Simon,2.0002925395965576
Larry,Maisie,2.000322103500366
Agatha,CaptainBill,2.0003559589385986
Claire,West,2.0003585815429688
Callan,Chase,2.000385284423828
Charlotte,Oliver,2.0004067420959473
Camila,Chase,2.000424861907959
Nia,Valerie,2.000445604324341
Carol,Rex,2.000458240509033
Grace,Jodie,2.000497579574585
Buddy,Victoria,2.0005295276641846
AnnabelletheGhost,Elias,2.000539541244507
Norah,Rex,2.0005927085876465
Hailey,Nia,2.0005991458892822
Aaron,MrsClaus,2.0006320476531982
Samantha,Xavier,2.0006861686706543
Landon,Millie,2.0007426738739014
Caleb,Camila,2.000746965408325
MrsClaus,Robert,2.0007529258728027
Nathan,Sophia,2.0007550716400146
Abigail,Landon,2.000779151916504
Damian,River,2.0007827281951904
Caitlyn,Robert,2.000795602798462
Chloe,George,2.0007994174957275
Landon,Mark,2.000837564468384
Kristen,Xavier,2.0008785724639893
Brad,Sara,2.0008797645568848
KlipKim,MrsClaus,2.0008819103240967
Doughnut,Nova,2.0008962154388428
Kelly,Xavier,2.000932216644287
SabrinatheWitch,Tyson,2.000959634780884
Ben,Claire,2.0009613037109375
Carol,Gus,2.001008987426758
Carlos,Rex,2.0010273456573486
Cyrus,Hugh,2.0010550022125244
Aaron,Rebecca,2.0011160373687744
Camila,Echo,2.0011441707611084
Amber,Hailey,2.001145601272583
Cyrus,Verna,2.0011537075042725
Matthew,Stephanie,2.0011539459228516
PN,SabrinatheWitch,2.0011773109436035
Claire,Vincent,2.001204013824463
Jack,Lucille,2.0012216567993164
Aaron,Echo,2.0012319087982178
April,Bell,2.0012738704681396
Jeff,Valerie,2.0012781620025635
Jenna,Ron,2.0013558864593506
Mark,Sindarin,2.00138258934021
Amber,Ravi,2.0013949871063232
Damian,Norah,2.0014050006866455
Jackson,Ron,2.0014195442199707
Kelly,Rebecca,2.0014631748199463
Chase,Robert,2.0015430450439453
Chad,Harper,2.0015509128570557
Chad,Millie,2.001577138900757
Audrey,Michael,2.0016777515411377
Carol,George,2.0017311573028564
Lydia,Neel,2.001899003982544
AnnabelletheGhost,Justin,2.001899480819702
Grace,Sara,2.002058506011963
Carlos,Lucille,2.002067804336548
Lindsay,Oliver,2.0020699501037598
MrsClaus,Vincent,2.002073049545288
Camila,Neel,2.002077341079712
Aaron,Chloe,2.002102851867676
Kristen,Santa,2.002133846282959
Angela,Kevin,2.002197504043579
Audrey,Hugh,2.0022106170654297
Brad,Duke,2.002220869064331
Annie,Tessa,2.0023200511932373
Icarus,Vivien,2.0023324489593506
Edward,Maisie,2.0023765563964844
Amber,Furnando,2.0024168491363525
Agatha,UncleHank,2.0024189949035645
Larry,Samantha,2.0024406909942627
Hailey,Sara,2.002441167831421
Aaron,Nova,2.002492904663086
Cyrus,Icarus,2.002511978149414
Riley,Tim,2.0025441646575928
Kristen,Zoey,2.0025699138641357
Doug,Oliver,2.0025711059570312
Margot,Ron,2.0025813579559326
Hans,Helena,2.0025854110717773
AnnabelletheGhost,Chase,2.002622604370117
Nia,Viqqie,2.002654552459717
Agatha,Cole,2.0026652812957764
Sean,Zoey,2.0026772022247314
Olivia,Valerie,2.002796173095703
Bruce,Chase,2.0028076171875
Claire,Jackson,2.002814769744873
Jimmy,Liam,2.002823829650879
Angela,Graham,2.0028467178344727
Charlotte,Robert,2.0028650760650635
Audrey,Robert,2.002884864807129
Avery,Neel,2.0029091835021973
Echo,Landon,2.003021478652954
Carol,David,2.003044843673706
Noa,Patricia,2.003075361251831
Jodie,Rex,2.003079414367676
Eman,Tina,2.0031774044036865
Noa,Riley,2.0031895637512207
Janet,Nathan,2.0032050609588623
Graham,MrsClaus,2.0032217502593994
Chad,Jeff,2.003225564956665
Kelsey,West,2.0032479763031006
Rex,Tessa,2.00327730178833
Icarus,Oliver,2.003445863723755
Abigail,Doug,2.0034470558166504
Cyrus,MrsClaus,2.0035035610198975
Duke,Verna,2.0035393238067627
Kanno,MrsClaus,2.0035464763641357
Frankenstein,Rudolph,2.0035712718963623
Bell,Dan,2.003614664077759
Lydia,Ravi,2.0036323070526123
Icarus,River,2.0037436485290527
Cyrus,Margaret,2.0038156509399414
Elias,Philip,2.0038373470306396
Avery,Chase,2.0038669109344482
Claire,Elias,2.003919839859009
Carol,Michael,2.003941297531128
JackoLantern,Ron,2.003960609436035
Jimmy,Kelly,2.003983736038208
Liz,Sean,2.003995656967163
Benny,SabrinatheWitch,2.004009962081909
Olivia,Royce,2.0041327476501465
Graham,Riley,2.0041661262512207
Cyrus,Sylvia,2.004192352294922
Elias,Sylvia,2.004255533218384
Callan,Jennifer,2.004270553588867
Aaron,Norah,2.0043272972106934
Amber,Catherine,2.004338026046753
Oscar,UncleHank,2.004436731338501
Angela,Furnando,2.00447416305542
Aiden,Valerie,2.0044946670532227
Grace,Walter,2.004514694213867
Mia,Millie,2.004568099975586
Jodie,UncleHank,2.0045793056488037
Duke,Jimmy,2.0046768188476562
Liz,Ravi,2.00470232963562
Elias,Nova,2.004709482192993
Claire,Hans,2.004725456237793
Amber,Royce,2.0047543048858643
Buddy,Sean,2.0047764778137207
Doughnut,Patricia,2.004791736602783
Kevin,Stephanie,2.0048575401306152
Buddy,Owen,2.00490403175354
AnnabelletheGhost,David,2.0049211978912354
Kelly,Lydia,2.0049662590026855
Edward,Verna,2.0049808025360107
Olivia,Philip,2.0050008296966553
April,Grace,2.005049467086792
Michael,Neel,2.0050675868988037
Caleb,Owen,2.0050947666168213
Furnando,Viktor,2.0050971508026123
Glenda,Jimmy,2.0051209926605225
Angela,Henry,2.00516414642334
Agatha,Chad,2.0053012371063232
Aaron,Duke,2.005307912826538
Dylan,Rita,2.005335569381714
Glenda,Skylar,2.0053789615631104
Jackson,Philip,2.0053794384002686
Lucille,Olivia,2.0053884983062744
Cole,Hailey,2.0054385662078857
Catherine,Neoguard,2.0054850578308105
Chloe,Liam,2.005554437637329
Graham,Henry,2.0055572986602783
Mark,Robert,2.005568504333496
Amber,Neel,2.005575180053711
Patricia,Simon,2.0056612491607666
Avery,Tina,2.0056684017181396
Joshua,Kelsey,2.005686044692993
Cyrus,Owen,2.0057032108306885
Charlotte,Skylar,2.00571346282959
Bruce,Tessa,2.00573468208313
Duke,Rita,2.0057413578033447
Kristen,Oscar,2.0057480335235596
Lydia,PN,2.005786180496216
Chester,Hailey,2.0058677196502686
Caitlyn,Cyrus,2.0059516429901123
Margot,Mia,2.0059804916381836
Chloe,Jack,2.0059852600097656
Jodie,River,2.005997657775879
Hans,Liz,2.006049156188965
Doug,Liz,2.0060718059539795
Hans,Walter,2.006091356277466
Jimmy,Robert,2.0060932636260986
Glenda,Icarus,2.0061471462249756
Natalie,PN,2.006174087524414
Catherine,Sindarin,2.0062062740325928
Hans,Neoguard,2.0064315795898438
Jack,Starling,2.0064380168914795
Liz,Viqqie,2.006565809249878
Logan,Mark,2.006568193435669
Agatha,Mia,2.0066444873809814
David,Margaret,2.006716012954712
Benny,Rita,2.006748676300049
Caitlyn,Justin,2.0067591667175293
Kelly,Shana,2.0068209171295166
Agatha,Kelsey,2.006831645965576
Hans,Larry,2.006835460662842
April,Dylan,2.006915807723999
Chad,Echo,2.007009983062744
Jeff,Vivien,2.007094383239746
Audrey,Katie,2.0071821212768555
Jeff,Natalie,2.0071914196014404
Catherine,Cole,2.007200002670288
Camila,Elias,2.007206678390503
Brad,Robert,2.0072078704833984
Hailey,Vanessa,2.00724196434021
Simon,Tina,2.0072522163391113
Millie,Patricia,2.0073115825653076
Joshua,Vanessa,2.0073301792144775
Grace,Wade,2.0073697566986084
Edward,Graham,2.0073699951171875
Annie,Keybo,2.007401704788208
Buddy,Simon,2.0074331760406494
Claire,Riley,2.0074477195739746
Robert,Tyson,2.007460832595825
Angela,Starling,2.007467031478882
Olivia,Sean,2.0074758529663086
Agatha,Jackson,2.0075201988220215
Gus,Skylar,2.007631540298462
Cyrus,Margot,2.007636785507202
Cyrus,Lloyd,2.0076820850372314
Caleb,Harper,2.0076825618743896
Kanno,KilliantheVampire,2.007728099822998
Vanessa,Viqqie,2.0077450275421143
Doughnut,Xavier,2.00780987739563
Audrey,Vincent,2.007814884185791
Jack,Norah,2.007827043533325
George,KilliantheVampire,2.0078699588775635
Abigail,Millie,2.007890224456787
Buddy,Vincent,2.007894992828369
Harper,Landon,2.0079658031463623
Nia,Starling,2.0079843997955322
Kelly,Noa,2.0079877376556396
Chloe,Landon,2.0079941749572754
Cole,Hans,2.008000373840332
Aaron,Lydia,2.0080249309539795
April,Slushy,2.008056402206421
Edward,Furnando,2.0080583095550537
Elias,Jenna,2.0080974102020264
Jimmy,Owen,2.0081117153167725
Helena,Larry,2.008192777633667
Olivia,UncleHank,2.0082530975341797
Larry,Mark,2.0083420276641846
Jennifer,Rex,2.008345365524292
Aiden,Grace,2.0083649158477783
Doug,Slushy,2.008422613143921
Patricia,Royce,2.008460521697998
Peter,Zoey,2.008492946624756
Camila,Kanno,2.008594036102295
JackoLantern,SantaClaus,2.008599042892456
Jenna,Larry,2.008622884750366
Henry,SabrinatheWitch,2.0086724758148193
Callan,Matthew,2.008700132369995
Ben,Skylar,2.0087170600891113
Claire,Xavier,2.0087292194366455
Chloe,Henry,2.0087332725524902
Amber,Jackson,2.008791923522949
Dean,Maddie,2.0088212490081787
Patrick,Walter,2.008824586868286
SantaClaus,Verna,2.0088493824005127
Hugh,Logan,2.0088624954223633
Carl,Jeff,2.0088653564453125
Graham,Gus,2.0089001655578613
Margot,Nova,2.008922815322876
George,Kanno,2.009030818939209
Kanno,Stephanie,2.009061098098755
Carlos,Hugh,2.0091326236724854
Janet,Noa,2.009153127670288
Landon,Santa,2.009235143661499
Chase,Doughnut,2.009244441986084
Chloe,Doug,2.009251356124878
Liz,Tim,2.009263277053833
Oscar,Tina,2.0093178749084473
Rudolph,Vivien,2.009326457977295
Avery,Tim,2.0093448162078857
Jimmy,Riley,2.0093536376953125
JackoLantern,Sophia,2.009355306625366
Furnando,SabrinatheWitch,2.009371280670166
Callan,Kanno,2.0093822479248047
Neoguard,Viqqie,2.0094382762908936
Kevin,Lydia,2.0094454288482666
Aaron,Liz,2.0095231533050537
April,River,2.009572744369507
Abigail,Hans,2.0096168518066406
Rusty,Viktor,2.0096280574798584
Camila,Wade,2.0096356868743896
Camila,Cyrus,2.009647846221924
Doug,Harper,2.009657144546509
Margot,Tyson,2.0097129344940186
Glenda,PN,2.0097250938415527
Caleb,Edward,2.0097620487213135
Harper,Sean,2.0097992420196533
Catherine,Riley,2.0098307132720947
Michael,Viqqie,2.0098557472229004
Helena,Liam,2.009875535964966
Michael,Natalie,2.009899377822876
Edward,Kanno,2.0100085735321045
Ravi,Slushy,2.010042428970337
Larry,Zoey,2.0100510120391846
David,Lucille,2.0100533962249756
Cole,Furnando,2.0100812911987305
Echo,KlipKim,2.0100882053375244
KlipKim,Liz,2.010091781616211
Nova,Starling,2.0100996494293213
Jennifer,Michael,2.010169506072998
Carl,Rudolph,2.0101723670959473
Duke,Dylan,2.010221481323242
Avery,Jimmy,2.0102460384368896
Larry,Sara,2.0103085041046143
Jimmy,Vanessa,2.0104029178619385
Callan,River,2.010430097579956
Catherine,Robert,2.010474920272827
DollarJr,Keybo,2.0105130672454834
Claire,Jack,2.010546922683716
Aaron,Zoey,2.010561227798462
Annie,Katie,2.0105674266815186
Mia,River,2.010570764541626
Riley,Sara,2.0105738639831543
Brad,Elias,2.0106518268585205
Doug,MrsClaus,2.010732650756836
Margot,Viqqie,2.0107767581939697
Dylan,Tina,2.0107831954956055
Margot,Vincent,2.0108182430267334
Lloyd,Olivia,2.010871171951294
Doug,Margot,2.010873556137085
Frankenstein,Sylvia,2.0109000205993652
Carl,Olivia,2.0109007358551025
Jodie,Zoey,2.01094126701355
Avery,Xavier,2.0109610557556152
Dean,Keybo,2.0109641551971436
Margaret,Robert,2.0109715461730957
Furnando,Keybo,2.010993719100952
Athena,Cole,2.010995626449585
Graham,Sylvia,2.011005163192749
Edward,Emma,2.0110323429107666
Cole,Maisie,2.0110414028167725
Margaret,NewscasterJohn,2.011054754257202
Kelly,Nathan,2.011064291000366
Jeff,Margot,2.0110881328582764
Dylan,Skylar,2.011099100112915
Edward,Helena,2.0111544132232666
Chloe,Grace,2.0111656188964844
Larry,Viktor,2.0111911296844482
Lydia,Rudolph,2.011214017868042
Henry,Lydia,2.0112853050231934
Aiden,Lucille,2.0113234519958496
KlipKim,Mark,2.0113465785980225
Audrey,PN,2.0113589763641357
Carl,Mia,2.011376142501831
Jimmy,Peter,2.0114095211029053
Lucille,Tessa,2.0114145278930664
Claire,Tim,2.0114176273345947
Echo,Eman,2.011556386947632
Doughnut,Echo,2.011563539505005
KlipKim,Rebecca,2.0115654468536377
Millie,Viqqie,2.0116007328033447
Jackson,Kanno,2.0116021633148193
JackoLantern,Janet,2.0116119384765625
Athena,Liam,2.011643648147583
Rex,Zoey,2.011651039123535
Charlotte,Lucille,2.0117695331573486
Avery,Liam,2.01180100440979
Amber,Landon,2.0118215084075928
CaptainBill,Margot,2.011870861053467
Hans,Liam,2.0119175910949707
Agatha,Aiden,2.011936664581299
Glenda,Sean,2.0119850635528564
Frankenstein,Graham,2.012000560760498
Rachel,Vincent,2.012033224105835
Aiden,Edward,2.0120632648468018
Benny,Philip,2.0120694637298584
Claire,Doug,2.0120773315429688
Graham,Viqqie,2.0120956897735596
Rebecca,Tyson,2.012096643447876
Claire,Furnando,2.0121021270751953
Aiden,Catherine,2.0121028423309326
Annie,Emma,2.01210618019104
Carlos,KilliantheVampire,2.012115716934204
Sean,Tyson,2.0121266841888428
Larry,Tina,2.0122458934783936
Jeff,Santa,2.0123026371002197
Hans,Jack,2.01232647895813
Catherine,Edward,2.012347459793091
Cyrus,Edward,2.0123558044433594
Jimmy,PN,2.0123772621154785
Cole,Kristen,2.012387752532959
Edward,Millie,2.012392044067383
Frankenstein,Vivien,2.012406349182129
Neoguard,UncleHank,2.0124549865722656
Audrey,Frankenstein,2.0124969482421875
Jimmy,Rudolph,2.0125317573547363
Sara,Viqqie,2.0125935077667236
Neoguard,Tina,2.0126864910125732
Chase,Rex,2.0127010345458984
KlipKim,Riley,2.0127062797546387
Aiden,Viktor,2.012718439102173
Ron,Viqqie,2.012746810913086
Alex,Brad,2.012759208679199
Angela,Liam,2.012770891189575
Benny,Jeff,2.012845754623413
Catherine,KlipKim,2.0130083560943604
DollarJr,Rita,2.013090133666992
Emma,Wade,2.013101100921631
Agatha,Edward,2.0131595134735107
Bruce,Owen,2.0131776332855225
Abigail,Frankenstein,2.0132453441619873
Furnando,Icarus,2.0133278369903564
Furnando,Jenna,2.0133607387542725
Lloyd,Patrick,2.0134060382843018
Carol,Jimmy,2.013437032699585
Echo,Wade,2.0135092735290527
Carlos,Paige,2.0135250091552734
Kelly,Ryan,2.0136568546295166
River,Rusty,2.0136868953704834
Sean,Victoria,2.013735055923462
Damian,Mark,2.0138285160064697
Icarus,Ron,2.0138466358184814
Buddy,Lydia,2.0138652324676514
Keybo,Neoguard,2.0138754844665527
Chase,SantaClaus,2.01389479637146
Callan,Rusty,2.013899564743042
Peter,ReporterCatalina,2.0139150619506836
Nia,Royce,2.0139412879943848
Dylan,Zoey,2.014017105102539
Jackson,Lloyd,2.014019727706909
April,Rex,2.014038324356079
KlipKim,Patrick,2.0140724182128906
Jake,Norah,2.0140926837921143
Larry,Stephanie,2.014127254486084
Annie,Rebecca,2.014145612716675
Jack,Margot,2.014195680618286
Caleb,Zoey,2.01420521736145
Carlos,Samantha,2.014209508895874
Mark,Rachel,2.0142645835876465
Agatha,George,2.0142648220062256
Aiden,CaptainBill,2.0143024921417236
Kelly,Liz,2.0143516063690186
Lucille,Vanessa,2.0143520832061768
Claire,Landon,2.014371633529663
Logan,Ron,2.01438307762146
Angela,Buddy,2.0143938064575195
Hugh,Wade,2.0144076347351074
Agatha,Chase,2.01448655128479
Sara,Wade,2.0144927501678467
Rudolph,Sylvia,2.014549493789673
Doug,Grace,2.0145699977874756
CaptainBill,Riley,2.0145766735076904
Nova,Sean,2.0145814418792725
Graham,Michael,2.0146470069885254
Kanno,Santa,2.014647960662842
Claire,Lucille,2.0146484375
Norah,River,2.0147616863250732
Doug,Verna,2.014857530593872
MrsClaus,Santa,2.014881134033203
Keybo,Lydia,2.0149381160736084
Claire,Graham,2.0149552822113037
Aaron,Kelly,2.0149612426757812
Chase,Mia,2.0149805545806885
David,Rebecca,2.0149898529052734
Kelsey,Neoguard,2.015007734298706
Camila,Jack,2.0150086879730225
Hugh,Vincent,2.0150563716888428
Glenda,KilliantheVampire,2.0151233673095703
Brad,SantaClaus,2.0151445865631104
Bell,CaptainBill,2.0151829719543457
Amber,Margot,2.0151946544647217
Paige,Walter,2.01519513130188
Mark,Neoguard,2.0152156352996826
Carlos,Zoey,2.015249252319336
Duke,Mark,2.0152533054351807
Caleb,Carol,2.0153138637542725
Jenna,Kelly,2.0153305530548096
Edward,Jeff,2.0153510570526123
David,Patrick,2.015366554260254
Hugh,Rudolph,2.015409469604492
Kristen,Rudolph,2.01542329788208
Elias,Vivien,2.0154335498809814
Aaron,Viqqie,2.0154552459716797
Furnando,Glenda,2.0155227184295654
Duke,Margaret,2.0155346393585205
Norah,PN,2.0155465602874756
Owen,West,2.015636444091797
Athena,Justin,2.015728712081909
Charlotte,Samantha,2.0157806873321533
Frankenstein,Verna,2.0158140659332275
Jack,SantaClaus,2.015820264816284
Henry,Kelsey,2.0158350467681885
Kelly,Tessa,2.015864610671997
Nana,Owen,2.0159151554107666
Jimmy,Liz,2.015928030014038
Kelsey,Slushy,2.015939235687256
Jeff,Rudolph,2.0160486698150635
Audrey,Bruce,2.016071319580078
Margot,MrsClaus,2.0160930156707764
Michael,Vivien,2.0160961151123047
Echo,Emma,2.0161244869232178
Annie,Slushy,2.0162386894226074
Neoguard,Norah,2.0162477493286133
Carl,Philip,2.0162556171417236
Duke,Kanno,2.016256332397461
Carol,Vincent,2.01629900932312
Carlos,Catherine,2.0163071155548096
George,Rusty,2.0163071155548096
Dan,Samantha,2.0163238048553467
Rebecca,Zoey,2.0163369178771973
Liam,Rusty,2.0163729190826416
Caitlyn,Jack,2.0164055824279785
Caitlyn,Tim,2.0164334774017334
Liz,Simon,2.0164480209350586
Chester,Tyson,2.016484260559082
Grace,Zoey,2.0164928436279297
Abigail,Benny,2.016538619995117
Cyrus,Rita,2.0165932178497314
Agatha,Icarus,2.0166289806365967
KilliantheVampire,Rusty,2.0166568756103516
Carlos,Janet,2.0166773796081543
Jeff,Sylvia,2.01672625541687
Carol,Damian,2.016735553741455
Liam,Verna,2.01676869392395
Camila,Hans,2.016775608062744
Rex,Simon,2.0167951583862305
Jackson,Santa,2.016796827316284
Buddy,Viqqie,2.0169308185577393
Agatha,Tyson,2.0169498920440674
Carol,West,2.0169942378997803
Bell,Cole,2.017040491104126
Nia,West,2.017106771469116
Jeff,NewscasterJohn,2.017155408859253
Cole,Samantha,2.017195224761963
Rudolph,SantaClaus,2.0172340869903564
Glenda,Rebecca,2.01723575592041
Landon,Sara,2.0172512531280518
Benny,Kanno,2.0172626972198486
Lindsay,Logan,2.0173585414886475
Lucille,Sara,2.01737380027771
Catherine,Walter,2.017407178878784
Doug,Edward,2.017428159713745
Caitlyn,Millie,2.0174436569213867
Bruce,Natalie,2.0174953937530518
Noa,Rita,2.0174989700317383
Ben,Kristen,2.0175087451934814
Gus,Kanno,2.017515182495117
Amber,Neoguard,2.017538070678711
Audrey,Gus,2.017688035964966
Chloe,Doughnut,2.0177695751190186
Abigail,Elias,2.017770528793335
Liam,Millie,2.017817735671997
Edward,Jodie,2.0178275108337402
Athena,Emma,2.0178675651550293
Bell,Walter,2.0179364681243896
Cyrus,Kelsey,2.0179831981658936
Katie,Simon,2.0180208683013916
AnnabelletheGhost,Kanno,2.0180351734161377
Bruce,Ryan,2.018091917037964
Jenna,River,2.0181033611297607
Carl,Echo,2.0181233882904053
Larry,Patrick,2.018176794052124
Abigail,West,2.0182321071624756
Liam,Michael,2.0182583332061768
Cyrus,Michael,2.0182783603668213
Chad,Jenna,2.018296480178833
Callan,Carl,2.018301010131836
Kristen,Rex,2.018350124359131
Agatha,Tina,2.018355369567871
Catherine,Dylan,2.0183675289154053
Amber,Sean,2.0183868408203125
Landon,Liz,2.0184783935546875
Neel,Victoria,2.0184969902038574
George,Millie,2.0185697078704834
Slushy,Tim,2.018711805343628
CaptainBill,Victoria,2.018720865249634
Benny,Peter,2.0187270641326904
AnnabelletheGhost,Eman,2.0187385082244873
Athena,Vanessa,2.0187594890594482
Avery,Justin,2.0188241004943848
Norah,Santa,2.0189993381500244
Helena,Ron,2.01900315284729
Edward,Rex,2.019047498703003
Sara,Starling,2.019073247909546
Kanno,Rudolph,2.0190932750701904
Chad,Doughnut,2.0190937519073486
Jake,Jimmy,2.019104480743408
Aaron,Janet,2.019136428833008
Amber,Liam,2.019148111343384
Jackson,MrsClaus,2.0191633701324463
Callan,Slushy,2.0192387104034424
Mark,Neel,2.019282341003418
Kristen,Vincent,2.0193521976470947
SantaClaus,Victoria,2.019354820251465
Carlos,Santa,2.0193731784820557
Avery,CaptainBill,2.019385814666748
Norah,Robert,2.019443988800049
Elias,Jackson,2.019455671310425
Maddie,Tessa,2.0194904804229736
AnnabelletheGhost,Vincent,2.0195038318634033
Charlotte,Jack,2.0195069313049316
Jodie,Keybo,2.0195605754852295
Callan,Verna,2.019578695297241
Cole,Helena,2.0196542739868164
Charlotte,Patrick,2.019702911376953
Furnando,Victoria,2.019702911376953
Carl,Cyrus,2.0197079181671143
Athena,Jenna,2.0197203159332275
Paige,SabrinatheWitch,2.019819498062134
Keybo,KlipKim,2.0198662281036377
Henry,Kristen,2.019876003265381
Amber,Oscar,2.0199739933013916
SantaClaus,Sindarin,2.0199787616729736
Ben,Cyrus,2.01999831199646
Dean,Icarus,2.0200355052948
Maddie,Slushy,2.020073890686035
Peter,UncleHank,2.0201079845428467
Brad,Keybo,2.02022385597229
George,Ron,2.020282030105591
Furnando,Lucille,2.0202929973602295
Caleb,Samantha,2.0203661918640137
Carol,Jack,2.0204126834869385
Abigail,Rudolph,2.0204310417175293
Rebecca,Rex,2.020509958267212
Doug,Doughnut,2.0205235481262207
Amber,KlipKim,2.0205368995666504
Damian,Zoey,2.020594358444214
Dan,Katie,2.0206024646759033
Liam,MrsClaus,2.020629405975342
Royce,Starling,2.0207250118255615
Edward,MrsClaus,2.020749092102051
Alex,Nathan,2.0207536220550537
NewscasterJohn,Olivia,2.0208070278167725
Dan,Rita,2.0208663940429688
Riley,Victoria,2.0208680629730225
CaptainBill,Katie,2.0208728313446045
Lucille,PN,2.0209457874298096
Jack,Victoria,2.0209805965423584
Chester,Helena,2.02101993560791
Owen,Victoria,2.0210368633270264
Echo,Jackson,2.021074056625366
Graham,Victoria,2.0210793018341064
Aaron,Patricia,2.0210893154144287
Caitlyn,Chad,2.021132469177246
Oscar,Riley,2.021172523498535
Aiden,Icarus,2.0212082862854004
Charlotte,Paige,2.021235227584839
George,Viqqie,2.0212368965148926
NewscasterJohn,Ravi,2.021254777908325
Athena,Walter,2.021289825439453
Charlotte,Maddie,2.0213255882263184
Grace,Landon,2.0213441848754883
Jodie,Kelly,2.0214197635650635
Doughnut,Joshua,2.021423101425171
Rudolph,Verna,2.021446704864502
Jenna,Victoria,2.0214731693267822
Eman,UncleHank,2.021576404571533
Caitlyn,Starling,2.0216100215911865
Catherine,Sean,2.021641731262207
Rita,Royce,2.0216457843780518
Grace,Joshua,2.0216500759124756
Aaron,Edward,2.021669626235962
Chase,Grace,2.0217010974884033
Hailey,Ravi,2.0217089653015137
Harper,Ravi,2.0217835903167725
George,Owen,2.021807909011841
David,Glenda,2.021876096725464
Glenda,Santa,2.0219171047210693
Maddie,Sara,2.022019147872925
Harper,Xavier,2.022062063217163
Caitlyn,Dylan,2.022075891494751
Hans,Hugh,2.0220844745635986
Caleb,Echo,2.02213191986084
Margaret,Rex,2.022181272506714
Glenda,Ron,2.022247791290283
Charlotte,Chase,2.022263288497925
Aaron,Jeff,2.0223515033721924
Elias,Lloyd,2.0223546028137207
Aaron,Patrick,2.0223805904388428
Camila,Ron,2.022387742996216
Aiden,Starling,2.022390842437744
Carlos,Maisie,2.022616147994995
Lloyd,Rex,2.022617816925049
Ravi,Sylvia,2.022627830505371
Avery,Graham,2.0226376056671143
Santa,West,2.022642135620117
Angela,Neel,2.0226495265960693
Angela,Santa,2.0226564407348633
Bell,Dean,2.022669792175293
Jimmy,Rebecca,2.02275013923645
David,Riley,2.022765874862671
Audrey,Benny,2.0228235721588135
Bruce,Mark,2.0228958129882812
Angela,Jackson,2.0229949951171875
Norah,Peter,2.023204803466797
George,Zoey,2.023308753967285
Claire,Cyrus,2.0233325958251953
David,Oliver,2.0233676433563232
Grace,Kristen,2.0233726501464844
Angela,Cyrus,2.0233750343322754
Royce,Sean,2.023393154144287
Agatha,Bell,2.02345871925354
Maddie,Stephanie,2.0234603881835938
Caleb,Hans,2.023473024368286
Chester,Sophia,2.0234732627868652
DollarJr,Samantha,2.0235321521759033
Jake,Verna,2.023637533187866
Ron,West,2.0237033367156982
Santa,Vivien,2.0237338542938232
CaptainBill,Santa,2.023787021636963
Helena,Logan,2.0238237380981445
Hans,Slushy,2.023928642272949
Eman,Hans,2.0239930152893066
Benny,Furnando,2.024008274078369
Kevin,Patrick,2.0240819454193115
Liz,Royce,2.024116277694702
Noa,Rebecca,2.0241382122039795
Landon,Mia,2.0242233276367188
Kelsey,Nia,2.0242979526519775
Mia,Tim,2.0243241786956787
Gus,Kristen,2.024334192276001
Jenna,Oliver,2.024388074874878
Peter,Vivien,2.0244338512420654
Caitlyn,Peter,2.024446725845337
Agatha,Maddie,2.0245397090911865
Alex,Janet,2.0245580673217773
Aiden,Helena,2.0245583057403564
Elias,Lucille,2.024559259414673
Tina,Victoria,2.0245959758758545
Lydia,Rex,2.0245962142944336
Emma,Logan,2.024639844894409
Owen,Slushy,2.0247132778167725
MrsClaus,Tina,2.024740695953369
Frankenstein,Rex,2.0247817039489746
Carol,Lucille,2.024858236312866
Jenna,Liam,2.024874448776245
Hans,Lydia,2.0249292850494385
Grace,Gus,2.0249414443969727
Duke,Nathan,2.0250372886657715
Carl,SabrinatheWitch,2.0250513553619385
Callan,Glenda,2.0250606536865234
Lydia,River,2.0250751972198486
Joshua,Sophia,2.0251071453094482
Olivia,Tim,2.0251548290252686
Eman,Starling,2.0251638889312744
Hailey,Oliver,2.0251781940460205
Echo,Neoguard,2.0252082347869873
Jake,Nova,2.0252106189727783
Jackson,Mia,2.0252230167388916
Starling,Victoria,2.0252256393432617
Camila,Sean,2.025231122970581
Audrey,Jeff,2.025235414505005
April,Margot,2.0253264904022217
Gus,Zoey,2.0254225730895996
Eman,Katie,2.0254294872283936
Bruce,Jennifer,2.0254688262939453
Jodie,Santa,2.025512456893921
CaptainBill,Catherine,2.025534152984619
Nana,Peter,2.0255937576293945
Hugh,Walter,2.025662660598755
Oscar,Zoey,2.025742292404175
Emma,Sindarin,2.0257537364959717
Santa,Slushy,2.025756597518921
Doug,Nova,2.0257627964019775
Carlos,Tina,2.025775909423828
Benny,Jackson,2.0258066654205322
Oscar,Viktor,2.025808095932007
Echo,River,2.0258591175079346
Hans,KilliantheVampire,2.025952100753784
Charlotte,Kanno,2.025977611541748
Bell,Keybo,2.025982141494751
Jackson,Slushy,2.026048421859741
Doug,Mark,2.0260660648345947
Edward,Viqqie,2.0260987281799316
Janet,Victoria,2.0261077880859375
Angela,Royce,2.0261645317077637
Audrey,George,2.0262224674224854
Lucille,Rebecca,2.0262269973754883
Amber,Henry,2.0262339115142822
Frankenstein,MrsClaus,2.026275396347046
SabrinatheWitch,Sean,2.0263335704803467
Claire,Kelly,2.02634596824646
Peter,Rachel,2.026376247406006
Jennifer,Vincent,2.0264227390289307
Doughnut,Larry,2.0264337062835693
Cole,Patrick,2.0264618396759033
Claire,Jeff,2.0264925956726074
Catherine,Chad,2.0265023708343506
Benny,Tessa,2.0265166759490967
Neel,Slushy,2.026594877243042
Audrey,Icarus,2.026625394821167
Liam,Skylar,2.026684045791626
Nova,River,2.0267176628112793
Cole,Robert,2.026731014251709
Doughnut,Logan,2.0267601013183594
Catherine,Keybo,2.0267961025238037
JackoLantern,NewscasterJohn,2.026855707168579
Abigail,Jake,2.0268962383270264
Claire,Rudolph,2.026930093765259
Rebecca,Royce,2.0269522666931152
Landon,Rita,2.0269734859466553
Bell,Joshua,2.026974678039551
David,Mark,2.0269906520843506
Landon,River,2.0270655155181885
Dan,Duke,2.027081251144409
Oliver,Olivia,2.0271267890930176
Samantha,Simon,2.0271570682525635
Audrey,David,2.027167320251465
Riley,River,2.027188539505005
Gus,Hugh,2.0271997451782227
Jimmy,Ravi,2.027271270751953
Duke,JackoLantern,2.027287721633911
Benny,Nova,2.0273020267486572
Michael,Victoria,2.0273075103759766
Echo,George,2.0273144245147705
Rebecca,Vincent,2.0273265838623047
CaptainBill,Nova,2.027327060699463
Hugh,Shana,2.0273780822753906
Chase,Philip,2.0274088382720947
Aiden,Harper,2.027409315109253
Liz,Ron,2.0274603366851807
Neoguard,Starling,2.0274767875671387
Hans,Kevin,2.027491331100464
Maisie,Xavier,2.027531623840332
Hans,Jodie,2.0275487899780273
Eman,Rusty,2.0275919437408447
Caitlyn,Neel,2.0276081562042236
Stephanie,Wade,2.027660846710205
Hugh,Victoria,2.0277135372161865
Millie,Oscar,2.0277416706085205
Duke,Nia,2.0277469158172607
NewscasterJohn,SantaClaus,2.0277743339538574
Bell,Nova,2.0277793407440186
Jimmy,Kelsey,2.027837038040161
NewscasterJohn,Slushy,2.0278446674346924
PN,Skylar,2.02785325050354
Doughnut,KlipKim,2.0278677940368652
SantaClaus,Sylvia,2.027907133102417
Bruce,Cyrus,2.027942180633545
Margot,Vivien,2.0279905796051025
Caitlyn,Margot,2.028001546859741
Elias,SabrinatheWitch,2.0280048847198486
Keybo,Mia,2.028029680252075
Angela,Riley,2.0280659198760986
Agatha,Ben,2.0281500816345215
Elias,Victoria,2.028151750564575
Furnando,Harper,2.0281994342803955
Helena,Kanno,2.028247117996216
Furnando,Skylar,2.0282833576202393
David,Jodie,2.028291940689087
Larry,Rusty,2.0284178256988525
Camila,Gus,2.0284881591796875
Angela,Justin,2.0284907817840576
Bruce,Kelly,2.0285165309906006
Chester,Rusty,2.028651475906372
AnnabelletheGhost,Ravi,2.0286710262298584
Caitlyn,Royce,2.028724431991577
Janet,Stephanie,2.0287394523620605
Philip,Sylvia,2.0287728309631348
Aaron,Santa,2.0288054943084717
Liam,Norah,2.028806447982788
Buddy,Duke,2.028817892074585
NewscasterJohn,Sylvia,2.0288708209991455
Jeff,Ron,2.028876781463623
Frankenstein,Santa,2.028986930847168
Benny,Lydia,2.0289993286132812
Agatha,Doughnut,2.029019594192505
Claire,Gus,2.029073476791382
Avery,Rex,2.0290918350219727
Liz,Margot,2.029101610183716
Athena,Tim,2.0291144847869873
CaptainBill,Echo,2.0291597843170166
Grace,Slushy,2.0291597843170166
Harper,Michael,2.0292463302612305
George,Norah,2.029297113418579
Nova,PN,2.029313325881958
Emma,Paige,2.029334306716919
Dan,Patricia,2.0293962955474854
AnnabelletheGhost,Doug,2.029402017593384
Ben,Margot,2.0294249057769775
Sophia,Valerie,2.029444932937622
Keybo,Santa,2.0294606685638428
Benny,Royce,2.0294740200042725
Chase,Rebecca,2.02949857711792
Carl,Carol,2.029517650604248
Avery,Ben,2.0296337604522705
Jack,Nova,2.0296339988708496
Keybo,Neel,2.0296926498413086
Chester,Viqqie,2.0296967029571533
Agatha,Frankenstein,2.0297176837921143
Icarus,Shana,2.029719114303589
Jimmy,Margot,2.029747247695923
Jeff,Nia,2.029823064804077
Mark,Santa,2.0298655033111572
Carl,Liz,2.02995228767395
Graham,Rebecca,2.029985189437866
Janet,Olivia,2.029996395111084
Carl,Skylar,2.030005693435669
Ben,Liz,2.0300350189208984
Bruce,Hans,2.0300896167755127
Neel,Nova,2.0301156044006348
Rudolph,SabrinatheWitch,2.0301156044006348
Audrey,Doughnut,2.030130624771118
Buddy,Michael,2.0301401615142822
DollarJr,Duke,2.0301709175109863
Agatha,Hans,2.0301921367645264
Jackson,Jodie,2.0302557945251465
Katie,Rex,2.0302939414978027
Millie,River,2.0303447246551514
Aaron,Nia,2.030364751815796
Dan,Lindsay,2.030374765396118
Benny,Sylvia,2.030498504638672
Millie,Tina,2.0305612087249756
Edward,River,2.030683755874634
Caleb,Margot,2.030729293823242
Jack,Millie,2.0307328701019287
Chester,Lloyd,2.03073787689209
Cole,Jenna,2.030756711959839
Icarus,Logan,2.0308167934417725
Michael,Philip,2.030827283859253
Kelsey,NewscasterJohn,2.030897378921509
Dylan,Robert,2.0309107303619385
Jimmy,Maisie,2.0309901237487793
NewscasterJohn,SabrinatheWitch,2.0309948921203613
Millie,Simon,2.0310184955596924
Damian,Skylar,2.031055212020874
AnnabelletheGhost,Rex,2.0310933589935303
Owen,Sylvia,2.0311903953552246
Ben,Mark,2.0312275886535645
Jennifer,Viktor,2.03122878074646
Vanessa,Walter,2.0312588214874268
Millie,Ravi,2.0312981605529785
DollarJr,Janet,2.031348466873169
Bruce,Caitlyn,2.0313642024993896
Santa,Viqqie,2.031451940536499
Harper,Kelly,2.031454563140869
Frankenstein,Jackson,2.0314643383026123
DollarJr,Kristen,2.03147292137146
Ben,Sara,2.031520366668701
Athena,Eman,2.031541109085083
Carl,Furnando,2.031548261642456
JackoLantern,Maddie,2.0316054821014404
Buddy,Lucille,2.031633138656616
Janet,PN,2.0317258834838867
Edward,Frankenstein,2.0317771434783936
Oscar,Robert,2.0317983627319336
Camila,Damian,2.0318143367767334
Joshua,Millie,2.0318312644958496
Carlos,Rusty,2.0318989753723145
Caitlyn,Lloyd,2.0319325923919678
Nia,Robert,2.0319387912750244
Jodie,Rudolph,2.0320041179656982
Claire,PN,2.032010078430176
Jeff,Vincent,2.032010078430176
Damian,Rusty,2.0320470333099365
Kelsey,KlipKim,2.0320498943328857
David,Elias,2.032053232192993
Alex,MrsClaus,2.032174825668335
Cyrus,Patrick,2.032180070877075
Carlos,Glenda,2.0322065353393555
Jackson,Rex,2.0322492122650146
Mia,Sindarin,2.032292604446411
Nathan,UncleHank,2.0322933197021484
Icarus,Walter,2.0323610305786133
Keybo,Wade,2.0323610305786133
Frankenstein,Joshua,2.0324411392211914
Frankenstein,Tyson,2.03244948387146
George,Rebecca,2.0324857234954834
Harper,Jimmy,2.0324866771698
David,Owen,2.0324931144714355
River,Rudolph,2.0325686931610107
Alex,Chester,2.0325963497161865
Damian,Lydia,2.0325968265533447
Carol,Owen,2.032602548599243
Caitlyn,Ravi,2.032636880874634
Natalie,Rudolph,2.0326805114746094
AnnabelletheGhost,Neoguard,2.032686710357666
Kevin,Valerie,2.032747268676758
Catherine,Furnando,2.0327506065368652
Doughnut,PN,2.0327653884887695
David,Nia,2.032813787460327
Amber,Millie,2.0328590869903564
Margot,Slushy,2.032860040664673
Graham,Mia,2.0328617095947266
Robert,Tessa,2.032896041870117
Henry,Riley,2.0329959392547607
Doughnut,Vincent,2.0330488681793213
Camila,Jake,2.033092498779297
Samantha,Tina,2.033113956451416
Carlos,Vanessa,2.033116579055786
Buddy,Olivia,2.0331451892852783
Hugh,Patrick,2.033156394958496
Stephanie,Vincent,2.033162832260132
AnnabelletheGhost,CaptainBill,2.033193349838257
Alex,ReporterCatalina,2.0332000255584717
Carl,Catherine,2.0332510471343994
Ben,Mia,2.0332722663879395
Claire,Damian,2.033273935317993
Kelsey,Lloyd,2.0332863330841064
Charlotte,Damian,2.0333049297332764
Agatha,Slushy,2.0333797931671143
Norah,Tina,2.033453941345215
Catherine,Echo,2.033482074737549
Jack,Kelsey,2.0335538387298584
Duke,River,2.0336015224456787
Hailey,Verna,2.0336239337921143
Patricia,Slushy,2.0336670875549316
Ravi,Rusty,2.0336928367614746
KlipKim,Rusty,2.0336954593658447
April,Justin,2.0337297916412354
Chester,Hugh,2.033759117126465
Alex,Amber,2.0338199138641357
Rachel,Stephanie,2.0338244438171387
Doug,Vincent,2.033849000930786
Jeff,Norah,2.0338730812072754
Echo,Starling,2.03389048576355
Cole,Millie,2.0339062213897705
Icarus,Larry,2.0339181423187256
Simon,Starling,2.033928155899048
Eman,Patrick,2.0339534282684326
Kristen,Neoguard,2.033956527709961
Jeff,Kelsey,2.034008264541626
Chester,Valerie,2.0340304374694824
Dylan,Maisie,2.034168243408203
Lindsay,Viqqie,2.0342323780059814
Emma,Justin,2.034235715866089
Carol,Rudolph,2.034252882003784
Audrey,Owen,2.034268856048584
Hans,Peter,2.034301280975342
Emma,West,2.0343077182769775
MrsClaus,UncleHank,2.03434681892395
Jake,Zoey,2.0343973636627197
Carol,Jeff,2.0344667434692383
Royce,Viktor,2.0344741344451904
Claire,Zoey,2.0345051288604736
Alex,Maddie,2.0345263481140137
Eman,Riley,2.0345375537872314
Catherine,Lucille,2.0345423221588135
Callan,Jimmy,2.034550189971924
Robert,Vincent,2.0345585346221924
Jimmy,Tina,2.034560441970825
Furnando,Nia,2.034562110900879
Caleb,Olivia,2.034564971923828
Angela,Jeff,2.0346615314483643
Kanno,Tyson,2.034662961959839
DollarJr,Skylar,2.034677743911743
Kanno,Larry,2.0346782207489014
Aaron,Angela,2.0346901416778564
Henry,MrsClaus,2.034738779067993
Oscar,Sara,2.0347824096679688
Athena,Starling,2.0347845554351807
Chad,Hans,2.0348284244537354
Alex,Oliver,2.034863233566284
Emma,Zoey,2.0349433422088623
Gus,Nova,2.034958600997925
Lindsay,Simon,2.0349652767181396
Icarus,Sean,2.035064935684204
Claire,Neel,2.0350780487060547
Caitlyn,Caleb,2.0350990295410156
Rex,Rita,2.035125255584717
AnnabelletheGhost,Grace,2.0351574420928955
Santa,Skylar,2.03517484664917
Edward,West,2.0352344512939453
Chase,Sylvia,2.03525710105896
Emma,Glenda,2.0352606773376465
Furnando,Starling,2.0352799892425537
Eman,Lucille,2.0353243350982666
DollarJr,Millie,2.0353341102600098
Kelsey,Robert,2.035334825515747
Claire,Kanno,2.0353481769561768
Mia,Rex,2.03536057472229
Neel,Riley,2.0353729724884033
April,Walter,2.0354201793670654
Camila,UncleHank,2.035433530807495
Doughnut,Grace,2.0355401039123535
Furnando,Jodie,2.035548448562622
Camila,Paige,2.0355889797210693
Doughnut,Ron,2.0356087684631348
Damian,Kristen,2.0356884002685547
Camila,Tim,2.0356972217559814
Liz,Owen,2.0356974601745605
Emma,Kevin,2.035712957382202
Edward,Maddie,2.0357306003570557
Hugh,Sean,2.0357701778411865
Benny,Nia,2.0358264446258545
Claire,Keybo,2.035855293273926
Oscar,Patricia,2.0359089374542236
Keybo,Vivien,2.035918951034546
April,Sindarin,2.035928726196289
Furnando,Lindsay,2.0359394550323486
PN,Zoey,2.036121129989624
Jake,Mia,2.0361239910125732
DollarJr,Lloyd,2.036158800125122
Duke,Sean,2.0361618995666504
Audrey,Santa,2.036172389984131
April,Noa,2.0362093448638916
Kristen,Starling,2.0362837314605713
Agatha,Carl,2.0363008975982666
Henry,Rita,2.0363173484802246
Damian,Rita,2.036322593688965
Bell,Edward,2.036332130432129
Benny,Hans,2.036398410797119
Jimmy,Lloyd,2.036494016647339
Harper,Robert,2.0365474224090576
Keybo,Rex,2.036555290222168
Millie,Victoria,2.0365564823150635
Angela,Benny,2.0365641117095947
Tim,Zoey,2.036591053009033
Jenna,Xavier,2.036623239517212
Athena,Furnando,2.0366528034210205
Sara,Sophia,2.0366852283477783
Frankenstein,Kevin,2.036705255508423
CaptainBill,Kelsey,2.0367884635925293
Stephanie,Valerie,2.03682017326355
Jodie,Tim,2.036834955215454
Audrey,Hans,2.0368363857269287
Emma,Kelly,2.0368435382843018
Aiden,Robert,2.0369248390197754
Emma,Noa,2.036933660507202
Hans,Rudolph,2.0369372367858887
Justin,Slushy,2.037017583847046
Ben,Royce,2.0370357036590576
Athena,Matthew,2.037046194076538
Rex,Skylar,2.037046194076538
CaptainBill,Glenda,2.037139892578125
Echo,Ravi,2.037177085876465
David,UncleHank,2.0372204780578613
Janet,Larry,2.0372519493103027
Dylan,Viktor,2.037264585494995
Justin,Viktor,2.037290334701538
AnnabelletheGhost,Keybo,2.037353038787842
Audrey,Cyrus,2.0373799800872803
Graham,Sean,2.037385940551758
Henry,Owen,2.0374631881713867
Buddy,Patrick,2.037484884262085
Justin,Mark,2.0375163555145264
Grace,Ron,2.0375218391418457
Gus,Rita,2.037541151046753
Philip,Viqqie,2.0375478267669678
Chase,Riley,2.037621021270752
Paige,Ryan,2.0376229286193848
AnnabelletheGhost,Margot,2.037623405456543
Jack,Nia,2.0376598834991455
Janet,Liz,2.0376644134521484
Aaron,Camila,2.0376696586608887
Sindarin,Sophia,2.0377116203308105
Dean,Owen,2.037738084793091
Brad,Janet,2.0377633571624756
Paige,Stephanie,2.0378096103668213
Hugh,Lydia,2.037811040878296
Kevin,Millie,2.037825345993042
Carol,Royce,2.0378358364105225
Olivia,Vincent,2.0378403663635254
Viqqie,West,2.0379230976104736
Carl,Vivien,2.0379884243011475
Margot,Michael,2.0380027294158936
Hailey,MrsClaus,2.0380730628967285
Oscar,Vanessa,2.038113594055176
Oscar,SantaClaus,2.038116216659546
Echo,Lindsay,2.03814959526062
Angela,Hailey,2.0382301807403564
Jimmy,Royce,2.0383055210113525
Buddy,MrsClaus,2.0383245944976807
Simon,Vanessa,2.0384669303894043
Cyrus,Viqqie,2.0384864807128906
Kanno,Owen,2.0385384559631348
Kanno,Valerie,2.03859543800354
Annie,Maisie,2.038605213165283
Keybo,Shana,2.0386273860931396
Glenda,Sara,2.038628339767456
Harper,Vincent,2.0387322902679443
Doug,Rudolph,2.0387327671051025
Sindarin,Vanessa,2.038743019104004
Jake,Viqqie,2.038846731185913
Grace,Oscar,2.038879156112671
Lloyd,MrsClaus,2.0388906002044678
Jackson,Sylvia,2.0389814376831055
Rex,Sylvia,2.0389862060546875
Jenna,Valerie,2.0390090942382812
Chase,Viqqie,2.0390281677246094
Millie,Philip,2.0390360355377197
MrsClaus,Sean,2.0390570163726807
Millie,West,2.0390636920928955
Carl,West,2.0391294956207275
Ben,Larry,2.039152145385742
Glenda,Rusty,2.039161205291748
Edward,Rebecca,2.039170503616333
Simon,Valerie,2.039170980453491
Cyrus,Lydia,2.039175033569336
Kristen,PN,2.0392954349517822
Cole,Patricia,2.0393221378326416
Carl,Rebecca,2.039353370666504
Nia,River,2.0393612384796143
Catherine,Zoey,2.0393850803375244
Damian,Emma,2.0395054817199707
April,Matthew,2.0395147800445557
Camila,Margot,2.039531946182251
Sophia,Vanessa,2.039628505706787
Claire,UncleHank,2.0396363735198975
Landon,MrsClaus,2.039644718170166
Hans,Victoria,2.039661169052124
Jeff,Jodie,2.0396759510040283
Jimmy,Neel,2.039695978164673
Caitlyn,Frankenstein,2.039708137512207
Duke,ReporterCatalina,2.039731979370117
Jennifer,Paige,2.0397746562957764
Ravi,Skylar,2.0397861003875732
UncleHank,Walter,2.039835214614868
Chester,Duke,2.039855718612671
Millie,Oliver,2.0399413108825684
Jennifer,Mark,2.0399563312530518
Neel,Rebecca,2.039982795715332
Buddy,Nova,2.040008306503296
Hailey,Harper,2.040008306503296
Caleb,Rebecca,2.040011405944824
Alex,Matthew,2.040013074874878
Audrey,Peter,2.0400259494781494
Carl,Royce,2.040055990219116
Millie,Samantha,2.040102243423462
Chase,Valerie,2.0401251316070557
Carol,Henry,2.0401604175567627
Sylvia,UncleHank,2.04024600982666
Jimmy,Olivia,2.040252923965454
CaptainBill,Rebecca,2.0403010845184326
Peter,Victoria,2.040306329727173
Nia,Owen,2.0403356552124023
Jennifer,Owen,2.0404012203216553
Ben,Tina,2.040476083755493
DollarJr,KilliantheVampire,2.0405075550079346
Kelsey,Tina,2.0405242443084717
Michael,Zoey,2.04054856300354
Bruce,Nana,2.0405595302581787
Nathan,Valerie,2.04061222076416
Frankenstein,Nana,2.0406172275543213
Henry,Zoey,2.0406265258789062
Damian,Hans,2.0406293869018555
Grace,Michael,2.0406315326690674
Lucille,Xavier,2.040634870529175
Natalie,Tyson,2.040724992752075
Frankenstein,Icarus,2.0407721996307373
Doughnut,Justin,2.0407731533050537
Doughnut,Sindarin,2.0407865047454834
Icarus,Viqqie,2.0408284664154053
Dean,Hailey,2.0408902168273926
Keybo,Landon,2.040916681289673
Jodie,Paige,2.0409328937530518
Icarus,Rachel,2.0409576892852783
Alex,Nia,2.0409891605377197
Lindsay,Noa,2.0410048961639404
Agatha,Benny,2.041034698486328
Benny,Lloyd,2.0410876274108887
Hans,River,2.0411813259124756
Carl,Jodie,2.0411980152130127
Justin,Lindsay,2.0412518978118896
Jennifer,Santa,2.0412862300872803
Dean,Lindsay,2.0413033962249756
Liz,PN,2.0413105487823486
Icarus,Ryan,2.041374921798706
Hans,Jake,2.0413806438446045
Chloe,Millie,2.041417121887207
Maddie,Oliver,2.0414183139801025
Angela,Valerie,2.041567087173462
Maisie,Noa,2.0415797233581543
Charlotte,Sindarin,2.0416557788848877
Jennifer,Rusty,2.0416948795318604
Oscar,Victoria,2.04172682762146
Neel,Patricia,2.041776418685913
Nia,Tim,2.0418241024017334
Avery,Gus,2.041837453842163
Emma,KlipKim,2.041841745376587
Edward,Harper,2.0418519973754883
Amber,Owen,2.0419352054595947
Athena,Dylan,2.0419681072235107
Natalie,NewscasterJohn,2.0420877933502197
AnnabelletheGhost,George,2.042090654373169
Glenda,Kristen,2.0421626567840576
Amber,Benny,2.0421791076660156
Audrey,Tina,2.0421903133392334
Brad,Sophia,2.042201042175293
Camila,Valerie,2.042210102081299
Chloe,Royce,2.042227029800415
Kanno,Millie,2.0422441959381104
Camila,Jackson,2.0422656536102295
April,Doughnut,2.042337656021118
Charlotte,Hugh,2.042365789413452
Carl,Patrick,2.042379140853882
Amber,Buddy,2.0423948764801025
Philip,Ryan,2.0424859523773193
Aaron,Hailey,2.042522668838501
Kevin,Kristen,2.042556047439575
Kristen,Liam,2.042559862136841
Emma,Xavier,2.0425684452056885
DollarJr,Paige,2.042663335800171
Buddy,Norah,2.042695999145508
Chad,Icarus,2.0427019596099854
Athena,Oscar,2.0427212715148926
Tyson,Verna,2.0427253246307373
Agatha,Starling,2.0427520275115967
David,Nova,2.0427942276000977
Neel,Viktor,2.0428173542022705
Catherine,Graham,2.042834520339966
Doug,SantaClaus,2.042846441268921
Hans,NewscasterJohn,2.0428919792175293
Cyrus,Vivien,2.0429985523223877
Keybo,Oscar,2.0430092811584473
Chase,NewscasterJohn,2.043029546737671
Royce,Tina,2.0430378913879395
Audrey,Tyson,2.043041944503784
Avery,Edward,2.043057680130005
Athena,George,2.0430784225463867
Agatha,Charlotte,2.043200969696045
Bell,Eman,2.04321026802063
Janet,Jodie,2.0433294773101807
Catherine,Henry,2.0433928966522217
Chloe,Neoguard,2.0434935092926025
Doug,Starling,2.0435194969177246
Abigail,Buddy,2.0435292720794678
Olivia,Rudolph,2.0435690879821777
Buddy,SabrinatheWitch,2.0436434745788574
Patrick,UncleHank,2.0436642169952393
Grace,Samantha,2.043689012527466
Annie,Matthew,2.0437254905700684
Helena,Valerie,2.0438053607940674
Grace,Ravi,2.043816089630127
Elias,Patricia,2.0438339710235596
Catherine,Kanno,2.0438761711120605
Bruce,Kelsey,2.0438809394836426
Bell,Nia,2.0439095497131348
Cyrus,Mia,2.043959856033325
Tina,Viqqie,2.0439932346343994
Lydia,Ron,2.0440750122070312
Icarus,Victoria,2.0441267490386963
Lindsay,Rita,2.0441629886627197
April,Damian,2.0441970825195312
Helena,Margot,2.0442252159118652
Edward,Royce,2.0442450046539307
AnnabelletheGhost,Sophia,2.044248580932617
Furnando,Slushy,2.0442631244659424
Jennifer,Lloyd,2.04426646232605
Jenna,Tim,2.044269561767578
Cole,Sophia,2.0443015098571777
Callan,Kelsey,2.0443520545959473
Aiden,Zoey,2.0443806648254395
Charlotte,West,2.0443830490112305
Camila,Glenda,2.0444047451019287
Angela,Logan,2.0444257259368896
Mark,UncleHank,2.044443130493164
Liam,Mia,2.0444819927215576
Jenna,Landon,2.044503927230835
Chad,Kristen,2.044541597366333
Jake,Jennifer,2.044546604156494
Camila,Owen,2.044550657272339
Chloe,Vincent,2.0445563793182373
Slushy,Tina,2.0445597171783447
Carol,Jake,2.044562816619873
Audrey,Royce,2.0445926189422607
April,Starling,2.0445964336395264
Athena,River,2.0446598529815674
Sara,Xavier,2.0446794033050537
Claire,Santa,2.0446979999542236
Kelsey,Paige,2.044705629348755
KilliantheVampire,Vivien,2.044776201248169
Avery,Buddy,2.044787883758545
Frankenstein,Rusty,2.0448076725006104
Katie,Sindarin,2.04483962059021
Agatha,Rudolph,2.044846296310425
Glenda,Paige,2.0449085235595703
Graham,Santa,2.044938087463379
Rex,UncleHank,2.0449411869049072
Catherine,Neel,2.044985771179199
Amber,PN,2.0450360774993896
Jackson,Nova,2.0450611114501953
Millie,Ryan,2.0450689792633057
Chloe,Zoey,2.0451409816741943
Caleb,Liz,2.0452165603637695
Dan,KilliantheVampire,2.0452182292938232
Valerie,Vanessa,2.045229911804199
Lloyd,Mia,2.0452706813812256
Angela,Jake,2.045285940170288
Margaret,West,2.045323371887207
Janet,Skylar,2.045396327972412
Furnando,Kristen,2.0453999042510986
Icarus,NewscasterJohn,2.0454208850860596
West,Zoey,2.0454909801483154
Jack,Lydia,2.045625925064087
Camila,Rudolph,2.0456595420837402
Liam,Stephanie,2.045687437057495
Aaron,Harper,2.0456879138946533
Caitlyn,Graham,2.0457117557525635
Kanno,Tina,2.045830488204956
Jenna,Walter,2.0458381175994873
Athena,Zoey,2.0458602905273438
Harper,Joshua,2.045868396759033
River,Vivien,2.0459606647491455
CaptainBill,Hans,2.046039581298828
Kelsey,UncleHank,2.046052932739258
Chloe,Rudolph,2.046102285385132
Joshua,Lindsay,2.046114683151245
Carl,Starling,2.046128273010254
Dan,Viktor,2.0461316108703613
Benny,Carl,2.0461976528167725
Tessa,Zoey,2.0463058948516846
Lloyd,Tessa,2.046314001083374
Natalie,Santa,2.046391487121582
Abigail,Jackson,2.046416759490967
April,Chad,2.0464537143707275
Kanno,Mark,2.046463966369629
Elias,Jodie,2.0465455055236816
Grace,Neoguard,2.0465519428253174
Hans,Kanno,2.0466201305389404
KilliantheVampire,West,2.0466458797454834
Logan,Tina,2.046666383743286
Sara,Sindarin,2.0467004776000977
Carlos,Sara,2.0467469692230225
Glenda,Vincent,2.0467803478240967
Benny,Patricia,2.0468013286590576
Annie,Sara,2.0468037128448486
Mark,Michael,2.0468413829803467
Agatha,Kelly,2.0468666553497314
Angela,Rex,2.046910285949707
Paige,Slushy,2.0469353199005127
Emma,Sophia,2.046961784362793
Buddy,Jimmy,2.047029733657837
Doughnut,Victoria,2.047039270401001
Landon,Riley,2.047072172164917
Maddie,Matthew,2.0470728874206543
Elias,Nia,2.0471115112304688
Victoria,Vincent,2.0472190380096436
Chester,UncleHank,2.0472395420074463
Chloe,Ravi,2.047253370285034
Angela,Carl,2.0473179817199707
Alex,Doug,2.0473217964172363
CaptainBill,KilliantheVampire,2.0473783016204834
Glenda,Slushy,2.047480821609497
Kanno,Nia,2.047529935836792
Sara,Walter,2.047550678253174
Bell,Echo,2.047619581222534
Grace,Harper,2.047701120376587
Mia,Ravi,2.0477428436279297
Caitlyn,UncleHank,2.0477442741394043
Echo,PN,2.047790288925171
Margaret,Philip,2.047853469848633
Audrey,Rudolph,2.047855854034424
Audrey,Buddy,2.0478620529174805
Jeff,Margaret,2.0478861331939697
Edward,Liz,2.0478880405426025
Ben,Jenna,2.0479042530059814
Frankenstein,Owen,2.047961473464966
Carl,Kelly,2.0479743480682373
Jodie,Vincent,2.0479774475097656
Agatha,Katie,2.0480103492736816
Caitlyn,Gus,2.048029661178589
George,Kristen,2.0480473041534424
Margot,River,2.048082113265991
Doug,Janet,2.048083543777466
Grace,Owen,2.048203945159912
CaptainBill,Charlotte,2.0482635498046875
Glenda,Rex,2.0482656955718994
Aiden,UncleHank,2.0483181476593018
Buddy,UncleHank,2.0483243465423584
Emma,Lloyd,2.0483860969543457
Larry,UncleHank,2.048434019088745
DollarJr,Maisie,2.048435688018799
Skylar,Xavier,2.048440933227539
Bruce,Oliver,2.0484988689422607
Jake,Natalie,2.048530101776123
Claire,Ravi,2.0485451221466064
AnnabelletheGhost,Tyson,2.0485613346099854
Callan,Michael,2.0485880374908447
Lucille,Mia,2.0485928058624268
Eman,Janet,2.0487120151519775
Royce,Victoria,2.048779249191284
AnnabelletheGhost,KlipKim,2.048780918121338
Cyrus,Echo,2.048790693283081
Chase,Millie,2.0488908290863037
Landon,Starling,2.048891067504883
Jackson,Kristen,2.048919200897217
Edward,Paige,2.048952341079712
Hans,Royce,2.0490562915802
Bell,Paige,2.0490922927856445
Tina,Vanessa,2.049143075942993
Grace,Jake,2.049530267715454
Matthew,Paige,2.0495612621307373
Elias,Walter,2.049593210220337
Riley,West,2.049645185470581
Liz,Zoey,2.0496509075164795
Buddy,Santa,2.049661159515381
Noa,Valerie,2.049690008163452
Annie,Eman,2.049724578857422
Bruce,Olivia,2.0497918128967285
Ravi,Viktor,2.0498108863830566
Caitlyn,Elias,2.0498180389404297
Caitlyn,Damian,2.0498712062835693
Frankenstein,Lydia,2.049893617630005
Janet,Ravi,2.0499331951141357
Chase,Lloyd,2.0499374866485596
Kelsey,Sean,2.049952745437622
Damian,Tina,2.050041913986206
Millie,Vincent,2.0500454902648926
Royce,Samantha,2.050075054168701
Samantha,Wade,2.0500874519348145
Furnando,Riley,2.0501558780670166
Kevin,Rita,2.0501725673675537
Frankenstein,Vincent,2.050213575363159
Kelsey,Zoey,2.0502231121063232
Sindarin,Starling,2.050246000289917
Sean,Verna,2.0502710342407227
Chad,Hailey,2.050442695617676
Edward,Olivia,2.050482749938965
Jackson,Keybo,2.050532579421997
CaptainBill,Kristen,2.0505783557891846
Dan,Helena,2.050611972808838
Doughnut,Simon,2.050631046295166
Duke,Rudolph,2.0506374835968018
Echo,Hailey,2.0506632328033447
Logan,Vanessa,2.050694227218628
Amber,Doug,2.050710439682007
Joshua,Maisie,2.050734758377075
Catherine,Jack,2.050818681716919
Janet,Joshua,2.0508267879486084
Chase,Tyson,2.050833225250244
Tina,Xavier,2.0508644580841064
Caleb,Lydia,2.050870180130005
Buddy,Hans,2.0508809089660645
Bruce,Vincent,2.050910711288452
Ron,UncleHank,2.0509510040283203
Callan,KilliantheVampire,2.0509884357452393
Jenna,KlipKim,2.051035165786743
UncleHank,Vincent,2.0511133670806885
Neoguard,Rita,2.051159620285034
Chase,Slushy,2.0513789653778076
Hans,Mark,2.0513949394226074
Annie,Jodie,2.051438093185425
Abigail,Jeff,2.0514750480651855
Harper,Janet,2.051478862762451
Kelsey,Oliver,2.0515196323394775
Grace,Xavier,2.0515244007110596
Carlos,Lloyd,2.051543712615967
Ron,Rudolph,2.051571846008301
Janet,Sindarin,2.051595687866211
Matthew,Ron,2.05161190032959
Gus,Mia,2.0516726970672607
Dylan,Emma,2.0516867637634277
Aaron,Avery,2.0517232418060303
Benny,Chloe,2.0517332553863525
NewscasterJohn,Peter,2.0517759323120117
Buddy,Carol,2.0517842769622803
Maddie,Sophia,2.0518200397491455
Amber,Simon,2.0518243312835693
David,Rita,2.0518314838409424
Bruce,Emma,2.0518503189086914
Carl,Robert,2.0519025325775146
Chloe,Kevin,2.0519626140594482
Janet,Mia,2.0519728660583496
Kelsey,PN,2.0519797801971436
Gus,Tina,2.051983118057251
Elias,Lydia,2.0520071983337402
Nia,SantaClaus,2.0520098209381104
Athena,CaptainBill,2.052049398422241
George,Harper,2.052109718322754
Chad,Keybo,2.052117109298706
Kanno,Katie,2.0521371364593506
Joshua,Stephanie,2.052220344543457
Olivia,Owen,2.0522258281707764
Michael,Starling,2.0522806644439697
CaptainBill,Tina,2.052295207977295
KlipKim,Skylar,2.0523102283477783
AnnabelletheGhost,Janet,2.0523266792297363
Carl,Rex,2.052356243133545
Millie,Wade,2.0523898601531982
Camila,KlipKim,2.052394390106201
Sylvia,Viktor,2.0524022579193115
David,Ron,2.0524191856384277
Duke,Skylar,2.0524752140045166
Keybo,Logan,2.0524795055389404
Mia,Neel,2.052525758743286
Carl,Margot,2.052577257156372
Carl,Kristen,2.052588939666748
Eman,Viktor,2.0526139736175537
Jeff,Olivia,2.052623987197876
Elias,Helena,2.0526347160339355
Charlotte,Royce,2.052647352218628
Avery,Jackson,2.052663803100586
Viktor,Xavier,2.0526885986328125
Keybo,Michael,2.052698850631714
Caitlyn,Santa,2.052733898162842
Alex,Liam,2.052760362625122
Caitlyn,Lucille,2.0527775287628174
Lucille,Tim,2.0527825355529785
Avery,Margot,2.052905797958374
Jennifer,Patrick,2.0529563426971436
Bruce,Slushy,2.052978038787842
Abigail,Tina,2.0529873371124268
Damian,Glenda,2.0530202388763428
Kanno,Mia,2.0531060695648193
Jodie,Lloyd,2.053114175796509
Bruce,Victoria,2.0532305240631104
NewscasterJohn,River,2.053273916244507
Carl,KilliantheVampire,2.0532798767089844
CaptainBill,Skylar,2.0532805919647217
Bell,Victoria,2.053285837173462
Athena,DollarJr,2.053318738937378
Dylan,Rebecca,2.053332567214966
Elias,Santa,2.0533363819122314
Dean,KilliantheVampire,2.053370237350464
Echo,Liam,2.0534300804138184
KlipKim,Kristen,2.053452730178833
Agatha,Ron,2.0534565448760986
Elias,Icarus,2.053466796875
Jenna,Ravi,2.0534729957580566
Jenna,Sophia,2.053504467010498
Dylan,Keybo,2.053511381149292
Catherine,Hans,2.0535390377044678
Caitlyn,Owen,2.0535624027252197
Ben,Emma,2.0535635948181152
AnnabelletheGhost,Neel,2.0536086559295654
Abigail,Keybo,2.053652763366699
Jack,Sara,2.053682565689087
Catherine,Ron,2.0536880493164062
Rusty,Tim,2.053703546524048
Liam,Victoria,2.053739309310913
KilliantheVampire,Viqqie,2.0537827014923096
Furnando,Helena,2.0537946224212646
Catherine,Damian,2.053861618041992
Dan,Riley,2.053908348083496
Keybo,Vincent,2.053927421569824
Glenda,Michael,2.0539491176605225
Glenda,Harper,2.053973436355591
Patrick,Viktor,2.0540754795074463
Owen,Rebecca,2.0541675090789795
Keybo,Viqqie,2.054187059402466
Lydia,Michael,2.054199457168579
Cyrus,Nia,2.054203748703003
Philip,SabrinatheWitch,2.054287910461426
Carol,Tyson,2.054288148880005
Gus,Hans,2.0544140338897705
David,Rudolph,2.0544204711914062
Athena,Chase,2.054450750350952
Dylan,Jenna,2.054497003555298
Jack,Vanessa,2.0545012950897217
Larry,Maddie,2.0545272827148438
Buddy,Echo,2.054581642150879
Elias,MrsClaus,2.0546298027038574
Maisie,Paige,2.054683208465576
Vanessa,Vincent,2.0547022819519043
Bell,Vincent,2.0547034740448
Patrick,SabrinatheWitch,2.054713487625122
KilliantheVampire,Nana,2.0547189712524414
Henry,Lucille,2.054723024368286
UncleHank,Vivien,2.054765462875366
Catherine,Elias,2.0547783374786377
Caitlyn,Valerie,2.054800510406494
Carol,Frankenstein,2.0548744201660156
George,Rita,2.054875612258911
Sara,Simon,2.054894208908081
Liam,Viqqie,2.0549159049987793
Alex,Chloe,2.0549960136413574
Avery,Jack,2.0550291538238525
Carl,Lucille,2.055042028427124
Benny,Olivia,2.055058240890503
KlipKim,Stephanie,2.0550665855407715
Damian,Harper,2.055105209350586
Frankenstein,River,2.055105686187744
Agatha,Jimmy,2.0551235675811768
Damian,Hailey,2.055138349533081
Graham,Lucille,2.0551705360412598
Starling,Valerie,2.0551726818084717
Glenda,Sindarin,2.0551857948303223
Icarus,Wade,2.0552256107330322
Chloe,Santa,2.055332660675049
Jake,Lucille,2.055386543273926
Charlotte,Owen,2.055389642715454
Amber,Vincent,2.0554118156433105
Maddie,Nathan,2.055443525314331
Angela,Tim,2.0554707050323486
Duke,Rachel,2.055483102798462
Mia,PN,2.055490493774414
Doug,Mia,2.0555202960968018
Angela,Michael,2.055596351623535
Duke,Tessa,2.0556328296661377
Sara,Tina,2.05566668510437
Bell,Furnando,2.055696964263916
Mark,Ravi,2.055699348449707
Grace,Helena,2.0557072162628174
Jenna,Joshua,2.0557701587677
Charlotte,Nia,2.055783987045288
Audrey,Starling,2.055819034576416
George,Lucille,2.055884838104248
Lloyd,Slushy,2.0559775829315186
Doughnut,KilliantheVampire,2.0559866428375244
Frankenstein,Sophia,2.0559890270233154
MrsClaus,Ravi,2.056053876876831
Audrey,Callan,2.0560903549194336
MrsClaus,Tim,2.056104898452759
Grace,Rudolph,2.0561416149139404
Brad,Maisie,2.0561468601226807
Annie,Natalie,2.0561561584472656
SabrinatheWitch,Santa,2.056208372116089
Keybo,Walter,2.0562384128570557
Grace,Paige,2.056241750717163
Patrick,Shana,2.056246519088745
Jack,Slushy,2.056248903274536
Athena,Paige,2.0562522411346436
Ron,Tyson,2.0562584400177
April,Henry,2.0562903881073
Emma,Ryan,2.0563950538635254
Kristen,Valerie,2.056447744369507
Charlotte,Philip,2.05646014213562
Alex,JackoLantern,2.056480646133423
Janet,West,2.0564873218536377
Lydia,NewscasterJohn,2.056492328643799
Natalie,Philip,2.0565128326416016
Carol,NewscasterJohn,2.056516170501709
Kanno,Sean,2.0565335750579834
Jodie,NewscasterJohn,2.056619882583618
Carlos,Starling,2.0566611289978027
Avery,Royce,2.0566742420196533
Icarus,Michael,2.0567104816436768
Maisie,Millie,2.056745767593384
Charlotte,UncleHank,2.056785821914673
Charlotte,Grace,2.05683970451355
Grace,Kelly,2.0568788051605225
George,Vivien,2.0570549964904785
Margot,Philip,2.0572409629821777
Landon,Skylar,2.0573322772979736
Nova,Robert,2.0574214458465576
Cyrus,Valerie,2.0575125217437744
Caitlyn,Callan,2.0575573444366455
Margaret,Zoey,2.057563304901123
Chad,Tina,2.0575788021087646
Neel,Patrick,2.057579517364502
George,Helena,2.057581663131714
Cyrus,Slushy,2.0576212406158447
Claire,Tyson,2.0576815605163574
Jimmy,Rusty,2.0576815605163574
Liz,River,2.057696580886841
Angela,Keybo,2.057704448699951
Lydia,Sean,2.057731866836548
Jenna,Simon,2.057751178741455
Stephanie,Walter,2.0577521324157715
Athena,Noa,2.057791233062744
Caleb,Rita,2.0577991008758545
Icarus,Slushy,2.0578486919403076
Caitlyn,Hugh,2.0578763484954834
Bell,Kanno,2.0579798221588135
Brad,Icarus,2.0579874515533447
Jodie,Patrick,2.0579938888549805
SantaClaus,Shana,2.057994842529297
Duke,Justin,2.0579962730407715
David,Vivien,2.058014154434204
Jack,Owen,2.058032274246216
Hailey,Margot,2.0580670833587646
Lydia,Tyson,2.058081865310669
Michael,Sylvia,2.0581607818603516
Annie,Sylvia,2.058166742324829
Furnando,UncleHank,2.0582025051116943
Damian,Grace,2.058220386505127
Chase,Owen,2.0582711696624756
Abigail,Lloyd,2.058300733566284
Catherine,Paige,2.058351993560791
Doug,Rita,2.0583574771881104
Justin,Kristen,2.0584206581115723
CaptainBill,Lloyd,2.0584285259246826
Carlos,Patricia,2.0584628582000732
AnnabelletheGhost,UncleHank,2.058480739593506
Royce,Skylar,2.0585224628448486
Jimmy,Ron,2.0585458278656006
Callan,Olivia,2.0585594177246094
Glenda,Jenna,2.058570623397827
Abigail,Michael,2.0586183071136475
Tina,West,2.0586538314819336
Agatha,Skylar,2.058659076690674
Sylvia,Tyson,2.0586891174316406
Furnando,Samantha,2.0586981773376465
Frankenstein,Viktor,2.058739423751831
Rebecca,Valerie,2.0588016510009766
Eman,Maddie,2.058845281600952
April,Jimmy,2.058871030807495
Janet,Simon,2.0588741302490234
Cyrus,Jenna,2.05890154838562
Jimmy,Starling,2.0589053630828857
Matthew,Sophia,2.0589654445648193
Harper,Noa,2.0589773654937744
Eman,Sara,2.058992624282837
Dean,Viktor,2.0590102672576904
Aiden,Rusty,2.0590360164642334
Lydia,West,2.059077024459839
Lloyd,Margot,2.0590813159942627
Eman,Stephanie,2.059143304824829
Buddy,Vivien,2.0591952800750732
Gus,Mark,2.059331178665161
Furnando,Rusty,2.0593628883361816
Angela,Robert,2.059403896331787
Grace,Olivia,2.0594418048858643
Henry,Viktor,2.059453010559082
Chase,Rudolph,2.059460163116455
SabrinatheWitch,Tim,2.059539556503296
Starling,West,2.0595591068267822
Doug,Norah,2.05957293510437
Logan,Patricia,2.0596368312835693
Amber,Santa,2.059654712677002
Edward,SabrinatheWitch,2.0596959590911865
KlipKim,SantaClaus,2.059696912765503
Echo,Neel,2.059713125228882
Robert,Slushy,2.05973744392395
Harper,Lloyd,2.0597541332244873
Furnando,Patricia,2.0598700046539307
Edward,Lindsay,2.059918165206909
Duke,Patrick,2.0599684715270996
Icarus,Margot,2.059987783432007
Annie,Wade,2.0600719451904297
AnnabelletheGhost,Landon,2.060075044631958
Kelsey,Lucille,2.0600929260253906
Kristen,Millie,2.060128688812256
Chase,Kanno,2.060131311416626
Starling,Zoey,2.0602054595947266
Norah,Starling,2.060206174850464
Annie,JackoLantern,2.060227632522583
Slushy,Tyson,2.0602922439575195
Carl,MrsClaus,2.0603199005126953
Mark,Wade,2.0603721141815186
Harper,Justin,2.060535430908203
Caleb,Lucille,2.0605533123016357
Benny,Catherine,2.0605928897857666
Joshua,Ron,2.0606212615966797
Kelly,Neoguard,2.0606367588043213
Samantha,Sindarin,2.06073260307312
April,Cyrus,2.0607376098632812
Athena,Helena,2.060748815536499
Tessa,Valerie,2.0607919692993164
Simon,Skylar,2.0608584880828857
Doughnut,Frankenstein,2.0609021186828613
Damian,Mia,2.0609428882598877
Carl,Viqqie,2.060950517654419
Camila,Royce,2.0609519481658936
Buddy,Chloe,2.0609536170959473
Landon,Vanessa,2.0609567165374756
Caleb,Millie,2.061025619506836
Carl,Harper,2.0610597133636475
Elias,Frankenstein,2.0611088275909424
Chloe,Frankenstein,2.0611460208892822
Rex,Samantha,2.0611937046051025
Bell,Xavier,2.061227321624756
Aaron,Skylar,2.061235189437866
Abigail,Peter,2.0612661838531494
Patrick,Peter,2.061293840408325
Athena,Rex,2.061317205429077
Natalie,Viktor,2.061331033706665
Jenna,Vincent,2.061389923095703
Patrick,Rachel,2.061422824859619
NewscasterJohn,Starling,2.061500310897827
KilliantheVampire,Wade,2.0615580081939697
Ben,Catherine,2.0615885257720947
Kevin,Lindsay,2.0616471767425537
Chloe,Graham,2.0616519451141357
Janet,Neoguard,2.0616674423217773
Lucille,Noa,2.061704397201538
Jack,Liz,2.061716318130493
Lindsay,Ryan,2.061819314956665
Charlotte,Sean,2.0618367195129395
Chloe,Damian,2.0618956089019775
Callan,Norah,2.0619208812713623
Eman,Helena,2.0621399879455566
Bruce,Margot,2.0621795654296875
CaptainBill,Mia,2.0621798038482666
Annie,Ryan,2.062189817428589
Hans,Millie,2.0622284412384033
Patricia,Tim,2.062237501144409
Chloe,Edward,2.062244176864624
Buddy,Catherine,2.062256336212158
KlipKim,Maisie,2.0622777938842773
Athena,Simon,2.062311887741089
Kristen,Wade,2.0623204708099365
Athena,Kevin,2.0623466968536377
Bruce,Edward,2.062370538711548
Margot,Olivia,2.062462568283081
Carl,NewscasterJohn,2.0625061988830566
Landon,Tina,2.0625159740448
Hugh,Jackson,2.0625269412994385
April,Doug,2.062547206878662
Dylan,Mark,2.0625531673431396
Ben,Katie,2.0625641345977783
Glenda,Starling,2.0625758171081543
Bruce,Nova,2.0626208782196045
Claire,David,2.06274151802063
Doughnut,Henry,2.062772035598755
CaptainBill,Stephanie,2.0628154277801514
Hailey,Liz,2.0628747940063477
Grace,Valerie,2.0628976821899414
Charlotte,River,2.062958002090454
Lloyd,Tyson,2.062974691390991
Cyrus,Hans,2.06311297416687
Justin,Riley,2.0631396770477295
Dylan,Sophia,2.063206195831299
Bell,Neoguard,2.063214063644409
Rex,Vivien,2.0632686614990234
Aaron,Tina,2.063319206237793
Cyrus,Zoey,2.063359022140503
Hailey,Sean,2.0635361671447754
AnnabelletheGhost,Caleb,2.0635619163513184
Harper,Neoguard,2.0635693073272705
Aaron,Doughnut,2.0635735988616943
Rebecca,Tim,2.063593864440918
Jackson,Lucille,2.0636889934539795
Jackson,Zoey,2.063697338104248
Starling,Tim,2.0637028217315674
Lydia,Robert,2.0637636184692383
Echo,Sindarin,2.0637640953063965
Catherine,George,2.063767671585083
Hans,Lloyd,2.0637705326080322
Cyrus,SantaClaus,2.063885450363159
Aiden,Maisie,2.0639076232910156
Athena,Doughnut,2.063938617706299
Frankenstein,Mark,2.0639657974243164
Lucille,Matthew,2.063995361328125
Margot,Rita,2.064016819000244
Peter,SabrinatheWitch,2.064085006713867
Jack,Lindsay,2.064166784286499
Damian,Liz,2.064194440841675
Royce,Santa,2.064208745956421
Jack,Skylar,2.0642197132110596
Oscar,Rita,2.0642473697662354
Angela,Duke,2.064298629760742
Cyrus,Patricia,2.064303159713745
Robert,Rudolph,2.064387083053589
Chase,Janet,2.0644071102142334
Elias,Rita,2.064408302307129
George,Mark,2.064434289932251
AnnabelletheGhost,Philip,2.0644357204437256
David,Edward,2.0644569396972656
Jake,River,2.0644750595092773
Cyrus,Norah,2.064640760421753
Avery,Ron,2.0646462440490723
Hailey,Xavier,2.0646750926971436
Starling,Viqqie,2.064678907394409
Athena,Frankenstein,2.0647096633911133
Jackson,Rusty,2.0648298263549805
Athena,Royce,2.0648436546325684
Margot,Vanessa,2.064929723739624
Maddie,Rebecca,2.064946174621582
Echo,Rex,2.0649678707122803
Millie,Robert,2.065065622329712
Liam,Lindsay,2.0650932788848877
Chad,Mia,2.06510066986084
Hans,Wade,2.065171480178833
Elias,Rex,2.0652756690979004
Catherine,Lloyd,2.0653038024902344
Damian,Rebecca,2.0653223991394043
Margot,NewscasterJohn,2.065383195877075
Charlotte,Joshua,2.065437078475952
Aiden,Emma,2.06546950340271
Hugh,Olivia,2.065525770187378
Jenna,Margot,2.065537214279175
Kevin,Starling,2.065577983856201
Olivia,Tyson,2.0656168460845947
Justin,Vanessa,2.065624475479126
Caleb,Tina,2.06575083732605
Jennifer,River,2.0657541751861572
AnnabelletheGhost,Jimmy,2.065795660018921
Dylan,Stephanie,2.0658512115478516
Duke,Jeff,2.065892457962036
Kanno,Lindsay,2.0658929347991943
Eman,Mark,2.066032886505127
Agatha,Alex,2.0660548210144043
Edward,Neel,2.0660815238952637
Doughnut,Tyson,2.066098928451538
Hans,Henry,2.066126585006714
Tyson,Wade,2.066126585006714
Margaret,Santa,2.0661325454711914
Amber,Carl,2.066218614578247
Jenna,Rudolph,2.0662412643432617
Liz,Valerie,2.066253662109375
David,Katie,2.0662786960601807
Doughnut,Rex,2.0663015842437744
Icarus,Owen,2.0664167404174805
Helena,Walter,2.0665090084075928
Jeff,Kristen,2.066513776779175
Ryan,Vanessa,2.0665454864501953
Landon,Rebecca,2.0665760040283203
Brad,KilliantheVampire,2.0666096210479736
Lucille,River,2.0666375160217285
Frankenstein,Olivia,2.0666394233703613
Hans,Jenna,2.0666604042053223
Chase,UncleHank,2.066667318344116
Kristen,Ravi,2.0667011737823486
Noa,Patrick,2.066737174987793
Skylar,Wade,2.066749334335327
Nova,SantaClaus,2.0667665004730225
Carl,Zoey,2.066767454147339
Henry,Keybo,2.0668323040008545
Jackson,UncleHank,2.0669384002685547
Agatha,Jenna,2.0669400691986084
Jack,Riley,2.066955327987671
Hailey,Jodie,2.0669591426849365
Gus,Millie,2.0670034885406494
Neoguard,Riley,2.067061424255371
Edward,Victoria,2.0670831203460693
Oliver,SantaClaus,2.0670931339263916
Charlotte,Gus,2.0670955181121826
Rusty,Ryan,2.067096471786499
Norah,West,2.067171573638916
Athena,Lucille,2.067216157913208
Lydia,Tim,2.0672190189361572
Catherine,River,2.0672285556793213
Janet,Walter,2.0672788619995117
Kelly,Paige,2.067312717437744
Agatha,Dylan,2.067401647567749
Cole,Harper,2.0674262046813965
Chloe,Michael,2.067462205886841
Maisie,Santa,2.0675785541534424
Hugh,Rusty,2.067617654800415
Hans,Vivien,2.0676798820495605
Buddy,Rita,2.067723035812378
Chase,Harper,2.067725419998169
Robert,Verna,2.0678112506866455
Riley,Skylar,2.0678622722625732
Camila,Carl,2.0678954124450684
Cole,KilliantheVampire,2.067920446395874
Rudolph,Tessa,2.0680582523345947
Larry,Lindsay,2.068155527114868
Alex,Kristen,2.068164348602295
Emma,Jimmy,2.068178176879883
Owen,Robert,2.0682504177093506
Aiden,Doughnut,2.0682902336120605
Viktor,Wade,2.0682945251464844
AnnabelletheGhost,Sindarin,2.0683839321136475
Maisie,Margot,2.068437337875366
KlipKim,Starling,2.068495035171509
Margot,Samantha,2.068514108657837
Callan,Camila,2.068563222885132
Chad,Vivien,2.0686323642730713
George,Tina,2.0686657428741455
Rudolph,Skylar,2.0687034130096436
Athena,Camila,2.0687167644500732
Jennifer,Rudolph,2.0687525272369385
Doug,Helena,2.0687954425811768
Kanno,Peter,2.0688791275024414
Patricia,Walter,2.0688886642456055
Doughnut,NewscasterJohn,2.068912982940674
Jackson,Rebecca,2.068938732147217
Matthew,Patricia,2.0689399242401123
Cyrus,Viktor,2.06894850730896
Edward,Rita,2.068955659866333
Carl,Duke,2.069026231765747
Helena,Neel,2.069047451019287
David,Jennifer,2.069063663482666
Harper,KlipKim,2.069206953048706
AnnabelletheGhost,Jeff,2.0692403316497803
Lucille,West,2.0692403316497803
April,Ben,2.0693037509918213
Jeff,Tina,2.0693418979644775
Benny,MrsClaus,2.069385051727295
Janet,Rachel,2.069434881210327
Norah,Tim,2.0694596767425537
Jackson,Verna,2.0695056915283203
Ryan,Zoey,2.0695693492889404
Logan,Sara,2.06957745552063
Angela,Annie,2.0695810317993164
Owen,Verna,2.0696280002593994
Jack,Jenna,2.069648027420044
Cole,UncleHank,2.069669008255005
Olivia,Patrick,2.069782018661499
CaptainBill,Millie,2.0697994232177734
NewscasterJohn,Vincent,2.069821834564209
Aaron,Grace,2.0698728561401367
Buddy,Skylar,2.069967031478882
Frankenstein,Kristen,2.069971799850464
Kristen,Sean,2.069977045059204
Hailey,Neel,2.069990634918213
David,Lydia,2.0700159072875977
Rita,Robert,2.0700275897979736
AnnabelletheGhost,Ron,2.0700299739837646
KlipKim,Millie,2.0700523853302
Michael,Sean,2.0700957775115967
Doug,Skylar,2.0700979232788086
Henry,Margot,2.0701348781585693
Claire,Valerie,2.070235252380371
David,Vincent,2.0703179836273193
Caleb,Chloe,2.0703511238098145
Claire,Owen,2.070368528366089
Riley,Sindarin,2.0704257488250732
Claire,Janet,2.0706002712249756
Harper,Neel,2.0706093311309814
Edward,Sean,2.0706098079681396
Rusty,Xavier,2.0706541538238525
David,Janet,2.070673942565918
David,Tina,2.0707406997680664
Ben,Bruce,2.0707478523254395
Doughnut,Philip,2.070831060409546
Claire,Michael,2.0708413124084473
Audrey,Rusty,2.070859432220459
Glenda,Philip,2.0708677768707275
Angela,Peter,2.070913553237915
Damian,Janet,2.0710294246673584
Frankenstein,Lloyd,2.071061134338379
Bell,Liam,2.0710813999176025
Lindsay,Paige,2.071159601211548
Liam,Patricia,2.071166753768921
AnnabelletheGhost,Robert,2.071190357208252
Rita,Tim,2.071223020553589
Sindarin,Valerie,2.071239471435547
Alex,Walter,2.071242094039917
Cole,Katie,2.071286678314209
Michael,SantaClaus,2.071324586868286
Ron,Vincent,2.0713677406311035
Chad,Katie,2.0713729858398438
AnnabelletheGhost,Zoey,2.0713951587677
Benny,Glenda,2.071455717086792
Callan,Natalie,2.071460008621216
Avery,George,2.07181453704834
Caitlyn,Janet,2.0718185901641846
Doughnut,Kevin,2.072016716003418
Duke,Tim,2.0720787048339844
Hans,Philip,2.072117805480957
Gus,Olivia,2.0721347332000732
Liz,Rudolph,2.072143316268921
Hans,Rebecca,2.0721583366394043
Angela,Kelly,2.072197437286377
Angela,Ravi,2.0722150802612305
Rebecca,Sean,2.0722317695617676
Grace,Hugh,2.0722365379333496
Cole,Lloyd,2.0723133087158203
Hugh,River,2.0723254680633545
Katie,Margot,2.0723743438720703
Doughnut,UncleHank,2.0724031925201416
Avery,Hugh,2.0724408626556396
Carl,Charlotte,2.0724596977233887
Neoguard,Stephanie,2.0725109577178955
Hans,Jimmy,2.0725395679473877
Lindsay,Matthew,2.0725882053375244
Jackson,Rita,2.0726912021636963
Doughnut,Jack,2.0726938247680664
Jake,Kelsey,2.072782278060913
Rudolph,Starling,2.072791814804077
April,KlipKim,2.072827100753784
Rebecca,Sindarin,2.0728342533111572
Noa,Vanessa,2.0728514194488525
Caleb,Catherine,2.072937250137329
David,Mia,2.0730011463165283
Bell,Caleb,2.073046922683716
Frankenstein,Ravi,2.0730769634246826
CaptainBill,Patricia,2.0730888843536377
Athena,KlipKim,2.073094606399536
Millie,Walter,2.0730960369110107
Philip,Viktor,2.07310152053833
Eman,Rita,2.0731112957000732
CaptainBill,Sophia,2.0731141567230225
Abigail,Tyson,2.07315993309021
Annie,Charlotte,2.0731964111328125
Keybo,Nia,2.0732076168060303
Henry,Sophia,2.0732481479644775
Chloe,Hailey,2.0733144283294678
Athena,Caleb,2.0733187198638916
Jeff,Tyson,2.073335647583008
Jake,Margaret,2.073354482650757
Duke,Sara,2.073366641998291
Callan,Lydia,2.0733754634857178
Joshua,Kelly,2.073380470275879
Abigail,Robert,2.073389768600464
Echo,Henry,2.073437452316284
Emma,Sean,2.073526382446289
Doug,Jenna,2.0735321044921875
Chloe,Elias,2.0735342502593994
Helena,Janet,2.0735480785369873
Ben,Riley,2.073601484298706
Margaret,Tyson,2.073603391647339
Echo,Kanno,2.0736286640167236
Nana,Santa,2.0736582279205322
Ben,Michael,2.0736639499664307
Graham,Keybo,2.0737452507019043
Janet,Kevin,2.0737831592559814
Amber,Graham,2.0738794803619385
Glenda,Jack,2.073923349380493
Camila,Rex,2.073965311050415
Maisie,Neoguard,2.0739874839782715
Lloyd,Nova,2.074005603790283
Frankenstein,Jeff,2.0740420818328857
Cyrus,Riley,2.0740675926208496
Norah,SantaClaus,2.074068546295166
Aaron,Samantha,2.0740692615509033
Carl,SantaClaus,2.074070692062378
JackoLantern,KilliantheVampire,2.0740835666656494
Katie,Valerie,2.0740931034088135
Abigail,Callan,2.074113130569458
Bell,Grace,2.074141025543213
Doughnut,Furnando,2.0741677284240723
Caleb,Janet,2.074240207672119
Aaron,AnnabelletheGhost,2.0742688179016113
Riley,Sean,2.074347734451294
Buddy,Charlotte,2.07436203956604
Gus,Icarus,2.0744030475616455
Carol,Cyrus,2.074465036392212
Liam,Margot,2.0744731426239014
Benny,Mark,2.0744917392730713
Liam,Rebecca,2.074514865875244
Grace,Rex,2.0745861530303955
Chad,Helena,2.074658155441284
Bell,PN,2.0746583938598633
Hugh,Natalie,2.074704885482788
Angela,UncleHank,2.074781656265259
Harper,Santa,2.074791193008423
Annie,Kanno,2.0748109817504883
Doughnut,George,2.0748133659362793
Lydia,Philip,2.0748822689056396
Agatha,Owen,2.0748915672302246
Damian,Viqqie,2.0749118328094482
Kanno,Slushy,2.0749170780181885
Ben,Jeff,2.074918508529663
Caitlyn,Philip,2.0749423503875732
Sara,Slushy,2.0750224590301514
Liz,Rex,2.0750386714935303
Santa,Sylvia,2.075050115585327
Tyson,Victoria,2.0751640796661377
Chad,Rebecca,2.0752675533294678
Millie,PN,2.075270652770996
Doughnut,Neel,2.0753417015075684
Abigail,Duke,2.0753538608551025
Echo,Furnando,2.0753839015960693
Keybo,Lindsay,2.075404644012451
Chad,Lindsay,2.0754268169403076
Ben,Samantha,2.075448989868164
Camila,Peter,2.0754549503326416
Maddie,Ryan,2.0754802227020264
Natalie,Owen,2.0755088329315186
Hans,Margaret,2.0755298137664795
Aiden,Millie,2.075532913208008
Edward,Starling,2.0756096839904785
Hugh,Santa,2.075773239135742
Logan,Paige,2.075871706008911
Kanno,Vincent,2.075981378555298
CaptainBill,Rusty,2.075981855392456
Audrey,Philip,2.076019048690796
Bruce,Chloe,2.0760438442230225
Chad,Riley,2.07608699798584
Liz,Santa,2.0761282444000244
David,Kelly,2.0761911869049072
Keybo,Natalie,2.076215982437134
Graham,Harper,2.076237678527832
Gus,Samantha,2.076237916946411
NewscasterJohn,Viqqie,2.076308488845825
April,Hugh,2.0763142108917236
Gus,KilliantheVampire,2.0763580799102783
Dylan,Patricia,2.076467275619507
Bell,Tina,2.07649302482605
Alex,Samantha,2.0765533447265625
SabrinatheWitch,SantaClaus,2.076616048812866
Callan,Tessa,2.076639413833618
Callan,Sara,2.076711654663086
Jimmy,Patricia,2.076716184616089
Duke,Jake,2.076763868331909
Ron,Victoria,2.076803684234619
Glenda,Sophia,2.076843738555908
Echo,Oscar,2.0768558979034424
Larry,Paige,2.0768702030181885
Royce,Zoey,2.076931953430176
Charlotte,Hans,2.0769710540771484
Catherine,Grace,2.0769870281219482
David,Samantha,2.0770556926727295
Carl,Rita,2.0770671367645264
Caleb,Kelsey,2.077080011367798
Graham,Lindsay,2.0771543979644775
AnnabelletheGhost,River,2.0771799087524414
Noa,Rusty,2.0772204399108887
Liam,Tina,2.0772335529327393
Athena,Ben,2.0772740840911865
Norah,Ron,2.0773332118988037
Camila,Jeff,2.077341318130493
Janet,Margaret,2.0773704051971436
Avery,Jeff,2.0773885250091553
Kristen,Royce,2.077430486679077
Charlotte,Tyson,2.077439308166504
Maddie,Wade,2.0774686336517334
NewscasterJohn,Vivien,2.077521562576294
Jimmy,Millie,2.0775272846221924
Alex,Carlos,2.077540397644043
Claire,Jake,2.077550172805786
Grace,Sophia,2.077632427215576
Furnando,Rita,2.077728509902954
Kevin,Vanessa,2.077760934829712
Eman,Patricia,2.0777790546417236
Annie,Shana,2.0778110027313232
Catherine,Viqqie,2.077831506729126
Hailey,Ryan,2.077842950820923
Janet,KlipKim,2.077878952026367
Sophia,Walter,2.077890396118164
Riley,Zoey,2.0778915882110596
Chad,Stephanie,2.0778920650482178
Frankenstein,Victoria,2.0779385566711426
Kelsey,Tyson,2.077993631362915
Echo,Maddie,2.077998399734497
Aiden,Samantha,2.078054904937744
Duke,Graham,2.07806658744812
Ravi,Tina,2.0780816078186035
Jeff,Viktor,2.0782229900360107
Echo,Frankenstein,2.0783333778381348
Bell,Chase,2.0783607959747314
Benny,Rusty,2.078367233276367
Graham,Millie,2.0783939361572266
Doughnut,Ravi,2.0784239768981934
Jackson,Stephanie,2.078433036804199
Harper,Rudolph,2.0784456729888916
Dan,Keybo,2.078594207763672
SabrinatheWitch,Tina,2.078620195388794
AnnabelletheGhost,Sean,2.078648805618286
Harper,Valerie,2.0786521434783936
Keybo,Xavier,2.078659772872925
Duke,Slushy,2.0786850452423096
AnnabelletheGhost,Carl,2.078690528869629
Harper,Rex,2.0787084102630615
Katie,River,2.078740119934082
Ben,Hugh,2.0787575244903564
Maisie,Walter,2.078841209411621
River,UncleHank,2.0788490772247314
Rita,Simon,2.078852891921997
Alex,Audrey,2.0788612365722656
Bell,Larry,2.0788652896881104
Natalie,Peter,2.07888126373291
Tyson,Vivien,2.0788910388946533
Bell,Doug,2.0789151191711426
Hailey,Joshua,2.0790059566497803
Aiden,Vanessa,2.0790481567382812
Agatha,Millie,2.079113245010376
Kelly,Oscar,2.0791261196136475
Ron,SabrinatheWitch,2.079132318496704
Claire,Robert,2.0791780948638916
Michael,SabrinatheWitch,2.079179048538208
Chase,Hans,2.079223394393921
Cole,Emma,2.0792388916015625
Graham,Patricia,2.079261302947998
Jodie,Ron,2.079268217086792
Kelsey,Maddie,2.079271078109741
Bell,Simon,2.0792813301086426
Bruce,Mia,2.079331159591675
Harper,Royce,2.079357624053955
Charlotte,Ravi,2.0793848037719727
Frankenstein,Michael,2.0794639587402344
Emma,Neoguard,2.07946515083313
MrsClaus,Philip,2.079508066177368
Audrey,Rex,2.0795340538024902
KilliantheVampire,Larry,2.0795705318450928
Hugh,Margot,2.079634189605713
Charlotte,Walter,2.079667329788208
Alex,Dean,2.0797066688537598
CaptainBill,Tyson,2.079848051071167
Angela,Millie,2.0799009799957275
Janet,Jennifer,2.0799014568328857
Millie,Riley,2.0799014568328857
Athena,Lindsay,2.0799083709716797
April,Vincent,2.0799312591552734
Annie,Brad,2.079942464828491
Kelly,Ron,2.0800442695617676
Rex,Starling,2.0801331996917725
Patrick,Verna,2.0801470279693604
Helena,Sophia,2.08021879196167
Robert,Samantha,2.080228090286255
Lucille,Stephanie,2.080239772796631
Alex,April,2.0802464485168457
Bell,Sindarin,2.080251693725586
Doughnut,West,2.0802600383758545
Carl,Neel,2.0802907943725586
Athena,Bell,2.0803449153900146
Buddy,Riley,2.080345392227173
Aaron,Catherine,2.0803756713867188
Katie,Kevin,2.0804331302642822
Grace,Henry,2.0805444717407227
Callan,Viktor,2.080575942993164
Athena,Chad,2.080601692199707
Chase,Ron,2.080717086791992
Aaron,KilliantheVampire,2.080723524093628
Edward,Jack,2.0807454586029053
SantaClaus,Xavier,2.080754518508911
Liam,Zoey,2.0809807777404785
Bruce,Nia,2.0809831619262695
Ravi,SantaClaus,2.0809905529022217
Liz,Tyson,2.0810110569000244
Ron,Tessa,2.0810420513153076
Ben,Harper,2.081111192703247
Helena,Landon,2.0811164379119873
Damian,Millie,2.0811660289764404
Rita,Sara,2.081172227859497
Camila,Mark,2.081188678741455
AnnabelletheGhost,Damian,2.081237554550171
Edward,Riley,2.08124041557312
Camila,Hailey,2.0812435150146484
Damian,Doughnut,2.081245183944702
NewscasterJohn,Verna,2.0812718868255615
Lucille,Vincent,2.081291437149048
Millie,Tim,2.0813300609588623
Margaret,Rudolph,2.081346273422241
Natalie,UncleHank,2.0813705921173096
Jackson,Nia,2.081435441970825
George,Patricia,2.0814895629882812
Liz,Philip,2.081568717956543
Avery,Kelly,2.081660032272339
Jake,Skylar,2.081692934036255
Damian,Echo,2.081699848175049
Philip,Verna,2.0817415714263916
Aaron,Athena,2.0817439556121826
Jack,Mia,2.08174467086792
AnnabelletheGhost,Dylan,2.081851005554199
Audrey,Maddie,2.081862688064575
Chester,Icarus,2.0819132328033447
Icarus,Verna,2.081916570663452
Royce,Slushy,2.0819249153137207
Noa,Samantha,2.081984758377075
Camila,Grace,2.0820631980895996
Charlotte,Jeff,2.0820775032043457
Ravi,Stephanie,2.0821292400360107
Neoguard,Vanessa,2.0821597576141357
Elias,Emma,2.0821633338928223
Jennifer,Keybo,2.082200765609741
Bruce,Margaret,2.0822315216064453
Dylan,Katie,2.0823330879211426
Athena,Neel,2.0823845863342285
Hailey,Landon,2.082395076751709
April,George,2.082397222518921
Michael,MrsClaus,2.082501173019409
Rita,Vincent,2.082538366317749
Caitlyn,Rex,2.0825388431549072
Caitlyn,Jackson,2.0825979709625244
Katie,Wade,2.0826852321624756
Justin,Rebecca,2.0827059745788574
DollarJr,Vanessa,2.0827343463897705
Chad,Sophia,2.0828053951263428
Kelsey,Michael,2.0828659534454346
Doug,Riley,2.0829098224639893
Charlotte,Zoey,2.082919120788574
Keybo,Rebecca,2.082920789718628
Elias,Hugh,2.0829837322235107
Michael,Rebecca,2.0829930305480957
Logan,Rusty,2.0830461978912354
Helena,Tina,2.0830588340759277
Bell,Philip,2.0830771923065186
Brad,Jeff,2.0831222534179688
Owen,Rachel,2.0831549167633057
Michael,Tyson,2.083193063735962
Benny,Kelsey,2.0832269191741943
Annie,Chloe,2.0833051204681396
Owen,River,2.0833466053009033
Cole,Tina,2.0833818912506104
George,Stephanie,2.0834076404571533
River,Stephanie,2.0834076404571533
Keybo,Owen,2.083447217941284
Frankenstein,UncleHank,2.0834500789642334
Patricia,River,2.0835087299346924
Kristen,Peter,2.083585739135742
AnnabelletheGhost,Callan,2.0836336612701416
Caleb,Doughnut,2.0836572647094727
Jimmy,Samantha,2.083677053451538
Hans,Oliver,2.083681106567383
Jake,SantaClaus,2.083684206008911
Michael,Riley,2.08370041847229
Duke,Logan,2.0837061405181885
Doug,Nia,2.0837154388427734
Grace,Skylar,2.0837199687957764
Catherine,Hugh,2.0837419033050537
Rita,Slushy,2.083752155303955
Jake,Liz,2.083770990371704
Lloyd,Nana,2.083833694458008
Kristen,Owen,2.0838615894317627
Lloyd,Margaret,2.0838754177093506
Carl,Patricia,2.0839412212371826
Alex,Slushy,2.083966016769409
Echo,Rudolph,2.083984613418579
Rex,Stephanie,2.0840108394622803
Bruce,Carol,2.084022045135498
Cole,Vanessa,2.084190607070923
Icarus,Rex,2.084256649017334
Agatha,Duke,2.08427357673645
Icarus,Mark,2.0843451023101807
April,Kanno,2.084348440170288
Ryan,UncleHank,2.084437370300293
Chester,Patrick,2.084479331970215
Janet,Xavier,2.084528923034668
Camila,Sophia,2.0846657752990723
Hugh,Jimmy,2.0846707820892334
KilliantheVampire,Patrick,2.0846829414367676
Jenna,Viktor,2.0846922397613525
Catherine,Justin,2.084766387939453
Carl,Frankenstein,2.0847816467285156
Callan,Emma,2.084883213043213
Echo,Graham,2.084902286529541
Frankenstein,Patrick,2.084944248199463
Bell,Graham,2.084944725036621
Avery,NewscasterJohn,2.084998369216919
Elias,Norah,2.085026741027832
Buddy,Carl,2.085034132003784
Chloe,Rex,2.0850749015808105
Kelly,Lindsay,2.08514142036438
Kelly,Maisie,2.0851447582244873
Caitlyn,George,2.085233449935913
Bruce,Zoey,2.0852372646331787
Echo,Jake,2.085287094116211
Royce,Valerie,2.0852980613708496
Santa,Sean,2.085301160812378
Lucille,Michael,2.085331678390503
Caitlyn,Carl,2.0853641033172607
Jack,Janet,2.085399866104126
Henry,Valerie,2.0854153633117676
Camila,David,2.0854384899139404
Chester,SantaClaus,2.0854432582855225
Owen,Royce,2.085481882095337
Audrey,Caleb,2.085498094558716
MrsClaus,Rudolph,2.0855209827423096
Slushy,West,2.0855281352996826
Buddy,Tina,2.085531711578369
Catherine,Chase,2.0855507850646973
Hugh,Matthew,2.085610866546631
Helena,Justin,2.0856316089630127
Bruce,Camila,2.0857865810394287
Neoguard,Sara,2.0857880115509033
Emma,Robert,2.0857961177825928
Kanno,Vanessa,2.085902452468872
David,Margot,2.085979700088501
Callan,Janet,2.085984230041504
Hans,Nova,2.0859992504119873
Icarus,MrsClaus,2.0860650539398193
Harper,Lucille,2.0860848426818848
Eman,KilliantheVampire,2.0860984325408936
Doug,Santa,2.0861945152282715
Emma,Ravi,2.086250066757202
Gus,Keybo,2.0862791538238525
April,Millie,2.086300849914551
Nova,Ron,2.0863025188446045
Chloe,Lloyd,2.0863239765167236
Icarus,Jodie,2.086344003677368
Caleb,Keybo,2.08640456199646
Aaron,Rusty,2.0864195823669434
Neel,Santa,2.086557149887085
Jodie,Peter,2.0865657329559326
Keybo,River,2.086743116378784
Emma,Vincent,2.086749792098999
Mark,Simon,2.086764097213745
Margaret,UncleHank,2.0868499279022217
Lydia,Owen,2.0869228839874268
Edward,Philip,2.086965322494507
Jeff,Riley,2.086972951889038
Gus,Lydia,2.0869908332824707
Charlotte,Henry,2.087019205093384
Henry,Tyson,2.0870625972747803
Kevin,Patricia,2.0870699882507324
Rudolph,Viqqie,2.087085723876953
Gus,Hailey,2.0871012210845947
Emma,Jack,2.087292194366455
Agatha,Athena,2.087351083755493
Santa,Tina,2.0873897075653076
Keybo,Rudolph,2.0874249935150146
Buddy,Slushy,2.0874361991882324
Edward,Kelsey,2.0875232219696045
Grace,River,2.087543487548828
Janet,River,2.087552309036255
Keybo,Maisie,2.0875699520111084
MrsClaus,Owen,2.08758807182312
Glenda,Rudolph,2.087592840194702
CaptainBill,Vanessa,2.0876262187957764
Santa,Starling,2.0876376628875732
Echo,Justin,2.08771014213562
Paige,Valerie,2.087815999984741
George,Valerie,2.0879714488983154
Graham,Nova,2.0879719257354736
Philip,Victoria,2.087974786758423
Slushy,Viqqie,2.0880415439605713
Camila,Santa,2.088090658187866
Charlotte,Frankenstein,2.088141918182373
Duke,Oliver,2.08821702003479
Buddy,Jodie,2.088256597518921
Alex,Victoria,2.0882952213287354
Kelly,Sophia,2.088303565979004
Jake,Jodie,2.088343858718872
Graham,Norah,2.0884363651275635
Alex,Sindarin,2.0884788036346436
Chad,Janet,2.0884830951690674
Elias,Samantha,2.0884945392608643
Grace,Jeff,2.088582754135132
Joshua,Valerie,2.088660478591919
Callan,Margaret,2.0886712074279785
Camila,Lucille,2.0886714458465576
Kevin,Maisie,2.088757276535034
Ben,Rita,2.08878231048584
Cole,Janet,2.0887839794158936
Elias,Zoey,2.088785409927368
Agatha,Henry,2.088822364807129
Alex,Jack,2.0888724327087402
Agatha,Hugh,2.0888774394989014
CaptainBill,Nia,2.0888898372650146
Agatha,Rita,2.088909387588501
Athena,Doug,2.088914394378662
George,Jenna,2.088923692703247
Hailey,Slushy,2.088989496231079
Peter,Skylar,2.089005470275879
Frankenstein,Tina,2.08902907371521
Liz,Vincent,2.0890321731567383
Caitlyn,Icarus,2.089040994644165
PN,Rita,2.0890514850616455
Grace,Maddie,2.089066743850708
Benny,Verna,2.0890743732452393
AnnabelletheGhost,Jackson,2.089097738265991
Hans,Norah,2.08913254737854
Angela,Jack,2.0892138481140137
Maddie,Noa,2.0892374515533447
Chase,Lucille,2.0892996788024902
Owen,Ravi,2.089341402053833
Owen,SabrinatheWitch,2.0893783569335938
Ben,Hans,2.0894181728363037
Benny,Lucille,2.0894458293914795
Ravi,Riley,2.0895118713378906
Sara,Zoey,2.089538812637329
April,CaptainBill,2.089662790298462
Tina,Verna,2.089681625366211
Dan,Maisie,2.089707851409912
Benny,Tyson,2.089728593826294
PN,Tina,2.0898773670196533
Avery,Carl,2.0899195671081543
Jeff,Millie,2.0899455547332764
Catherine,PN,2.0899550914764404
Buddy,Viktor,2.089975118637085
Neoguard,Patrick,2.090036392211914
Peter,SantaClaus,2.0900371074676514
Avery,Callan,2.090040922164917
Gus,Riley,2.0900533199310303
Edward,Icarus,2.090195417404175
Ron,Vanessa,2.090195417404175
Helena,Ravi,2.0902397632598877
Royce,Sophia,2.090240478515625
Audrey,Viktor,2.0902621746063232
Angela,Janet,2.090273857116699
Mark,SabrinatheWitch,2.090341806411743
Aiden,KilliantheVampire,2.0903480052948
Katie,Liam,2.0903728008270264
Emma,Henry,2.090376615524292
Benny,Starling,2.090386390686035
Doug,Katie,2.0904273986816406
Jenna,KilliantheVampire,2.0904436111450195
Rita,Sindarin,2.090508222579956
Dylan,Lucille,2.090508460998535
Callan,Vanessa,2.0905559062957764
Paige,Sara,2.090566873550415
April,Furnando,2.0905747413635254
CaptainBill,Janet,2.090593099594116
Patrick,Wade,2.090623140335083
Bruce,Vanessa,2.0906431674957275
Rex,Sophia,2.090728521347046
Hugh,Margaret,2.090766191482544
Emma,Hugh,2.090782642364502
Buddy,Starling,2.0907957553863525
Millie,Rudolph,2.0907957553863525
David,Harper,2.090796947479248
Helena,Neoguard,2.0908026695251465
Edward,Robert,2.0909221172332764
Chase,Norah,2.0909769535064697
Katie,Robert,2.091021776199341
Grace,Royce,2.0910375118255615
Elias,Tyson,2.0910677909851074
Dylan,Lindsay,2.0910699367523193
Caleb,Lindsay,2.091139554977417
Carlos,Sophia,2.091198682785034
Neoguard,Rebecca,2.091228485107422
Joshua,Maddie,2.091296434402466
AnnabelletheGhost,Edward,2.091395616531372
Chase,Jenna,2.0913965702056885
Janet,Matthew,2.091397523880005
KlipKim,Samantha,2.091413736343384
Hans,MrsClaus,2.0914433002471924
Aiden,Bell,2.0915114879608154
Avery,Neoguard,2.091620683670044
April,Jackson,2.091637372970581
Lydia,Santa,2.0916802883148193
AnnabelletheGhost,KilliantheVampire,2.0917043685913086
Patrick,Royce,2.0917115211486816
Landon,Stephanie,2.0917162895202637
Kelly,Skylar,2.0917441844940186
David,Rusty,2.0917985439300537
Duke,Edward,2.0918045043945312
Henry,Rusty,2.0918469429016113
Doughnut,Kelly,2.091897964477539
KilliantheVampire,Margaret,2.0919106006622314
Helena,Joshua,2.0919387340545654
Glenda,Mark,2.0920145511627197
Hans,Tyson,2.0920374393463135
Rebecca,River,2.092080593109131
AnnabelletheGhost,West,2.092099189758301
Catherine,Royce,2.092108964920044
Doughnut,Rudolph,2.092193365097046
Charlotte,PN,2.092266082763672
Gus,Sophia,2.092290163040161
Patrick,West,2.092299699783325
Caleb,Emma,2.092350959777832
KilliantheVampire,SabrinatheWitch,2.0923855304718018
Michael,Skylar,2.0923945903778076
Natalie,Patrick,2.0924031734466553
Hans,Sylvia,2.092440605163574
April,Callan,2.0925567150115967
Brad,Lucille,2.092585325241089
Cyrus,Grace,2.0926902294158936
Furnando,Millie,2.0927083492279053
Charlotte,Matthew,2.092735528945923
Doughnut,Sean,2.092824697494507
Amber,Maddie,2.0929160118103027
Icarus,Natalie,2.092923641204834
Jeff,Verna,2.092939615249634
Jodie,Robert,2.093021869659424
Helena,West,2.0930278301239014
Frankenstein,Rita,2.0930285453796387
Jodie,Michael,2.093068838119507
Tim,Valerie,2.0930914878845215
Henry,Vanessa,2.0931146144866943
Millie,Rita,2.0931499004364014
Doug,Samantha,2.09324049949646
Jenna,Neel,2.0932974815368652
Emma,Rudolph,2.0933098793029785
Doughnut,Elias,2.093397378921509
Lloyd,Starling,2.093409776687622
Glenda,Liam,2.0934512615203857
Elias,Millie,2.0935184955596924
Rusty,Valerie,2.0935752391815186
Lindsay,Xavier,2.093616008758545
Tim,Tina,2.0936834812164307
George,Patrick,2.0936856269836426
Bruce,Starling,2.0937039852142334
Benny,Claire,2.0937161445617676
Hugh,Jenna,2.0937230587005615
Chloe,Robert,2.0937771797180176
Annie,Carlos,2.093794822692871
Hugh,Kelly,2.0938053131103516
Maisie,Simon,2.093975305557251
Carl,Riley,2.0939948558807373
Mark,Xavier,2.094017267227173
KlipKim,Vanessa,2.0940558910369873
Hans,Stephanie,2.094083786010742
Margot,Valerie,2.0941238403320312
Lloyd,Oliver,2.094156265258789
Angela,SantaClaus,2.094162940979004
Michael,Robert,2.094187021255493
Mark,Nana,2.0942349433898926
Bell,Ron,2.094259023666382
DollarJr,Valerie,2.094311475753784
Claire,NewscasterJohn,2.0943267345428467
Justin,SantaClaus,2.0943660736083984
Keybo,Larry,2.0944836139678955
Maisie,Zoey,2.094533681869507
Lydia,Paige,2.094539165496826
Edward,Hans,2.0946037769317627
Duke,Ravi,2.094630479812622
Carol,Icarus,2.094681978225708
Paige,Sindarin,2.094722032546997
Mia,Owen,2.094778060913086
Jodie,Tyson,2.094797134399414
Gus,Kelsey,2.094799041748047
River,Ron,2.094820499420166
Audrey,Paige,2.094888687133789
Doug,Hailey,2.094896078109741
Santa,Zoey,2.094905376434326
Eman,Lindsay,2.0949313640594482
Patrick,Sylvia,2.094968318939209
Neel,Zoey,2.094996929168701
AnnabelletheGhost,Rudolph,2.09509539604187
Charlotte,Viktor,2.0951192378997803
Jeff,Rita,2.095127820968628
Chase,Hailey,2.095148801803589
Riley,Ron,2.0951650142669678
Furnando,Vanessa,2.0951836109161377
Hugh,Slushy,2.095198631286621
Ben,Frankenstein,2.095210313796997
DollarJr,Helena,2.0952365398406982
Bell,Wade,2.0952420234680176
Katie,Noa,2.0952556133270264
Patricia,Sindarin,2.0952999591827393
Viktor,Vivien,2.0953028202056885
Agatha,Santa,2.09533953666687
Hugh,Vanessa,2.0953590869903564
Bruce,Lucille,2.095393419265747
Athena,Damian,2.0954413414001465
Avery,River,2.0954549312591553
Duke,Kevin,2.095475435256958
Doug,Millie,2.0954859256744385
Cole,Viktor,2.095515012741089
Harper,Jeff,2.095559597015381
Doug,Kristen,2.0955817699432373
Cyrus,Santa,2.0955824851989746
Aaron,Mark,2.0955870151519775
Joshua,SantaClaus,2.0956010818481445
KlipKim,Sara,2.0956614017486572
Keybo,ReporterCatalina,2.0956661701202393
Jodie,Maddie,2.095702648162842
Ben,Chloe,2.095716714859009
Echo,Santa,2.0957319736480713
Annie,CaptainBill,2.0957329273223877
Cyrus,Doughnut,2.095749616622925
KlipKim,Rita,2.095817804336548
Liz,Lloyd,2.0959088802337646
Audrey,NewscasterJohn,2.095956563949585
Bell,Chad,2.096046209335327
Justin,Stephanie,2.0960843563079834
Avery,Henry,2.0961315631866455
Kelly,Samantha,2.096151113510132
Nathan,Paige,2.096224546432495
Glenda,Katie,2.0962517261505127
Callan,Liz,2.0963048934936523
Catherine,Margot,2.0964126586914062
Janet,Ryan,2.0964624881744385
Jodie,SantaClaus,2.0964629650115967
Athena,Cyrus,2.0965068340301514
Landon,Lindsay,2.0965523719787598
JackoLantern,Patrick,2.0965685844421387
Hailey,Kevin,2.0965893268585205
Icarus,Peter,2.0965988636016846
Alex,Joshua,2.0966672897338867
Joshua,Mark,2.0966713428497314
Athena,Henry,2.0966899394989014
Athena,Elias,2.096695899963379
Icarus,Lucille,2.0967023372650146
Hugh,Liz,2.09684157371521
Nathan,Rusty,2.096967935562134
Samantha,Vincent,2.096970796585083
AnnabelletheGhost,Owen,2.0970075130462646
Kelsey,Viktor,2.097022533416748
Aaron,Viktor,2.0970265865325928
Margot,Paige,2.09704852104187
DollarJr,Patrick,2.097132682800293
Ben,Charlotte,2.0971529483795166
Abigail,Ron,2.0971615314483643
Angela,Tyson,2.097235918045044
Cyrus,Starling,2.0973706245422363
Robert,Zoey,2.0974185466766357
Callan,Mark,2.0975022315979004
KilliantheVampire,Shana,2.0975241661071777
Cyrus,Tina,2.097533941268921
Carl,Tyson,2.0975451469421387
Cyrus,Harper,2.0976247787475586
Aaron,Emma,2.097646474838257
Carol,Santa,2.097674608230591
Grace,Janet,2.0976810455322266
Owen,Zoey,2.097698450088501
Janet,Oscar,2.0977132320404053
Graham,Sara,2.09775972366333
Owen,Viqqie,2.0979058742523193
Harper,West,2.0979485511779785
Lucille,NewscasterJohn,2.097956657409668
Audrey,Bell,2.09796404838562
Icarus,Margaret,2.0979671478271484
Michael,Olivia,2.0979697704315186
Helena,Simon,2.097975492477417
Benny,SantaClaus,2.0980117321014404
Margaret,Viktor,2.09801983833313
Mia,SantaClaus,2.09809947013855
MrsClaus,Tyson,2.0981087684631348
George,Grace,2.0981428623199463
Bruce,Sara,2.098242998123169
Agatha,Michael,2.0982515811920166
Catherine,Tyson,2.09832501411438
Carl,Norah,2.0983970165252686
Doughnut,Owen,2.0984151363372803
Duke,Sylvia,2.0984232425689697
Chad,Skylar,2.098457098007202
Starling,Vincent,2.098496198654175
Bell,Rex,2.098533868789673
Cyrus,Lucille,2.0986621379852295
Camila,Frankenstein,2.09871506690979
Camila,Jimmy,2.0987329483032227
Neel,Tina,2.0987558364868164
Hailey,Neoguard,2.098834276199341
Duke,Jennifer,2.09885573387146
AnnabelletheGhost,Henry,2.098890542984009
Liam,Mark,2.0988967418670654
April,Graham,2.098975658416748
Olivia,Viktor,2.098984956741333
Doughnut,Jackson,2.0990490913391113
Alex,Larry,2.0991764068603516
April,David,2.0992066860198975
Amber,Elias,2.099289894104004
Kristen,Tim,2.0992982387542725
Aaron,SantaClaus,2.0993125438690186
Hailey,Jimmy,2.09936785697937
Shana,Viktor,2.099382162094116
Natalie,SantaClaus,2.0994181632995605
Amber,Jack,2.099597215652466
Cyrus,Millie,2.099597215652466
Ben,Glenda,2.0996291637420654
Avery,David,2.099647283554077
Abigail,UncleHank,2.09966778755188
AnnabelletheGhost,Gus,2.099705219268799
Rebecca,Rudolph,2.0997157096862793
Ben,Patrick,2.099717140197754
Joshua,KilliantheVampire,2.0997233390808105
Carl,Lydia,2.099787950515747
Carlos,Helena,2.0998213291168213
Kanno,Viktor,2.099891424179077
Alex,Dan,2.099900484085083
Nova,Tim,2.099961757659912
KilliantheVampire,Ryan,2.100008010864258
Cyrus,Kristen,2.1000101566314697
River,Sophia,2.100053548812866
Keybo,Vanessa,2.1001169681549072
Larry,Owen,2.100268602371216
George,Maisie,2.10027813911438
Katie,Xavier,2.10029673576355
KilliantheVampire,Logan,2.100301504135132
Cyrus,Duke,2.1003153324127197
Jenna,Jimmy,2.1003286838531494
KilliantheVampire,Starling,2.1003336906433105
Agatha,Rex,2.100353956222534
Annie,SabrinatheWitch,2.100362539291382
Annie,Nathan,2.1003780364990234
Charlotte,Tim,2.1003942489624023
Valerie,Vivien,2.100400686264038
Doughnut,Robert,2.100412130355835
Hugh,Royce,2.1004478931427
Cole,Lindsay,2.100449323654175
Harper,River,2.1005280017852783
Gus,Rebecca,2.1005284786224365
Aiden,Katie,2.1005501747131348
Grace,Sean,2.1005637645721436
Duke,Elias,2.1006436347961426
Avery,Benny,2.1006593704223633
Jake,SabrinatheWitch,2.1006696224212646
KilliantheVampire,Royce,2.1006734371185303
PN,Stephanie,2.100726366043091
Hailey,Margaret,2.10074782371521
Mark,Tim,2.1007769107818604
Hugh,Michael,2.1008551120758057
Buddy,Mia,2.100858449935913
Norah,Tyson,2.100898027420044
Echo,Jeff,2.101044178009033
Cyrus,Mark,2.101047992706299
Ben,Vanessa,2.101102590560913
Duke,Royce,2.1011719703674316
Benny,Ron,2.1011874675750732
Kanno,Kelly,2.1012070178985596
Simon,Sophia,2.101219654083252
Bell,Ravi,2.101259469985962
Avery,Cyrus,2.1013424396514893
Kanno,Starling,2.101358413696289
Cole,Kelly,2.1014010906219482
Neel,Stephanie,2.1014115810394287
Callan,Edward,2.101536512374878
Buddy,Edward,2.1016619205474854
April,Neoguard,2.101719856262207
Ryan,Sara,2.101840019226074
Sean,Viktor,2.1019058227539062
Riley,Rudolph,2.101916551589966
Chad,Rusty,2.1019768714904785
Carl,Maisie,2.1020405292510986
Dan,Paige,2.10209321975708
Icarus,Tessa,2.1021878719329834
Bell,KlipKim,2.102229595184326
Catherine,Sophia,2.1022539138793945
Samantha,Slushy,2.1023519039154053
Liz,Michael,2.1024038791656494
Aaron,Kristen,2.1024112701416016
April,Tim,2.102443218231201
Dan,Tina,2.1024763584136963
DollarJr,Mark,2.1025071144104004
Jenna,Neoguard,2.102545976638794
Cyrus,Helena,2.1025516986846924
Grace,Katie,2.102609157562256
Hailey,Kristen,2.1026594638824463
Emma,Graham,2.102687120437622
Rita,Sean,2.1026899814605713
Caleb,Grace,2.102693557739258
Jake,Kristen,2.1027092933654785
Chad,Kelly,2.102714776992798
Duke,Viqqie,2.102759599685669
David,Millie,2.102844476699829
Lloyd,Royce,2.102877378463745
NewscasterJohn,Stephanie,2.102987289428711
Olivia,Paige,2.103011131286621
Jackson,Liz,2.103092908859253
Caitlyn,Tyson,2.103187322616577
Millie,UncleHank,2.1032040119171143
Jimmy,Katie,2.1032042503356934
Caitlyn,River,2.1032750606536865
AnnabelletheGhost,PN,2.1033570766448975
River,Skylar,2.1033895015716553
Buddy,Nia,2.103405475616455
AnnabelletheGhost,Hans,2.1034364700317383
KlipKim,Patricia,2.1034557819366455
Lloyd,Mark,2.103477954864502
Benny,Elias,2.103539228439331
April,Liam,2.103646755218506
Maddie,Riley,2.1036503314971924
Sophia,Xavier,2.1036674976348877
Kelly,Wade,2.1038146018981934
Elias,Mia,2.1038267612457275
David,Norah,2.10385799407959
Doug,Tina,2.1038808822631836
Furnando,Katie,2.1039013862609863
Catherine,Michael,2.103965997695923
Margot,Rex,2.1040148735046387
DollarJr,Tina,2.104053497314453
Carol,Keybo,2.1041462421417236
Noa,Sara,2.1041531562805176
Mark,Ryan,2.1041979789733887
Callan,Nova,2.1042230129241943
Doug,Stephanie,2.1042418479919434
Mark,Oliver,2.104382276535034
Alex,Ben,2.10445237159729
Jackson,Jenna,2.104482650756836
Neel,Vanessa,2.1044886112213135
Liz,NewscasterJohn,2.1046407222747803
Athena,Owen,2.104642152786255
Echo,Owen,2.1046600341796875
Hailey,Zoey,2.1046674251556396
Chloe,Sean,2.104670286178589
Gus,UncleHank,2.104714870452881
Carlos,SantaClaus,2.104830503463745
Lindsay,Wade,2.104919672012329
NewscasterJohn,Sean,2.1050236225128174
Ben,Robert,2.105074644088745
Furnando,Sophia,2.105076789855957
Hans,Santa,2.1051442623138428
SantaClaus,Tessa,2.1052563190460205
Graham,Jimmy,2.1052639484405518
Maisie,Valerie,2.1052968502044678
Logan,SantaClaus,2.1053214073181152
Rita,West,2.1053385734558105
Sophia,West,2.1053690910339355
Graham,Viktor,2.1054534912109375
Damian,Samantha,2.10558819770813
Dan,Valerie,2.1055924892425537
Benny,Carol,2.1056172847747803
Lindsay,Walter,2.105726957321167
Jodie,Margot,2.105795383453369
Neel,Valerie,2.1058342456817627
Charlotte,Rex,2.1058695316314697
Aaron,Starling,2.1059153079986572
Duke,Olivia,2.1059329509735107
Ben,Starling,2.105935573577881
CaptainBill,Patrick,2.105942487716675
Hans,Rex,2.105949640274048
Lloyd,Rudolph,2.105998992919922
Ben,Zoey,2.106032371520996
Kelsey,Rex,2.1060760021209717
Jeff,Zoey,2.1060802936553955
Ben,Grace,2.1061220169067383
Lloyd,SantaClaus,2.1061575412750244
Duke,Nana,2.106243371963501
Rusty,Shana,2.1062660217285156
Keybo,Tina,2.1062700748443604
Hans,Jeff,2.1063060760498047
Nia,Ron,2.1063621044158936
Vincent,Viqqie,2.1064231395721436
Emma,Grace,2.106440305709839
Bell,Dylan,2.106440782546997
Henry,Jenna,2.1065070629119873
Liam,Samantha,2.106553792953491
Bruce,Doughnut,2.1066877841949463
Catherine,Santa,2.1067700386047363
CaptainBill,Samantha,2.1067793369293213
Doug,Michael,2.1067936420440674
Chase,Vanessa,2.1068332195281982
Annie,Verna,2.1068384647369385
Kristen,West,2.106909990310669
Tina,Walter,2.106926679611206
Henry,Sara,2.1069602966308594
Sean,Tina,2.106968641281128
Slushy,UncleHank,2.106969118118286
Catherine,Jake,2.1069750785827637
Lloyd,Norah,2.106994390487671
Olivia,Tina,2.1070544719696045
Icarus,Olivia,2.1070594787597656
Dan,Rusty,2.107063055038452
Avery,Janet,2.107070207595825
Benny,Caitlyn,2.1071295738220215
Mia,Peter,2.1071650981903076
Agatha,Rusty,2.1071860790252686
Jack,Rita,2.107203722000122
Jackson,KilliantheVampire,2.107234477996826
Carl,Graham,2.1072709560394287
Frankenstein,Hugh,2.1073098182678223
April,Gus,2.107384443283081
David,Frankenstein,2.107409954071045
Graham,Zoey,2.1074554920196533
Doug,Sophia,2.1076362133026123
Bruce,Harper,2.107696533203125
Neel,Rita,2.1077234745025635
Icarus,Jimmy,2.10774564743042
Royce,SantaClaus,2.1077663898468018
NewscasterJohn,Patrick,2.107851982116699
Millie,Owen,2.1078550815582275
Emma,UncleHank,2.1078598499298096
Liam,SantaClaus,2.107884645462036
PN,Riley,2.1078948974609375
Catherine,Tim,2.1079142093658447
Alex,Justin,2.107924461364746
Kristen,River,2.1079354286193848
Grace,Hans,2.1079976558685303
April,Owen,2.108018398284912
Benny,Viqqie,2.108048677444458
Lucille,Slushy,2.1080868244171143
Philip,Rusty,2.1081011295318604
Athena,Sean,2.108168363571167
Callan,Hans,2.108210563659668
Frankenstein,SabrinatheWitch,2.1082661151885986
Mark,Royce,2.108323335647583
Avery,Lucille,2.108328104019165
Bell,Justin,2.108330488204956
AnnabelletheGhost,Annie,2.1085126399993896
CaptainBill,Paige,2.108525037765503
Helena,Sindarin,2.1085312366485596
Hans,UncleHank,2.1085519790649414
Athena,David,2.1085615158081055
KilliantheVampire,Rudolph,2.1086418628692627
Margot,Peter,2.1086509227752686
Bell,Elias,2.108689069747925
Keybo,Liam,2.108705520629883
Lloyd,Vanessa,2.1087253093719482
Owen,Sara,2.108786106109619
CaptainBill,Emma,2.1088621616363525
Bell,Logan,2.108882188796997
KilliantheVampire,Santa,2.1089272499084473
Dylan,Hailey,2.1089558601379395
Neoguard,Rusty,2.1089999675750732
Echo,Tyson,2.109013080596924
Kelsey,Valerie,2.109147548675537
Edward,Sara,2.1092047691345215
Lindsay,River,2.109205484390259
Graham,Patrick,2.109248399734497
Lindsay,Neel,2.1092755794525146
Helena,Oliver,2.109361410140991
Jimmy,Oscar,2.109377861022949
Maddie,Verna,2.109380006790161
Philip,Sara,2.1095151901245117
Aiden,Hailey,2.10951828956604
Valerie,Xavier,2.109551429748535
Amber,Jeff,2.10957932472229
Kristen,Lucille,2.109591245651245
Agatha,KilliantheVampire,2.109628915786743
Nia,Tyson,2.1097211837768555
Ben,Wade,2.1097428798675537
Caleb,Sophia,2.109793186187744
Robert,Starling,2.1098110675811768
Chloe,David,2.109811544418335
Philip,Slushy,2.1098341941833496
Elias,Starling,2.1099512577056885
AnnabelletheGhost,Jake,2.1099531650543213
Neoguard,Valerie,2.1099603176116943
NewscasterJohn,Victoria,2.1099953651428223
Bell,Kevin,2.1100027561187744
Glenda,Tyson,2.110119104385376
Ben,Duke,2.1101205348968506
Janet,Justin,2.110180139541626
Angela,Hugh,2.1102116107940674
Lucille,Oscar,2.1103546619415283
Grace,Lindsay,2.1103568077087402
Alex,Noa,2.110391855239868
Alex,Landon,2.1104209423065186
Gus,Paige,2.1105189323425293
Grace,Riley,2.110565662384033
Rex,SantaClaus,2.1105878353118896
Jake,MrsClaus,2.1106278896331787
Chester,Tina,2.110748529434204
Keybo,Olivia,2.1107709407806396
Glenda,Millie,2.1107866764068604
Emma,Philip,2.1107897758483887
Ben,Carl,2.110795497894287
Jake,Mark,2.110804796218872
Eman,Sophia,2.1108882427215576
Glenda,NewscasterJohn,2.1109731197357178
CaptainBill,Chloe,2.111018180847168
PN,Rusty,2.1110970973968506
Elias,Tina,2.1111066341400146
Grace,Jack,2.1112523078918457
Benny,Norah,2.1112759113311768
Abigail,Patrick,2.1113040447235107
Hailey,Maisie,2.1113574504852295
Gus,Janet,2.111396551132202
DollarJr,Rusty,2.111424446105957
Keybo,Simon,2.111539363861084
Carol,Lloyd,2.111546277999878
Caitlyn,KilliantheVampire,2.111553907394409
Glenda,Owen,2.1115565299987793
Peter,Tessa,2.1115760803222656
Keybo,Millie,2.111595869064331
Janet,Tim,2.111696720123291
Neel,Samantha,2.111753225326538
Frankenstein,Kelsey,2.1117756366729736
Kanno,Rita,2.1118576526641846
Kelly,Larry,2.1119039058685303
Hailey,Sophia,2.111987352371216
Duke,KilliantheVampire,2.1120033264160156
KilliantheVampire,Tessa,2.112027406692505
Hans,Sean,2.112088441848755
Charlotte,KlipKim,2.1121132373809814
Catherine,Gus,2.112165927886963
Keybo,MrsClaus,2.11217999458313
Carlos,Patrick,2.1122357845306396
UncleHank,Verna,2.1122844219207764
Aaron,Claire,2.112344264984131
Benny,KilliantheVampire,2.112394094467163
Catherine,Vincent,2.112410545349121
Audrey,Keybo,2.112480878829956
April,Chase,2.112518072128296
Elias,Rudolph,2.112529993057251
Robert,Tina,2.112565517425537
Elias,Stephanie,2.112614870071411
Paige,Rudolph,2.112637996673584
Buddy,Claire,2.1126620769500732
Millie,NewscasterJohn,2.1126856803894043
Lloyd,Nia,2.11268949508667
Alex,Viqqie,2.1127374172210693
Callan,Nia,2.112755537033081
Jack,Stephanie,2.112772226333618
Bruce,Millie,2.11279559135437
Helena,Kevin,2.112837076187134
Athena,Ravi,2.1128721237182617
Jimmy,Sara,2.112922430038452
Lydia,Zoey,2.112961530685425
Norah,Philip,2.112990140914917
Philip,Rebecca,2.113023281097412
Ben,Janet,2.113037586212158
Hailey,Lucille,2.113060712814331
Jackson,Lydia,2.113119125366211
Graham,Valerie,2.1132519245147705
Callan,Viqqie,2.1133384704589844
Edward,Patricia,2.113349199295044
River,Slushy,2.1134073734283447
Audrey,UncleHank,2.1134471893310547
Caleb,Katie,2.1134917736053467
Amber,Robert,2.1134984493255615
Jeff,Starling,2.1135265827178955
Hailey,Katie,2.113708734512329
DollarJr,SantaClaus,2.1137146949768066
Doughnut,Margot,2.113722085952759
Carl,UncleHank,2.1137349605560303
Helena,Zoey,2.1138854026794434
Chase,Katie,2.1138980388641357
Frankenstein,Liz,2.1139333248138428
Benny,Echo,2.1139752864837646
Santa,Tyson,2.1139791011810303
Audrey,Millie,2.1139819622039795
Elias,Lindsay,2.113997220993042
Cole,Mark,2.114018201828003
Elias,Owen,2.1140921115875244
Benny,Liz,2.11409854888916
Logan,UncleHank,2.1141202449798584
Millie,Valerie,2.1141512393951416
Janet,Landon,2.1141626834869385
Oliver,Ron,2.1143574714660645
Lindsay,Rex,2.1143953800201416
Joshua,Keybo,2.1144306659698486
Icarus,Patrick,2.114440441131592
Graham,Nia,2.11445951461792
Katie,Zoey,2.1144607067108154
Benny,Santa,2.114494800567627
AnnabelletheGhost,Cyrus,2.1145451068878174
Duke,Hugh,2.1145479679107666
Henry,Rebecca,2.114576578140259
Elias,Maddie,2.114590883255005
Graham,Rita,2.1146256923675537
Carlos,Mark,2.114630699157715
Jeff,Liz,2.114640712738037
David,Stephanie,2.1147072315216064
Hugh,Norah,2.1147167682647705
Furnando,Maisie,2.114727020263672
Aaron,Jenna,2.114755153656006
Callan,Rebecca,2.1147844791412354
Bruce,Liz,2.114788055419922
April,Ron,2.1148455142974854
Helena,KlipKim,2.1148645877838135
Jake,Millie,2.114885091781616
Maddie,Sindarin,2.1148905754089355
Charlotte,NewscasterJohn,2.114898920059204
Doughnut,Glenda,2.114898920059204
Harper,Philip,2.114952325820923
Maddie,MrsClaus,2.1150336265563965
Avery,West,2.115089178085327
Eman,Millie,2.1151139736175537
Owen,Stephanie,2.115172863006592
Lindsay,Sophia,2.115196466445923
SantaClaus,Sean,2.1152145862579346
Athena,Jack,2.1152610778808594
Aiden,Lindsay,2.115262269973755
Vanessa,West,2.115291118621826
Matthew,UncleHank,2.115299940109253
Avery,Santa,2.1153533458709717
Keybo,Nova,2.1153786182403564
Damian,Kelsey,2.1154491901397705
Bruce,Jodie,2.115546703338623
Jeff,Rex,2.1157381534576416
AnnabelletheGhost,Patrick,2.1158320903778076
Rita,Zoey,2.1158602237701416
Liz,Robert,2.1158854961395264
Jenna,Michael,2.115915298461914
Angela,Frankenstein,2.1159162521362305
Chase,Patricia,2.115971326828003
Stephanie,Tyson,2.11602520942688
Stephanie,UncleHank,2.116029977798462
Justin,Skylar,2.116057872772217
Jennifer,Tyson,2.1160709857940674
Samantha,Sean,2.116248846054077
Henry,Liz,2.11627197265625
PN,Patrick,2.116295576095581
Alex,DollarJr,2.116309642791748
Duke,Norah,2.1163575649261475
Ron,Slushy,2.1163930892944336
Kevin,Paige,2.116467237472534
Doughnut,Sophia,2.116516351699829
PN,Starling,2.1165201663970947
Helena,Philip,2.116522789001465
Edward,Stephanie,2.116577386856079
Bruce,Royce,2.116586923599243
Amber,Rudolph,2.1165876388549805
KilliantheVampire,Olivia,2.1166205406188965
Mia,Tyson,2.1166560649871826
Robert,Viqqie,2.1166722774505615
Emma,Owen,2.1166939735412598
Jenna,Royce,2.1167538166046143
Bell,Rudolph,2.1167638301849365
Carl,Mark,2.1167733669281006
Caitlyn,David,2.116892099380493
Eman,Hailey,2.1169180870056152
Kelsey,Rudolph,2.1169345378875732
Angela,David,2.1169397830963135
Catherine,Jeff,2.116955518722534
Aaron,Rita,2.1170012950897217
Rebecca,Santa,2.117093801498413
Duke,SabrinatheWitch,2.117147207260132
Rusty,West,2.117202043533325
Hailey,Justin,2.1172142028808594
Chase,Hugh,2.1173722743988037
Edward,Tyson,2.117380142211914
Doughnut,Tim,2.1173806190490723
Stephanie,West,2.1173923015594482
Millie,Rex,2.1174418926239014
Aaron,Sophia,2.117539167404175
Katie,Neoguard,2.1175670623779297
Olivia,Zoey,2.11777925491333
Alex,Rita,2.117835760116577
Caitlyn,Duke,2.117851972579956
Rebecca,Ron,2.1180529594421387
CaptainBill,Ron,2.1180899143218994
Alex,Patricia,2.1181633472442627
Ron,Sindarin,2.118246555328369
Jake,Janet,2.1182897090911865
Lindsay,Owen,2.1182963848114014
Liz,UncleHank,2.118311643600464
David,Echo,2.1183130741119385
Grace,West,2.1183552742004395
Jack,Kelly,2.118396282196045
Lydia,UncleHank,2.118410587310791
Eman,Paige,2.11845326423645
Kanno,Sara,2.1184685230255127
Nana,Rusty,2.11847186088562
Jack,Katie,2.118472099304199
Bell,Kelly,2.118483304977417
Viqqie,Zoey,2.118515729904175
Dean,Kelly,2.118533134460449
Carol,Viktor,2.118725061416626
Jack,Valerie,2.1187808513641357
Bell,KilliantheVampire,2.1188466548919678
Caleb,Stephanie,2.118927001953125
Buddy,Camila,2.1190595626831055
Millie,Neel,2.1190829277038574
Starling,UncleHank,2.1191108226776123
Neoguard,Sophia,2.1191253662109375
Dylan,Vanessa,2.1192140579223633
Tessa,UncleHank,2.1192781925201416
Nova,Owen,2.119300365447998
Graham,Janet,2.1193127632141113
Catherine,Jackson,2.1193289756774902
Lucille,Riley,2.119396448135376
Chad,Zoey,2.119663715362549
Liz,Viktor,2.1196694374084473
Chad,Patricia,2.119708776473999
Dylan,Janet,2.1197173595428467
Maisie,Oscar,2.1197283267974854
Landon,Maisie,2.119771718978882
Oscar,Rusty,2.119971513748169
Benny,Vivien,2.120016574859619
Justin,Sophia,2.120037794113159
Ron,Rusty,2.120044469833374
Chloe,Tim,2.1202266216278076
Chad,Samantha,2.1202352046966553
Harper,Zoey,2.1202826499938965
Neoguard,Viktor,2.120323419570923
Bell,Hugh,2.120337724685669
Bruce,SabrinatheWitch,2.1204404830932617
Kelsey,Owen,2.1204826831817627
Ravi,Samantha,2.120514154434204
Margaret,Mark,2.120516538619995
Mark,West,2.120633840560913
KilliantheVampire,Millie,2.12064266204834
KilliantheVampire,Sindarin,2.120654344558716
Lindsay,Valerie,2.120684862136841
Patricia,Sean,2.1207215785980225
April,Ravi,2.1207244396209717
Jake,Olivia,2.120737314224243
Hailey,Jake,2.120925188064575
Skylar,West,2.1209728717803955
Kelly,Millie,2.1210224628448486
Emma,Jake,2.121035575866699
Nana,Viktor,2.1210734844207764
Jackson,Janet,2.1210978031158447
Angela,Ron,2.1211071014404297
Doughnut,Hugh,2.1211178302764893
AnnabelletheGhost,Icarus,2.1211414337158203
Agatha,Peter,2.1211955547332764
Echo,Jack,2.121248245239258
Dylan,Kelly,2.121272325515747
Sindarin,UncleHank,2.1213138103485107
Lucille,Ron,2.1213974952697754
Katie,Landon,2.1214001178741455
Catherine,Cyrus,2.1214029788970947
Jackson,Tina,2.1214494705200195
Landon,Sophia,2.121459722518921
Gus,Liz,2.121521234512329
Ravi,Vanessa,2.1216607093811035
Caitlyn,Chase,2.121752977371216
Nathan,Viktor,2.121824026107788
Paige,Wade,2.1218369007110596
Furnando,Sara,2.1218454837799072
Echo,Millie,2.121875047683716
Ron,Verna,2.1219100952148438
Annie,Oscar,2.121971368789673
Maisie,Sindarin,2.122039318084717
Valerie,Zoey,2.122056722640991
Hans,Viqqie,2.122061252593994
NewscasterJohn,Rebecca,2.122103452682495
Avery,Jake,2.1221306324005127
Riley,Vincent,2.1221485137939453
Annie,Simon,2.122180223464966
Alex,Riley,2.1221845149993896
Bell,Landon,2.122237205505371
Rudolph,Stephanie,2.1223533153533936
Kelly,Stephanie,2.122471332550049
Millie,Peter,2.1225175857543945
Agatha,River,2.1225507259368896
Buddy,Rusty,2.122609853744507
Amber,Michael,2.1227152347564697
Benny,Margot,2.1227781772613525
Hailey,Janet,2.1228551864624023
Chloe,Janet,2.1229279041290283
Hans,Nia,2.122995615005493
Kelly,Landon,2.1230356693267822
Annie,Noa,2.123084783554077
Catherine,NewscasterJohn,2.123091697692871
Aaron,Mia,2.123159646987915
Alex,Tina,2.1231815814971924
Catherine,Jimmy,2.123185157775879
Hailey,Simon,2.123189687728882
Avery,Robert,2.123204469680786
Icarus,Sylvia,2.12320876121521
Duke,West,2.123246431350708
Emma,Neel,2.1232974529266357
Slushy,Valerie,2.123438596725464
Caitlyn,Viktor,2.1235954761505127
Patricia,Vincent,2.123699188232422
April,PN,2.123805284500122
Mark,ReporterCatalina,2.123849391937256
Sean,UncleHank,2.123854875564575
April,Robert,2.1238627433776855
Hans,Tessa,2.1238670349121094
Norah,UncleHank,2.1238865852355957
CaptainBill,Zoey,2.1240336894989014
Echo,NewscasterJohn,2.124079942703247
Sindarin,Stephanie,2.1240835189819336
AnnabelletheGhost,Hailey,2.124103307723999
Katie,Ravi,2.124180793762207
AnnabelletheGhost,Royce,2.124232053756714
Jenna,PN,2.124303102493286
Hailey,Viqqie,2.1243510246276855
Edward,UncleHank,2.124440908432007
Duke,Jodie,2.1245014667510986
Camila,Henry,2.124513626098633
CaptainBill,Hugh,2.124516248703003
PN,Rebecca,2.124541997909546
Caleb,Starling,2.124586343765259
Athena,Vincent,2.1245884895324707
Chloe,Jeff,2.124706506729126
Amber,David,2.124723434448242
Doughnut,Jimmy,2.1247332096099854
Jackson,Skylar,2.1247706413269043
April,Rudolph,2.124788284301758
Patricia,Ravi,2.1248576641082764
Robert,Sara,2.1248738765716553
Carol,Robert,2.1248786449432373
Avery,Bruce,2.1249451637268066
Doug,Lindsay,2.124952793121338
Helena,Hugh,2.1249687671661377
Doughnut,Paige,2.125007152557373
Edward,Zoey,2.1250085830688477
Annie,Jimmy,2.1251704692840576
Grace,Liz,2.125229835510254
Lucille,Skylar,2.125333547592163
Duke,Harper,2.125349760055542
Lucille,Patricia,2.1254427433013916
Maisie,Sean,2.125444173812866
Cyrus,Rebecca,2.1254842281341553
Buddy,Jenna,2.1254987716674805
Bruce,Claire,2.1255013942718506
Neel,Nia,2.12560772895813
Bruce,MrsClaus,2.125614643096924
Keybo,Tim,2.125643014907837
Callan,Valerie,2.1256887912750244
Nana,Patrick,2.125753164291382
David,Patricia,2.1257903575897217
Camila,Lloyd,2.1258718967437744
Ron,Simon,2.126115322113037
Jackson,Mark,2.1261656284332275
Hans,Michael,2.1261680126190186
Chloe,Viktor,2.1262009143829346
Aiden,Sophia,2.126281976699829
Harper,Henry,2.1262941360473633
David,Zoey,2.1263065338134766
Alex,Logan,2.126342535018921
Hans,Robert,2.126343011856079
Owen,Wade,2.1264266967773438
Doughnut,River,2.1265270709991455
Paige,Vincent,2.1265625953674316
Dylan,Helena,2.1266369819641113
Charlotte,Tina,2.1266703605651855
Amber,Ron,2.126676559448242
Patrick,Rudolph,2.126709222793579
Kelly,Simon,2.126730442047119
Maddie,Walter,2.126777410507202
Jack,Samantha,2.126786947250366
Robert,Santa,2.1268584728240967
Jackson,Kelly,2.1269962787628174
Avery,Damian,2.1270251274108887
Bell,George,2.1270768642425537
DollarJr,Sophia,2.127091646194458
Duke,Hans,2.1271066665649414
Gus,Viktor,2.1272013187408447
Henry,Mark,2.1272175312042236
Amber,Annie,2.1273016929626465
Hailey,Walter,2.1273179054260254
Buddy,Kristen,2.1274116039276123
Amber,Tyson,2.1274478435516357
Rusty,Viqqie,2.1274778842926025
Bruce,Skylar,2.127497434616089
Lindsay,Philip,2.1275112628936768
Duke,MrsClaus,2.1275789737701416
Janet,Michael,2.1275882720947266
Owen,Tina,2.1275908946990967
George,Katie,2.1276071071624756
George,Samantha,2.1276695728302
Amber,Jake,2.127701759338379
Paige,Sean,2.1277875900268555
Janet,Kanno,2.1280126571655273
Icarus,Kelsey,2.1280436515808105
Chad,Emma,2.1281540393829346
Kevin,Riley,2.1281917095184326
Mia,West,2.128229856491089
Charlotte,Vincent,2.128274440765381
Janet,Lloyd,2.128438711166382
Cyrus,Hailey,2.1284680366516113
Chase,Tina,2.128490686416626
Elias,Harper,2.1285512447357178
Harper,Jackson,2.128584623336792
Henry,Janet,2.1286003589630127
Olivia,Peter,2.1286118030548096
Athena,Sindarin,2.128659963607788
Kevin,Samantha,2.1287786960601807
Annie,Oliver,2.1288821697235107
Angela,River,2.1289408206939697
Carlos,Duke,2.1289987564086914
Maisie,Vincent,2.1290042400360107
Kelsey,Mark,2.1290571689605713
Helena,PN,2.129196882247925
Neel,Sara,2.129199504852295
Buddy,Rebecca,2.1292288303375244
Lucille,Walter,2.129352331161499
Neel,Starling,2.1293814182281494
Jodie,Philip,2.129608392715454
Bell,Jack,2.129617929458618
Claire,Duke,2.1296770572662354
River,Sean,2.129732847213745
Viktor,Viqqie,2.1297717094421387
Hailey,Larry,2.1298060417175293
Echo,Tina,2.129822015762329
Mia,UncleHank,2.1299831867218018
Kristen,NewscasterJohn,2.1300430297851562
Mark,River,2.1300570964813232
Duke,Neel,2.1301004886627197
Helena,Viktor,2.1301026344299316
Jake,Lydia,2.1301050186157227
Brad,Paige,2.1301169395446777
CaptainBill,Liz,2.1301183700561523
Owen,Vanessa,2.130126953125
Frankenstein,Nova,2.1301372051239014
Janet,Margot,2.130169153213501
Mark,Victoria,2.130194902420044
Glenda,Peter,2.1302311420440674
Agatha,Mark,2.1302449703216553
Chloe,PN,2.130338191986084
Emma,PN,2.130363702774048
Jennifer,Peter,2.1304187774658203
Jeff,Owen,2.13043475151062
Jenna,West,2.1305665969848633
Annie,Ben,2.13057017326355
Tim,Vanessa,2.130586624145508
Echo,Michael,2.130596876144409
Peter,Sylvia,2.1306116580963135
Ben,KilliantheVampire,2.130617141723633
Chase,Sophia,2.1307249069213867
Frankenstein,Valerie,2.1307365894317627
Helena,Henry,2.130737543106079
Benny,Doughnut,2.1308629512786865
Sara,Vincent,2.1308629512786865
Hugh,Sara,2.130931854248047
Lindsay,Ravi,2.131065607070923
Aiden,Mark,2.131167411804199
Callan,MrsClaus,2.131232500076294
Mark,Rudolph,2.13124680519104
Maisie,PN,2.131295680999756
Jimmy,Keybo,2.1313297748565674
Ben,Elias,2.1313469409942627
SantaClaus,Slushy,2.131378173828125
DollarJr,Sara,2.1313929557800293
Chloe,Jake,2.131452798843384
Maddie,Oscar,2.1314966678619385
Avery,PN,2.131523370742798
Chloe,Gus,2.131561040878296
Janet,Tyson,2.131594181060791
Doug,Valerie,2.131643056869507
Justin,Patricia,2.1316981315612793
Athena,Lloyd,2.131721258163452
Tyson,Viqqie,2.131746530532837
Kelsey,Santa,2.131776809692383
Frankenstein,Margot,2.1317861080169678
Mia,NewscasterJohn,2.1318397521972656
Robert,Sophia,2.1318793296813965
Emma,Furnando,2.131892204284668
SantaClaus,West,2.1318957805633545
Kevin,Sara,2.1319079399108887
Landon,Patricia,2.1319162845611572
Carlos,Valerie,2.131944417953491
Grace,Patricia,2.132067918777466
ReporterCatalina,SantaClaus,2.1321282386779785
Michael,Rita,2.1321611404418945
Elias,Rusty,2.132178783416748
Patricia,West,2.132204532623291
Icarus,Rudolph,2.1322109699249268
Chloe,Simon,2.132215738296509
Mia,Ron,2.132240056991577
Janet,Samantha,2.1323721408843994
Bruce,Catherine,2.1323838233947754
Alex,KlipKim,2.1324589252471924
Grace,Robert,2.132539987564087
Jack,Rebecca,2.132561445236206
Avery,Philip,2.1326448917388916
Neoguard,Samantha,2.1326851844787598
Elias,SantaClaus,2.1326866149902344
Patrick,Tim,2.1328134536743164
Jack,Zoey,2.1328654289245605
Claire,Philip,2.1329519748687744
Buddy,Sophia,2.132967233657837
Athena,Bruce,2.1329808235168457
Doughnut,Jake,2.1330173015594482
UncleHank,Viqqie,2.1330316066741943
Robert,Vanessa,2.1331281661987305
Helena,Jack,2.1332075595855713
Hugh,Nova,2.133286714553833
AnnabelletheGhost,Maddie,2.1333365440368652
Camila,Michael,2.133463144302368
NewscasterJohn,Nia,2.1334943771362305
Keybo,Norah,2.133504867553711
Glenda,Viktor,2.1336355209350586
Logan,Maisie,2.1336593627929688
Lucille,Philip,2.133669853210449
Keybo,UncleHank,2.1337101459503174
Bell,River,2.133711099624634
Hugh,Tessa,2.133725881576538
Amber,Callan,2.133742332458496
AnnabelletheGhost,Tim,2.1338045597076416
Caleb,Mark,2.1338608264923096
Caleb,Vanessa,2.1341745853424072
Stephanie,Tim,2.134249448776245
KilliantheVampire,Rex,2.134289503097534
Emma,Tim,2.1343889236450195
Kevin,Keybo,2.1344153881073
Chloe,Patrick,2.13446307182312
Duke,Natalie,2.134474515914917
Bell,Sean,2.13447904586792
Lindsay,Tina,2.1345038414001465
George,Kelly,2.134550094604492
Camila,Duke,2.1345789432525635
Avery,Peter,2.1346209049224854
Jack,Tina,2.134638547897339
Grace,Liam,2.134690046310425
Carl,Keybo,2.1347246170043945
Henry,Starling,2.1348607540130615
Chloe,Peter,2.1349074840545654
Buddy,Zoey,2.1349658966064453
Margot,Sara,2.135016679763794
Hailey,Kanno,2.135047197341919
April,Tyson,2.1350677013397217
Doughnut,Hans,2.1351239681243896
Glenda,Janet,2.135127067565918
Grace,Tyson,2.135157585144043
Noa,Paige,2.135216474533081
Lloyd,Tina,2.1352570056915283
Edward,Ravi,2.1352593898773193
Grace,Hailey,2.1352856159210205
Audrey,SantaClaus,2.1353886127471924
Doug,Patricia,2.1354379653930664
Frankenstein,Simon,2.135446786880493
George,Janet,2.13545823097229
Cyrus,Skylar,2.1354711055755615
Aaron,Valerie,2.135523557662964
Jack,Keybo,2.1355373859405518
Millie,Tyson,2.135568857192993
Emma,George,2.1356008052825928
Charlotte,Margot,2.135615825653076
Alex,Damian,2.135622262954712
Echo,Peter,2.1356353759765625
CaptainBill,Starling,2.135641098022461
Kristen,Tyson,2.135763168334961
Benny,Samantha,2.135789632797241
Lloyd,Owen,2.1357924938201904
Jackson,Riley,2.135803461074829
Athena,Catherine,2.1358139514923096
Aaron,Katie,2.1358256340026855
Rusty,Slushy,2.1360769271850586
Ron,Starling,2.136131763458252
Lucille,Tyson,2.1361429691314697
Athena,Kanno,2.1362087726593018
Gus,Harper,2.13620924949646
MrsClaus,Patrick,2.1362199783325195
KilliantheVampire,Tina,2.136453866958618
Benny,Camila,2.136509895324707
Damian,Katie,2.1365301609039307
Sean,Vanessa,2.1365809440612793
Elias,Vanessa,2.136690855026245
Kanno,River,2.136730909347534
Cole,Sara,2.1368370056152344
David,Doughnut,2.1368653774261475
Abigail,Bruce,2.1369335651397705
Kanno,Sophia,2.1369564533233643
Ravi,Sara,2.137047529220581
Kelsey,Vincent,2.137082099914551
Sara,Sean,2.1371519565582275
Rusty,Sylvia,2.137230157852173
George,Riley,2.1372482776641846
Jeff,Stephanie,2.1372666358947754
Maddie,SabrinatheWitch,2.137369155883789
Hugh,MrsClaus,2.1375136375427246
Ben,Helena,2.137542486190796
KlipKim,Lucille,2.1375732421875
Abigail,SantaClaus,2.1376845836639404
Neoguard,Patricia,2.137744903564453
Patricia,Tina,2.1378276348114014
Cyrus,Kelly,2.1378588676452637
Duke,Mia,2.1378777027130127
Harper,Viktor,2.1378867626190186
KlipKim,Tina,2.137887716293335
Furnando,Stephanie,2.137986898422241
Chase,Keybo,2.138080358505249
Athena,Graham,2.1382837295532227
Echo,Elias,2.138321876525879
Alex,Furnando,2.1383402347564697
Dan,Sophia,2.1384236812591553
Emma,Icarus,2.138444662094116
Hugh,Starling,2.138458490371704
Chase,Rusty,2.1384713649749756
SantaClaus,Vivien,2.1384966373443604
Abigail,Philip,2.138526678085327
Duke,Jackson,2.138582229614258
Liz,Peter,2.138639450073242
Bell,Jimmy,2.138690948486328
Furnando,Janet,2.1386966705322266
Noa,Viktor,2.138720989227295
Sophia,Tina,2.138760805130005
Cole,Rusty,2.138795852661133
Damian,Keybo,2.1388020515441895
Janet,Santa,2.1388156414031982
Buddy,Liz,2.138873338699341
Graham,Katie,2.1388752460479736
Henry,Katie,2.1388866901397705
Amber,Philip,2.138943910598755
Millie,Sophia,2.1389873027801514
Doughnut,Icarus,2.1391358375549316
Gus,Starling,2.139159679412842
AnnabelletheGhost,Lloyd,2.1391830444335938
KilliantheVampire,Oliver,2.1391830444335938
Athena,Gus,2.1392080783843994
Norah,Owen,2.139216184616089
Edward,Katie,2.139240264892578
AnnabelletheGhost,Bruce,2.139338731765747
Callan,Zoey,2.1393797397613525
Graham,Kelly,2.1394622325897217
Chase,Zoey,2.1394972801208496
Chase,Kelly,2.1395623683929443
CaptainBill,Lindsay,2.1395695209503174
Norah,Patrick,2.139575719833374
Claire,Ron,2.139580011367798
Bruce,Norah,2.13958477973938
Jeff,SantaClaus,2.1395938396453857
Carl,Rusty,2.1396000385284424
Benny,Skylar,2.1396100521087646
Jenna,Sean,2.139727830886841
Patrick,Victoria,2.1397573947906494
Elias,Rebecca,2.139845848083496
Nova,Patrick,2.13986873626709
Katie,Vincent,2.1399402618408203
Lloyd,Zoey,2.1399617195129395
Furnando,Maddie,2.1399645805358887
Margot,Starling,2.139991521835327
Matthew,Patrick,2.1400434970855713
Carl,Hugh,2.140299081802368
Peter,Starling,2.1403424739837646
Aiden,Janet,2.1403968334198
Patrick,Tyson,2.1404201984405518
Damian,Starling,2.140458106994629
CaptainBill,NewscasterJohn,2.140531539916992
Buddy,Samantha,2.1405317783355713
Chase,Icarus,2.1406302452087402
Keybo,Ravi,2.1406877040863037
KilliantheVampire,Peter,2.140986442565918
Alex,Maisie,2.1410210132598877
Kelly,Liam,2.1410441398620605
Echo,West,2.1412456035614014
Janet,Kristen,2.14127254486084
NewscasterJohn,Nova,2.141350507736206
Caleb,Sara,2.1414501667022705
Hans,SantaClaus,2.141481637954712
Slushy,Sophia,2.141497850418091
Emma,Rex,2.14151668548584
Lucille,Royce,2.1415231227874756
AnnabelletheGhost,Chad,2.1415326595306396
Duke,Glenda,2.141568899154663
Katie,Kelly,2.1416351795196533
Kelsey,KilliantheVampire,2.1417105197906494
Chad,Maddie,2.1417548656463623
Damian,Sara,2.1417629718780518
Callan,Echo,2.1417977809906006
Elias,Janet,2.141918897628784
Athena,Neoguard,2.1420207023620605
Callan,Grace,2.142021656036377
Mark,SantaClaus,2.142030715942383
KilliantheVampire,Simon,2.1420559883117676
Charlotte,Jackson,2.142072916030884
Helena,Royce,2.1420886516571045
Royce,Vivien,2.142127275466919
David,Maisie,2.142228841781616
Jimmy,Viktor,2.1422536373138428
Catherine,Philip,2.14229416847229
Grace,Keybo,2.1423096656799316
Tim,Viktor,2.142355442047119
Edward,Samantha,2.1424005031585693
Jackson,Valerie,2.1424038410186768
Benny,Charlotte,2.1425058841705322
AnnabelletheGhost,NewscasterJohn,2.1425063610076904
Mark,Verna,2.142625331878662
Hans,Patricia,2.142629384994507
Chloe,Owen,2.142634868621826
UncleHank,Viktor,2.1426801681518555
Duke,Vincent,2.1426892280578613
Furnando,Zoey,2.142799139022827
Benny,Keybo,2.1428067684173584
Edward,Mark,2.142901659011841
Bell,Tim,2.142928123474121
Rudolph,Samantha,2.1429686546325684
Emma,KilliantheVampire,2.142987012863159
Caleb,Paige,2.1430411338806152
Bell,NewscasterJohn,2.1430671215057373
Caitlyn,Hans,2.1430914402008057
Ben,Lloyd,2.143112897872925
Athena,Landon,2.143226385116577
Athena,West,2.1432831287384033
Jimmy,NewscasterJohn,2.1433074474334717
Mark,Tessa,2.1433627605438232
Damian,Maisie,2.1435039043426514
Carl,Jenna,2.143531084060669
Doughnut,Valerie,2.1435840129852295
Grace,Peter,2.143730878829956
Alex,Ryan,2.143799304962158
Jackson,Katie,2.1438119411468506
Hans,West,2.1438491344451904
Jenna,NewscasterJohn,2.1438815593719482
Buddy,Helena,2.1438910961151123
Jeff,Lucille,2.1439359188079834
Robert,Stephanie,2.1440701484680176
Jeff,Skylar,2.144174337387085
CaptainBill,Mark,2.144230604171753
Kevin,Tina,2.144324779510498
Ben,Patricia,2.144456624984741
Sean,Starling,2.1445488929748535
Lindsay,Vincent,2.1445605754852295
David,Skylar,2.144564151763916
Jenna,Robert,2.1447246074676514
Lloyd,Sara,2.144740343093872
Avery,Elias,2.1447837352752686
Emma,Jackson,2.144813060760498
Henry,Samantha,2.144827127456665
Carl,Doughnut,2.144892930984497
Lloyd,Skylar,2.1449954509735107
Chase,Patrick,2.1452114582061768
Neel,Sophia,2.145237684249878
Sara,West,2.1452407836914062
Elias,Patrick,2.1453897953033447
Avery,UncleHank,2.1453936100006104
Carol,KilliantheVampire,2.1454217433929443
Alex,Henry,2.1455047130584717
Owen,Skylar,2.1455249786376953
Keybo,Kristen,2.1455414295196533
Aaron,Sara,2.1455419063568115
Claire,KilliantheVampire,2.145590305328369
Doug,Rebecca,2.1456124782562256
Kanno,Rusty,2.1456496715545654
Jeff,Lydia,2.1457607746124268
Furnando,Paige,2.1457998752593994
Royce,Stephanie,2.1458048820495605
Hans,Samantha,2.1458446979522705
Janet,Zoey,2.1458847522735596
UncleHank,Valerie,2.145894765853882
Charlotte,Hailey,2.145932674407959
Liam,Lucille,2.1459381580352783
Kelly,Tina,2.1459414958953857
Nana,SantaClaus,2.145982503890991
CaptainBill,Sara,2.1460459232330322
Bruce,Jenna,2.146050214767456
Jenna,Philip,2.1460936069488525
Janet,Tina,2.146101236343384
Hugh,Millie,2.1461050510406494
Harper,Peter,2.146130323410034
April,Patrick,2.14616322517395
Jeff,Kelly,2.146165370941162
Carl,Millie,2.1462252140045166
Emma,Kanno,2.146243095397949
AnnabelletheGhost,Duke,2.1462438106536865
Nova,Tyson,2.146292209625244
April,Hans,2.1463730335235596
Alex,Eman,2.146393060684204
Benny,Valerie,2.1464455127716064
Janet,Royce,2.146486282348633
Carlos,Kelly,2.1465280055999756
April,Jack,2.1465749740600586
Lloyd,Lydia,2.1466572284698486
Lindsay,West,2.146688461303711
Icarus,Valerie,2.146789073944092
Hugh,Sindarin,2.14691424369812
Liam,Rita,2.1470751762390137
Aaron,Millie,2.147143840789795
Hailey,Royce,2.147156000137329
Bruce,Helena,2.147324800491333
David,Sophia,2.1473984718322754
KilliantheVampire,Margot,2.147514820098877
Hans,Mia,2.147536039352417
Hans,Ron,2.1476030349731445
Kelly,Nia,2.147606134414673
Neoguard,Paige,2.1476399898529053
David,Keybo,2.147688150405884
Kristen,Neel,2.1476893424987793
Matthew,Valerie,2.147726058959961
Claire,SantaClaus,2.1477696895599365
Buddy,Valerie,2.147890329360962
Gus,Vivien,2.1479291915893555
Noa,Sophia,2.1479403972625732
Callan,Chloe,2.147965908050537
Hailey,Paige,2.1479673385620117
Mark,Rex,2.148003339767456
George,Hailey,2.1480066776275635
CaptainBill,SantaClaus,2.148050546646118
Annie,Chad,2.14807391166687
David,Kristen,2.1480753421783447
Damian,Valerie,2.1480910778045654
Annie,Dylan,2.1481454372406006
Hans,Verna,2.1481547355651855
Icarus,Santa,2.1482083797454834
DollarJr,Hailey,2.1482441425323486
Peter,Rebecca,2.1483702659606934
Ben,Kelly,2.148422956466675
Bell,Hailey,2.148501396179199
Elias,KilliantheVampire,2.148505687713623
Jack,Kristen,2.1485912799835205
Chase,Lindsay,2.148597240447998
Duke,Victoria,2.1486165523529053
Margot,SantaClaus,2.1486458778381348
Frankenstein,Glenda,2.1486833095550537
Annie,Landon,2.1486942768096924
April,Carl,2.148719549179077
Grace,Santa,2.148754835128784
Chloe,Hugh,2.1487841606140137
Lydia,Peter,2.1487877368927
Olivia,Santa,2.1488006114959717
Camila,Janet,2.1489028930664062
Chester,KilliantheVampire,2.1489126682281494
KilliantheVampire,Michael,2.1489522457122803
MrsClaus,NewscasterJohn,2.149034261703491
Jack,Sophia,2.1490399837493896
Catherine,Peter,2.149121046066284
Margot,West,2.1492269039154053
Bruce,Lydia,2.1492807865142822
Callan,Millie,2.149345874786377
Lydia,SantaClaus,2.1493489742279053
Justin,Sara,2.1494498252868652
Bell,Henry,2.149463415145874
Emma,Hailey,2.1496083736419678
Hans,Owen,2.1496469974517822
Athena,Hans,2.1497867107391357
Agatha,Paige,2.1498284339904785
Damian,Riley,2.1498525142669678
Chase,Chloe,2.1499288082122803
Carol,UncleHank,2.1500022411346436
Katie,Sean,2.1500861644744873
SantaClaus,Tyson,2.150134325027466
NewscasterJohn,Norah,2.1501638889312744
Hugh,Mark,2.150217056274414
Callan,Doughnut,2.150283098220825
Olivia,Rusty,2.1502931118011475
Callan,Duke,2.1503102779388428
Helena,Robert,2.1503162384033203
Graham,Samantha,2.1503612995147705
SantaClaus,Tim,2.150426149368286
KilliantheVampire,Natalie,2.150446653366089
Annie,Nova,2.1504790782928467
Edward,Glenda,2.1505157947540283
Catherine,Rex,2.1505353450775146
Chloe,River,2.1505916118621826
Brad,Kelly,2.1506431102752686
Bell,West,2.1506803035736084
Hans,Lindsay,2.1506879329681396
Charlotte,Duke,2.1508474349975586
Logan,Patrick,2.1508491039276123
Margot,Viktor,2.150913715362549
Cole,Paige,2.1509156227111816
River,Tina,2.1509416103363037
Alex,Dylan,2.150963544845581
Bruce,Tina,2.1510884761810303
Stephanie,Zoey,2.1511049270629883
Hugh,Verna,2.151146650314331
Hailey,Sindarin,2.151155710220337
Nova,UncleHank,2.1511781215667725
River,SantaClaus,2.1512134075164795
Amber,Hans,2.1513006687164307
Harper,Hugh,2.151353120803833
Kelly,PN,2.151383638381958
Echo,Philip,2.151402235031128
Dylan,Paige,2.151437759399414
Hailey,Henry,2.1514666080474854
Hans,Riley,2.151484251022339
Millie,Sean,2.151515483856201
Charlotte,Edward,2.151553153991699
Aaron,Keybo,2.1515603065490723
Helena,Sean,2.1515791416168213
Brad,Maddie,2.1516001224517822
April,Benny,2.1516315937042236
Carl,Helena,2.151728868484497
Katie,Rudolph,2.1517484188079834
Mark,Nova,2.151860475540161
Abigail,NewscasterJohn,2.151989698410034
SabrinatheWitch,Viktor,2.15199875831604
Michael,Owen,2.1520049571990967
Keybo,Skylar,2.152010679244995
Kanno,SantaClaus,2.1520392894744873
Lloyd,Vincent,2.152041435241699
Jenna,Owen,2.1521308422088623
Chloe,Jackson,2.1524221897125244
Athena,Buddy,2.1524946689605713
Graham,Mark,2.15252685546875
Alex,Bruce,2.1525309085845947
Rex,Riley,2.1525957584381104
Athena,Millie,2.152679204940796
Claire,Henry,2.152735948562622
Maddie,Victoria,2.1527507305145264
Keybo,Peter,2.15279483795166
Caitlyn,Keybo,2.1530697345733643
Benny,Stephanie,2.153160810470581
Hans,Icarus,2.153167963027954
Kanno,Samantha,2.1531810760498047
Kelly,Tyson,2.15321946144104
Michael,Millie,2.1533448696136475
Angela,Hans,2.153425931930542
Charlotte,David,2.1535236835479736
Amber,UncleHank,2.153564214706421
Janet,Slushy,2.1535696983337402
Duke,Ron,2.153695821762085
Doughnut,Jeff,2.1537697315216064
Tina,UncleHank,2.153830051422119
Edward,SantaClaus,2.1538546085357666
Kanno,Riley,2.153855085372925
CaptainBill,Helena,2.1538660526275635
Cyrus,Sophia,2.1539559364318848
Henry,Paige,2.154022455215454
Alex,Kanno,2.1541287899017334
Kelly,Margot,2.154174327850342
Benny,Vincent,2.154240846633911
Chad,Vanessa,2.154282569885254
Bell,Jake,2.1543161869049072
Patricia,Ron,2.1543891429901123
Samantha,West,2.154501438140869
Maddie,Neoguard,2.154510021209717
Janet,Maisie,2.154559373855591
Duke,Lucille,2.1545794010162354
Jake,Keybo,2.154597759246826
Michael,Ron,2.154641628265381
Hailey,Wade,2.154653310775757
Harper,Margot,2.1548044681549072
Annie,Walter,2.154832601547241
Cyrus,Janet,2.1549627780914307
Ben,Santa,2.1550800800323486
Nova,Rusty,2.155169725418091
KilliantheVampire,Sylvia,2.1551802158355713
Rita,Santa,2.1552650928497314
Cyrus,Emma,2.1552717685699463
Justin,Katie,2.1553139686584473
Angela,Icarus,2.1553328037261963
Amber,Bruce,2.155338764190674
Lucille,Rudolph,2.155503749847412
Patrick,ReporterCatalina,2.1556971073150635
Damian,Stephanie,2.155719757080078
Harper,PN,2.155726194381714
Annie,Stephanie,2.155845880508423
Hugh,Jodie,2.15585994720459
Alex,Caleb,2.1558821201324463
AnnabelletheGhost,Santa,2.1559793949127197
Henry,Patricia,2.1560723781585693
Hugh,Viqqie,2.156092882156372
Philip,SantaClaus,2.1561310291290283
Jake,Jenna,2.1561994552612305
Liz,Paige,2.156201124191284
Owen,Ron,2.156203031539917
Jake,Sara,2.15641188621521
Starling,Viktor,2.156445026397705
Angela,Patrick,2.156447649002075
Harper,Tim,2.1564714908599854
Amber,Patrick,2.1565194129943848
Brad,Rusty,2.1565325260162354
Damian,Vanessa,2.1566100120544434
KlipKim,Lindsay,2.156712293624878
Brad,Valerie,2.1567471027374268
Doug,Echo,2.156773328781128
Damian,Sophia,2.1568820476531982
David,Helena,2.1568830013275146
Frankenstein,Riley,2.1569619178771973
Damian,Viktor,2.1569631099700928
Catherine,UncleHank,2.1570053100585938
Kanno,Kristen,2.1570241451263428
Duke,Icarus,2.1570842266082764
Sean,Stephanie,2.1570894718170166
Rex,Viqqie,2.1571872234344482
George,Sophia,2.1573188304901123
Aaron,Bell,2.1573686599731445
Hailey,Noa,2.1573822498321533
Athena,Benny,2.1574807167053223
Eman,Valerie,2.1574831008911133
Brad,Viktor,2.157613515853882
Doughnut,Michael,2.1576831340789795
Agatha,SantaClaus,2.1576931476593018
Jack,Mark,2.1577324867248535
Katie,Ron,2.1577818393707275
Duke,Lydia,2.1577861309051514
Carl,Tina,2.1578586101531982
Buddy,Maddie,2.1578876972198486
Lucille,Sean,2.157944917678833
Bell,Robert,2.158409357070923
April,Philip,2.158555269241333
Jeff,Jenna,2.158578634262085
Helena,Tyson,2.1587326526641846
KilliantheVampire,SantaClaus,2.1587650775909424
Lindsay,Neoguard,2.1588094234466553
April,NewscasterJohn,2.158869504928589
April,Elias,2.159001111984253
Oscar,Sophia,2.15901517868042
Janet,Paige,2.15903639793396
CaptainBill,Valerie,2.1590468883514404
Riley,Santa,2.1590616703033447
Rita,Ron,2.159069299697876
Amber,Lloyd,2.159127950668335
Harper,UncleHank,2.1591522693634033
Lydia,Patrick,2.1591920852661133
Rita,UncleHank,2.1592957973480225
Mia,Tina,2.1593258380889893
Lucille,Owen,2.1593568325042725
Oscar,Valerie,2.1594018936157227
Frankenstein,Norah,2.1594035625457764
Jimmy,Maddie,2.1594839096069336
Abigail,Hugh,2.1594884395599365
April,Sean,2.1595537662506104
Carol,Peter,2.1596057415008545
Elias,NewscasterJohn,2.159611225128174
Katie,Lloyd,2.1596248149871826
Ben,Maisie,2.1596267223358154
Duke,UncleHank,2.159714698791504
Damian,Kelly,2.159900426864624
Keybo,Victoria,2.1599929332733154
Cyrus,Samantha,2.160085916519165
Elias,UncleHank,2.160187005996704
Justin,Zoey,2.160200834274292
KilliantheVampire,Liz,2.160245180130005
Patricia,Rudolph,2.16034197807312
Graham,Maisie,2.160383939743042
Amber,NewscasterJohn,2.1603949069976807
Hugh,Oliver,2.1604132652282715
Doughnut,Janet,2.1605405807495117
Athena,Carl,2.160562038421631
Cyrus,Paige,2.1605961322784424
Hugh,Nia,2.160632371902466
Logan,Viktor,2.1606905460357666
Bell,Frankenstein,2.1607158184051514
Annie,Justin,2.160717010498047
Catherine,Viktor,2.1607608795166016
Icarus,Tina,2.160776138305664
Bell,Owen,2.1607916355133057
Kristen,Michael,2.1609199047088623
Alex,Edward,2.160942792892456
Jenna,Rex,2.160963296890259
Hans,Harper,2.161116361618042
Abigail,Icarus,2.1611835956573486
Kelsey,Keybo,2.16133713722229
Amber,Peter,2.1615407466888428
Elias,Katie,2.1616127490997314
Millie,Santa,2.161667585372925
Buddy,Doughnut,2.161712408065796
Damian,Patricia,2.161736488342285
Robert,Valerie,2.1618340015411377
Athena,Tina,2.161958694458008
Abigail,Annie,2.1619627475738525
Athena,Philip,2.1620047092437744
Icarus,Norah,2.162081241607666
Frankenstein,Grace,2.1620988845825195
Elias,Maisie,2.162153959274292
Sophia,Zoey,2.162330150604248
Cyrus,Stephanie,2.1624064445495605
Ron,Skylar,2.1624820232391357
Margot,Santa,2.1625444889068604
Carlos,Maddie,2.162597179412842
Annie,Dean,2.1626579761505127
Furnando,Valerie,2.1627118587493896
Buddy,Harper,2.1627442836761475
Patrick,Vivien,2.1630144119262695
Kanno,Maisie,2.163060188293457
Hailey,Rudolph,2.1630899906158447
Maisie,Rudolph,2.1631643772125244
Helena,Keybo,2.1632652282714844
Callan,Stephanie,2.163393974304199
Alex,Lloyd,2.163431406021118
Caleb,Charlotte,2.163477659225464
Bell,Glenda,2.163525342941284
Chester,Mark,2.16365909576416
Rudolph,Vanessa,2.1636874675750732
Jake,Rebecca,2.163726806640625
Patrick,Sindarin,2.163743734359741
Benny,Zoey,2.163759231567383
Annie,Mia,2.163792133331299
David,Jenna,2.1638922691345215
George,Lindsay,2.163942575454712
Michael,Paige,2.16394305229187
NewscasterJohn,Tina,2.1639997959136963
Aiden,Paige,2.164015054702759
Eman,Kelly,2.164029836654663
SantaClaus,Viqqie,2.1640591621398926
Hailey,Skylar,2.164130687713623
Gus,Stephanie,2.1641931533813477
KilliantheVampire,Victoria,2.1642141342163086
Frankenstein,Nia,2.1642234325408936
Cyrus,Katie,2.164344549179077
Icarus,Lydia,2.1643688678741455
Patrick,Tessa,2.1644089221954346
Harper,NewscasterJohn,2.1644093990325928
Joshua,Paige,2.164433717727661
Sindarin,Zoey,2.164517879486084
Mark,Vivien,2.1645309925079346
Aaron,Stephanie,2.1646180152893066
Michael,Stephanie,2.1646370887756348
Elias,Slushy,2.1646769046783447
Carl,Stephanie,2.164726972579956
David,Grace,2.1650352478027344
Margot,Tina,2.1650495529174805
Alex,Tim,2.1650550365448
Bell,Janet,2.1650755405426025
Aiden,Sara,2.165170669555664
NewscasterJohn,Riley,2.165221929550171
KilliantheVampire,MrsClaus,2.1652514934539795
Bell,Jackson,2.165269613265991
River,Samantha,2.16534686088562
Harper,Keybo,2.1653506755828857
Alex,CaptainBill,2.1654536724090576
Janet,Sophia,2.1655280590057373
Carl,Paige,2.165651559829712
Hailey,Mia,2.1657180786132812
George,Viktor,2.1657958030700684
Samantha,Valerie,2.1657989025115967
Lydia,Viktor,2.165829658508301
Benny,Sophia,2.1658570766448975
Oliver,Patrick,2.165912389755249
Damian,Lindsay,2.1659367084503174
KlipKim,Viktor,2.166018486022949
KilliantheVampire,Owen,2.1660590171813965
Dylan,Maddie,2.166066884994507
Caleb,Jenna,2.166158437728882
Callan,Lindsay,2.1662042140960693
Margaret,Peter,2.166256904602051
Millie,Ron,2.1663615703582764
Caleb,Hailey,2.1663644313812256
Michael,Tina,2.1664443016052246
Maisie,Royce,2.166457414627075
Henry,Millie,2.1664674282073975
Keybo,SabrinatheWitch,2.1664702892303467
Frankenstein,Skylar,2.1664741039276123
Emma,Ron,2.166508197784424
April,Caleb,2.166574478149414
Kelly,Zoey,2.166590452194214
PN,Paige,2.166672706604004
Callan,Santa,2.1668663024902344
David,SantaClaus,2.1669135093688965
Rebecca,Tina,2.1669812202453613
Jeff,Patricia,2.1669955253601074
Maisie,Michael,2.1669962406158447
Gus,Maddie,2.167079448699951
Helena,KilliantheVampire,2.167099952697754
Lindsay,Robert,2.1671931743621826
Patrick,Rebecca,2.167255401611328
April,West,2.1673192977905273
Doughnut,Viktor,2.1673269271850586
Buddy,Patricia,2.167335033416748
Annie,Nia,2.167372465133667
Glenda,Patrick,2.167447328567505
Hugh,Mia,2.1674818992614746
Hailey,Matthew,2.167530059814453
Aaron,Vanessa,2.1675429344177246
Mark,Viqqie,2.167699098587036
Chad,Paige,2.1677138805389404
Furnando,Hailey,2.1678054332733154
Elias,Paige,2.167820692062378
Kristen,Philip,2.1678380966186523
Lindsay,Tyson,2.167940616607666
Elias,Sara,2.167978286743164
Liam,Maisie,2.1680357456207275
Landon,Samantha,2.1680996417999268
Mark,Owen,2.168250322341919
Carol,Duke,2.168368101119995
Camila,Zoey,2.1684327125549316
Maddie,Xavier,2.1684329509735107
KilliantheVampire,Sean,2.168440580368042
Aaron,Lindsay,2.1684587001800537
Hugh,Stephanie,2.16853404045105
Caitlyn,NewscasterJohn,2.1685755252838135
Mark,Starling,2.168642520904541
Alex,Jimmy,2.16882061958313
Jackson,Starling,2.168870687484741
Charlotte,Janet,2.1689796447753906
Chase,Samantha,2.1690056324005127
Alex,Philip,2.1690568923950195
Icarus,Keybo,2.169074773788452
Ron,Stephanie,2.1690776348114014
Buddy,Janet,2.169145345687866
Henry,Tina,2.1691832542419434
Avery,Lloyd,2.1694014072418213
Claire,Lloyd,2.1694486141204834
Avery,Valerie,2.1695382595062256
Mark,Millie,2.1695773601531982
Joshua,Viktor,2.169650077819824
Hailey,Nathan,2.169881820678711
Jimmy,Philip,2.1699271202087402
Liam,Maddie,2.170182704925537
Cole,Keybo,2.170220375061035
KlipKim,Paige,2.1703269481658936
Owen,Rita,2.170358419418335
Millie,Paige,2.1703908443450928
Jenna,Lucille,2.170442819595337
Duke,Vanessa,2.1705026626586914
Doughnut,Duke,2.170527935028076
Emma,Jeff,2.1707894802093506
Frankenstein,Millie,2.1708195209503174
Bruce,Janet,2.1708312034606934
Sophia,Vincent,2.1708457469940186
Janet,Rita,2.1708643436431885
Skylar,Tim,2.171034336090088
Owen,Samantha,2.1710526943206787
Patrick,Rita,2.1710968017578125
Gus,Lindsay,2.1712002754211426
April,Maddie,2.171264886856079
Benny,Grace,2.171276330947876
Alex,Paige,2.171295404434204
Charlotte,Lloyd,2.1713058948516846
Helena,NewscasterJohn,2.171315908432007
Avery,Owen,2.1713547706604004
Robert,Skylar,2.1713569164276123
Lucille,Maisie,2.171424627304077
Athena,Jackson,2.1715619564056396
Mia,Philip,2.1716220378875732
Emma,Peter,2.17179012298584
Janet,Peter,2.171891450881958
Kelly,KlipKim,2.1719939708709717
Hailey,Logan,2.1720383167266846
Philip,Starling,2.1721105575561523
KilliantheVampire,River,2.1721930503845215
Nia,Philip,2.172322988510132
Carl,Valerie,2.17240834236145
Paige,West,2.172435998916626
Lucille,Millie,2.172473430633545
Justin,Paige,2.172501802444458
Neel,Skylar,2.1725170612335205
Kelly,Sara,2.172529458999634
Avery,Duke,2.1725447177886963
Lucille,UncleHank,2.172577142715454
Athena,PN,2.1726181507110596
Lucille,Santa,2.172677516937256
Rusty,Vivien,2.172696113586426
Icarus,Viktor,2.1727263927459717
Camila,Icarus,2.172734498977661
Callan,Helena,2.172780990600586
April,Buddy,2.1728920936584473
Lindsay,Lucille,2.172898054122925
Caleb,Maisie,2.1729116439819336
April,Jeff,2.173015832901001
Kristen,Robert,2.1730499267578125
Duke,Starling,2.1731646060943604
Catherine,Owen,2.1731889247894287
Kelly,Royce,2.173194408416748
Bruce,Kristen,2.1732027530670166
Starling,Tyson,2.1732027530670166
Callan,Claire,2.1733179092407227
Caleb,Riley,2.1733617782592773
Kevin,Mark,2.173395872116089
Aiden,Tina,2.1734888553619385
George,Paige,2.1735646724700928
Lloyd,Rita,2.173797845840454
Doughnut,Royce,2.173825979232788
Chloe,Rusty,2.173938751220703
Paige,Sophia,2.1741373538970947
Angela,Callan,2.1741554737091064
SantaClaus,Skylar,2.1742255687713623
Athena,Tyson,2.1742279529571533
Lydia,Mark,2.1742663383483887
Kelly,Sindarin,2.1743123531341553
Katie,West,2.174325704574585
Doug,Maddie,2.174497365951538
Matthew,Rusty,2.1745102405548096
Kelsey,Rusty,2.174616575241089
Mark,Olivia,2.174628973007202
Bruce,Riley,2.174726724624634
Icarus,Vincent,2.1747546195983887
Emma,Tyson,2.174851894378662
NewscasterJohn,Rita,2.1748530864715576
Liam,Paige,2.1748738288879395
Rita,SantaClaus,2.1748907566070557
George,Maddie,2.1748998165130615
Echo,Hans,2.1749064922332764
Paige,Tina,2.174928903579712
Helena,Jimmy,2.1749355792999268
Peter,Viqqie,2.1749589443206787
Chloe,Hans,2.1749632358551025
Gus,Katie,2.174994707107544
Alex,Xavier,2.1750600337982178
Janet,Starling,2.1751468181610107
Oliver,Rusty,2.1751768589019775
Jake,Stephanie,2.175178289413452
Carl,Grace,2.175191640853882
Keybo,Nathan,2.175229787826538
Lucille,SantaClaus,2.175292491912842
Aaron,Maisie,2.1753575801849365
Kristen,SantaClaus,2.1754610538482666
Callan,Harper,2.1754767894744873
Alex,Rex,2.1756632328033447
Janet,Jenna,2.1757261753082275
Valerie,West,2.1757736206054688
Maisie,Ron,2.175783395767212
Bruce,Charlotte,2.175794839859009
Patrick,Starling,2.1759910583496094
PN,Sophia,2.176069974899292
Janet,Philip,2.176157236099243
Katie,Owen,2.176164388656616
Hailey,Robert,2.176222562789917
Annie,Liam,2.1763410568237305
Carl,Vanessa,2.176452875137329
Kelly,Owen,2.1764581203460693
Ron,Valerie,2.1764743328094482
Audrey,Duke,2.1765975952148438
Glenda,Stephanie,2.1766107082366943
Chase,KilliantheVampire,2.1767356395721436
Doughnut,Santa,2.1768531799316406
Catherine,Rudolph,2.1769511699676514
Hailey,Shana,2.1769869327545166
Margaret,Patrick,2.177025556564331
Buddy,Kelly,2.177041530609131
Carlos,Hailey,2.1770875453948975
Callan,Jenna,2.1771318912506104
Edward,Valerie,2.1771366596221924
Catherine,Valerie,2.1772115230560303
Benny,Katie,2.177227258682251
SantaClaus,Simon,2.1772563457489014
Lucille,Paige,2.1772632598876953
Henry,Kelly,2.177300214767456
Bell,UncleHank,2.177353620529175
Rex,Vanessa,2.1775553226470947
Kanno,Skylar,2.1775641441345215
Frankenstein,Jenna,2.1776010990142822
Margot,Millie,2.1776421070098877
Graham,Tina,2.1776959896087646
Olivia,SantaClaus,2.177826166152954
Rusty,SabrinatheWitch,2.177995443344116
MrsClaus,Peter,2.1781656742095947
Henry,Maisie,2.1782619953155518
Alex,River,2.17826509475708
Lindsay,NewscasterJohn,2.178318500518799
Lindsay,Sean,2.1783440113067627
Kelly,Matthew,2.178363561630249
Alex,Wade,2.1784627437591553
Chloe,SantaClaus,2.1785168647766113
Annie,Cole,2.1786692142486572
Alex,Lucille,2.178715944290161
Alex,Simon,2.179049491882324
Paige,Santa,2.179121732711792
Agatha,Patrick,2.1791584491729736
Margot,Riley,2.1791610717773438
Philip,Stephanie,2.179163694381714
CaptainBill,Maisie,2.1792023181915283
Harper,KilliantheVampire,2.1792733669281006
Paige,Starling,2.1793019771575928
Helena,UncleHank,2.179399251937866
Valerie,Walter,2.179560661315918
Annie,Skylar,2.1796352863311768
Hailey,Kelly,2.179797410964966
Alex,Neoguard,2.179823398590088
Athena,NewscasterJohn,2.1800200939178467
Catherine,KilliantheVampire,2.180046319961548
Angela,Philip,2.180051326751709
Lindsay,Ron,2.180246114730835
Michael,Patricia,2.180288553237915
SantaClaus,Vincent,2.180363416671753
Lindsay,UncleHank,2.180403709411621
Jodie,KilliantheVampire,2.180415153503418
Vanessa,Viktor,2.1804592609405518
Echo,Ron,2.180506944656372
Bell,Bruce,2.180633306503296
Nova,Philip,2.180760622024536
Jackson,Vanessa,2.180767297744751
Gus,Patricia,2.1808125972747803
Elias,Skylar,2.180875301361084
Jeff,Maisie,2.181020736694336
Brad,Hailey,2.1810805797576904
Lindsay,Tim,2.1811251640319824
Katie,KlipKim,2.1812665462493896
Jimmy,Lindsay,2.18133282661438
Ben,Lucille,2.1813485622406006
NewscasterJohn,Rusty,2.1814377307891846
Margot,Mark,2.1815884113311768
PN,Samantha,2.181647300720215
Hugh,Janet,2.181670665740967
Jimmy,SantaClaus,2.181683301925659
Carl,Emma,2.1817080974578857
Charlotte,Peter,2.1817097663879395
KilliantheVampire,Lydia,2.1817243099212646
Claire,Icarus,2.1817314624786377
Katie,Royce,2.1818044185638428
Kanno,Keybo,2.18180775642395
Bell,Tyson,2.1818411350250244
Cole,Maddie,2.1818559169769287
Emma,Santa,2.182001829147339
Margot,Rusty,2.1820127964019775
Amber,Icarus,2.1821024417877197
Landon,Maddie,2.182286500930786
Avery,Frankenstein,2.182319402694702
Athena,Margot,2.1824121475219727
Duke,Kristen,2.1824562549591064
Jake,Tina,2.1824638843536377
Alex,Sophia,2.1825459003448486
Riley,Robert,2.1825475692749023
Riley,UncleHank,2.1825509071350098
Hailey,Millie,2.1826162338256836
Helena,Jake,2.1826436519622803
Bell,Hans,2.182739734649658
Dylan,Samantha,2.182752847671509
Liz,Lucille,2.182769536972046
David,Viktor,2.1828441619873047
Patrick,SantaClaus,2.182875394821167
Hans,Sara,2.1829049587249756
Charlotte,Icarus,2.183119535446167
Grace,Icarus,2.1831581592559814
Hailey,KlipKim,2.1832220554351807
Jenna,UncleHank,2.183227062225342
Rudolph,Sara,2.1832966804504395
Philip,Tina,2.1833114624023438
Athena,Santa,2.183328151702881
Buddy,Maisie,2.1833412647247314
Benny,Mia,2.1833646297454834
Janet,Keybo,2.1834347248077393
Amber,Keybo,2.183455228805542
Athena,UncleHank,2.1834919452667236
Frankenstein,Slushy,2.1836020946502686
Edward,Sophia,2.183688163757324
Patrick,Viqqie,2.1837782859802246
Keybo,Stephanie,2.1838300228118896
April,UncleHank,2.183990478515625
Caleb,Helena,2.184093475341797
Edward,KilliantheVampire,2.1841180324554443
Hailey,Vincent,2.184154748916626
Doughnut,Peter,2.1841790676116943
Maddie,Zoey,2.1844699382781982
Edward,Janet,2.184845447540283
Millie,Royce,2.184863567352295
Doughnut,Hailey,2.1849124431610107
Buddy,Stephanie,2.185135841369629
David,Lindsay,2.185201644897461
Janet,Millie,2.1852221488952637
Callan,Kristen,2.1852939128875732
Kelly,Philip,2.1852962970733643
George,Vanessa,2.185331106185913
Lucille,Patrick,2.1853315830230713
Helena,Vincent,2.1853644847869873
Avery,KilliantheVampire,2.1853785514831543
Duke,Emma,2.185401201248169
Hans,Vincent,2.185466766357422
Athena,Hailey,2.1856625080108643
Emma,NewscasterJohn,2.185666561126709
Peter,Tina,2.185727834701538
Keybo,Margot,2.185917615890503
Grace,Lloyd,2.185974359512329
Mark,Tina,2.186148166656494
Claire,Frankenstein,2.186157464981079
Icarus,Royce,2.1862428188323975
Buddy,Icarus,2.1862432956695557
Hans,Kelly,2.1862640380859375
PN,Valerie,2.186272382736206
Maddie,Sean,2.1862916946411133
Bell,Margot,2.1863203048706055
Caleb,Viktor,2.1864702701568604
Charlotte,Rusty,2.186689615249634
Lindsay,Margot,2.1866915225982666
Maddie,Vincent,2.186748504638672
Amber,SantaClaus,2.1870038509368896
Philip,Vanessa,2.187009572982788
Patricia,Rex,2.187131881713867
Margot,UncleHank,2.187176465988159
Athena,Edward,2.1871767044067383
Kristen,Margot,2.187211036682129
Carol,Patrick,2.187227964401245
Hugh,SantaClaus,2.1872718334198
Katie,Neel,2.187556028366089
Duke,Tyson,2.187628984451294
Patrick,Simon,2.187666416168213
Angela,NewscasterJohn,2.1877386569976807
Maddie,Ron,2.18780255317688
Lindsay,Rudolph,2.1878843307495117
Callan,Kelly,2.187894344329834
Grace,NewscasterJohn,2.1879312992095947
Benny,Millie,2.1880600452423096
Michael,Rusty,2.1880605220794678
Emma,Michael,2.1881439685821533
Jackson,Samantha,2.188153028488159
Annie,Dan,2.188162088394165
Grace,Tina,2.188236951828003
Jimmy,UncleHank,2.188239812850952
Rita,Rudolph,2.1882784366607666
Liam,Sophia,2.18829083442688
Kanno,Zoey,2.188326120376587
Santa,Valerie,2.1883482933044434
Ron,Santa,2.1885011196136475
Dylan,Sara,2.188513994216919
Keybo,Philip,2.188549280166626
Amber,Duke,2.1886065006256104
Janet,Lindsay,2.1887011528015137
PN,Sara,2.188767194747925
CaptainBill,Kelly,2.188788890838623
Jeff,Sophia,2.1888692378997803
Nia,Patrick,2.1889405250549316
Rusty,Tina,2.188943862915039
April,Michael,2.1890738010406494
Jodie,Mark,2.189082384109497
Michael,Valerie,2.1891114711761475
Carl,Viktor,2.189216136932373
Aaron,Helena,2.189314126968384
Callan,SantaClaus,2.189485788345337
Catherine,Mark,2.1895411014556885
Carl,Katie,2.1897928714752197
Bell,Gus,2.189862012863159
Rebecca,Robert,2.1898772716522217
Duke,Rebecca,2.1899468898773193
Henry,Stephanie,2.1901113986968994
Annie,Joshua,2.1901533603668213
Janet,Jimmy,2.190237522125244
Margaret,SantaClaus,2.190329074859619
Alex,Vincent,2.1903297901153564
Lucille,Starling,2.1903693675994873
Chloe,UncleHank,2.190378189086914
Camila,Viktor,2.1904211044311523
Jimmy,Stephanie,2.190459728240967
Rebecca,UncleHank,2.1906392574310303
Helena,Rudolph,2.1909444332122803
Annie,Norah,2.190997362136841
Rita,Tyson,2.191012382507324
Jimmy,Tyson,2.1910769939422607
Elias,Valerie,2.1911749839782715
Alex,Robert,2.1912729740142822
April,Edward,2.191359519958496
Rusty,Vincent,2.1913819313049316
Edward,Rusty,2.1914241313934326
David,Sara,2.191641092300415
AnnabelletheGhost,Michael,2.1918017864227295
Hailey,Tim,2.191901206970215
Margot,Patricia,2.1919078826904297
Lucille,Tina,2.191969156265259
Chloe,Duke,2.192065715789795
Gus,Helena,2.1920948028564453
AnnabelletheGhost,Peter,2.192211627960205
Athena,Ron,2.192222833633423
Ben,Paige,2.1923046112060547
Janet,Riley,2.192307949066162
Margaret,Rusty,2.1924052238464355
Katie,PN,2.192467212677002
Paige,Xavier,2.1926674842834473
Duke,Echo,2.192683458328247
Rusty,Tessa,2.192729949951172
Athena,Jeff,2.1928470134735107
Kanno,Patricia,2.1928625106811523
Duke,Katie,2.1929047107696533
Athena,Janet,2.1931164264678955
Callan,Mia,2.193185567855835
Athena,Patrick,2.1932075023651123
Kelly,Santa,2.1932365894317627
Maddie,Rudolph,2.1933066844940186
Jake,Paige,2.193366289138794
Charlotte,Rudolph,2.1934635639190674
Mark,Patrick,2.1934714317321777
Frankenstein,Helena,2.19353985786438
Doug,Maisie,2.193540334701538
Buddy,Katie,2.1935408115386963
Jack,Patricia,2.1935458183288574
Katie,Michael,2.1936416625976562
Keybo,Liz,2.1937029361724854
Elias,Sophia,2.1937906742095947
Bell,Neel,2.1938469409942627
Frankenstein,Hans,2.193962335586548
April,Lloyd,2.194105386734009
Lloyd,Riley,2.1941635608673096
Bell,Cyrus,2.194167137145996
Jake,Maisie,2.1941699981689453
Gus,Sara,2.1941897869110107
Jenna,Santa,2.1944985389709473
Catherine,Patrick,2.1945314407348633
Icarus,Liz,2.1945912837982178
Kristen,Patrick,2.194692611694336
Jack,Maisie,2.1947925090789795
KlipKim,Sophia,2.194822072982788
Bruce,Lindsay,2.1948320865631104
Chase,Paige,2.1950337886810303
Carol,SantaClaus,2.195039987564087
Annie,Icarus,2.1950666904449463
Frankenstein,Lucille,2.1950690746307373
Lloyd,Valerie,2.1950697898864746
Bruce,Rita,2.19512677192688
Bell,Callan,2.195242404937744
Claire,Rex,2.195310354232788
Chester,Viktor,2.1953697204589844
Peter,Sara,2.1954143047332764
Emma,Margot,2.1955044269561768
SantaClaus,Zoey,2.1955599784851074
Chloe,NewscasterJohn,2.195692777633667
Kelly,Sean,2.195756435394287
Alex,Ravi,2.196057081222534
Chad,Maisie,2.1960575580596924
Claire,Peter,2.1960740089416504
Harper,Patrick,2.1960809230804443
Michael,Patrick,2.1961615085601807
Athena,Duke,2.1961750984191895
Jake,Riley,2.1961820125579834
Claire,Hugh,2.196345329284668
Benny,Jenna,2.1963722705841064
DollarJr,Maddie,2.196375608444214
Ron,Tina,2.196406602859497
Cyrus,Vanessa,2.196470022201538
Edward,Lloyd,2.196471929550171
CaptainBill,Maddie,2.1965439319610596
Jeff,Paige,2.196552038192749
Annie,Furnando,2.196871042251587
Lloyd,Millie,2.197010040283203
Chloe,Philip,2.1970694065093994
Mark,Slushy,2.1970818042755127
Tina,Tyson,2.1970927715301514
Kristen,Ron,2.197152853012085
Keybo,Riley,2.1972689628601074
Rita,Viktor,2.1972692012786865
NewscasterJohn,Samantha,2.197270154953003
Helena,Lloyd,2.197309732437134
Dan,Maddie,2.1973507404327393
Chase,Mark,2.197371482849121
Annie,Jack,2.197411298751831
Alex,West,2.1974294185638428
Alex,Kevin,2.1974828243255615
Helena,Tim,2.1975202560424805
Athena,KilliantheVampire,2.1976943016052246
Kelly,Starling,2.1977179050445557
Emma,Valerie,2.19773530960083
Jennifer,SantaClaus,2.197968006134033
Samantha,Tim,2.1982500553131104
Annie,Tim,2.198319673538208
Dan,Mark,2.198350667953491
Chase,Sara,2.198364734649658
Rex,Valerie,2.1984517574310303
Bruce,Keybo,2.1986186504364014
Elias,Hailey,2.1986496448516846
Callan,Catherine,2.1987051963806152
KlipKim,Maddie,2.198791265487671
Jackson,SantaClaus,2.1989853382110596
Duke,Millie,2.1989879608154297
Jenna,Tyson,2.199002742767334
Jenna,Lloyd,2.199162721633911
Santa,Vanessa,2.1992347240448
Jeff,Maddie,2.1992392539978027
Chester,Kelly,2.1993794441223145
Elias,Kristen,2.199443817138672
Echo,Keybo,2.1994576454162598
Callan,Riley,2.1994681358337402
Doughnut,Gus,2.19952130317688
KilliantheVampire,Stephanie,2.1997053623199463
AnnabelletheGhost,Frankenstein,2.199843645095825
Keybo,Nana,2.1998908519744873
NewscasterJohn,Skylar,2.200155258178711
Lindsay,PN,2.200157880783081
Bruce,Valerie,2.2003915309906006
Ron,Sara,2.200568437576294
Jeff,Keybo,2.2006165981292725
Joshua,Rusty,2.2006661891937256
Slushy,Viktor,2.2007548809051514
Callan,Starling,2.2008283138275146
Alex,Hailey,2.2009124755859375
Justin,Samantha,2.2009775638580322
Abigail,KilliantheVampire,2.2010793685913086
Frankenstein,Janet,2.2011940479278564
Hans,Sindarin,2.2013204097747803
Annie,Carl,2.2014153003692627
Doughnut,Lloyd,2.2014718055725098
AnnabelletheGhost,Buddy,2.2015960216522217
Benny,Hailey,2.2016334533691406
Duke,Janet,2.2016851902008057
Hailey,UncleHank,2.202040672302246
Charlotte,KilliantheVampire,2.2021658420562744
Annie,Callan,2.2021942138671875
Ron,SantaClaus,2.2022078037261963
Katie,Keybo,2.2023980617523193
Alex,Graham,2.2024354934692383
Paige,Ravi,2.2025210857391357
Bell,Carl,2.2026114463806152
Graham,Skylar,2.2026138305664062
Jeff,Patrick,2.202775001525879
Caleb,Rusty,2.20278000831604
Janet,Robert,2.2028043270111084
Benny,Harper,2.2028870582580566
UncleHank,Zoey,2.20290470123291
PN,Vanessa,2.2030251026153564
Claire,Mark,2.203234910964966
Harper,Jake,2.2033326625823975
Doughnut,Patrick,2.2035653591156006
Kristen,Lloyd,2.2037789821624756
Glenda,Lindsay,2.2039997577667236
Avery,Viktor,2.204068422317505
Gus,Maisie,2.204068422317505
Mia,Robert,2.2041404247283936
Aaron,Maddie,2.2041749954223633
Kelsey,Peter,2.204366445541382
Hailey,Helena,2.2044942378997803
Chase,Emma,2.2046570777893066
Hugh,Riley,2.204779624938965
Emma,Hans,2.204786777496338
Mark,Norah,2.2048606872558594
Carl,Sophia,2.2049145698547363
Buddy,Vanessa,2.205054521560669
Jake,Vanessa,2.2051477432250977
Agatha,Annie,2.2052197456359863
Santa,Sophia,2.2052576541900635
Benny,Helena,2.205442190170288
Hans,Vanessa,2.205559015274048
Jackson,Patrick,2.2057011127471924
Sara,Tim,2.205723285675049
Charlotte,Jake,2.2057535648345947
Michael,Vanessa,2.2057690620422363
NewscasterJohn,Sara,2.205867052078247
Edward,Ron,2.2059357166290283
Jake,Rusty,2.2059524059295654
Alex,Hugh,2.2059662342071533
Maisie,Owen,2.2060840129852295
Cyrus,Maddie,2.20617938041687
Annie,Jackson,2.2062387466430664
Audrey,KilliantheVampire,2.2062814235687256
Grace,Millie,2.2064263820648193
Edward,Hugh,2.2064969539642334
Rusty,Victoria,2.20649790763855
Callan,Keybo,2.206596612930298
Paige,Simon,2.2066421508789062
Carl,Hailey,2.2066545486450195
Lucille,Peter,2.2066867351531982
Hans,Lucille,2.2067911624908447
Icarus,Millie,2.206935167312622
Janet,Kelly,2.2069766521453857
CaptainBill,Hailey,2.2070181369781494
Owen,Patricia,2.207075595855713
David,Vanessa,2.2070963382720947
Maisie,Neel,2.2071125507354736
Ron,Samantha,2.207178831100464
Frankenstein,Starling,2.207186222076416
Natalie,Rusty,2.207237958908081
Mark,Natalie,2.2072739601135254
Buddy,Paige,2.2073538303375244
Carlos,Viktor,2.2074124813079834
Chad,Sara,2.20743465423584
Chase,Viktor,2.207465410232544
Annie,Larry,2.2075984477996826
Sean,Sophia,2.2077507972717285
Frankenstein,Vanessa,2.2078230381011963
Doughnut,Mark,2.207829236984253
PN,Patricia,2.20784592628479
Benny,Kristen,2.207862615585327
Hailey,Rex,2.208141326904297
Carl,Janet,2.2081692218780518
Avery,SantaClaus,2.208197832107544
Jenna,Peter,2.2083518505096436
Sophia,Tim,2.2084391117095947
Patricia,Robert,2.2084426879882812
Sara,UncleHank,2.2085843086242676
Alex,Sean,2.2087771892547607
Alex,Chad,2.209315538406372
Chase,Maisie,2.209441900253296
Graham,Maddie,2.209637403488159
Keybo,Royce,2.209784984588623
Katie,Patrick,2.209841012954712
Peter,Samantha,2.209909677505493
Keybo,Rita,2.2100722789764404
Jenna,Zoey,2.2101495265960693
Agatha,Keybo,2.210169553756714
Patricia,UncleHank,2.2101781368255615
Jeff,Katie,2.210242986679077
Bell,Lucille,2.2102649211883545
Riley,Rusty,2.210270881652832
Jeff,Vanessa,2.2102773189544678
Grace,Starling,2.210296869277954
Hailey,Lindsay,2.210674524307251
Justin,Maddie,2.2106826305389404
Duke,Liz,2.2107107639312744
Rebecca,West,2.2107927799224854
AnnabelletheGhost,Viktor,2.2108819484710693
Janet,NewscasterJohn,2.2109017372131348
Duke,Valerie,2.211003541946411
KilliantheVampire,Rita,2.21101450920105
Ravi,Valerie,2.211052656173706
Edward,Hailey,2.2111892700195312
Bell,Buddy,2.2112314701080322
Annie,DollarJr,2.2112536430358887
Alex,Kelly,2.2112696170806885
Caleb,Patricia,2.211311101913452
Margot,Skylar,2.2113125324249268
Hailey,Stephanie,2.2113256454467773
Duke,Zoey,2.2113866806030273
Annie,Glenda,2.2114078998565674
Lloyd,Stephanie,2.211433172225952
JackoLantern,Viktor,2.2114806175231934
Jake,Viktor,2.2114927768707275
Jake,Samantha,2.211540699005127
Maisie,West,2.2116811275482178
Callan,Tina,2.211986541748047
Bell,Jeff,2.212043046951294
Chloe,Margot,2.2121195793151855
Caleb,Maddie,2.2121784687042236
Rusty,Santa,2.212345838546753
Mark,Sylvia,2.2124297618865967
UncleHank,Vanessa,2.212486982345581
Kelsey,Patrick,2.212519407272339
Annie,Graham,2.2125537395477295
Hailey,Maddie,2.2125742435455322
Liam,Valerie,2.2126400470733643
Buddy,Sara,2.212756395339966
Jack,Paige,2.2127652168273926
Patrick,Sean,2.2129006385803223
Paige,River,2.2129387855529785
Hans,Tina,2.212977409362793
Kelly,Robert,2.213012933731079
Ravi,Rita,2.213047742843628
Matthew,Viktor,2.2132065296173096
KilliantheVampire,Slushy,2.21341872215271
Aiden,Maddie,2.2135021686553955
Mia,Viktor,2.213564872741699
Bell,Santa,2.2138264179229736
Rex,Sara,2.2138493061065674
JackoLantern,Mark,2.213927984237671
Bell,Damian,2.2140636444091797
Patrick,Skylar,2.214280366897583
Bell,Michael,2.2144179344177246
Maddie,West,2.2144298553466797
Maddie,NewscasterJohn,2.2144572734832764
Alex,Keybo,2.2145252227783203
Lloyd,Rebecca,2.21454119682312
April,Frankenstein,2.214623212814331
Catherine,Icarus,2.214625835418701
Lucille,Mark,2.2148325443267822
Millie,Zoey,2.214952230453491
Audrey,Mark,2.2149970531463623
Bruce,Paige,2.215024471282959
Hailey,Jenna,2.2150752544403076
Katie,Santa,2.2151410579681396
Jack,Maddie,2.215184450149536
Icarus,Sara,2.2152864933013916
MrsClaus,Rusty,2.215393304824829
Justin,Maisie,2.215446710586548
Janet,Owen,2.215451717376709
Kelly,West,2.2156269550323486
Frankenstein,Harper,2.216026782989502
Audrey,Patrick,2.21604323387146
Angela,Lloyd,2.2160894870758057
Benny,Viktor,2.2162981033325195
Duke,Samantha,2.2162997722625732
Annie,Janet,2.216496229171753
Annie,West,2.2164995670318604
Grace,Philip,2.216587543487549
Robert,SantaClaus,2.216658115386963
Annie,Caleb,2.216780185699463
Charlotte,Mark,2.216799020767212
Harper,Owen,2.2168662548065186
Bruce,Stephanie,2.216965436935425
Duke,Patricia,2.216979503631592
Aaron,Alex,2.2170650959014893
Paige,Rex,2.2172584533691406
Camila,SantaClaus,2.21732497215271
Bell,David,2.2173430919647217
April,Jake,2.217381477355957
Benny,Maisie,2.2174954414367676
Janet,Sean,2.217496156692505
Gus,Vanessa,2.2175230979919434
Janet,Jeff,2.2176198959350586
Alex,Jackson,2.2176616191864014
Damian,Jenna,2.217731237411499
Athena,Rudolph,2.2177765369415283
Athena,Slushy,2.2178561687469482
Owen,Santa,2.218017578125
Angela,Bruce,2.2180845737457275
DollarJr,Kelly,2.2182061672210693
Annie,Santa,2.218912124633789
Chloe,Keybo,2.2190332412719727
Icarus,Vanessa,2.2191641330718994
Keybo,Maddie,2.2193853855133057
Icarus,Zoey,2.219446897506714
Oscar,Paige,2.219475269317627
River,Zoey,2.219482421875
Alex,Owen,2.2195041179656982
Annie,Xavier,2.2195322513580322
Hans,Patrick,2.219585657119751
Buddy,Keybo,2.2197165489196777
Ben,Ron,2.219874858856201
Icarus,Janet,2.219949960708618
Rex,Viktor,2.2199761867523193
Jodie,Rusty,2.219978094100952
Frankenstein,Samantha,2.2200815677642822
Kelly,Michael,2.220297336578369
Frankenstein,Rebecca,2.220322847366333
Hugh,Valerie,2.2203280925750732
KilliantheVampire,Vincent,2.220329999923706
Jackson,Sophia,2.22041392326355
Duke,Helena,2.220418691635132
Owen,Riley,2.220608949661255
Jackson,Lindsay,2.2206227779388428
Bruce,Grace,2.220625638961792
Jodie,Viktor,2.220656633377075
Margot,Sophia,2.220677137374878
Philip,Skylar,2.2213587760925293
Kristen,Mark,2.221468687057495
Jeff,Samantha,2.221527099609375
Maddie,Rex,2.221545934677124
Sara,Tyson,2.2216944694519043
Rebecca,SantaClaus,2.2217729091644287
Carl,Lindsay,2.221787214279175
Damian,Helena,2.221801519393921
Amber,Hugh,2.2218072414398193
Samantha,Santa,2.2218966484069824
Echo,Robert,2.221933126449585
Buddy,Hailey,2.2220067977905273
Helena,Owen,2.2221126556396484
Janet,Vincent,2.222146511077881
Grace,SantaClaus,2.2221598625183105
Patricia,Santa,2.222188711166382
Alex,Callan,2.2223174571990967
Frankenstein,Keybo,2.222330093383789
Glenda,SantaClaus,2.2223637104034424
Icarus,Rita,2.2223732471466064
Maisie,Ravi,2.2224109172821045
Alex,Grace,2.222506523132324
Helena,River,2.222553014755249
Janet,Rex,2.2225944995880127
Cyrus,Keybo,2.222672700881958
Mark,Rita,2.2227416038513184
AnnabelletheGhost,Hugh,2.222752332687378
Norah,Rusty,2.2229387760162354
Katie,Tim,2.2230889797210693
Maisie,Tim,2.223219633102417
Maddie,Neel,2.223256826400757
Callan,Skylar,2.223285436630249
Hans,Maisie,2.2232859134674072
Duke,Kelsey,2.2233479022979736
Jake,Valerie,2.2233643531799316
Mia,Patrick,2.2234103679656982
Hugh,Lindsay,2.223419427871704
Riley,Viktor,2.223581075668335
Charlotte,Michael,2.223832368850708
Annie,Logan,2.223834991455078
David,Emma,2.223893404006958
Kevin,Sophia,2.223937749862671
Avery,Rusty,2.224036455154419
Michael,Samantha,2.2242558002471924
Chase,Helena,2.2243497371673584
Katie,UncleHank,2.2243549823760986
Elias,Keybo,2.2244081497192383
Helena,Mark,2.2246625423431396
Hugh,Rita,2.2246923446655273
April,Santa,2.2246954441070557
Norah,Viktor,2.224839448928833
Aiden,Keybo,2.224916696548462
PN,Viktor,2.2249529361724854
Skylar,Tyson,2.2251012325286865
Hans,Skylar,2.225285530090332
April,Peter,2.2254550457000732
Annie,Ron,2.225541114807129
Paige,Royce,2.22554874420166
Icarus,Stephanie,2.2255563735961914
KilliantheVampire,Verna,2.2257025241851807
Duke,Riley,2.225743055343628
Aaron,Paige,2.225754976272583
Patrick,River,2.225764751434326
Keybo,Robert,2.2257986068725586
Cyrus,Lindsay,2.225823163986206
Lucille,Rusty,2.225895881652832
Kelly,Walter,2.2259600162506104
Annie,Neoguard,2.2261626720428467
Helena,Jeff,2.226167917251587
Avery,Tyson,2.2262234687805176
Alex,Rudolph,2.226337194442749
Keybo,Paige,2.2264058589935303
Ron,Zoey,2.2265212535858154
Patrick,Santa,2.2265713214874268
Alex,Ron,2.2266266345977783
Hugh,Maisie,2.2266459465026855
Gus,Kelly,2.226647138595581
Icarus,Nia,2.2266504764556885
Emma,Gus,2.2268924713134766
Bruce,Patricia,2.2270548343658447
Hailey,Hans,2.227301836013794
Neel,SantaClaus,2.227337121963501
April,SantaClaus,2.227508783340454
SantaClaus,Valerie,2.227626323699951
Jackson,Millie,2.2278733253479004
KilliantheVampire,Sara,2.2278897762298584
Valerie,Viktor,2.2279345989227295
Janet,Katie,2.2279751300811768
NewscasterJohn,Patricia,2.2280232906341553
Bell,Benny,2.228074789047241
Hailey,Jeff,2.2282040119171143
Annie,Michael,2.2282233238220215
Benny,Maddie,2.228288412094116
Mark,MrsClaus,2.2283875942230225
Maddie,Margot,2.228487968444824
AnnabelletheGhost,Tina,2.2285964488983154
Kelly,Rusty,2.2286698818206787
Jake,Starling,2.228672981262207
Chloe,KilliantheVampire,2.2287213802337646
George,Keybo,2.228846788406372
Katie,NewscasterJohn,2.2289304733276367
Rudolph,Tina,2.229008436203003
Charlotte,Santa,2.2291181087493896
Echo,SantaClaus,2.2292520999908447
Jake,Lindsay,2.2293641567230225
Duke,Tina,2.2295515537261963
Emma,Keybo,2.229573965072632
Alex,Chase,2.2299017906188965
Catherine,Hailey,2.2299649715423584
Lloyd,Samantha,2.230135202407837
Ben,Sophia,2.2301523685455322
Harper,Icarus,2.230154514312744
Hailey,Jackson,2.23028302192688
Michael,Sophia,2.2302913665771484
George,Sara,2.2304201126098633
Santa,Stephanie,2.2304694652557373
MrsClaus,SantaClaus,2.2305386066436768
Gus,Jenna,2.2305543422698975
Caleb,Valerie,2.2305798530578613
Nia,Rusty,2.230813980102539
Rusty,Zoey,2.2308249473571777
DollarJr,Viktor,2.231119155883789
Paige,Robert,2.231245279312134
April,Duke,2.231394052505493
Hailey,PN,2.2314982414245605
Hailey,Sylvia,2.231566905975342
KlipKim,Valerie,2.2316575050354004
Frankenstein,Sara,2.231752395629883
Viktor,Walter,2.2318215370178223
Carol,Mark,2.2318625450134277
Agatha,Valerie,2.2318670749664307
River,Vanessa,2.23191237449646
Helena,Lucille,2.2320144176483154
Athena,Maddie,2.232304334640503
Callan,Hailey,2.232386827468872
CaptainBill,Viktor,2.232562780380249
Kelly,Oliver,2.2327072620391846
Mark,Peter,2.2329084873199463
Lucille,Maddie,2.2330243587493896
Doug,Paige,2.2331273555755615
Damian,Maddie,2.2331607341766357
Benny,Emma,2.2333853244781494
Caitlyn,Mark,2.2335214614868164
April,Tina,2.233527421951294
Sean,Valerie,2.233659505844116
Rudolph,Sophia,2.2338340282440186
Alex,Neel,2.2341973781585693
Rusty,Walter,2.234236717224121
Jeff,Mark,2.234240770339966
KilliantheVampire,Riley,2.234510898590088
Amber,Mark,2.2345497608184814
Graham,Hailey,2.2347068786621094
Hailey,Liam,2.2347397804260254
Benny,Tina,2.2348430156707764
Doughnut,Lucille,2.2351715564727783
Katie,Peter,2.2352044582366943
Kelsey,SantaClaus,2.2353005409240723
Kelly,Slushy,2.2354629039764404
Philip,Riley,2.235560417175293
Aiden,Alex,2.235564947128296
Annie,Rita,2.2357051372528076
Hugh,Sophia,2.236027479171753
Icarus,Nova,2.236093282699585
Neel,Paige,2.2362561225891113
Logan,Maddie,2.23630690574646
Catherine,Frankenstein,2.2363338470458984
Hans,Kristen,2.2365658283233643
Skylar,Valerie,2.2365851402282715
Tina,Viktor,2.236753225326538
Kelly,KilliantheVampire,2.2370548248291016
Kelly,Viktor,2.237121343612671
Chloe,Icarus,2.2371952533721924
Carl,Samantha,2.2373907566070557
Keybo,Sara,2.2374014854431152
Kanno,Paige,2.2374260425567627
Helena,Jackson,2.2374308109283447
Bell,Duke,2.2375869750976562
Patrick,Vincent,2.237795352935791
Jackson,Patricia,2.237863302230835
Cyrus,Maisie,2.238004684448242
Catherine,SantaClaus,2.238091230392456
David,Valerie,2.238126039505005
Keybo,SantaClaus,2.2381584644317627
Keybo,Lloyd,2.2382237911224365
Bell,Viktor,2.238440752029419
Athena,Michael,2.2385246753692627
Annie,Ravi,2.2387170791625977
Amber,KilliantheVampire,2.2387452125549316
Keybo,Starling,2.2389495372772217
Alex,Cole,2.2389519214630127
Alex,KilliantheVampire,2.2389814853668213
Maisie,River,2.239187002182007
Kanno,Maddie,2.2392051219940186
Carl,Owen,2.239219903945923
Tessa,Viktor,2.239610433578491
Annie,Kevin,2.2396886348724365
Alex,Duke,2.2397563457489014
Callan,Patricia,2.2397773265838623
Frankenstein,Patricia,2.239874839782715
Keybo,Tyson,2.240020513534546
Duke,Owen,2.240220785140991
Emma,Viktor,2.2402842044830322
Maddie,Robert,2.2403759956359863
Patricia,Philip,2.2404325008392334
Emma,Frankenstein,2.240752935409546
Hugh,Patricia,2.240762948989868
Paige,Tim,2.240872621536255
Samantha,Tyson,2.24101185798645
Maddie,PN,2.2411110401153564
Benny,Janet,2.2411625385284424
KilliantheVampire,Mia,2.2414193153381348
Jimmy,Patrick,2.2416059970855713
Hailey,West,2.2418034076690674
Hans,Rita,2.2418291568756104
Patrick,Sara,2.242111921310425
Sara,Valerie,2.242379665374756
Hailey,Tina,2.24243426322937
Bruce,Sophia,2.2424652576446533
Hugh,Skylar,2.2425715923309326
Nia,UncleHank,2.2429044246673584
Frankenstein,Maisie,2.242905855178833
Benny,Patrick,2.2431533336639404
Duke,Stephanie,2.243292808532715
Owen,Patrick,2.243328809738159
Jeff,Rebecca,2.2433359622955322
Athena,Robert,2.243382692337036
Maisie,Peter,2.243405342102051
Benny,Rebecca,2.2435920238494873
Mark,Stephanie,2.2436842918395996
Benny,Vanessa,2.243713855743408
KilliantheVampire,Vanessa,2.243774890899658
Bruce,Rebecca,2.243781328201294
Hailey,Lloyd,2.243783950805664
Annie,Jeff,2.2438435554504395
Helena,Patrick,2.2438995838165283
KilliantheVampire,Nova,2.2439558506011963
Maddie,Simon,2.2440595626831055
Charlotte,SantaClaus,2.2441911697387695
Buddy,Millie,2.2444891929626465
Mark,Nia,2.2445147037506104
Frankenstein,Mia,2.244732618331909
Aaron,Annie,2.2448127269744873
Damian,Paige,2.2448155879974365
Peter,Viktor,2.244835138320923
Graham,Kristen,2.244935989379883
Gus,Rusty,2.2454018592834473
Millie,Patrick,2.245490789413452
Emma,River,2.2455525398254395
Buddy,Emma,2.2456116676330566
Janet,Patrick,2.2456376552581787
NewscasterJohn,Viktor,2.245744466781616
April,Keybo,2.2458274364471436
Hugh,Katie,2.2459876537323
Margot,Patrick,2.246095657348633
April,Bruce,2.2461278438568115
Jackson,Paige,2.2464640140533447
April,Viktor,2.246631383895874
Helena,Rex,2.2466466426849365
Maddie,Santa,2.246687650680542
Kevin,Maddie,2.246694326400757
Alex,Athena,2.2467145919799805
Paige,Ron,2.246742010116577
Patricia,Rusty,2.2469024658203125
Annie,Chase,2.2470009326934814
Harper,Rusty,2.247128486633301
Tina,Vincent,2.2473528385162354
MrsClaus,Ron,2.2474210262298584
Icarus,Rebecca,2.247897148132324
Liz,Patrick,2.247987985610962
Alex,PN,2.248110055923462
Lloyd,Patricia,2.248246669769287
Annie,Elias,2.248455286026001
Lindsay,Lloyd,2.2486588954925537
Bruce,Katie,2.2486965656280518
Doughnut,Zoey,2.2489044666290283
Claire,Viktor,2.2489731311798096
Michael,UncleHank,2.2490108013153076
Hailey,Santa,2.2490336894989014
Hugh,Kristen,2.249034881591797
Santa,UncleHank,2.249042272567749
Echo,UncleHank,2.2490646839141846
Annie,George,2.2493889331817627
Mark,Ron,2.2494075298309326
Doughnut,SantaClaus,2.24943470954895
Valerie,Vincent,2.2494654655456543
Duke,Sophia,2.249598979949951
Annie,KlipKim,2.2497150897979736
Claire,Rusty,2.2499632835388184
Avery,Mark,2.250182867050171
Emma,Mark,2.2501943111419678
Rudolph,Viktor,2.2502973079681396
Patrick,Vanessa,2.2504453659057617
Ben,Hailey,2.2509427070617676
Lindsay,Santa,2.250943899154663
Emma,Patrick,2.2511730194091797
Ravi,Sophia,2.251293659210205
Angela,Viktor,2.251304864883423
Icarus,Kelly,2.2514469623565674
Annie,Viqqie,2.2519638538360596
Santa,Sara,2.2520029544830322
Duke,Jenna,2.2520642280578613
Bell,Valerie,2.2522780895233154
Lloyd,Paige,2.2524003982543945
Bell,Peter,2.252675771713257
Jeff,Lindsay,2.2526767253875732
Kelly,Vincent,2.25270676612854
Philip,Samantha,2.25280499458313
Jackson,Maisie,2.2528913021087646
Keybo,West,2.253217935562134
Sophia,UncleHank,2.253237724304199
Landon,Paige,2.2533366680145264
Owen,Starling,2.2534682750701904
Elias,Viktor,2.253519296646118
Kelly,Patrick,2.2535698413848877
Edward,Kelly,2.2539925575256348
Owen,Sophia,2.2540249824523926
Angela,Mark,2.254495859146118
Maisie,SantaClaus,2.2547943592071533
Alex,Echo,2.2548043727874756
Patrick,Valerie,2.254828691482544
AnnabelletheGhost,Benny,2.2548651695251465
Athena,Jake,2.254875421524048
Frankenstein,Stephanie,2.2550418376922607
Bell,Mark,2.2550485134124756
Rex,Tina,2.255066156387329
Samantha,UncleHank,2.255248546600342
Peter,Vanessa,2.2553608417510986
AnnabelletheGhost,Mark,2.255532741546631
Jake,Maddie,2.2556746006011963
Angela,Rusty,2.2557358741760254
Claire,Hailey,2.2558412551879883
Michael,Sara,2.255913496017456
Rusty,Sean,2.2559802532196045
Bell,Icarus,2.2560718059539795
KilliantheVampire,Valerie,2.256150007247925
Riley,Tyson,2.2563278675079346
Duke,Keybo,2.256439208984375
Bruce,Echo,2.2564432621002197
Ron,Sophia,2.256448268890381
Athena,Peter,2.2564697265625
Catherine,Duke,2.2566192150115967
Keybo,NewscasterJohn,2.2572600841522217
Agatha,Viktor,2.2572882175445557
Lindsay,Zoey,2.257375478744507
Caleb,Kelly,2.2577221393585205
Cyrus,Sara,2.257842779159546
Janet,Rudolph,2.2578749656677246
Jenna,Mark,2.2579736709594727
Bell,Royce,2.25797438621521
Patrick,Sophia,2.2579805850982666
Maisie,Robert,2.2584993839263916
Tina,Zoey,2.2586023807525635
April,Icarus,2.2588002681732178
Alex,Jeff,2.2594282627105713
Alex,Jake,2.259519338607788
Hans,Rusty,2.259589195251465
Helena,Santa,2.259685754776001
Echo,Lloyd,2.2597033977508545
Alex,Hans,2.2597272396087646
Annie,David,2.259989023208618
Avery,Icarus,2.2601568698883057
Mark,Rebecca,2.260187864303589
Frankenstein,Hailey,2.26021146774292
Emma,SantaClaus,2.2602131366729736
Annie,Henry,2.260216474533081
Alex,Gus,2.2603724002838135
Harper,Tyson,2.260439872741699
Rudolph,Valerie,2.260660409927368
Janet,Ron,2.260974407196045
Maisie,Viktor,2.261024236679077
Tina,Valerie,2.261075735092163
Hailey,Michael,2.2611095905303955
Helena,Michael,2.2614359855651855
KilliantheVampire,Skylar,2.2614567279815674
Tyson,Valerie,2.2618141174316406
Annie,Echo,2.261937379837036
Nova,Viktor,2.261972188949585
Graham,Sophia,2.261981964111328
Icarus,Mia,2.2620131969451904
Kelly,UncleHank,2.262361764907837
Hailey,Jack,2.2624504566192627
Frankenstein,Zoey,2.2625746726989746
Katie,KilliantheVampire,2.262578010559082
Janet,Valerie,2.2626771926879883
KilliantheVampire,Lucille,2.262942314147949
Hailey,Icarus,2.2629916667938232
Owen,Paige,2.263026237487793
Millie,Viktor,2.263089418411255
Philip,Sophia,2.2631475925445557
Rudolph,Rusty,2.2632999420166016
Peter,Rita,2.2633492946624756
David,Hailey,2.263418197631836
Grace,Viktor,2.2634265422821045
Avery,Keybo,2.263462543487549
Chloe,Tyson,2.263500213623047
Alex,Elias,2.2639238834381104
Oliver,Viktor,2.2639307975769043
Annie,Kristen,2.263941764831543
Annie,Margot,2.2639968395233154
Bell,Lloyd,2.2643749713897705
Liz,Mark,2.265028238296509
Viktor,West,2.2651684284210205
Alex,NewscasterJohn,2.2651846408843994
Maddie,Tim,2.2653017044067383
Benny,Paige,2.2653284072875977
Camila,Patrick,2.265338659286499
NewscasterJohn,Valerie,2.26543927192688
Hugh,Tina,2.265594244003296
Bruce,Samantha,2.2656915187835693
Hans,Katie,2.266165018081665
Keybo,KilliantheVampire,2.2662768363952637
Patricia,Tyson,2.2663919925689697
NewscasterJohn,Sophia,2.2666189670562744
Henry,Lindsay,2.267291784286499
Hailey,Owen,2.2674100399017334
Frankenstein,Kelly,2.2674782276153564
Henry,Maddie,2.267686605453491
Maddie,Royce,2.2678050994873047
Royce,Vanessa,2.267915725708008
Annie,NewscasterJohn,2.2682769298553467
Peter,Rusty,2.268298864364624
Katie,Tyson,2.2684264183044434
April,Mark,2.2685751914978027
SantaClaus,Viktor,2.2688024044036865
Buddy,Lindsay,2.2688798904418945
Icarus,Katie,2.2688989639282227
KilliantheVampire,Norah,2.269064426422119
Caitlyn,Rusty,2.269286632537842
Alex,David,2.269331455230713
Hailey,Peter,2.2693679332733154
Kelly,Peter,2.2694642543792725
Maisie,Rex,2.269475221633911
Jake,Patrick,2.2695581912994385
David,Maddie,2.2697386741638184
Annie,UncleHank,2.269768238067627
Jake,Kelly,2.269871473312378
Janet,Patricia,2.2701382637023926
Keybo,Lucille,2.2701961994171143
Mia,Rusty,2.270404100418091
KilliantheVampire,Lindsay,2.270948648452759
Mark,Mia,2.2712583541870117
Claire,Patrick,2.271374464035034
Mark,Skylar,2.2715532779693604
Royce,Sara,2.2717514038085938
Ben,Maddie,2.271989107131958
Ben,Valerie,2.2721264362335205
Caitlyn,SantaClaus,2.27215838432312
Peter,Stephanie,2.2730824947357178
Patrick,Rusty,2.2731735706329346
KilliantheVampire,Kristen,2.2732982635498047
Mark,Rusty,2.2738051414489746
Jimmy,KilliantheVampire,2.2738683223724365
Glenda,Maddie,2.2738735675811768
Keybo,Sean,2.2739415168762207
Hugh,Rebecca,2.273961305618286
Annie,Lloyd,2.2744104862213135
Simon,Viktor,2.274528741836548
Philip,Rita,2.2746803760528564
SantaClaus,Sara,2.274733066558838
Jake,Sophia,2.2749273777008057
Hailey,Starling,2.2749476432800293
Maisie,NewscasterJohn,2.2750608921051025
Graham,SantaClaus,2.275254964828491
Alex,Glenda,2.2755210399627686
Jenna,SantaClaus,2.2760109901428223
Jeff,Sara,2.276139497756958
Owen,Valerie,2.2763869762420654
Annie,Audrey,2.2765309810638428
Lloyd,Sophia,2.2766592502593994
Riley,SantaClaus,2.276740312576294
Alex,Zoey,2.277289867401123
Lucille,Viktor,2.2774300575256348
Helena,Icarus,2.2776148319244385
Alex,Patrick,2.2777817249298096
Alex,Tyson,2.2778713703155518
Duke,Rusty,2.2780516147613525
Katie,Viktor,2.278080701828003
Abigail,Rusty,2.2783684730529785
Abigail,Viktor,2.2784266471862793
SantaClaus,Sophia,2.278449535369873
Maddie,Owen,2.2786052227020264
Annie,Viktor,2.278623342514038
Skylar,UncleHank,2.2788915634155273
Riley,Tina,2.2791125774383545
Lindsay,Peter,2.2791330814361572
Lindsay,Michael,2.2791996002197266
Annie,Damian,2.2792809009552
Tyson,Zoey,2.2795112133026123
Kristen,UncleHank,2.27972674369812
Annie,KilliantheVampire,2.2797536849975586
Jackson,Viktor,2.2798357009887695
NewscasterJohn,Zoey,2.2800912857055664
Icarus,Jenna,2.2803139686584473
Carol,Rusty,2.2806050777435303
Elias,Mark,2.280693769454956
Echo,Hugh,2.2807788848876953
Bruce,Maisie,2.280916213989258
NewscasterJohn,Vanessa,2.281261920928955
Patrick,Slushy,2.2812623977661133
Sindarin,Viktor,2.2815945148468018
Icarus,Starling,2.281820774078369
Glenda,Keybo,2.281914710998535
Annie,Philip,2.2822344303131104
Charlotte,Keybo,2.2824056148529053
Athena,Mark,2.282560110092163
Echo,Mark,2.2831642627716064
Emma,Royce,2.2834770679473877
Benny,Lindsay,2.2838754653930664
Frankenstein,Paige,2.2840631008148193
Graham,Paige,2.2842462062835693
Maddie,Viqqie,2.284336566925049
Keybo,Ron,2.2847490310668945
Katie,Philip,2.2848880290985107
Patricia,Peter,2.28501558303833
Doug,Keybo,2.2851309776306152
Jake,Patricia,2.2855417728424072
Verna,Viktor,2.285602331161499
Edward,Lucille,2.2856733798980713
KilliantheVampire,Nia,2.285825490951538
Hailey,Ron,2.2858357429504395
Hugh,Maddie,2.2858777046203613
Duke,Grace,2.2858951091766357
Jackson,Sara,2.2859175205230713
Jake,Katie,2.286210775375366
Paige,SantaClaus,2.286236524581909
Alex,Valerie,2.2869601249694824
April,Rusty,2.287008047103882
Maddie,River,2.2871508598327637
Lindsay,Patrick,2.287196636199951
Annie,Robert,2.287684440612793
Bruce,Hailey,2.2876875400543213
Hailey,Hugh,2.2880215644836426
Annie,Rex,2.2880218029022217
Callan,Rita,2.288055896759033
Annie,River,2.2881405353546143
SantaClaus,Vanessa,2.288330078125
Maddie,Ravi,2.2884583473205566
Janet,SantaClaus,2.2886106967926025
Annie,Paige,2.2888574600219727
Annie,Gus,2.2888636589050293
Lindsay,Mark,2.2888755798339844
Ben,SantaClaus,2.2890162467956543
Annie,Neel,2.2898499965667725
AnnabelletheGhost,SantaClaus,2.290436029434204
Peter,Riley,2.290696859359741
Maddie,Viktor,2.2908718585968018
Kelly,Mark,2.2909629344940186
Lloyd,Maisie,2.291024923324585
Kelly,Rex,2.291736602783203
Patricia,Viktor,2.291968822479248
Hans,Sophia,2.292046308517456
Victoria,Viktor,2.292071580886841
Annie,Doug,2.292360544204712
KilliantheVampire,Patricia,2.2924513816833496
Grace,UncleHank,2.292479991912842
Abigail,Mark,2.292774200439453
Duke,Viktor,2.2929203510284424
Avery,Patrick,2.293174982070923
River,Viktor,2.293295383453369
River,Sara,2.2937588691711426
Athena,Callan,2.2941367626190186
Philip,Zoey,2.29445481300354
Hans,Maddie,2.2946581840515137
Grace,Patrick,2.295042037963867
Benny,Kelly,2.2952756881713867
Annie,Owen,2.2965128421783447
Icarus,Lindsay,2.297147512435913
Icarus,Skylar,2.2980685234069824
Frankenstein,Katie,2.298278570175171
Maddie,Valerie,2.2984743118286133
Mark,Vincent,2.2988905906677246
Hailey,NewscasterJohn,2.298933982849121
Liz,SantaClaus,2.3002970218658447
Lindsay,Royce,2.30039119720459
Janet,Mark,2.300420045852661
Annie,Victoria,2.3004868030548096
Keybo,Patrick,2.3009002208709717
Duke,Lindsay,2.301100492477417
Hailey,Oscar,2.301274538040161
SantaClaus,UncleHank,2.301339864730835
Peter,Sophia,2.3019158840179443
Jake,Rita,2.3023698329925537
Maddie,Michael,2.302373170852661
Paige,UncleHank,2.302582263946533
Benny,Sara,2.3026065826416016
Janet,UncleHank,2.3028409481048584
Duke,Kelly,2.3028855323791504
Alex,Buddy,2.3029062747955322
Annie,MrsClaus,2.3031837940216064
Annie,Buddy,2.303422212600708
KilliantheVampire,Zoey,2.3035762310028076
Tyson,Vanessa,2.303696870803833
Harper,SantaClaus,2.303698778152466
Icarus,Riley,2.303861379623413
Annie,Bruce,2.3045151233673096
Keybo,Valerie,2.3045408725738525
Keybo,Samantha,2.304603338241577
Alex,Michael,2.305274248123169
Alex,Icarus,2.3054487705230713
Alex,Margot,2.3055574893951416
Catherine,Rusty,2.305593729019165
Bell,Zoey,2.305755615234375
Annie,Frankenstein,2.305852174758911
Sara,Viktor,2.3059780597686768
Alex,Viktor,2.306438684463501
Annie,Sean,2.3065783977508545
Bell,Patrick,2.306645631790161
Chase,Maddie,2.3066608905792236
Annie,Samantha,2.3068597316741943
Bell,SantaClaus,2.306863784790039
Hailey,Tyson,2.307852268218994
Carl,Maddie,2.308137893676758
Janet,Maddie,2.308490037918091
Alex,UncleHank,2.3088786602020264
Helena,Peter,2.3092856407165527
Hailey,Valerie,2.309415578842163
KilliantheVampire,Samantha,2.3096840381622314
Callan,Maisie,2.3101484775543213
Helena,SantaClaus,2.3103139400482178
Janet,KilliantheVampire,2.3103415966033936
Rusty,Verna,2.3105409145355225
Harper,Mark,2.3109352588653564
Annie,Grace,2.3117599487304688
Echo,Patrick,2.3120336532592773
Nia,Viktor,2.312217950820923
Hailey,Rita,2.312337636947632
Callan,Sophia,2.3124191761016846
Annie,PN,2.3127529621124268
Echo,Icarus,2.31291127204895
Aiden,Annie,2.313112497329712
Kelly,NewscasterJohn,2.3131487369537354
Mark,Valerie,2.3131654262542725
Duke,Paige,2.3136651515960693
Mark,Zoey,2.313878059387207
Alex,Benny,2.314073324203491
Athena,SantaClaus,2.3141119480133057
Callan,Samantha,2.3142383098602295
Alex,George,2.3142387866973877
Keybo,Rusty,2.3143556118011475
Maisie,Tyson,2.314406156539917
Maddie,Peter,2.31487774848938
Maisie,Philip,2.314967393875122
Hans,Janet,2.315162181854248
Mark,Sean,2.3153698444366455
Annie,Royce,2.3155925273895264
Jenna,Patrick,2.3158164024353027
Mark,Samantha,2.315955877304077
Carl,Sara,2.3162264823913574
Annie,Cyrus,2.316467761993408
Callan,Paige,2.316779851913452
Chloe,Mark,2.316967248916626
Viktor,Vincent,2.317378282546997
Patrick,Tina,2.3174524307250977
Annie,Patricia,2.318100690841675
Callan,Katie,2.318446397781372
Grace,Rusty,2.3195087909698486
Hugh,Samantha,2.3195884227752686
Athena,Icarus,2.3196561336517334
SantaClaus,Stephanie,2.3197431564331055
Keybo,Mark,2.3197593688964844
NewscasterJohn,Paige,2.31976580619812
Mark,Sara,2.3205373287200928
Patrick,Stephanie,2.32068133354187
Angela,KilliantheVampire,2.3206992149353027
Hailey,Philip,2.320749282836914
Keybo,Patricia,2.321211814880371
Grace,Mark,2.3215391635894775
Alex,Peter,2.3230984210968018
Lindsay,Viktor,2.323154926300049
Alex,Santa,2.323934555053711
Stephanie,Viktor,2.324181318283081
April,KilliantheVampire,2.3245222568511963
Stephanie,Tina,2.3248205184936523
Rusty,Starling,2.3249032497406006
Patrick,Zoey,2.3253350257873535
SantaClaus,Tina,2.3260135650634766
Kelly,Maddie,2.3261544704437256
Caitlyn,Patrick,2.326630115509033
Athena,Hugh,2.326714277267456
Hans,Valerie,2.326801061630249
Duke,Margot,2.327120780944824
Duke,Maisie,2.3284528255462646
Paige,Peter,2.3297762870788574
KilliantheVampire,Rebecca,2.3298683166503906
Hailey,River,2.329911947250366
KilliantheVampire,Paige,2.330613851547241
Rusty,SantaClaus,2.330734968185425
MrsClaus,Viktor,2.3308489322662354
Sophia,Tyson,2.3308517932891846
Alex,Carl,2.3313777446746826
Icarus,Kristen,2.3315589427948
Athena,Keybo,2.3316657543182373
Bruce,Maddie,2.3316986560821533
Annie,Hans,2.331862211227417
Patrick,Samantha,2.3318684101104736
Annie,Benny,2.332272529602051
Frankenstein,Lindsay,2.332364320755005
Amber,Viktor,2.3325605392456055
Camila,Rusty,2.3325607776641846
Frankenstein,Maddie,2.332977056503296
Duke,Maddie,2.3350329399108887
Amber,Rusty,2.33561635017395
Rita,Rusty,2.3358519077301025
Alex,Frankenstein,2.3361382484436035
Hailey,SantaClaus,2.3362512588500977
Maddie,SantaClaus,2.3368003368377686
Mark,Riley,2.3376810550689697
Maisie,Rusty,2.33811616897583
Patricia,Patrick,2.338919162750244
Edward,Patrick,2.339064121246338
Peter,Valerie,2.339459180831909
Alex,SantaClaus,2.3395464420318604
Kristen,Rusty,2.339823007583618
Callan,Maddie,2.3401196002960205
Patricia,SantaClaus,2.3404643535614014
SantaClaus,Starling,2.3412091732025146
Paige,Tyson,2.3421523571014404
Philip,Valerie,2.3423964977264404
Hans,Keybo,2.3427064418792725
Rusty,Vanessa,2.3427345752716064
Rusty,Skylar,2.34334397315979
Rebecca,Viktor,2.343641996383667
AnnabelletheGhost,Rusty,2.345148801803589
David,Paige,2.3453729152679443
Annie,April,2.34578800201416
Annie,Riley,2.3458187580108643
Jimmy,Mark,2.3464443683624268
Ben,Rusty,2.3464725017547607
Katie,Mark,2.347113847732544
Hailey,Rusty,2.347255229949951
Hans,Viktor,2.3473527431488037
Paige,Viktor,2.347572088241577
Hugh,Keybo,2.3480148315429688
Keybo,Zoey,2.3488738536834717
Emma,Rusty,2.3490817546844482
Michael,Viktor,2.349747657775879
Maddie,Tyson,2.3502347469329834
Duke,Hailey,2.3512046337127686
KilliantheVampire,Sophia,2.3514249324798584
Grace,KilliantheVampire,2.351799726486206
Rex,Rusty,2.352086067199707
Annie,Vincent,2.3522403240203857
Skylar,Viktor,2.352285623550415
Echo,Viktor,2.352795124053955
Paige,Rusty,2.3532698154449463
Annie,Valerie,2.3537466526031494
Icarus,Maisie,2.35548996925354
Alex,Cyrus,2.3563930988311768
Annie,Rusty,2.3564088344573975
Annie,Rudolph,2.3570377826690674
Keybo,Sophia,2.357762336730957
Edward,Viktor,2.358966112136841
Icarus,SantaClaus,2.3591291904449463
Maisie,UncleHank,2.359365701675415
Hailey,Keybo,2.3599865436553955
Patrick,Riley,2.3604013919830322
Annie,Peter,2.360765218734741
Mark,Patricia,2.360769510269165
Katie,SantaClaus,2.3608100414276123
Icarus,Sophia,2.3615221977233887
Alex,Mark,2.3617053031921387
Millie,Rusty,2.3619725704193115
Echo,KilliantheVampire,2.3628954887390137
Hugh,Paige,2.3649349212646484
Samantha,Viktor,2.364938974380493
Kelly,SantaClaus,2.3654067516326904
Lloyd,Maddie,2.365419626235962
Kelly,Rudolph,2.3668394088745117
Kelly,Keybo,2.366926908493042
Ben,Viktor,2.3672099113464355
Icarus,Paige,2.3673760890960693
KilliantheVampire,Maisie,2.36745285987854
Lydia,Rusty,2.367718458175659
Alex,Royce,2.367816686630249
Hailey,Patrick,2.3691484928131104
Athena,Viktor,2.369316816329956
Paige,Philip,2.3698441982269287
Mark,Sophia,2.3701012134552
Annie,Jake,2.3701984882354736
Samantha,SantaClaus,2.3708951473236084
Santa,Viktor,2.3713877201080322
Maddie,Philip,2.37149715423584
Liz,Rusty,2.3750698566436768
Hailey,Viktor,2.376227617263794
Tyson,Viktor,2.3763701915740967
Rusty,Sophia,2.3775293827056885
Lindsay,SantaClaus,2.3789727687835693
Jenna,Rusty,2.3792972564697266
Annie,Hailey,2.3798816204071045
Icarus,Patricia,2.3811018466949463
Annie,Mark,2.381887197494507
Icarus,Samantha,2.3822340965270996
Owen,Rusty,2.38271164894104
Janet,Rusty,2.386037826538086
Hans,Paige,2.386263132095337
Maddie,UncleHank,2.388988494873047
Athena,Rusty,2.3894152641296387
Jackson,Maddie,2.3920364379882812
Viktor,Zoey,2.3923542499542236
Paige,Patrick,2.3929083347320557
Millie,SantaClaus,2.396331310272217
Owen,SantaClaus,2.3965604305267334
Rusty,Tyson,2.399231433868408
Hailey,KilliantheVampire,2.400651693344116
Sophia,Viktor,2.401082754135132
Annie,Hugh,2.4018537998199463
Doughnut,Rusty,2.402561902999878
Mark,Vanessa,2.4026362895965576
Helena,Rusty,2.4049909114837646
Annie,Zoey,2.4107697010040283
Annie,Duke,2.4134328365325928
Echo,Rusty,2.415494203567505
Annie,Tyson,2.4177305698394775
Kristen,Viktor,2.4206697940826416
KilliantheVampire,Maddie,2.422393798828125
Rusty,Stephanie,2.422482490539551
Mark,Paige,2.4245352745056152
Annie,Kelly,2.4246981143951416
Maisie,Patrick,2.4299135208129883
Owen,Viktor,2.4311444759368896
Maisie,Mark,2.431513786315918
Rusty,Samantha,2.4321112632751465
Annie,Lucille,2.4327871799468994
Katie,Rusty,2.4328739643096924
Annie,Athena,2.434361219406128
Maddie,Mark,2.438188314437866
Keybo,Viktor,2.440502405166626
Annie,Patrick,2.443068265914917
Rebecca,Rusty,2.4437620639801025
Rusty,Sara,2.4446542263031006
Hailey,Mark,2.446908473968506
Annie,SantaClaus,2.450978994369507
Janet,Viktor,2.4543607234954834
Annie,Sophia,2.467966079711914
Maddie,Patrick,2.4719626903533936
Mark,Viktor,2.4728643894195557
Lindsay,Rusty,2.4812734127044678
Maddie,Rusty,2.5026652812957764
Bell,Rusty,2.516664743423462
Alex,Rusty,2.5177361965179443
Icarus,Maddie,2.521350622177124
