main_topic,sub_topic,C,utterance,question,option1,option2,option3,option4,answer,answer_index,length_no_space
가족,가족과 함께 보낸 즐거운 설날 이야기,170,"작년 설에는 오랜만에 온 가족이 외할머니 댁에 모였다. 모두 함께 만두를 빚으며 서로 다른 모양을 보며 웃음이 끊이질 않았다. 저녁에는 삼촌이 준비한 윷놀이 대회가 열려서, 조카들이 예상외로 윷을 잘 던져 1등을 차지했다. 어머니께서 직접 끓이신 떡국은 정말 맛있었고, 그 따뜻한 맛과 가족의 웃음소리가 아직도 마음에 남아 있다.",윷놀이 대회에서 1등을 차지한 사람은 누구였나요?,잘 모르겠음,삼촌,조카들,어머니,조카들,3,138
가족,가족과 함께 보낸 즐거운 설날 이야기,170,"설날을 맞아 오랜만에 친척들이 모두 외할머니 댁에 모였다. 작은 이모가 직접 빚은 만두를 먹으며, 사촌들과 윷놀이를 했다. 윷이 자주 넘어가지 않아 다들 웃음이 끊이지 않았다. 밤에는 외삼촌이 준비한 퀴즈 대회에서 내가 1등을 해 작은 상자에 담긴 떡을 선물로 받았다. 가족들과 함께 보내는 설날은 언제나 특별한 추억을 남긴다.",내가 외삼촌이 준비한 퀴즈 대회에서 받은 선물은 무엇이었나?,잘 모르겠음,책,작은 상자에 담긴 떡,윷놀이 세트,작은 상자에 담긴 떡,3,137
가족,가족과 함께 보낸 즐거운 설날 이야기,170,"설날이 되면 온 가족이 외할머니 댁에 모여서 음식을 준비하곤 한다. 올해는 처음으로 동생과 함께 만두 빚기에 도전했는데, 처음엔 서로 모양이 달라서 웃음이 끊이질 않았다. 결국 외할머니가 오셔서 만두를 빚는 손 모양을 직접 보여주시고, 우리도 점점 모양을 맞춰가며 완성할 수 있었다. 만두가 다 빚어지고 나니 모두 수고했다고 칭찬해주셔서 뿌듯했다. 마지막엔 직접 만든 만두를 넣은 떡국을 온 가족이 둘러앉아 먹으며 서로 올해의 소원을 이야기했다.",올해 설날에 가족들이 외할머니 댁에서 함께 한 활동으로 옳은 것은 무엇인가요?,잘 모르겠음,동생과 같이 만두를 빚었다.,외할머니와 장을 보러 갔다.,부모님과 윷놀이를 했다.,동생과 같이 만두를 빚었다.,2,188
가족,가족과 함께 보낸 즐거운 설날 이야기,170,"며칠 전, 가족들과 설날을 맞아 할머니 댁에 모였다. 모두가 부엌에서 송편을 빚으며 서로의 손재주를 자랑했는데, 특히 막내 사촌이 처음으로 예쁘게 송편을 완성해 큰 박수를 받았다. 점심에는 아버지가 직접 만든 갈비찜과 어머니의 잡채, 고모가 준비한 전을 함께 먹으며 웃음이 끊이지 않았다. 식사 후에는 다 함께 윷놀이를 했고, 내가 마지막에 윷을 던져 모가 나와서 우리 팀이 이기자 모두가 박수를 쳤다. 올해 설날은 가족들 덕분에 오랜만에 정말 따뜻하고 행복한 시간이 됐다.",설날 가족 모임에서 마지막 윷을 던져 팀을 승리로 이끈 사람은 누구인가요?,잘 모르겠음,막내 사촌,아버지,발화자,발화자,4,198
가족,가족과 함께한 여행의 추억,170,"작년 늦가을, 부모님과 남동생과 함께 제주도로 여행을 갔던 기억이 떠오른다. 한라산 등반을 하면서 힘들어하던 남동생을 위해 아버지가 농담을 하며 분위기를 띄워주셨다. 산 정상에 도착했을 때, 어머니가 준비해 온 귤과 김밥을 나눠 먹으며 바람을 맞던 그 순간이 아직도 생생하다. 가족 모두 힘들게 올랐지만 서로를 챙기며 웃고 대화했던 그 시간이 나에겐 참 소중한 추억이다.",발화에서 한라산 정상에 도착한 후 가족들이 먹은 음식으로 언급되지 않은 것은 무엇입니까?,잘 모르겠음,귤,김밥,샌드위치,샌드위치,4,156
가족,가족과 함께한 여행의 추억,170,"몇 년 전 여름방학에 가족들과 강릉으로 여행을 갔던 기억이 아직도 생생하다. 기차를 타고 도착하자마자 바다 냄새가 가득했고, 숙소에 짐을 풀고 나서 모두 함께 경포대 해수욕장에 갔다. 엄마가 준비해 온 김밥과 수박을 모래사장에서 나눠 먹으며 파도 소리를 들었고, 동생은 바다에 발을 담그며 신나게 뛰어다녔다. 저녁에는 회를 먹으러 갔는데, 평소 생선을 별로 안 좋아하던 내가 그날따라 회를 꽤 맛있게 먹어서 가족들이 모두 놀라기도 했다.",강릉 여행에서 가족이 바닷가에서 먹은 음식으로 언급된 것은 무엇인가요?,잘 모르겠음,떡볶이와 오렌지,김밥과 수박,햄버거와 치킨,김밥과 수박,3,183
가족,가족과 함께한 여행의 추억,170,"며칠 전 가족들과 제주도에 다녀온 일이 아직도 생생하다. 엄마가 추천한 오설록 티 뮤지엄에서 녹차 아이스크림을 먹었는데, 아버지는 생각보다 덜 달아서 마음에 들어 하셨다. 동생은 근처 감귤밭에서 직접 감귤을 따보며 엄청 신나 했고, 나는 바닷가에서 조개껍데기를 주우며 가족사진을 찍었던 순간이 가장 기억에 남는다. 저녁에는 숙소 근처에서 해물라면을 먹으며 모두가 그날의 추억을 이야기했다.",발화자가 제주도 여행에서 가장 기억에 남았던 순간은 무엇이었나요?,잘 모르겠음,오설록 티 뮤지엄에서 녹차 아이스크림을 먹은 순간,감귤밭에서 감귤을 딴 순간,바닷가에서 조개껍데기를 주우며 가족사진을 찍은 순간,바닷가에서 조개껍데기를 주우며 가족사진을 찍은 순간,4,167
가족,가족과 함께한 여행의 추억,170,"작년 봄, 부모님과 여동생, 그리고 나까지 네 가족이 모두 함께 경주로 여행을 갔다. 첨성대 근처에서 자전거를 빌려 네 식구가 천천히 벚꽃길을 달렸던 순간이 지금도 선명하다. 여동생이 잠시 자전거에서 내려 벚꽃잎을 모아 우리에게 나눠줬는데, 엄마가 그걸 머리에 얹어주며 다 같이 웃었던 장면이 가장 기억에 남는다. 사진도 찍고, 근처 찻집에서 한옥의 분위기를 느끼며 따뜻한 유자차도 마셨다.",여동생이 벚꽃길에서 가족에게 한 행동은 무엇이었나요?,잘 모르겠음,자전거를 고쳐줌,벚꽃잎을 모아 나눠줌,찻집을 먼저 찾아감,벚꽃잎을 모아 나눠줌,3,165
가족,아버지와의 뜻 깊은 대화,170,"주말 저녁, 아버지와 함께 산책을 하다가 어릴 적 꿈에 대해 자연스럽게 이야기하게 되었다. 나는 예전에는 요리사가 되고 싶었는데, 어느 순간부터 그 꿈을 잊고 있었다고 털어놓았다. 아버지는 자신의 어린 시절 꿈은 사진작가였지만, 집안 형편 때문에 포기해야 했던 경험을 조심스럽게 말씀해 주셨다. 덕분에 서로의 마음을 조금 더 이해할 수 있었고, 각자의 꿈을 존중해주기로 약속하며 따뜻한 시간을 보냈다.",산책 도중 아버지는 자신의 어떤 꿈을 이야기했나요?,잘 모르겠음,운동선수,사진작가,작곡가,사진작가,3,170
가족,아버지와의 뜻 깊은 대화,170,"며칠 전 저녁, 아버지와 오랜만에 둘이 산책을 하며 많은 이야기를 나눴다. 평소 무뚝뚝한 아버지였지만, 이날은 학창 시절 힘들었던 순간과 그때 어떻게 이겨냈는지 솔직하게 들려주셨다. 나도 최근 고민하고 있던 진로에 대해 털어놓자 아버지는 내 선택을 존중하겠다며 조심스럽게 응원해주셨다. 그날 아버지의 조용한 위로와 진심 어린 조언이 마음 깊이 남아, 앞으로 힘든 일이 닥쳐도 용기를 낼 수 있을 것 같다.",산책 중 아버지가 해주신 이야기는 주로 어떤 내용이었는가?,잘 모르겠음,가족여행 추억에 관한 이야기,학창 시절 힘들었던 순간과 극복 방법,요리 비법에 관한 이야기,가족여행 추억에 관한 이야기,2,170
가족,아버지와의 뜻 깊은 대화,170,"며칠 전 저녁에 식탁에 앉아 있는데 아버지가 조용히 옆에 오셔서 요즘 고민이 많아 보인다고 하시더라고요. 평소에는 일 이야기만 하셨던 분이었는데, 그날은 제 미래와 꿈에 대해 진지하게 물어봐 주셨어요. 아버지와 함께 어린 시절 등산 가던 추억도 꺼내며, 제가 힘들 때마다 어떻게 이겨냈는지 이야기해주셨죠. 그 순간 마음이 한결 가벼워지고, 아버지와 더 가까워진 기분이 들어 참 특별한 시간이었습니다.",대화 중 아버지가 꺼낸 저의 어린 시절 추억은 무엇이었나요?,잘 모르겠음,해변에서 놀던 기억,등산을 함께 갔던 일,동물원에 갔던 날,등산을 함께 갔던 일,3,169
가족,아버지와의 뜻 깊은 대화,170,며칠 전 저녁 식사 후 거실에 앉아 아버지와 오래간만에 진지한 이야기를 나누었다. 아버지는 젊은 시절 회사에서 겪었던 고민과 그때마다 포기하지 않았던 이유를 들려주셨다. 그 이야기를 듣고 나니 힘든 일이 있을 때마다 쉽게 포기하려 했던 내 모습이 떠올라 조금 부끄러웠다. 아버지는 항상 묵묵히 내 곁에서 조용히 응원해주고 계셨다는 걸 새삼 느꼈다.,화자가 아버지와 대화를 나눈 시점은 언제였나요?,잘 모르겠음,며칠 전 저녁 식사 후,아침 등굣길,주말 오후 공원에서,며칠 전 저녁 식사 후,2,145
가족,어머니의 사랑에 대한 감사의 마음,170,"며칠 전, 평소처럼 집에 들어섰을 때 어머니가 직접 만드신 따뜻한 미역국 냄새가 집안 가득 퍼져 있었습니다. 별다른 날도 아닌데 저를 위해 챙겨주신 정성에 마음이 뭉클했어요. 어머니는 조용히 제 앞에 밥을 내어주셨고, 저도 모르게 그 자리에서 감사하다고 말씀드렸습니다. 어릴 때는 이런 작은 배려가 당연한 줄 알았는데, 나이가 들수록 어머니의 사랑과 관심이 얼마나 소중한지 깨닫게 됩니다.",집에 들어섰을 때 집안에 가득 퍼져 있던 음식의 냄새는 무엇이었나요?,잘 모르겠음,된장찌개,미역국,갈비찜,미역국,3,164
가족,어머니의 사랑에 대한 감사의 마음,170,"지난주 갑자기 몸이 좋지 않아 하루 종일 누워 있었는데, 엄마가 조용히 방에 들어와서 과일을 깎아 주시고 이불도 다시 덮어 주셨어. 아무 말 없이 옆에 잠시 앉아 계시다가 내가 잠드는 걸 보고 나가셨다. 엄마가 평소에는 별말 없이 바쁘게 지내시지만, 이렇게 아플 때마다 살뜰하게 챙겨주시는 걸 느끼면 마음 깊이 감사함이 올라온다. 앞으로는 엄마께 더 자주 고맙다는 말을 전해야겠다고 다짐했다.",화자가 아플 때 어머니가 해주신 행동이 아닌 것은 무엇인가요?,잘 모르겠음,과일을 깎아 주셨다,이불을 다시 덮어 주셨다,따뜻한 죽을 만들어 주셨다,따뜻한 죽을 만들어 주셨다,4,163
가족,어머니의 사랑에 대한 감사의 마음,170,"며칠 전 갑작스럽게 감기에 걸려 몸이 축 처져서 집에 누워 있었는데, 엄마가 퇴근 후 아무 말씀도 없이 따뜻한 죽을 끓여 주셨다. 평소엔 바쁘다며 챙겨주지 못해 미안하다고 하시면서 내 이불까지 정성스럽게 덮어주셨다. 누워 있으면서 엄마의 작은 배려 하나하나가 얼마나 소중한지 새삼 깨달았다. 매번 잔소리처럼 느껴졌던 엄마의 말들도 결국 내 건강을 걱정해서였다는 것을 알게 되었고, 그날 밤은 고마운 마음에 혼자 눈물이 났다.",화자가 감기에 걸렸을 때 어머니가 해주신 행동이 아닌 것은 무엇인가요?,잘 모르겠음,따뜻한 죽을 끓여 주셨다,이불을 정성스럽게 덮어주셨다,감기에 좋은 약을 사오셨다,감기에 좋은 약을 사오셨다,4,178
가족,어머니의 사랑에 대한 감사의 마음,170,"며칠 전 늦은 시간까지 과제 때문에 끙끙거리고 있었는데, 갑자기 엄마가 방에 들어와 조용히 따뜻한 우유 한 잔을 건네주셨어. 별말 없이 등만 토닥여주고 나가셨는데, 그 순간 마음이 참 따뜻해지더라. 어릴 때는 이런 엄마의 관심이 당연하다고 생각했는데, 요즘 들어 바쁘고 힘든 날이 많아지면서 엄마의 작은 배려가 얼마나 소중한지 새삼 느끼고 있어. 앞으로 엄마에게 자주 고맙다고 표현해야겠다고 다짐했다.",발화자가 엄마의 사랑을 느낀 구체적인 상황은 무엇이었나요?,잘 모르겠음,엄마가 아침밥을 차려주신 것,엄마가 늦은 시간에 따뜻한 우유를 건네주신 것,엄마가 직접 과제를 도와주신 것,엄마가 늦은 시간에 따뜻한 우유를 건네주신 것,3,170
가족,외할머니집에서의 어린시절 추억,170,"초등학교 여름방학 때마다 외할머니 댁에 가는 게 가장 큰 즐거움이었다. 외할머니는 아침이면 밭에서 직접 따온 오이와 토마토를 씻어주셨고, 나는 그걸 손으로 들고 베란다에서 먹곤 했다. 오후에는 외할머니가 만들어주신 수박 화채를 식탁 위에 올려두면 사촌들과 둘러앉아 서로 더 큰 수박 조각을 차지하려고 티격태격했던 기억이 난다.",어린 시절 외할머니 댁에서 사촌들과 함께 먹었던 음식은 무엇이었나요?,잘 모르겠음,잡채,수박 화채,떡볶이,수박 화채,3,139
가족,외할머니집에서의 어린시절 추억,170,"매년 여름방학이면 외할머니 댁에 며칠씩 머무르곤 했다. 외할머니께서는 직접 손질한 옥수수를 삶아 간식으로 내어주셨는데, 노란 옥수수를 식탁에 둘러앉아 사촌들과 다정하게 나눠 먹던 기억이 아직도 선명하다. 그때 마루에서 부채질하며 듣던 할머니의 옛이야기도 내겐 소중한 추억으로 남아 있다.",외할머니 댁에서 간식으로 무엇을 먹었던 추억이 언급되었나요?,잘 모르겠음,수박,옥수수,고구마,옥수수,3,125
가족,외할머니집에서의 어린시절 추억,170,"여름방학마다 외할머니 댁에 가면 마당에 핀 봉숭아꽃을 따서 할머니와 손톱에 물을 들이곤 했다. 손가락마다 붉게 물든 걸 자랑하며 동네 친구들과 돌멩이로 공기놀이도 했는데, 땀에 젖은 머리를 할머니가 부채로 식혀주시던 기억이 아직도 선명하다. 해질 무렵 할머니가 손수 만드신 호박전을 먹으며 웃었던 그때가 그립다.",내가 외할머니 집에서 할머니와 함께 했던 활동은 무엇이었나요?,잘 모르겠음,봉숭아꽃으로 손톱에 물들이기,연날리기,고구마 굽기,봉숭아꽃으로 손톱에 물들이기,2,133
가족,외할머니집에서의 어린시절 추억,170,"외할머니 댁에 갔을 때마다 마당 한쪽에 심어진 감나무에서 감을 따던 기억이 선명하다. 감을 직접 따기 힘들면 할머니가 긴 막대기를 건네주셨고, 나는 조심스럽게 감을 톡톡 쳐서 떨어뜨리곤 했다. 떨어진 감을 깨끗이 씻어 식탁에 올려두면 할머니는 꼭 반으로 잘라 나눠주셨다. 감을 먹으며 할머니가 들려주시는 옛날 이야기도 내 마음에 오래 남아 있다.",외할머니 댁 마당에서 감을 따기 위해 화자가 사용한 도구는 무엇이었나요?,잘 모르겠음,긴 막대기,짧은 사다리,바구니,긴 막대기,2,145
20대 청춘의 여행,대학 친구와의 뒤늦은 졸업 여행,170,"며칠 전, 대학 시절 친하게 지냈던 민지와 계획했던 졸업 여행을 드디어 다녀왔다. 서로 취업 준비와 여러 사정으로 미뤄왔던 여행이었기에 오랜만에 마주한 민지와 공항에서부터 설렜다. 바닷가 근처 작은 게스트하우스에서 하룻밤을 보내며 밤새 이야기를 나눴고, 새벽에는 같이 해돋이를 보러 바다로 나갔다. 따뜻한 커피 한 잔을 들고 파도 소리를 들으며 그동안의 힘들었던 일들도 자연스럽게 풀어낼 수 있어서 마음이 편안해졌다.",발화자가 민지와 함께 새벽에 한 일은 무엇인가요?,잘 모르겠음,공원 산책을 했다,해돋이를 보러 바다에 갔다,영화를 감상했다,해돋이를 보러 바다에 갔다,3,178
20대 청춘의 여행,대학 친구와의 뒤늦은 졸업 여행,170,"몇 달 전부터 미뤄왔던 대학 졸업 여행을 드디어 다녀왔다. 직장에 다니기 시작해서 시간 맞추기가 어려웠지만, 서로 연차를 내서 부산으로 향했다. 기차 안에서 쌓인 근황을 나누고, 광안리 해변에서는 사진도 많이 찍었다. 무엇보다 오랜만에 함께 먹은 회와 조개구이가 기억에 남는다. 밤에는 바다 소리를 들으며 산책도 했는데, 그 순간만큼은 다시 대학생 시절로 돌아간 듯했다. 바쁜 일상 속에서 친구와 특별한 추억을 쌓을 수 있어서 정말 행복했다.",화자가 친구와 여행지에서 밤에 했던 활동은 무엇이었나요?,잘 모르겠음,오락실에서 게임하기,바다 소리를 들으며 산책하기,영화관에서 영화 보기,바다 소리를 들으며 산책하기,3,186
20대 청춘의 여행,대학 친구와의 뒤늦은 졸업 여행,170,"졸업 후 각자 취업 준비로 바빠서 한동안 못 만났던 대학 친구와 드디어 시간이 맞아 함께 부산으로 여행을 다녀왔다. 오랜만에 만났지만 서로 어색함 없이 해운대 바닷가를 산책하고, 자갈치 시장에서 싱싱한 회도 먹으며 옛 추억을 나눴다. 특히 밤에는 광안대교가 보이는 카페에서 진솔한 이야기를 나누며 그동안 쌓였던 고민도 서로 털어놓았다. 이번 여행 덕분에 다시 한번 친구의 소중함을 느끼게 되었고, 앞으로는 자주 연락하자고 약속했다.",발화자가 대학 친구와 함께 밤에 방문한 장소는 어디였나요?,잘 모르겠음,해운대 바닷가,자갈치 시장,광안대교가 보이는 카페,광안대교가 보이는 카페,4,182
20대 청춘의 여행,대학 친구와의 뒤늦은 졸업 여행,170,"며칠 전, 대학 때 가장 친하게 지냈던 민지와 오랜만에 연락이 닿아 갑작스레 졸업 여행을 다녀왔다. 졸업 후 각자 취업 준비와 회사 생활에 바빠 미루고만 있었는데, 이번에 용기를 내 시간을 맞췄다. 목적지는 바닷가 근처의 작은 도시였고, 도착하자마자 자전거를 빌려 해안길을 달렸다. 바람에 머리가 흩날리고, 햇살이 따사롭게 비치는 풍경에 서로의 근황을 이야기하며 한참을 웃었다. 저녁엔 오래된 분식집에서 떡볶이를 먹고, 숙소에 돌아와 밤새 옛 추억을 나누며 진심 어린 대화를 나눴다.",발화에서 민지와 함께 처음 했던 활동은 무엇이었나요?,잘 모르겠음,해변에서 수영하기,자전거를 빌려 해안길을 달리기,오래된 분식집에서 떡볶이 먹기,자전거를 빌려 해안길을 달리기,3,204
20대 청춘의 여행,여행에서 얻은 깨달음,170,"며칠 전, 혼자 제주도로 떠났을 때 해질 무렵 바닷가 벤치에 앉아 낯선 사람과 우연히 이야기를 나눴던 기억이 난다. 처음 보는 사람이었지만 서로의 여행 이유와 고민을 털어놓으며 공감대를 쌓을 수 있었다. 그 순간 여행은 풍경이나 맛집만이 아니라, 예상치 못한 만남과 그 속에서 내가 어떤 사람인지 돌아보는 시간이라는 사실을 알게 되었다.",화자는 제주도에서 어떤 상황을 통해 여행의 의미에 대해 깨달았나요?,잘 모르겠음,맛집을 방문하다가,혼자 산책하다가,낯선 사람과 이야기를 나누다가,낯선 사람과 이야기를 나누다가,4,140
20대 청춘의 여행,여행에서 얻은 깨달음,170,"친구들과 제주도로 여행을 갔을 때 갑작스럽게 비가 내렸던 적이 있었다. 원래는 바다에서 놀 계획이었지만, 비를 피하려고 근처 작은 카페에 들어가 따뜻한 차를 마시며 이런저런 이야기를 나누게 되었다. 예상치 못한 상황 덕분에 오히려 친구들과 더 깊은 대화를 나눌 수 있었고, 계획대로만 흘러가는 여행보다 즉흥적으로 변하는 순간들이 더 오래 기억에 남는다는 것을 느꼈다. 이런 경험을 통해 나는 여행에서 가장 중요한 것은 함께하는 사람들과 그 순간을 즐기는 마음가짐이라는 점을 깨달았다.",화자가 비가 내릴 때 친구들과 함께 무엇을 하며 시간을 보냈나요?,잘 모르겠음,바다에서 놀았다,카페에서 차를 마시며 대화를 나눴다,박물관을 구경했다,카페에서 차를 마시며 대화를 나눴다,3,204
20대 청춘의 여행,여행에서 얻은 깨달음,170,"혼자 처음으로 떠났던 부산 여행에서 길을 잃은 적이 있다. 낯선 골목에서 두려움이 밀려왔지만, 우연히 마주친 동네 아주머니가 따뜻하게 길을 안내해주셨다. 그 순간 도움을 청하는 용기도 중요하다는 걸 알게 됐다. 스스로 모든 걸 해결하려 애쓰기보단, 때로는 주변 사람들의 손길을 받아들이는 것도 용기임을 이번 여행을 통해 배웠다.",부산 여행 중에 내가 어떤 상황에서 깨달음을 얻었는가?,잘 모르겠음,맛집을 찾아다닐 때,숙소에서 쉬고 있을 때,길을 잃고 도움을 받았을 때,길을 잃고 도움을 받았을 때,4,139
20대 청춘의 여행,여행에서 얻은 깨달음,170,"며칠 전 친구들과 제주도에 갔을 때, 해가 질 무렵 조용한 해변에 혼자 앉아 파도 소리를 들으며 여러 생각에 잠겼던 순간이 떠오른다. 처음에는 여행지에서 유명한 맛집을 찾아다니고 사진을 남기는 데에만 신경 썼는데, 오히려 아무 목적 없이 시간을 보내는 게 내 마음을 더 편안하게 해준다는 걸 알게 됐다. 앞으로는 여행을 계획할 때 꼭 뭔가를 해야 한다는 부담을 내려놓고, 즉흥적으로 느긋한 시간을 보내는 것도 소중하다는 걸 깨달았다.",제주도 여행 중 발화자가 마음이 편안해졌던 이유는 무엇이었나요?,잘 모르겠음,친구들과 사진을 많이 찍어서,계획대로 모든 일정을 소화해서,목적 없이 시간을 보내며 느긋하게 있었기 때문에,목적 없이 시간을 보내며 느긋하게 있었기 때문에,4,179
20대 청춘의 여행,야간버스 여행으로 본 도시의 야경,170,"창밖으로 스쳐 지나가는 불빛들을 바라보며 버스에 앉아 있던 시간이 아직도 선명하다. 친구들과 달리 혼자 떠난 여행이었는데, 낯선 도시의 야경은 생각보다 포근하게 느껴졌다. 고요한 차 안, 창문에 비친 내 모습과 함께 반짝이는 도로의 가로등, 멀리 펼쳐진 다리 위의 자동차 불빛들이 어우러져 혼자라는 외로움 대신 설렘을 안겨주었다. 잠시 졸았다가 깨어보니 창밖 풍경이 완전히 달라져 있었고, 도시의 또 다른 얼굴을 만나는 기분에 괜히 마음이 들떴다.",버스 안에서 느낀 감정과 상황을 바르게 설명한 것은 무엇인가요?,잘 모르겠음,혼자 여행하며 외로움을 크게 느꼈다.,야경을 보며 친구들과 떠든 기억이 난다.,"낯선 도시의 야경이 포근하게 느껴졌고, 혼자지만 설렘을 느꼈다.","낯선 도시의 야경이 포근하게 느껴졌고, 혼자지만 설렘을 느꼈다.",4,189
20대 청춘의 여행,야간버스 여행으로 본 도시의 야경,170,"창밖으로 스쳐 지나가는 불빛들이 마치 별들처럼 반짝이는 것을 보고 있으면 시간 가는 줄도 모르겠다. 어두운 도로를 달리는 야간버스 안에서 이어폰을 끼고 내가 좋아하는 노래를 들으니, 복잡한 생각들이 잠시 잊히는 것 같았다. 창문에 비친 내 얼굴과 바깥 풍경이 겹쳐 보일 때마다 잠깐씩 내가 어디쯤 왔는지 가늠해보기도 했다. 옆자리 친구가 졸린 눈을 비비며 간식을 건네줘서 소리 죽여 웃었던 순간이 유난히 선명하게 남았다.",발화자가 야간버스에서 무엇을 하며 복잡한 생각을 잊었다고 했나요?,잘 모르겠음,창밖 풍경을 그리며 시간을 보냈다,좋아하는 노래를 들으며 창밖 불빛을 봤다,친구와 대화를 하며 책을 읽었다,좋아하는 노래를 들으며 창밖 불빛을 봤다,3,176
20대 청춘의 여행,야간버스 여행으로 본 도시의 야경,170,"친구와 함께 늦은 밤 서울발 부산행 야간버스를 탔다. 창밖으로 도로를 따라 늘어진 불빛들이 점점이 이어져 마치 별이 내려앉은 것 같았다. 모두가 잠든 시간에 조용히 이어폰을 끼고 음악을 들으면서, 밝게 빛나는 고층 건물들과 멀리 흐릿한 교각의 불빛을 바라보는 게 낯설고 설레었다. 다음엔 꼭 창가 자리를 고집해야겠다고 다짐했다.",발화 속 화자는 야간버스에서 무엇을 하며 야경을 감상했나요?,잘 모르겠음,책을 읽으며,이어폰을 끼고 음악을 들으며,운전석 옆에서 기사와 대화하며,이어폰을 끼고 음악을 들으며,3,138
20대 청춘의 여행,야간버스 여행으로 본 도시의 야경,170,"밤이 깊어갈 무렵, 친구와 함께 고속버스를 타고 서울에서 부산으로 이동했다. 창밖으로 펼쳐진 도심의 불빛들이 마치 별처럼 반짝여서 졸음이 쏟아지다가도 시선을 뗄 수 없었다. 특히 대구를 지날 때 멀리 보이는 타워와 대로변의 네온사인이 인상적이었는데, 그 풍경을 사진으로 남기려다 버스 흔들림에 실패했다. 다음엔 삼각대를 챙겨봐야겠다는 생각도 잠시, 고요한 버스 안에서 이어폰을 끼고 조용히 노래를 들으며 도시의 야경을 감상한 그 시간이 오래 기억에 남을 것 같다.",발화자가 야간버스 여행 중 도심 야경을 기록하려다 실패한 이유는 무엇인가요?,잘 모르겠음,창문이 깨끗하지 않아서,버스 흔들림 때문에,카메라 배터리가 없어서,버스 흔들림 때문에,3,197
20대 청춘의 여행,여행 중 만난 이국의 사람들과의 인연,170,"낯선 골목을 걷다가 길을 헤매고 있을 때, 스페인에서 온 루이스와 우연히 마주쳤다. 그는 나에게 영어로 길을 안내해주었고, 우리는 자연스럽게 함께 점심을 먹게 되었다. 서로의 언어를 가르쳐주며 어설프게 대화하다 보니 어느새 친구가 되어 있었다. 그날 저녁, 루이스가 추천해준 현지 바에서 현지인들과 어울릴 기회도 얻었다. 여행에서의 이 짧은 만남이 오래도록 기억에 남을 것 같다.",발화 속에서 내가 루이스와 처음 함께 하게 된 계기는 무엇이었나요?,잘 모르겠음,같은 숙소에서 만났기 때문,길을 헤매고 있을 때 도움을 받았기 때문,같은 투어에 참여했기 때문,길을 헤매고 있을 때 도움을 받았기 때문,3,161
20대 청춘의 여행,여행 중 만난 이국의 사람들과의 인연,170,"베네치아의 좁은 골목을 걷다 우연히 길을 잃었을 때, 현지에서 유학 중이던 브라질인 루카스를 만났다. 그는 나에게 현지 식당을 소개해줬고, 함께 해산물 리조또를 먹으며 각자의 여행 이야기를 나눴다. 식사 후에는 루카스가 숨겨진 골목길을 안내해줘서, 관광객이 거의 없는 조용한 운하 풍경도 볼 수 있었다. 마지막에는 서로의 인스타그램을 교환하며, 다음 여행지에서 다시 만나자고 약속했다.",발화에서 화자가 루카스와 함께 했던 일로 알맞은 것은 무엇인가요?,잘 모르겠음,루카스와 함께 박물관을 방문했다.,루카스가 해산물 리조또를 소개해줬다.,루카스와 오페라 공연을 관람했다.,루카스가 해산물 리조또를 소개해줬다.,3,165
20대 청춘의 여행,여행 중 만난 이국의 사람들과의 인연,170,"이탈리아 피렌체의 작은 카페에서 우연히 자리를 함께하게 된 스페인 친구 루이스와의 대화가 아직도 기억에 남는다. 서로의 여행 계획과 좋아하는 음식에 대해 이야기하다가, 루이스가 추천한 현지 파스타를 같이 먹으러 갔다. 언어는 서툴렀지만 웃음과 손짓으로 소통했고, 서로의 SNS를 교환하며 다음 여행에서 다시 만나자는 약속까지 하게 됐다. 이런 우연한 인연이 여행의 또 다른 즐거움임을 새삼 느꼈다.",발화 속 화자는 여행 중 어떤 음식을 루이스와 함께 먹으러 갔나요?,잘 모르겠음,피자,파스타,리조또,파스타,3,170
20대 청춘의 여행,여행 중 만난 이국의 사람들과의 인연,170,"파리의 작은 카페에서 혼자 커피를 마시고 있었는데, 옆자리에 앉은 브라질 출신의 루이스라는 청년과 자연스럽게 대화를 나누게 되었다. 그는 세계 각지를 여행하며 사진을 찍는다고 했고, 우리는 각자의 여행 이야기를 공유했다. 루이스가 추천해준 숨겨진 골목 시장을 함께 둘러보며 뜻밖의 우정을 쌓았다. 그날 찍은 사진을 이메일로 주고받으며 지금도 가끔 연락을 주고받는다.",파리에서 만난 브라질 출신의 청년과 화자가 함께 한 활동은 무엇이었나요?,잘 모르겠음,에펠탑을 구경했다,숨겨진 골목 시장을 둘러보았다,박물관을 관람했다,숨겨진 골목 시장을 둘러보았다,3,157
20대 청춘의 여행,첫 해외여행 혼자서 가보기,170,"항상 친구들이랑만 다녔던 내가 이번엔 처음으로 혼자 해외여행을 떠나기로 결심했다. 비행기 표를 끊는 순간부터 설레면서도 불안한 감정이 동시에 몰려왔다. 현지 공항에 도착해서 숙소까지 찾아가는 길이 특히 가장 어려웠다. 길을 잘못 들어서 한참을 헤맸는데, 다행히 근처에 있던 카페 직원이 친절하게 도와줘서 무사히 숙소에 도착할 수 있었다. 혼자였기 때문에 작은 일에도 더 신경이 곤두섰지만, 그만큼 직접 부딪히며 해결하는 경험이 정말 소중하게 느껴졌다.",발화자가 현지에서 가장 어려웠다고 느꼈던 상황은 무엇이었나요?,잘 모르겠음,비행기 표를 예약하는 것,숙소에서 짐을 푸는 것,숙소까지 찾아가는 길을 헤맨 것,숙소까지 찾아가는 길을 헤맨 것,4,193
20대 청춘의 여행,첫 해외여행 혼자서 가보기,170,"가방을 챙기며 설렘과 걱정이 교차했던 그날이 아직도 생생하다. 공항에서 표지판을 따라가다가 순간 길을 잃었지만, 친절한 현지인 덕분에 무사히 비행기 탑승구를 찾았다. 도착 후에는 낯선 거리를 혼자 걸으며 작고 아늑한 카페에 들어가 현지 커피를 주문했다. 처음엔 말이 잘 통하지 않아 어색했지만, 직원이 미소로 응대해줘서 긴장이 조금 풀렸다. 혼자 여행하는 동안 스스로 계획을 세우고 결정해야 했던 경험 덕분에 한층 더 성장한 기분이 들었다.",혼자 해외여행을 하며 발화자가 현지에서 가장 먼저 경험한 카페에서의 상황은 무엇이었나요?,잘 모르겠음,커피를 주문할 때 직원과 언어가 잘 통해서 대화가 술술 진행됐다.,커피를 주문할 때 직원이 미소로 응대해주었다.,카페에서 다른 여행자와 친구가 되었다.,커피를 주문할 때 직원이 미소로 응대해주었다.,3,186
20대 청춘의 여행,첫 해외여행 혼자서 가보기,170,"지난달, 용기를 내어 혼자 비행기를 타고 베트남 하노이에 다녀왔다. 처음엔 공항에서 길을 잃을까 봐 긴장했지만, 현지에서 만난 호주 친구와 함께 길거리 음식을 먹으며 금세 마음이 편해졌다. 숙소로 돌아오는 길에 택시 기사와 언어가 잘 통하지 않아 한참을 헤맸는데, 그때 현지인이 친절하게 번역 앱으로 도와줘 무사히 숙소에 도착할 수 있었다. 혼자라는 두려움도 있었지만, 새로운 사람들과의 만남과 예기치 않은 경험 덕분에 스스로를 더 믿게 됐다.","베트남 하노이 여행 중 택시 기사와 언어가 잘 통하지 않아 어려움을 겪었을 때, 발화자가 어떻게 숙소에 무사히 도착할 수 있었나요?",잘 모르겠음,호주 친구가 통역해 주어서,현지인의 도움으로 번역 앱을 사용해서,스스로 베트남어로 해결해서,현지인의 도움으로 번역 앱을 사용해서,3,187
20대 청춘의 여행,첫 해외여행 혼자서 가보기,170,"비행기를 처음 타고 혼자 해외에 도착했을 때의 긴장감이 아직도 생생하다. 공항에서 길을 잘못 들어 잠시 헤맸지만, 친절한 현지인 아주머니가 손짓으로 길을 알려주셔서 겨우 호텔까지 갈 수 있었다. 낯선 음식도 시도해봤고, 길거리에서 만난 또래 여행자와 함께 야경을 보며 잠깐 친구가 되기도 했다. 모든 것이 낯설었지만, 스스로 문제를 해결해낸 경험 덕분에 조금은 자신감이 생겼다.",해당 발화에서 화자가 호텔까지 갈 수 있도록 도와준 사람은 누구였나요?,잘 모르겠음,현지인 아주머니,또래 여행자,호텔 직원,현지인 아주머니,2,160
가상의 여행,낙타 등으로 사하라 사막을 건넜다면,170,"사하라 사막을 횡단할 기회가 생겨 낙타 등에 올라탔다. 해가 머리 위로 떠오르자 모래는 뜨거워졌고, 바람은 얼굴을 때렸다. 동행한 가이드가 모래에 발이 빠지지 않게 낙타를 천천히 몰았고, 나는 물을 아껴 마시며 목이 마를 때마다 작은 물통을 꼭 쥐었다. 저녁에는 모닥불을 피우고, 타오르는 불빛 아래서 가이드와 짧은 이야기를 나누며 하루의 피로를 달랬다. 하늘엔 별이 쏟아졌고, 그 아래서 모래에 등을 대고 누워 긴 하루를 마무리했다.",발화 속에서 물을 마실 때 나는 어떤 행동을 했는가?,잘 모르겠음,가이드에게 물을 빌렸다,작은 물통을 꼭 쥐었다,낙타와 물을 나누어 마셨다,작은 물통을 꼭 쥐었다,3,182
가상의 여행,낙타 등으로 사하라 사막을 건넜다면,170,"모래언덕이 끝없이 펼쳐진 그 곳에서 현지인 가이드와 낙타를 타고 하루 종일 이동했다. 강렬한 햇볕 때문에 얼굴을 천으로 감싸고, 낙타의 흔들림에 맞춰 몸을 맡겨야 했다. 중간에 잠시 멈춰 작은 오아시스에서 차를 마셨는데, 그늘이 이렇게 소중하게 느껴진 건 처음이었다. 저녁에는 모닥불을 피우고 별이 쏟아지는 하늘 아래에서 현지인들이 들려주는 이야기를 듣다가 피곤해서 바로 잠들었다.",사하라 사막을 건너며 낙타 여행 중 잠시 머물렀던 곳에서 화자가 한 일은 무엇인가요?,잘 모르겠음,점심 식사를 했다,작은 오아시스에서 차를 마셨다,기념품을 구입했다,작은 오아시스에서 차를 마셨다,3,163
가상의 여행,낙타 등으로 사하라 사막을 건넜다면,170,"한낮의 사막은 생각보다 훨씬 뜨거웠다. 낙타 위에 앉아 있으니 등에서 느껴지는 미묘한 흔들림과 낙타 특유의 체취가 아직도 기억난다. 모래바람이 얼굴을 스치고, 멀리서 오아시스가 보일 때마다 동행한 모로코인 친구가 농담을 던졌다. 물 한 모금이 그렇게 달콤한 줄 그 전에는 몰랐다. 밤이 되자 온도가 뚝 떨어져서, 준비해 간 담요로 몸을 덮고 하늘 가득한 별을 바라보며 잠이 들었다.",사하라 사막을 건너던 중 동행한 친구가 무엇을 했다고 언급되었나요?,잘 모르겠음,길을 안내했다,농담을 던졌다,노래를 불렀다,농담을 던졌다,3,159
가상의 여행,낙타 등으로 사하라 사막을 건넜다면,170,"사하라 사막을 낙타를 타고 건넜던 날이 떠오른다. 아침이 되기도 전에 가이드와 일행들이 텐트 밖으로 나와 준비를 시작했다. 처음엔 낙타의 움직임이 익숙지 않아 중심을 잡느라 애를 먹었지만, 점점 몸이 적응했다. 해가 떠오르자 모래의 색이 붉게 변하는 풍경이 너무 인상적이었다. 쉬는 시간마다 작은 물병을 소중히 아껴 마셨고, 현지인이 건네준 대추야자 한 알이 그렇게 달콤하게 느껴질 줄은 몰랐다.",발화자가 사하라 사막을 건널 때 아침에 일어난 뒤 했던 일 중 언급되지 않은 것은 무엇인가요?,잘 모르겠음,낙타에 적응하며 중심을 잡았다,대추야자를 먹었다,모래가 붉게 변하는 풍경을 봤다,낙타에 적응하며 중심을 잡았다,2,167
가상의 여행,세계 7대 불가사의를 방문한 이야기,170,"한여름 무렵, 갑작스레 이집트에 가게 되어 기자의 피라미드를 직접 보았다. 현지 가이드가 태양이 정오쯤 피라미드 벽면에 만든 그림자에 대해 설명해 주었는데, 실제로 그 신비로운 경계가 눈앞에 펼쳐지니 소름이 돋았다. 사진으로 볼 때와 달리, 모래바람 속에서 거대한 석재를 만져보며 시간을 거슬러 올라간 듯한 느낌이 들었다. 여행 동반자인 지연이와 둘이서 그 자리에 앉아 피라미드가 세워질 당시 사람들의 모습을 상상하며 한참 이야기를 나누었다.",피라미드 앞에서 발화자가 친구와 함께 상상했던 것은 무엇인가요?,잘 모르겠음,피라미드 내부 미로 구조,피라미드를 세운 사람들의 모습,미래 도시의 모습,피라미드를 세운 사람들의 모습,3,188
가상의 여행,세계 7대 불가사의를 방문한 이야기,170,"몇 달 전, 친한 친구와 함께 세계 7대 불가사의 중 하나인 요르단의 페트라를 방문한 경험이 아직도 선명하다. 해가 질 무렵 붉게 물든 협곡을 따라 천천히 걸으며, 거대한 암벽을 깎아 만든 신전 앞에서 기념사진을 찍었다. 신비로운 분위기 속에서 낙타를 타고 사막을 가로질렀던 기억이 새롭다. 현지 가이드가 들려준 고대 왕국의 전설도 인상적이었고, 밤에는 별이 가득한 하늘 아래서 따뜻한 차를 마시며 하루를 마무리했다.",화자가 세계 7대 불가사의 중 방문한 장소에서 한 활동은 무엇이었는가?,잘 모르겠음,거대한 신전 벽화를 그렸다,현지 시장에서 기념품을 샀다,낙타를 타고 사막을 가로질렀다,낙타를 타고 사막을 가로질렀다,4,174
가상의 여행,세계 7대 불가사의를 방문한 이야기,170,"친구들과 긴 비행 끝에 이집트 기자에 도착해 피라미드를 실제로 봤을 때의 그 감동이 아직도 잊히지 않는다. 사진으로 볼 때와는 완전히 달랐고, 거대한 돌들이 정교하게 쌓여 있는 모습에 다들 놀랐다. 해가 질 무렵 우리는 피라미드 앞에서 단체 사진을 찍었고, 그때의 황금빛 사막 풍경이 정말 인상적이었다. 여행 중 만난 현지 가이드가 피라미드 내부 구조에 대해 설명해 주었는데, 한 번쯤은 꼭 직접 와서 체험해보길 추천하고 싶다.",여행 중 피라미드를 설명해준 사람은 누구였나요?,잘 모르겠음,동행한 친구,현지 가이드,택시 기사,현지 가이드,3,177
가상의 여행,세계 7대 불가사의를 방문한 이야기,170,"어릴 적부터 세계 7대 불가사의에 대한 호기심이 컸는데, 드디어 기회가 닿아 친구들과 이집트 기자의 피라미드를 방문했다. 거대한 석재와 정교한 구조물을 직접 보니 책이나 사진에서 느낄 수 없던 웅장함에 압도당했다. 현지 가이드가 피라미드 안쪽의 좁은 통로로 안내해 주었는데, 어둡고 서늘한 공기가 긴장감을 더했다. 피라미드 앞에서 친구들과 인증사진도 찍고, 모래바람 속에서 준비해 온 간식을 먹으며 오랜 꿈을 이룬 기분에 하루 종일 들떴다.","내가 피라미드 내부를 방문할 때, 어떤 분위기였다고 했는가?",잘 모르겠음,밝고 화려했다.,어둡고 서늘했다.,분주하고 시끄러웠다.,어둡고 서늘했다.,3,187
가상의 여행,시간 여행을 통해 고대로 떠났다면,170,"한 번은 시간 여행 장치를 타고 고대 그리스로 이동한 적이 있었다. 처음엔 사람들이 입고 있는 토가와 건축물의 웅장함에 놀랐고, 시장에서는 신선한 과일과 치즈를 맛보았다. 길거리에서 철학자들이 토론을 벌이고 있는 모습을 구경했는데, 그들의 언어가 익숙하지 않아서 몇 마디만 알아들을 수 있었다. 또, 해질 무렵에는 대리석 신전 앞에서 연극 공연을 보았고, 옆에 있던 한 남자가 극의 내용에 대해 친절하게 설명해주었다.",시간 여행자는 고대 그리스에서 어떤 언어적 어려움을 겪었나요?,잘 모르겠음,모두가 조용해서 대화를 듣지 못했다,사람들이 사용하는 언어를 완전히 이해하지 못했다,시장 상인들이 물건을 팔지 않으려 했다,사람들이 사용하는 언어를 완전히 이해하지 못했다,3,176
가상의 여행,시간 여행을 통해 고대로 떠났다면,170,"시간 여행 장치를 조심스럽게 조작하자마자 눈앞의 풍경이 순식간에 바뀌었다. 내가 도착한 곳은 고대 한양의 활기찬 시장 한복판이었고, 주변 사람들은 모두 한복을 입고 있었다. 익숙하지 않은 냄새와 활기찬 소리에 당황했지만, 용기를 내어 작은 떡 가게에서 떡 한 조각을 샀다. 주인 아주머니는 내 말투를 신기해하며 어디서 왔냐고 물었고, 나는 여행자라고 얼버무렸다. 그 짧은 대화 속에서도 따스한 정을 느낄 수 있었다.",고대 한양의 시장에서 화자는 무엇을 사 먹었나요?,잘 모르겠음,한복,떡,국수,떡,3,175
가상의 여행,시간 여행을 통해 고대로 떠났다면,170,"며칠 전 꿈에서 알 수 없는 기계에 들어갔더니 눈을 떠보니 고대 시장 한가운데에 있더라. 사람들이 모두 이상한 옷을 입고 있었고, 주변엔 말이 끄는 수레가 지나다녔다. 나는 호기심이 생겨 근처 가게에서 빵을 사 먹으려 했는데, 돈을 꺼내자 주인 아저씨가 내 동전을 신기하게 쳐다봤다. 그러다 한 소년이 다가와 어디서 왔냐고 물었고, 나는 순간 당황해서 여행자라고 둘러댔다. 시장을 구경하며 신기한 향신료와 도자기를 살펴보는 경험은 정말 색달랐다.","꿈에서 주인공이 고대 시장에서 빵을 사려고 했을 때, 상점 주인은 무엇을 보고 신기해했나요?",잘 모르겠음,주인공의 옷차림,주인공이 가져온 동전,주인공의 머리 모양,주인공이 가져온 동전,3,187
가상의 여행,시간 여행을 통해 고대로 떠났다면,170,"시간 여행 장치를 타고 눈을 떴을 때, 주위엔 현대적인 건물이 하나도 보이지 않고 돌로 만든 담장과 기와지붕의 집들이 펼쳐져 있었어요. 한복을 입은 사람들이 시장에서 과일과 채소를 팔고 있었고, 말을 타고 지나가는 관리도 봤죠. 시장에서는 조선 시대의 돈인 엽전을 사용해야 해서, 상인에게 조심스럽게 엽전을 내밀며 떨리는 목소리로 사과를 하나 샀어요. 신기하고 낯선 풍경에 가슴이 두근거렸고, 직접 과거의 공기를 마시는 경험이 정말 특별했답니다.",내가 고대 시장에서 사과를 살 때 사용한 화폐는 무엇이었나요?,잘 모르겠음,현대 지폐,엽전,신용카드,엽전,3,189
가상의 여행,심해를 탐험하는 가상 이야기,170,"심해 탐험선을 타고 해저 깊숙한 곳으로 내려가던 중 조명이 닿지 않는 어둠 속에서 반짝이는 생명체를 만났다. 그 생명체는 몸 전체가 투명해서 내장 기관이 모두 보였고, 빛을 내뿜으며 주변을 유영했다. 나는 신기함에 한참을 바라보다가 조심스럽게 사진을 찍었는데, 갑자기 바로 옆에서 거대한 오징어가 느릿하게 지나가는 것을 보고 숨을 죽이고 관찰했다. 그 순간의 긴장감은 아직도 생생하게 기억난다.",탐험 중에 주인공이 신기하게 느낀 생명체의 특징은 무엇이었나요?,잘 모르겠음,아주 빠르게 움직였다,몸 전체가 투명했다,커다란 소리를 냈다,몸 전체가 투명했다,3,167
가상의 여행,심해를 탐험하는 가상 이야기,170,"동료들과 함께 잠수정을 타고 심해로 내려갔던 경험이 아직도 생생하다. 바깥 유리는 점점 어두워졌고, 갑자기 커다란 오징어 한 마리가 잠수정 바로 앞을 스치고 지나갔다. 심해의 압력 때문에 창문이 살짝 흔들렸지만, 우리는 두려움보다 신기함이 더 컸다. 잠시 후 선명한 빛을 내는 작은 생물들이 모여드는 장면을 관찰할 수 있었는데, 그 빛들이 잠수정 안까지 은은하게 퍼져 정말 신비로운 분위기를 자아냈다.",잠수정 밖에서 관찰한 심해 생물에 대한 설명으로 맞는 것은 무엇인가요?,잘 모르겠음,선명한 빛을 내는 작은 생물들이 잠수정 주위에 모였다.,고래 떼가 잠수정을 둘러쌌다.,물고기들이 모두 도망쳤다.,선명한 빛을 내는 작은 생물들이 잠수정 주위에 모였다.,2,169
가상의 여행,심해를 탐험하는 가상 이야기,170,"깊은 심해로 내려가는 잠수정을 탔을 때 창밖에 펼쳐진 풍경이 아직도 생생하다. 빛이 거의 닿지 않는 곳이라 모든 게 어둡고 신비로웠다. 특히 갑자기 앞을 스쳐 지나간 투명한 해파리 무리가 인상적이었고, 동료가 작은 심해어를 발견했다고 소리쳐 모두가 그 쪽을 바라보기도 했다. 탐험이 끝나갈 무렵엔 잠수정 벽에 부딪히는 미세한 소리까지 또렷하게 들려와 긴장감이 감돌았다.",탐험 중에 모두의 시선을 끌었던 것은 무엇이었나요?,잘 모르겠음,작은 심해어,고래 떼,심해의 암석,작은 심해어,2,156
가상의 여행,심해를 탐험하는 가상 이야기,170,"수중탐사정에 탑승해 푸른 심해로 내려가자 창밖으로 빛이 거의 닿지 않는 어둠이 펼쳐졌다. 주변엔 이상한 모양의 해양생물들이 천천히 움직였고, 그중 하나는 몸에서 스스로 빛을 내며 저 멀리 유영했다. 갑자기 조종석 옆으로 작은 오징어 떼가 몰려들어 탐사정에 부딪혔고, 진동이 잠시 느껴졌다. 긴장했지만 조종사가 침착하게 방향을 바꿔 오징어들을 피했고, 나는 처음 보는 심해의 아름다움에 압도당했다.",탐사정이 조우했던 심해생물 중 어떤 생물에 의해 진동이 느껴졌나요?,잘 모르겠음,빛을 내는 물고기,작은 오징어 떼,거대한 해파리,작은 오징어 떼,3,170
가상의 여행,우주 여행을 가상으로 체험했다면,170,"집 근처 과학관에서 열린 우주 여행 가상 체험 프로그램에 참가했다. 처음엔 가상현실 장비를 착용하자 눈앞에 거대한 우주정거장이 펼쳐져서 정말 신기했다. 무중력 상태에서 몸이 둥둥 떠오르는 느낌이 인상적이었고, 우주복을 입고 달 표면을 걷는 미션도 직접 해봤다. 중간에 우주선 조종 시뮬레이션까지 있었는데, 조작이 생각보다 어려워서 방향을 제대로 잡지 못해 살짝 당황했다. 체험이 끝나고 나니 마치 진짜로 우주에 다녀온 것처럼 마음이 설레고 신비로웠다.",가상 체험 중 참가자가 직접 시도한 것은 무엇이었나요?,잘 모르겠음,화성에서 식물 기르기,달 표면 걷기 미션,행성 탐사 로봇 조종,달 표면 걷기 미션,3,193
가상의 여행,우주 여행을 가상으로 체험했다면,170,"친구와 함께 가상현실 기기를 쓰고 우주선을 타는 체험을 했는데, 처음에는 무중력 상태에서 몸이 둥둥 뜨는 느낌이 정말 신기했다. 달 표면을 걷는 장면에서는 발이 땅에 제대로 닿지 않아 한 번 점프할 때마다 훨씬 멀리 날아가는 듯한 느낌을 받았다. 우주선 안에서 창밖으로 지구가 천천히 멀어지는 모습을 볼 때는 마치 실제로 우주에 떠 있는 것 같아 마음이 몹시 설렜다.",가상현실 우주 여행 체험에서 내가 달 표면을 걸을 때 어떤 느낌을 받았는가?,잘 모르겠음,발걸음이 무거워서 움직이기 힘들었다,한 번 점프할 때마다 훨씬 멀리 날아가는 듯했다,바람이 세차게 불어서 균형을 잡기 힘들었다,한 번 점프할 때마다 훨씬 멀리 날아가는 듯했다,3,150
가상의 여행,우주 여행을 가상으로 체험했다면,170,"며칠 전 친구들과 가상현실 체험관에 갔는데, 우주 여행 시뮬레이션을 처음 해봤다. 우주선 안에서 중력이 사라진 듯 둥둥 떠다니는 느낌이 인상적이었고, 창밖으로 보이는 푸른 지구와 멀리 떠 있는 달의 모습이 정말 실제처럼 느껴졌다. 갑자기 우주선이 소행성대를 통과하면서 진동이 심해져서 순간 깜짝 놀라기도 했지만, 마지막에는 화성에 착륙하는 장면까지 볼 수 있어서 너무 신기하고 즐거운 경험이었다.",가상현실 우주 여행에서 어떤 천체에 착륙하는 장면을 봤나요?,잘 모르겠음,목성,금성,화성,화성,4,169
가상의 여행,우주 여행을 가상으로 체험했다면,170,"상상 속에서 우주선을 타고 지구를 벗어나는 경험을 해보았다. 무중력 상태에서 몸이 둥둥 떠오르는 느낌은 처음에는 낯설고 조금 두려웠지만, 곧 자유롭게 움직일 수 있다는 점이 무척 흥미로웠다. 창밖으로 파란 지구와 끝없는 우주가 펼쳐지는 광경을 보는 순간, 평소에 느끼지 못했던 벅찬 감정이 밀려왔다. 짧은 가상 체험이었지만 우주에서의 식사나 생활 방식에 대해 새로운 호기심도 생겼다.",발화자가 우주를 가상으로 체험할 때 처음 무중력 상태에서 어떤 느낌을 받았는가?,잘 모르겠음,익숙하고 편안했다,처음에는 낯설고 조금 두려웠다,무척 배가 고팠다,처음에는 낯설고 조금 두려웠다,3,163
가족,가족과 함께한 행복한 주말,170,"지난주 주말에는 부모님, 동생과 함께 근처 공원에 소풍을 다녀왔다. 바람이 살짝 부는 오후에 돗자리를 깔고 엄마가 집에서 준비한 김밥과 과일을 먹으면서 도란도란 이야기를 나눴다. 아빠는 갑자기 즉석에서 퀴즈를 내기도 하고, 동생은 피크닉 매트 위에서 카드 게임을 제안해 우리 모두 한바탕 웃음바다를 만들었다. 평소 바빠서 함께 보내는 시간이 많지 않았는데, 오랜만에 네 식구가 모여 여유롭고 따뜻한 시간을 보내 정말 행복했다.",공원 소풍에서 가족들이 함께 한 활동으로 언급되지 않은 것은 무엇인가요?,잘 모르겠음,카드 게임,김밥과 과일 먹기,자전거 타기,자전거 타기,4,180
가족,가족과 함께한 행복한 주말,170,"오랜만에 모두가 시간을 맞춰 가족과 함께 근처 호수공원으로 소풍을 갔던 날이 떠오른다. 엄마가 정성껏 준비한 김밥과 과일을 돗자리 위에 펼쳐 놓고 서로 이야기를 나누며 식사했다. 아빠와 나는 배드민턴을 쳤고, 동생은 엄마와 사진을 찍으며 즐거워했다. 점심 후엔 함께 산책로를 따라 걷다가 갑자기 내린 가벼운 소나기 때문에 다 같이 비를 피해 정자 안에서 빗소리를 들으며 한참을 웃었던 기억이 아직도 생생하다.",가족이 소풍에서 소나기를 피하며 모여 있던 장소는 어디였나요?,잘 모르겠음,호숫가 근처 카페,공원 주차장,정자 안,정자 안,4,171
가족,가족과 함께한 행복한 주말,170,"토요일 오후, 가족 모두가 거실에 모여 보드게임을 하기로 했다. 평소에는 각자 바빠서 이런 시간을 갖기 힘든데, 오늘은 아빠가 직접 간식을 준비하고 엄마는 좋아하는 음악을 틀어주셨다. 여동생이 예상 밖의 실력을 보여 모두를 놀라게 했고, 게임이 끝난 후에는 다 함께 사진도 찍었다. 오랜만에 웃음이 끊이지 않아 정말 특별한 하루였다.",오늘 가족 모임에서 여동생이 어떻게 모두를 놀라게 했나요?,잘 모르겠음,간식을 만들었다.,음악을 틀었다.,보드게임 실력을 보여주었다.,보드게임 실력을 보여주었다.,4,140
가족,가족과 함께한 행복한 주말,170,"주말에 가족들과 근처 호수공원에 다녀왔다. 날씨가 좋아서 돗자리를 펴고 엄마가 준비한 김밥과 과일을 먹으면서 다 함께 웃으며 이야기했다. 아빠는 드론을 가지고 와서 나와 동생에게 조종법을 가르쳐 주셨고, 동생은 드론을 나무에 걸려 당황했지만 아빠가 금방 꺼내 주셔서 모두 안심했다. 해질 무렵엔 가족사진도 찍으며 오랜만에 정말 따뜻하고 즐거운 시간을 보냈다.",가족들과의 공원 나들이에서 동생이 당황한 이유는 무엇이었나요?,잘 모르겠음,도시락을 쏟아서,드론이 나무에 걸려서,사진을 찍다가 넘어져서,드론이 나무에 걸려서,3,153
가족,아버지와 보낸 시간,170,"며칠 전, 아버지께서 갑자기 저녁 산책을 가자고 하셨다. 평소 바쁘셔서 함께 걷는 일이 거의 없었기에 조금 어색했지만, 조용히 동네 공원을 한 바퀴 돌며 서로의 근황을 나눴다. 아버지는 예전보다 걷는 속도가 느려졌지만, 대신 오랜만에 이런 시간을 가지니 좋다고 하셨다. 산책이 끝난 후에는 작은 분식집에서 떡볶이와 어묵을 나눠 먹었다. 소소한 대화와 음식이 따뜻하게 느껴져 오래 기억에 남을 것 같다.",발화에서 아버지와 내가 산책 후에 함께 먹었던 음식은 무엇이었나요?,잘 모르겠음,떡볶이와 어묵,치킨과 콜라,라면과 김밥,떡볶이와 어묵,2,168
가족,아버지와 보낸 시간,170,"며칠 전 주말에 아버지와 함께 동네 뒷산에 산책을 다녀왔다. 평소엔 각자 바쁘게 지내느라 대화를 많이 나누지 못했지만, 이번에는 둘이서 걷다 보니 어릴 때 내가 자전거를 배울 때의 에피소드부터, 아버지가 젊은 시절 친구들과 여행을 다녔던 이야기까지 자연스럽게 나눌 수 있었다. 산 위에서 잠깐 쉬며 먹은 유자차 덕분에 쌀쌀했던 날씨도 포근하게 느껴졌다.",산책 도중 아버지와 내가 잠깐 쉬며 마신 음료는 무엇이었나?,잘 모르겠음,커피,유자차,오렌지주스,유자차,3,148
가족,아버지와 보낸 시간,170,"주말마다 아버지와 동네 뒷산에 오르는 것이 어느새 우리 가족의 작은 전통이 되었다. 얼마 전에는 비가 온 다음 날이어서 흙이 미끄러웠는데, 아버지가 내 손을 꼭 잡아주셨다. 정상에 오르자 아버지는 직접 싸온 달걀과 사과를 꺼내 주셨고, 산 아래 풍경을 함께 바라보며 여러 가지 이야기를 나누었다. 특히 어릴 적 아버지가 나처럼 친구들과 산을 오르던 추억을 들려주시며 웃으셨던 모습이 오래 기억에 남았다.",발화 내용에 따르면 아버지가 산 정상에서 준 음식은 무엇이었나요?,잘 모르겠음,바나나와 빵,달걀과 사과,샌드위치와 우유,달걀과 사과,3,168
가족,아버지와 보낸 시간,170,"일요일 오후에 아버지와 동네 자전거 도로를 따라 나란히 달렸던 기억이 남아 있다. 평소에 대화할 시간이 많지 않았는데, 그날은 바람을 맞으며 서로 어릴 적 이야기도 꺼내고, 내가 힘들었던 일도 솔직하게 털어놓았다. 도착한 공원 벤치에서 아버지가 아이스커피를 사 주셨는데, 그 짧은 시간 동안 평소보다 훨씬 가까워진 느낌이 들었다.",자전거를 타고 도착한 곳에서 아버지가 해준 행동은 무엇이었나요?,잘 모르겠음,아이스크림을 사주셨다,아이스커피를 사주셨다,책을 읽어주셨다,아이스커피를 사주셨다,3,139
가족,어머니와 보낸 시간,170,"요즘 들어 어머니와 산책을 자주 하게 되었다. 지난주에는 집 근처 호숫가를 걸으면서 오랜만에 진지한 대화를 나눴다. 어머니가 학창시절에 꿈이 무엇이었는지 처음 듣게 되었는데, 피아노를 전공하고 싶었다고 하셔서 놀랐다. 산책이 끝날 무렵엔 벤치에 앉아 서로 찍어준 사진을 보며 많이 웃었다. 이런 소소한 시간이 정말 소중하다는 걸 새삼 느꼈다.",발화에서 어머니가 학창시절에 전공하고 싶었던 것은 무엇이었나요?,잘 모르겠음,미술,피아노,영문학,피아노,3,145
가족,어머니와 보낸 시간,170,"휴일에 평소보다 일찍 눈을 떴더니 엄마가 부엌에서 조용히 김치전을 부치고 계셨다. 고소한 냄새에 이끌려 부엌으로 갔더니, 엄마가 반죽을 저으면서 오늘은 나와 함께 식탁을 꾸며보자고 하셨다. 오랜만에 둘이서 접시에 김치전과 과일을 예쁘게 담아보며 엄마와 이런저런 이야기를 나누었다. 엄마는 내가 어릴 적 좋아했던 사과를 일부러 준비했다고 하셨다.",화자가 어머니와 함께 식탁을 꾸밀 때 준비한 과일은 무엇이었나요?,잘 모르겠음,바나나,포도,사과,사과,4,148
가족,어머니와 보낸 시간,170,"주말마다 엄마와 함께 동네 시장에 장을 보러 가곤 한다. 오늘은 엄마가 좋아하는 봄동이 신선하게 들어와서 한 단을 샀다. 엄마는 봄동겉절이를 만들어 주겠다며, 내가 무채를 써는 동안 양념을 준비하셨다. 작은 주방에서 엄마와 도란도란 이야기 나누며 요리하는 시간이 무척 소중하게 느껴졌다. 완성된 겉절이는 적당히 매콤하고 아삭해서 둘이 금세 한 그릇을 다 비웠다.","발화 내용에 따르면, 시장에서 엄마가 구입한 채소는 무엇이었나요?",잘 모르겠음,무,봄동,배추,봄동,3,153
가족,어머니와 보낸 시간,170,"며칠 전 엄마와 같이 동네 작은 공방에 가서 도자기 만들기를 체험했다. 평소에는 이런 활동을 잘 하지 않지만, 엄마가 직접 고른 파란색 유약을 사용해서 나만의 컵을 만들어보니 시간이 어떻게 가는지 모를 정도로 즐거웠다. 끝나고 근처 카페에서 갓 구운 치즈케이크를 함께 먹으며 엄마가 어릴 적 좋아하던 취미 이야기를 들을 수 있었던 것도 특별했다.",발화자가 어머니와 공방에서 만든 도자기 컵에 사용한 유약의 색깔은 무엇이었나요?,잘 모르겠음,초록색,파란색,노란색,파란색,3,143
가족,할아버지께 들은 옛날 이야기,170,"저녁에 할아버지와 마당에 앉아 있던 중, 할아버지께서 어릴 적 겨울마다 마을 아이들과 연을 만들어 놀았던 이야기를 해주셨다. 나뭇가지와 신문지를 이용해 직접 연을 만들고, 한 번은 바람이 너무 세서 연이 나무 꼭대기에 걸려 며칠 동안 찾지 못했다는 얘기에 모두 웃었다.",할아버지가 연을 만들 때 사용한 재료 중 하나는 무엇이었나요?,잘 모르겠음,플라스틱,신문지,비닐봉지,신문지,3,112
가족,할아버지께 들은 옛날 이야기,170,"며칠 전 가족들과 함께 저녁을 먹던 중 할아버지께서 어릴 적 겪으셨던 홍수 이야기를 들려주셨다. 그때는 동네에 다리가 하나밖에 없어서 사람들이 모두 그 다리로 대피했다고 하셨다. 할아버지는 손에 쥐고 있던 연필 한 자루를 잃어버렸는데, 나중에 동네 어르신이 그 연필을 찾아 주셔서 아주 감사했던 기억이 난다고 하셨다.",할아버지가 홍수 때 잃어버린 물건은 무엇이었나요?,잘 모르겠음,우산,연필,손수건,연필,3,133
가족,할아버지께 들은 옛날 이야기,170,"며칠 전에 비가 내리던 저녁, 할아버지와 마루에 앉아 이야기를 들었다. 할아버지는 어릴 때 동네 친구들과 논두렁을 따라 멀리 있는 개울까지 뛰어가곤 하셨다고 한다. 그때는 운동화가 귀해서 모두 맨발로 뛰어다녔고, 개울에 도착하면 발을 씻으며 서로 장난도 많이 쳤다고 하셨다. 할아버지가 개울에서 작은 물고기를 손으로 잡으려다 미끄러져 물에 빠진 적이 있는데, 옷이 다 젖었지만 친구들이 박장대소하며 도와줬던 이야기를 들으니 나도 괜히 웃음이 났다.",할아버지께서 친구들과 개울에 갔을 때 어떤 일이 일어났나요?,잘 모르겠음,할아버지가 친구와 다투셨다,할아버지가 개울에서 작은 물고기를 잡다가 물에 빠지셨다,할아버지가 운동화를 잃어버리셨다,할아버지가 개울에서 작은 물고기를 잡다가 물에 빠지셨다,3,190
가족,할아버지께 들은 옛날 이야기,170,"며칠 전 저녁에 가족들과 모여 앉아 있을 때, 할아버지께서 어릴 적 동네에 큰 홍수가 났던 이야기를 들려주셨다. 그때는 마을 사람들이 모두 힘을 합쳐 제방을 쌓고, 서로 음식을 나눠 먹으며 밤새웠다고 하셨다. 할아버지는 어린 시절 친구들과 빗속에서 진흙을 이고 나르던 기억이 아직도 생생하다고 하셨고, 그때 친구들이랑 더 끈끈해졌다고 하셨다.",할아버지께서 홍수가 났을 때 마을 사람들이 함께 한 일로 언급한 것은 무엇인가요?,잘 모르겠음,제방을 쌓았다.,나무를 심었다.,강을 건넜다.,제방을 쌓았다.,2,144
가족,가장 행복했던 가족 모임,170,"일요일 오후, 부모님과 동생, 그리고 오랜만에 만난 사촌들과 집에서 파전과 떡볶이를 만들어 먹었다. 서로 다른 도시에서 살다가 모여 이야기를 나누니 어릴 적 장난치던 기억이 자연스럽게 떠올랐다. 작은 방에 옹기종기 모여 앉아 윷놀이도 하며 웃음이 끊이지 않았다. 특히 아버지가 어릴 때 윷놀이에서 반칙하던 이야기를 하며 모두가 한참을 웃었다. 짧은 하루였지만 가족의 따뜻함을 다시 한 번 느꼈던 소중한 순간이었다.",가족 모임에서 모두가 크게 웃었던 이유는 무엇이었나요?,잘 모르겠음,아버지가 떡볶이를 맵게 만들어서,어릴 때 아버지가 윷놀이에서 반칙하던 이야기를 해서,사촌들이 선물을 많이 가져와서,어릴 때 아버지가 윷놀이에서 반칙하던 이야기를 해서,3,175
가족,가장 행복했던 가족 모임,170,"몇 년 만에 온 가족이 한자리에 모였던 날이 아직도 생생하다. 모두가 바쁘게 지내다 보니 쉽게 시간을 맞추지 못했지만, 삼촌이 직접 잡은 민물고기로 매운탕을 끓이고, 사촌들과 윷놀이를 하며 깔깔 웃던 시간이 무척 소중하게 느껴졌다. 특히 엄마가 준비한 즉석 사진기로 다 같이 사진을 찍으며 서로 장난을 치던 모습이 아직도 기억에 남는다.",가족 모임에서 어떤 음식을 삼촌이 직접 준비했나요?,잘 모르겠음,삼겹살,민물고기 매운탕,떡볶이,민물고기 매운탕,3,140
가족,가장 행복했던 가족 모임,170,"지난겨울, 작은이모가 손수 준비한 음식들로 집에서 가족들이 모두 모여 저녁을 함께했던 날이 떠오른다. 그날은 특별히 사촌동생이 직접 만든 케이크도 있었는데, 모두가 한입씩 맛보며 서로 칭찬을 아끼지 않았다. 평소에 바빠서 얼굴 보기 힘든 큰아버지까지 오셔서 어린 시절 이야기를 들려주셨고, 오랜만에 모두 모여 웃으며 사진도 찍었다. 그날 가족들과 함께한 시간 덕분에 평범한 일상도 더욱 소중하게 느껴졌다.",모임에서 가족들이 칭찬한 음식은 무엇이었나요?,잘 모르겠음,작은이모가 만든 떡볶이,사촌동생이 만든 케이크,큰아버지가 준비한 과일,사촌동생이 만든 케이크,3,173
가족,가장 행복했던 가족 모임,170,"비가 내리던 어느 늦봄 저녁, 오랜만에 사촌들과 할머니 댁에 모두 모여서 따뜻한 전을 부치고 도란도란 이야기를 나누었다. 작은 방에 옹기종기 둘러앉아 각자 준비해온 음식을 나눠먹으며 예전 가족 여행 사진을 함께 보았다. 삼촌이 어린 시절 장난을 치던 이야기에 모두 크게 웃었고, 할머니는 직접 키운 상추를 한아름 내주셨다. 그날은 가족의 정과 온기가 가득했던 특별한 기억으로 남아 있다.",가족 모임에서 할머니가 가족들에게 무엇을 내주셨나요?,잘 모르겠음,직접 만든 전,가족 여행 사진,직접 키운 상추,직접 키운 상추,4,162
가족,가족 간의 따뜻한 소통 방법,170,"며칠 전에 엄마와 단둘이 저녁을 먹으면서 요즘 서로 바빠서 못했던 이야기를 많이 나눴다. 평소에는 각자 방에서 시간을 보내는 일이 많았는데, 이날은 휴대폰도 잠시 내려두고 식탁에 마주 앉아 서로 고민이나 근황을 진솔하게 털어놓았다. 엄마가 어릴 적 나와 함께한 추억을 꺼내며 웃기도 했고, 나는 최근 힘들었던 일에 대해 솔직하게 털어놓으니 엄마가 조용히 들어주셔서 마음이 편해졌다. 이런 시간을 자주 가져야겠다고 다짐했다.",화자가 엄마와의 저녁 식사 중 특별히 신경 썼던 점은 무엇이었나요?,잘 모르겠음,식사를 하면서 서로 휴대폰을 사용했다,각자 방에서 식사했다,휴대폰을 내려두고 대화에 집중했다,휴대폰을 내려두고 대화에 집중했다,4,179
가족,가족 간의 따뜻한 소통 방법,170,"며칠 전 저녁을 먹고 난 후, 오랜만에 가족들과 둘러앉아 각자 오늘 있었던 일에 대해 돌아가며 이야기하는 시간을 가졌어요. 동생이 학교에서 발표를 잘했다고 하니까 엄마가 칭찬해 주셨고, 아빠는 요즘 회사에서 있었던 소소한 에피소드를 들려주셨어요. 저는 친구와 다툰 일이 있었는데 가족들이 따뜻하게 조언해줘서 마음이 한결 편안해졌어요. 이렇게 서로 이야기를 나누니 평소엔 미처 몰랐던 가족의 마음을 조금 더 알게 된 것 같아 참 좋았어요.",발화자가 가족들과 저녁 식사 후에 했던 활동은 무엇인가요?,잘 모르겠음,함께 텔레비전을 시청했다.,각자 방에서 시간을 보냈다.,서로의 하루 이야기를 나누었다.,서로의 하루 이야기를 나누었다.,4,184
가족,가족 간의 따뜻한 소통 방법,170,"며칠 전 저녁, 가족 모두가 각자 핸드폰만 바라보고 있던 순간이 떠올라서, 내가 먼저 조용히 보드게임을 꺼내 거실 테이블 위에 올려두었어요. 처음엔 다들 시큰둥했지만, 엄마가 제안을 받아들여 함께 시작하자고 했고, 그 뒤로는 아빠와 동생까지 자연스럽게 모였어요. 게임을 하면서 오랜만에 서로 얼굴을 마주보며 웃기도 하고, 사소한 농담도 주고받았죠. 그날 이후로 가족 대화가 더 자연스러워진 것 같아 기분이 참 좋았어요.",발화자가 가족과의 대화를 늘리기 위해 꺼낸 것은 무엇이었나요?,잘 모르겠음,책,보드게임,퍼즐,보드게임,3,178
가족,가족 간의 따뜻한 소통 방법,170,"며칠 전 가족 모두가 거실에 모여 각자 휴대폰만 보던 모습이 문득 마음에 걸려서, 작은 메모지를 준비해 가족 한 명씩 칭찬이나 고마운 점을 적어보자고 제안했다. 처음엔 다들 쑥스러워했지만, 막상 메모지가 돌아가며 각자에게 따뜻한 말 한마디씩 적어주자 분위기가 훨씬 밝아졌다. 동생이 내게 '최근에 힘들었을 텐데 잘 견뎌줘서 고마워'라고 적어준 메모지를 받고 정말 큰 위로가 됐다.",발화자가 가족들과의 소통을 위해 준비한 것은 무엇이었나요?,잘 모르겠음,가족사진,메모지,쿠키,메모지,3,160
가족,가족과 함께한 연휴 여행 이야기,170,"며칠 전, 가족 모두가 각자 바빴던 일상에서 벗어나기로 하고 차를 타고 바닷가 근처 작은 펜션으로 여행을 다녀왔다. 평소엔 함께 밥 먹을 시간도 부족했는데, 그날만큼은 저녁에 엄마가 구워준 고기를 먹으며 아빠와 동생과 오랜만에 도란도란 이야기를 나눴다. 저녁 식사 후엔 근처 해변을 산책하며 서로 사진도 찍고, 바람 소리에 귀 기울이니 마음이 한결 가벼워졌다.",가족이 저녁 식사 후에 함께 한 활동은 무엇이었나요?,잘 모르겠음,보드게임을 했다,해변을 산책했다,영화를 시청했다,해변을 산책했다,3,151
가족,가족과 함께한 연휴 여행 이야기,170,"부모님과 여동생, 그리고 나는 작년 설 연휴에 제주도로 여행을 갔었다. 비행기에서 본 구름이 너무 신기했고, 공항에 도착하자마자 우리는 감귤 농장에 들렀다. 각자 직접 감귤을 따며 서로 누가 더 예쁜 감귤을 골랐는지 자랑하기도 했다. 저녁에는 해변 근처 숙소에서 엄마가 준비해온 도시락을 먹으며 가족들과 도란도란 이야기꽃을 피웠던 기억이 아직도 생생하다.",가족이 제주도에 도착해서 가장 먼저 한 활동은 무엇이었나요?,잘 모르겠음,해변에서 산책을 했다.,감귤 농장에 들렀다.,숙소에서 도시락을 먹었다.,감귤 농장에 들렀다.,3,151
가족,가족과 함께한 연휴 여행 이야기,170,"작년 추석 연휴 때 가족들과 경주로 여행을 다녀왔다. 평소에 바빠서 함께하는 시간이 적었는데, 이번엔 긴 연휴를 맞아 아침 일찍 출발해 오랜만에 가족 모두가 한 차에 타고 이동했다. 도착하자마자 첨성대를 구경했고, 동생은 사진 찍는 데 집중하느라 우리가 이동하는 줄도 모르고 한참 혼자 남아 있었다. 저녁엔 보문호수 근처에서 자전거도 타고, 평소엔 잘 못 나누던 이야기도 많이 하며 하루를 마무리했다.",가족 여행에서 동생이 첨성대에서 무엇을 하느라 가족과 잠시 떨어져 있었나요?,잘 모르겠음,간식을 먹느라,사진을 찍느라,전화 통화를 하느라,사진을 찍느라,3,168
가족,가족과 함께한 연휴 여행 이야기,170,"올해 긴 연휴에는 가족 모두와 바닷가 근처 작은 펜션에 다녀왔다. 엄마가 직접 준비한 김밥과 과일을 챙겨서 점심으로 먹었고, 아빠는 바베큐 준비를 맡으셨다. 동생과 나는 모래사장에서 조개껍데기를 주우며 놀았는데, 파도 소리와 시원한 바람이 정말 기억에 남는다. 밤에는 가족이 둘러앉아 카드게임도 하고 사진도 많이 찍었다. 평소와 달리 모두가 바쁜 일상을 잠시 잊고 함께 웃으며 보낸 시간이어서 참 소중했다.","가족이 연휴에 여행을 갔을 때, 점심으로 무엇을 먹었나요?",잘 모르겠음,햄버거,김밥과 과일,피자,김밥과 과일,3,172
가족,형제와의 재미있는 경쟁 이야기,170,"형과 오랜만에 집에서 보드게임을 하기로 했다. 서로 이길 때마다 작은 간식을 하나씩 얻는 내기를 걸었더니 분위기가 훨씬 흥미진진해졌다. 특히 마지막 판에서 형이 실수로 말을 잘못 옮겨서 내가 역전승을 하게 되었는데, 평소엔 형이 더 잘하는 게임이라 내가 이긴 게 정말 기뻤다. 간식으로는 초콜릿을 받았고, 형은 아쉽다며 다음엔 반드시 이기겠다고 다짐했다. 이런 소소한 경쟁이 우리를 더 가깝게 만들어 주는 것 같다.",보드게임에서 마지막 판에 역전승을 하게 된 이유는 무엇이었나요?,잘 모르겠음,형이 게임을 포기해서,형이 말을 잘못 옮겨서,내가 특별한 전략을 써서,형이 말을 잘못 옮겨서,3,174
가족,형제와의 재미있는 경쟁 이야기,170,"주말에 형과 집에서 보드게임을 하기로 했어요. 이번에는 새로운 전략 게임이었는데, 처음에는 제가 유리하게 이끌었지만 형이 갑자기 전세를 뒤집어서 마지막 라운드에 이겼어요. 저는 아쉬웠지만 형이 기뻐하는 모습을 보니 재미있었고, 다음에는 꼭 이기겠다며 서로 장난스럽게 약속했죠. 게임이 끝난 뒤에는 둘이서 간식도 나눠 먹으면서 이번 대결을 다시 분석하며 한참을 웃었답니다.",보드게임을 하고 난 뒤 형제는 무엇을 하며 이야기를 나누었나요?,잘 모르겠음,간식을 먹으며 대결을 분석했다,공원에 산책을 나갔다,같이 영화관에 갔다,간식을 먹으며 대결을 분석했다,2,161
가족,형제와의 재미있는 경쟁 이야기,170,"며칠 전 가족들이 모두 모인 저녁 시간에 동생과 누가 더 빠르게 퍼즐을 완성할 수 있는지 내기를 했어요. 서로 조각을 바꿔가며 엄청 집중했는데, 동생이 마지막 조각을 찾지 못하고 한참 헤매는 사이에 제가 겨우 앞서서 완성했죠. 엄마 아빠가 박수를 쳐주셨고, 동생은 아쉬워하면서도 다음엔 꼭 이기겠다며 도전장을 내밀었어요. 오랜만에 가족 모두가 크게 웃었던 순간이라 기억에 남아요.",퍼즐 내기에서 누가 마지막 조각을 찾지 못해 한참 헤맸나요?,잘 모르겠음,동생,저,엄마,동생,2,160
가족,형제와의 재미있는 경쟁 이야기,170,"며칠 전 주말에 동생과 누가 더 오래 줄넘기를 할 수 있는지 내기를 했는데, 처음엔 서로 여유롭게 뛰다가 점점 숨이 차올라서 표정이 일그러지더라고요. 중간에 동생이 일부러 웃긴 표정을 지어서 저를 방해하려 했는데, 그때마다 저도 못 참고 웃음이 터져서 줄넘기가 꼬였어요. 결국 300번쯤에서 제가 먼저 끊기고 동생이 이겼지만, 둘 다 온몸에 땀이 범벅이 된 채로 한참을 깔깔거리며 웃었던 하루였어요.",줄넘기 대결 중 동생이 무엇을 해서 저를 방해하려 했나요?,잘 모르겠음,줄넘기를 멈췄다,웃긴 표정을 지었다,노래를 불렀다,웃긴 표정을 지었다,3,167
가족,가족 간의 의미 있는 이벤트,170,"며칠 전, 동생이 대학 졸업을 맞아 가족 모두가 모여 작은 파티를 열었다. 엄마는 직접 케이크를 구우셨고, 아버지는 동생이 좋아하는 요리를 준비했다. 우리는 각자 동생에게 하고 싶은 말을 손편지로 써서 하나씩 전달했고, 동생이 그 편지들을 읽을 때 모두가 눈시울이 붉어졌다. 오랜만에 가족 모두가 모여 서로의 이야기를 나누고, 사진도 많이 찍었다. 동생이 가족 덕분에 여기까지 올 수 있었다고 말할 때 정말 뿌듯하고 따뜻한 기분이 들었다.",가족이 동생의 졸업을 축하하며 준비한 특별한 이벤트는 무엇이었나요?,잘 모르겠음,놀이공원 나들이,작은 파티와 손편지 전달,해외여행,놀이공원 나들이,2,183
가족,가족 간의 의미 있는 이벤트,170,"며칠 전 가족 모두가 함께 모여 저녁을 준비했는데, 각자 하나씩 요리를 맡아보는 색다른 경험이었다. 나는 오랜만에 할머니께 배운 잡채를 만들었고, 동생은 직접 만든 샐러드에 도전했다. 아버지는 평소에 잘 하지 않던 디저트까지 준비해서 모두를 놀라게 했다. 온 가족이 주방에서 웃으며 이야기 나누던 그 시간이 정말 소중하게 느껴졌다.",발화에서 아버지가 가족을 위해 준비한 것은 무엇이었나요?,잘 모르겠음,잡채,샐러드,디저트,디저트,4,140
가족,가족 간의 의미 있는 이벤트,170,"며칠 전 동생의 생일을 맞아 온 가족이 작은 파티를 준비했다. 저녁엔 직접 만든 파스타와 샐러드를 차렸고, 동생이 좋아하는 초콜릿 케이크도 구웠다. 모두가 함께 모여 노래를 부르고 동생이 소원을 빌며 촛불을 끄는 모습을 보니, 바쁜 일상 속에서도 이렇게 함께 시간을 보내는 것이 얼마나 소중한지 새삼 느끼게 되었다. 가족과의 이런 따뜻한 순간이 오래도록 기억에 남았으면 좋겠다.",가족이 동생의 생일을 축하하며 저녁 식사로 준비한 음식은 무엇이었나요?,잘 모르겠음,파스타와 샐러드,불고기와 잡채,김치찌개와 밥,파스타와 샐러드,2,158
가족,가족 간의 의미 있는 이벤트,170,"몇 주 전, 우리 가족은 오랜만에 할머니 생신을 맞아 모두가 모였어요. 사촌들까지 한자리에 모이기는 정말 오랜만이라 어색할 줄 알았는데, 할머니가 어릴 때 우리에게 해주셨던 김치전을 함께 만들며 분위기가 금방 풀렸어요. 직접 반죽을 섞고 뒤집으면서 서로 장난도 치고, 할머니께서는 예전 이야기를 들려주셔서 모두가 웃었죠. 그날 가족사진도 남기고, 서로의 근황도 자세히 나눌 수 있어 정말 따뜻한 시간이었답니다.",가족이 모인 날 분위기가 풀린 계기는 무엇이었나요?,잘 모르겠음,사촌들과 게임을 해서,할머니가 김치전을 함께 만들어서,바비큐 파티를 해서,할머니가 김치전을 함께 만들어서,3,175
가족,가족 모임에서의 특별한 이야기,170,"지난 주말에는 사촌 누나의 결혼을 축하하기 위해 오랜만에 온 가족이 한자리에 모였다. 가족 모두가 각자 준비한 요리를 가져와서 작은 뷔페처럼 식탁이 풍성해졌다. 특히 평소에 요리를 잘 하지 않는 아버지가 직접 만든 잡채가 예상외로 인기가 많았는데, 모두가 한 그릇씩 더 달라고 해서 금방 바닥이 났다. 저녁이 되자 사촌 동생이 기타를 들고 나와 축가를 불러주었고, 그 순간 가족 모두가 박수와 환호로 화답했다. 오랜만에 따뜻하고 유쾌한 분위기 속에서 모두가 즐거운 시간을 보낼 수 있었다.",가족 모임에서 특별히 인기가 많았던 아버지의 요리는 무엇이었나요?,잘 모르겠음,잡채,불고기,김치전,잡채,2,203
가족,가족 모임에서의 특별한 이야기,170,"부모님 결혼기념일을 맞아 온 가족이 작은 식당에서 모였던 날이 생각난다. 평소에 말수가 적은 큰아버지께서 직접 준비하신 손편지를 읽으셨는데, 그동안 가족에게 표현하지 못했던 감사와 사랑의 말을 담아 모두를 울컥하게 하셨다. 특히 마지막에 가족사진을 꼭 챙겨 찍자고 하셔서 오랜만에 모두 함께 사진을 남겼다.",가족 모임에서 큰아버지가 준비한 것은 무엇이었나요?,잘 모르겠음,직접 만든 케이크,손편지,기념일 노래,손편지,3,131
가족,가족 모임에서의 특별한 이야기,170,"일요일 오후에 오랜만에 큰집에서 가족들이 모두 모여 식사를 했다. 식사 후 작은 사촌이 갑자기 옛날 가족 사진을 꺼내 보여줬는데, 그중 할머니가 젊으셨을 때 찍은 사진이 있었다. 모두 사진 속 옷차림과 배경을 보며 그 시절 이야기를 꺼냈고, 할머니는 예전 장터에서 사온 특별한 모자를 쓰고 찍은 사진이라며 웃으셨다. 그 사진 덕분에 예상치 못한 추억담이 오가며 분위기가 한층 더 따뜻해졌다.",가족 모임에서 추억을 떠올리게 만든 계기는 무엇이었나요?,잘 모르겠음,맛있는 음식 때문,가족 모두가 게임을 해서,옛날 가족 사진을 꺼내 보여서,옛날 가족 사진을 꺼내 보여서,4,162
가족,가족 모임에서의 특별한 이야기,170,"며칠 전 가족들이 모두 할머니 댁에 모였을 때, 평소엔 조용하던 막내 사촌이 갑자기 집에서 직접 만든 초콜릿을 꺼내 모두에게 나눠줬다. 처음 만들어 본 거라며 수줍게 웃었는데, 생각보다 꽤 맛있어서 다들 놀랐다. 그 순간 막내 사촌이 어릴 때부터 요리하는 걸 좋아했다는 사실을 처음 알게 되었다. 삼촌은 그 자리에서 내년에 사촌과 함께 큰 케이크도 만들어 보자고 제안해서 모두가 박수를 쳤다.",가족 모임에서 막내 사촌이 한 행동은 무엇이었나요?,잘 모르겠음,직접 만든 초콜릿을 나눠줬다,노래를 불렀다,사진을 찍어줬다,직접 만든 초콜릿을 나눠줬다,2,162
가족,가족과 함께 보낸 크리스마스 이야기,170,"며칠 전, 가족 모두가 집에 모여 크리스마스를 보냈다. 엄마가 직접 만든 따뜻한 감자스프 냄새가 온 집안에 퍼졌고, 아버지는 크리스마스트리에 불을 밝히며 분위기를 한껏 띄웠다. 동생은 산타 할아버지 흉내를 내며 선물을 나눠주었고, 우리는 각자 받은 선물에 대해 얘기하며 웃음이 끊이지 않았다. 마지막엔 다 함께 트리 앞에서 사진을 찍으며 올 한 해의 이야기를 나눴다.",가족과 함께 크리스마스를 보낼 때 집안에 퍼진 음식 냄새는 무엇이었나요?,잘 모르겠음,감자스프,피자,치킨,감자스프,2,154
가족,가족과 함께 보낸 크리스마스 이야기,170,"매년 크리스마스에는 집에서 가족들과 작은 파티를 열지만, 올해는 동생이 직접 만든 케이크를 준비해와서 분위기가 특별했다. 엄마는 오븐에서 꺼낸 따뜻한 쿠키를 나눠주었고, 아버지는 갑자기 산타 분장을 하고 선물을 나눠주셔서 모두가 웃음 짓게 됐다. 특히 동생이 케이크 위에 초를 꽂고 우리 모두가 소원을 빌며 불을 끄던 순간이 가장 기억에 남았다.",올해 크리스마스에 가족 파티에서 동생이 가져온 것은 무엇이었나요?,잘 모르겠음,오븐에서 꺼낸 쿠키,직접 만든 케이크,산타 분장 의상,직접 만든 케이크,3,146
가족,가족과 함께 보낸 크리스마스 이야기,170,"작년 크리스마스에는 눈이 많이 내려서 가족 모두가 집 근처 공원에 모였어요. 동생과 눈사람을 만들고, 부모님은 따뜻한 코코아를 준비해주셨어요. 다 같이 사진을 찍고, 저녁에는 집에서 직접 만든 쿠키와 함께 보드게임을 하며 시간을 보냈죠. 선물 교환도 했는데, 저는 엄마에게 손수 만든 목도리를 드렸더니 무척 좋아하셨어요. 모두가 웃으며 따뜻한 추억을 쌓은 특별한 하루였답니다.",발화에서 저녁에 가족이 함께 한 활동은 무엇인가요?,잘 모르겠음,공원 산책을 했다,보드게임을 했다,영화를 봤다,보드게임을 했다,3,161
가족,가족과 함께 보낸 크리스마스 이야기,170,"작년 겨울, 가족들과 크리스마스를 맞아 오랜만에 집에서 저녁을 준비했다. 각자 맡은 요리를 만들기로 했는데, 나는 감자샐러드를 맡았고 동생은 케이크를 만들었다. 엄마는 오븐에서 치킨을 구웠고, 아빠는 트리를 꾸몄다. 식사 후에는 선물을 교환하며 가족 사진도 찍었다. 따뜻한 분위기 속에서 모두가 서로의 이야기를 나누며 오랜만에 웃음이 끊이지 않는 저녁을 보냈던 기억이 난다.",발화에서 크리스마스 저녁에 아빠가 맡았던 역할은 무엇이었나요?,잘 모르겠음,치킨을 굽는 것,트리를 꾸미는 것,케이크를 만드는 것,트리를 꾸미는 것,3,161
가족,가족과 함께 보낸 특별한 날,170,"몇 달 전 주말에 가족 모두가 시간을 맞춰 가까운 바닷가로 나들이를 다녀왔다. 다 같이 도시락을 준비해서 새벽에 출발했는데, 바람은 좀 쌀쌀했지만 모래사장 위에서 아빠가 연을 날리고, 엄마는 동생과 조개껍데기를 주웠다. 점심에는 우리가 직접 만든 김밥과 과일을 나눠 먹으면서 오랜만에 다 같이 크게 웃을 수 있었던 하루였다. 특히 동생이 주운 특이한 모양의 조개껍데기를 자랑하며 사진을 찍는 모습이 아직도 기억에 남는다.",가족이 바닷가에서 점심으로 먹은 음식은 무엇이었나요?,잘 모르겠음,피자와 치킨,직접 만든 김밥과 과일,라면과 떡볶이,피자와 치킨,2,177
가족,가족과 함께 보낸 특별한 날,170,"며칠 전 가족들과 함께 작은 텃밭에서 감자를 직접 캤던 기억이 아직도 생생하다. 아버지가 미리 준비해두신 삽으로 땅을 파자마자 큼직한 감자들이 속속 나와서 모두가 신나게 웃었다. 동생은 흙 묻은 손으로 감자를 자랑스럽게 들고 있었고, 어머니는 그 자리에서 삶은 감자를 바로 만들어주셨다. 다 같이 따뜻한 감자를 나눠 먹으며 평소에 나누지 못한 대화도 하고, 사진도 남기며 아주 특별한 시간을 보냈다.",가족들이 텃밭에서 캔 감자를 바로 먹을 수 있었던 이유는 무엇인가요?,잘 모르겠음,아버지가 감자를 튀겼기 때문에,동생이 감자를 쪘기 때문에,어머니가 감자를 삶았기 때문에,어머니가 감자를 삶았기 때문에,4,167
가족,가족과 함께 보낸 특별한 날,170,"지난주 토요일에 아버지 생신을 맞아 가족 모두가 집에서 저녁을 함께 준비했다. 동생은 샐러드를 만들었고, 나는 아버지가 좋아하시는 갈비찜을 맡았다. 엄마는 직접 구운 케이크를 완성해 식탁에 올려놓으셨다. 식사를 하며 아버지는 올해 가장 기뻤던 순간이 바로 오늘이라고 말씀하셨다. 다 함께 웃으며 사진도 찍고, 어릴 때 가족여행 이야기도 나눴다. 오랜만에 온 가족이 한자리에 모여 정말 소중한 추억을 만들었다.",발화 속에서 아버지가 가장 기뻤던 순간으로 언급한 날은 언제인가요?,잘 모르겠음,어릴 때 가족여행을 갔던 날,지난주 토요일 가족이 함께한 날,동생이 샐러드를 만든 날,지난주 토요일 가족이 함께한 날,3,174
가족,가족과 함께 보낸 특별한 날,170,"며칠 전 가족 모두가 한자리에 모이기 힘든 요즘, 엄마 생신을 맞아 오랜만에 집에서 작은 파티를 열었다. 직접 만든 미역국과 오븐에 구운 케이크를 준비하면서 엄마가 환하게 웃으셨다. 아빠는 오랜만에 직접 기타를 치며 축하 노래를 불러주셨고, 동생은 손수 만든 카드를 건넸다. 모두가 각자의 방식으로 정성을 담았던 그날 저녁, 평소보다 더 많이 대화를 나누며 서로의 소중함을 다시 느낀 시간이었다.",생일 파티에서 아빠가 하신 특별한 일은 무엇이었나요?,잘 모르겠음,미역국을 끓였다,기타를 치며 노래를 불렀다,카드를 만들었다,기타를 치며 노래를 불렀다,3,166
가족,가족과의 일상 속 소소한 이야기,170,"주말 오후에 거실에서 동생과 보드게임을 하다가 갑자기 정전이 되는 바람에 온 가족이 촛불을 켜고 둘러앉아 이런저런 이야기를 나누게 되었어요. 평소엔 각자 방에만 있어서 이렇게 다 같이 모여 앉아 웃고 떠드는 시간이 드물었는데, 그날은 엄마가 초코파이도 꺼내 주시고 아빠는 어릴 적 장난감 이야기도 해 주셔서 오히려 정전이 감사하게 느껴졌던 특별한 하루였답니다.",발화자가 가족과 함께 정전이 되었을 때 거실에서 무엇을 하다가 정전을 경험하게 되었나요?,잘 모르겠음,동생과 TV를 보다가,동생과 보드게임을 하다가,가족과 밥을 먹다가,동생과 보드게임을 하다가,3,152
가족,가족과의 일상 속 소소한 이야기,170,"저녁 무렵, 동생이 갑자기 주방에서 뭔가를 만들겠다고 선언했다. 평소엔 요리에 관심이 없던 친구라 가족 모두 호기심 가득한 눈빛으로 지켜봤다. 동생은 밀가루와 달걀을 꺼내더니 유튜브에서 본 팬케이크를 만들기 시작했다. 처음엔 반죽이 덩어리져서 다들 걱정했지만, 두 번째부터는 제법 팬케이크 모양이 나왔다. 완성된 팬케이크 위에 사과잼을 올려 다 같이 나눠 먹으니 다들 웃음이 끊이지 않았다.",동생이 만들기 위해 사용한 재료가 아닌 것은 무엇이었나요?,잘 모르겠음,밀가루,달걀,사과잼,사과잼,4,167
가족,가족과의 일상 속 소소한 이야기,170,"저녁 무렵이 되면 동생과 같이 산책을 나가는 게 어느새 일상이 되었다. 어제는 동네 공원 벤치에 앉아서 서로 오늘 있었던 재밌는 일들을 나누다가, 동생이 갑자기 어릴 적 엄마가 해주셨던 감자전 얘기를 꺼냈다. 그때 둘 다 갑자기 감자전이 먹고 싶어져서, 집에 돌아오자마자 둘이 부엌에서 감자를 깎고 반죽을 하며 한참을 웃었던 기억이 난다. 다 만든 감자전을 식탁에 올리니, 부모님도 함께 모여 앉아 맛있게 나눠 먹으며 오랜만에 가족 모두가 웃음 짓는 저녁을 보냈다.",발화에서 동생과 함께 부엌에서 했던 일은 무엇이었나요?,잘 모르겠음,설거지를 했다,감자전을 만들었다,책을 읽었다,감자전을 만들었다,3,192
가족,가족과의 일상 속 소소한 이야기,170,"주말에 집 근처 시장을 산책하다가 엄마가 좋아하는 딸기를 발견해서 한 박스 사갔다. 집에 도착하니 동생이 갑자기 딸기잼을 만들어보자고 제안했다. 엄마는 처음엔 귀찮아하시다가 딸기를 씻는 걸 도와주셨고, 아빠는 설탕을 양껏 넣는 게 맛있다고 하셨다. 네 식구가 작은 주방에서 각자 역할을 나누고 수다를 떨며 딸기를 으깨다 보니, 평범한 하루가 꽤 특별하게 느껴졌다.",발화에서 딸기잼을 만들자고 먼저 제안한 사람은 누구인가요?,잘 모르겠음,엄마,아빠,동생,동생,4,154
가족,가족이 주는 위안에 대한 이야기,170,"며칠 전 일이 잘 풀리지 않아 마음이 지쳤던 날이 있었어. 집에 들어서자마자 어머니께서 별다른 말 없이 내 손에 따뜻한 유자차를 건네주시더라고. 그 순간 괜찮다는 말 한마디 없이도 마음이 스르르 풀리는 느낌이 들었어. 식탁에 둘러앉아 가족과 함께 저녁을 먹으면서 서로의 하루를 자연스럽게 이야기하니, 복잡했던 생각도 조금씩 정리되고 위로를 받는 기분이었어. 가족이 곁에 있다는 사실만으로도 큰 힘이 된다는 걸 다시 한 번 느꼈지.","발화자가 힘들었던 날, 어머니께서 어떻게 위로를 해주셨는가?",잘 모르겠음,유자차를 건네주며 따뜻한 말을 해주셨다,별다른 말 없이 유자차를 건네주셨다,좋은 음악을 들려주셨다,별다른 말 없이 유자차를 건네주셨다,3,180
가족,가족이 주는 위안에 대한 이야기,170,"며칠 전 힘든 일이 있어서 마음이 복잡했는데, 저녁을 먹고 난 뒤 거실에서 가족들과 도란도란 이야기를 나누다 보니 조금씩 마음이 편안해졌다. 엄마가 만들어주신 따뜻한 차를 마시면서, 아빠와 동생이 각자 오늘 있었던 재미있는 일을 들려줘서 웃음이 나왔다. 가족들이 별말 없이 옆에 있어주는 것만으로도 큰 위안이 되고, 내 마음이 다시 단단해지는 기분을 느낄 수 있었다.",어려운 일이 있었던 화자는 가족들과 무엇을 하며 위안을 받았는가?,잘 모르겠음,같이 운동을 했다,거실에서 이야기를 나눴다,외식을 하러 나갔다,거실에서 이야기를 나눴다,3,154
가족,가족이 주는 위안에 대한 이야기,170,"며칠 전 갑작스럽게 회사에서 실수를 해서 기분이 많이 가라앉았었다. 평소라면 혼자서 끙끙 앓았을 텐데, 저녁에 엄마가 내가 평소에 좋아하는 미역국을 끓여주셨다. 별다른 위로의 말은 없었지만, 그 따뜻한 국물 한 숟가락이 참 큰 위로가 되었다. 가족의 조용한 배려가 이렇게 큰 힘이 된다는 걸 새삼 느낀 하루였다.",발화자가 위로를 받았다고 느낀 가족의 행동은 무엇이었나요?,잘 모르겠음,엄마가 직접 쓴 편지를 읽어주심,엄마가 좋아하는 미역국을 끓여주심,가족이 함께 영화관에 가줌,엄마가 좋아하는 미역국을 끓여주심,3,130
가족,가족이 주는 위안에 대한 이야기,170,"며칠 전 갑작스럽게 중요한 발표를 망쳐서 온종일 기분이 가라앉아 있었다. 집에 돌아왔을 때 엄마가 아무 말 없이 따뜻한 된장국을 내어주셨고, 아버지는 조용히 내 옆에 앉아 뉴스도 보지 않고 내 이야기를 들어주셨다. 그날 가족들이 별다른 조언이나 위로의 말을 하지 않았지만, 함께 있어주고 묵묵히 곁을 지켜준 덕분에 마음이 많이 편안해졌다. 이럴 때마다 가족의 존재가 얼마나 큰 힘이 되는지 새삼 느끼게 된다.",발화에서 가족들이 화자를 위로한 방식은 무엇이었나요?,잘 모르겠음,따뜻한 음식을 준비해주고 조용히 곁을 지켜주었다.,큰 소리로 격려의 말을 해주었다.,함께 산책을 하며 기분 전환을 시켜주었다.,따뜻한 음식을 준비해주고 조용히 곁을 지켜주었다.,2,170
가족,어릴 적 가족과 다녀왔던 여행지,170,"가족과 함께 작은 시골 마을로 여행을 갔던 기억이 떠오른다. 그곳에서 나는 엄마, 아빠, 동생과 함께 논길을 따라 걸으며 들꽃을 꺾고 개울가에서 발을 담갔다. 동생이 돌멩이로 물수제비를 뜨는 걸 처음 보며 신기해했던 순간이 아직도 생생하다. 저녁이 되자 숙소 마당에서 할머니가 구워주신 옥수수를 온 가족이 둘러앉아 나눠 먹었는데, 달콤한 맛과 정겨운 분위기가 오래도록 마음에 남아 있다.",발화에서 가족이 저녁에 마당에서 함께 나눠 먹은 음식은 무엇이었나요?,잘 모르겠음,군고구마,옥수수,감자,옥수수,3,163
가족,어릴 적 가족과 다녀왔던 여행지,170,"초등학교 때 부모님, 여동생과 함께 남해 바닷가로 여행을 갔던 기억이 아직도 선명하다. 아버지께서 직접 운전해서 해안도로를 따라 달리던 길에 노을이 지는 풍경이 창밖으로 펼쳐졌고, 우리는 잠깐 차를 세우고 사진도 찍었다. 숙소에서는 바베큐를 해 먹었는데, 엄마가 구워주신 고기 맛이 정말 특별하게 느껴졌다. 밤에는 파도 소리를 들으며 가족끼리 카드 게임도 하며 웃었던 시간이 그리워진다.",여행 중 가족이 해안도로를 달리던 중에 한 행동은 무엇이었나요?,잘 모르겠음,해산물을 사 먹었다,잠깐 차를 세우고 사진을 찍었다,해변에서 모래성을 쌓았다,잠깐 차를 세우고 사진을 찍었다,3,165
가족,어릴 적 가족과 다녀왔던 여행지,170,"중학교 시절 겨울방학에 가족들과 강릉으로 여행을 다녀온 기억이 난다. 그때 아버지가 직접 운전해서 바닷가 근처 펜션에 도착했고, 도착하자마자 우리는 짐을 풀고 바로 경포대 해변으로 나갔다. 추운 날씨였지만 파도 소리를 들으며 모래사장에서 사진도 찍고, 엄마가 준비해 온 따뜻한 코코아를 마셨다. 저녁에는 근처 회센터에서 싱싱한 회를 먹었는데, 동생이 그날따라 회를 처음 맛있게 먹었다며 신기해했던 모습이 아직도 선명하다.",발화에서 동생이 여행 중에 처음 맛있게 먹었다고 한 음식은 무엇인가요?,잘 모르겠음,코코아,회,김밥,회,3,181
가족,어릴 적 가족과 다녀왔던 여행지,170,"주말에 부모님, 여동생과 함께 차를 타고 남해로 여행을 간 적이 있다. 바닷가에서 조개를 직접 캐보는 체험도 했고, 해질 무렵에는 언덕 위 전망대에 올라가 노을을 바라보며 가족사진을 찍었다. 특히 여동생이 바다에서 미끄러져 옷이 다 젖었는데, 어머니가 준비해온 여벌 옷 덕분에 큰일을 면했던 기억이 난다.",여동생이 바닷가에서 겪은 일로 인해 어머니가 무엇을 준비해온 덕분에 도움이 되었나요?,잘 모르겠음,간식,여벌 옷,돗자리,여벌 옷,3,128
가족,평범한 주말 가족들과 보낸 하루,170,"일요일 낮에 가족들과 함께 집 근처 공원에 갔던 기억이 떠오른다. 동생이 자전거를 타고 나보다 앞서 달렸고, 엄마는 김밥을 도시락통에 예쁘게 담아 오셨다. 아빠는 공원 벤치에서 신문을 읽으시다가 우리와 같이 카드게임을 하자고 불렀다. 바람이 살랑살랑 불어와서 돗자리에 누워 잠깐 눈을 감고 있었는데, 동생이 갑자기 손에 나뭇잎을 한가득 모아 와서 나에게 나눠줬던 장면이 아직도 생생하다.",공원에서 엄마가 준비해 온 도시락에는 무엇이 담겨 있었는가?,잘 모르겠음,샌드위치,김밥,떡볶이,김밥,3,164
가족,평범한 주말 가족들과 보낸 하루,170,"최근에 부모님과 동생이랑 집 근처 공원에 산책을 다녀왔다. 다들 오랜만에 한가로운 주말을 맞아 기분이 좋아 보였다. 엄마는 벤치에 앉아 가져온 귤을 까주셨고, 아빠는 동생이랑 배드민턴을 쳤다. 나는 산책로를 따라 사진을 찍으며 가족들의 모습을 담았다. 집에 돌아가는 길에는 아빠가 사 준 붕어빵을 나눠 먹으며 따뜻한 기분으로 하루를 마무리했다.",발화에서 가족들이 공원에서 먹은 간식은 무엇이었나요?,잘 모르겠음,귤과 붕어빵,사과와 떡볶이,감자칩과 아이스크림,귤과 붕어빵,2,146
가족,평범한 주말 가족들과 보낸 하루,170,"집에서 느긋하게 점심을 먹고 나서 엄마가 갑자기 퍼즐을 꺼내오셨다. 동생과 나는 오랜만에 가족 모두 모여 앉아 1000피스 퍼즐 맞추기에 도전했다. 아빠는 처음엔 관심 없는 척하다가 점점 흥미를 보이더니, 나보다 더 열정적으로 색깔을 맞추기 시작했다. 각자 맡은 부분을 분담해서 만들다 보니 두 시간이 훌쩍 지났다. 완성된 퍼즐을 보며 다 함께 기념사진도 찍고, 다음엔 더 큰 퍼즐을 해보자며 이야기꽃을 피웠다.",발화에서 가족이 다 함께 완성한 퍼즐의 조각 수는 몇 개였나요?,잘 모르겠음,500피스,1000피스,2000피스,1000피스,3,173
가족,평범한 주말 가족들과 보낸 하루,170,"지난주 주말에는 가족 모두가 집에 모여 느긋한 하루를 보냈다. 엄마는 부엌에서 김치전을 부쳐주셨고, 아버지는 거실에서 신문을 읽으시다가 내 숙제를 잠깐 도와주셨다. 여동생은 방에서 그림을 그리며 종종 나에게 색연필을 빌리러 오곤 했다. 점심식사 후에는 가족끼리 보드게임을 하며 많이 웃었다. 그날은 어디 멀리 가지 않았지만, 각자 좋아하는 일을 하면서도 함께여서 마음이 편안했던 하루였다.",발화에서 점심식사 후 가족들이 함께 한 활동은 무엇이었나요?,잘 모르겠음,공원 산책,보드게임,영화 감상,보드게임,3,167
가족,할머니와의 추억,170,"초등학교 여름방학 때 비가 오던 날, 할머니 댁에서 할머니와 함께 부침개를 만들었던 기억이 생생하다. 할머니께서 직접 재료를 다듬으시며 노래를 흥얼거리셨고, 나는 반죽을 뒤집으려다 실패해 반쯤 태운 적이 있었다. 그때 할머니가 괜찮다며 웃으시며, 태운 부침개를 맛있게 먹어주셨던 모습이 아직도 눈에 선하다. 부침개를 먹으며 창밖 빗소리를 들으니, 평범한 하루도 특별하게 느껴졌다.",발화에서 화자가 부침개를 만들 때 어떤 일이 벌어졌나요?,잘 모르겠음,화자가 반죽을 모두 쏟았다,할머니가 반죽을 태웠다,화자가 반죽을 뒤집다 태웠다,화자가 반죽을 뒤집다 태웠다,4,164
가족,할머니와의 추억,170,"최근에 가족 모두가 모인 자리에서 할머니와 함께 감자전을 만들었던 기억이 떠올랐다. 할머니는 항상 손수 키운 감자를 사용하셨고, 감자를 갈 때는 힘들다고 투정하던 나를 웃으시며 도와주셨다. 반죽에 쪽파를 듬뿍 넣는 비법도 알려주셨는데, 할머니가 구워주신 감자전은 언제나 겉은 바삭하고 속은 촉촉했다. 그날 따라 할머니가 감자전을 뒤집을 때 반죽이 흩어져 모양이 망가졌지만, 오히려 그걸 보며 가족 모두가 한바탕 크게 웃었다.",발화자의 할머니가 감자전을 만들 때 반죽에 특별히 많이 넣는 재료는 무엇이었나요?,잘 모르겠음,양파,쪽파,당근,쪽파,3,181
가족,할머니와의 추억,170,"주말에 비가 내렸던 날, 할머니 댁에 갔더니 마당 한쪽에서 할머니가 파전을 부치고 계셨다. 비 오는 소리와 파전 굽는 소리가 어우러져 집안이 정말 포근하게 느껴졌다. 할머니는 파전 한 장을 제일 먼저 제 손에 쥐여주시며, 어릴 적 저와 비 오는 날마다 함께 파전을 만들었던 이야기를 꺼내셨다. 그날은 할머니와 함께 파전도 뒤집어보고, 다 완성된 파전을 가족들과 둘러앉아 먹으며 소소한 행복을 느꼈다.",발화에서 화자가 할머니와 함께 했던 활동으로 알맞은 것은 무엇인가요?,잘 모르겠음,고구마를 쪘다,파전을 만들고 먹었다,빨래를 널었다,파전을 만들고 먹었다,3,166
가족,할머니와의 추억,170,"지난 겨울, 집 근처 작은 공원에서 할머니와 눈사람을 만들었던 기억이 떠오른다. 할머니는 장갑을 꼭 끼고 내 손까지 챙겨주셨다. 눈이 많이 내려서 두꺼운 목도리를 둘렀는데, 할머니가 내 목도리가 헐겁다며 예쁘게 매 주셨다. 우리가 만든 눈사람에는 당근 대신 집에서 챙겨온 귤을 코로 사용했다. 할머니가 귤을 반으로 잘라서 더 튀어나오게 해주셨던 게 재미있었다.",할머니와 함께 만든 눈사람의 코에 사용한 것은 무엇이었나요?,잘 모르겠음,당근,귤,사과,귤,3,152
가족,가족과 함께한 새해 봉사활동,170,"새해를 맞아 가족들과 함께 지역 복지관에서 진행한 무료 급식 봉사에 참여했다. 처음엔 어색했지만, 엄마는 주방에서 반찬을 담고 아버지는 배식 봉사를 맡았고, 나는 어르신들께 식판을 전달했다. 중간에 동생이 국을 쏟는 바람에 모두 함께 웃기도 했다. 식사가 끝나고 어르신들이 고맙다고 하실 때 마음이 뭉클했다. 다음에도 이런 기회를 자주 만들자고 가족끼리 약속했다.",발화에서 동생이 봉사활동 중에 어떤 실수를 했나요?,잘 모르겠음,식판을 떨어뜨렸다,국을 쏟았다,반찬을 엎질렀다,국을 쏟았다,3,155
가족,가족과 함께한 새해 봉사활동,170,"매년 새해마다 가족끼리 의미 있는 일을 하자고 다짐했는데, 올해는 할머니와 함께 동네 복지관에서 무료 급식 봉사를 하게 되었다. 처음엔 낯설고 어색했지만, 엄마는 반찬을 나르고, 아버지는 설거지를 도우며 모두가 분주하게 움직였다. 할머니는 어르신들과 이야기를 나누며 미소를 잃지 않으셨고, 나 역시 배식대를 맡아 따뜻한 국을 퍼주면서 진심 어린 감사 인사를 들을 때마다 뿌듯함을 느꼈다.",가족이 새해 봉사활동에서 할머니는 어떤 역할을 주로 맡으셨나요?,잘 모르겠음,설거지를 하셨다,어르신들과 이야기를 나누셨다,반찬을 나르셨다,어르신들과 이야기를 나누셨다,3,165
가족,가족과 함께한 새해 봉사활동,170,"새해가 시작된 지 얼마 지나지 않아 가족들과 함께 근처 복지관에서 봉사활동을 했다. 처음에는 약간 어색했지만, 식사를 준비하면서 엄마는 배식 담당, 아빠는 설거지, 나는 어르신들께 음식을 나르며 서로 역할을 나눠 도왔다. 봉사가 끝난 뒤 돌아오는 길에 동생이 뿌듯했다며 내년에도 꼭 다시 하자고 말해 가족 모두 미소를 지었다.",봉사활동에서 내 역할은 무엇이었나요?,잘 모르겠음,설거지 담당,음식 나르기,배식 담당,음식 나르기,3,137
가족,가족과 함께한 새해 봉사활동,170,"며칠 전 부모님과 여동생, 그리고 나는 근처 복지관에서 진행하는 새해맞이 봉사활동에 참가했다. 어르신들께 따뜻한 떡국을 대접하는 일이었는데, 나는 주방에서 그릇을 닦고 여동생은 떡국을 서빙했다. 처음엔 서툴렀지만, 점차 가족끼리 손발이 척척 맞아갔다. 식사를 마친 어르신들께서 '고맙다'며 밝게 웃으시는 모습을 보니 마음이 뿌듯했다. 덕분에 새해를 의미 있게 시작할 수 있었다.",발화에서 여동생이 봉사활동 중 맡았던 역할은 무엇인가요?,잘 모르겠음,주방에서 그릇을 닦았다,떡국을 서빙했다,식사 후 정리를 했다,떡국을 서빙했다,3,164
가족,가족과의 특별한 추억,170,"일곱 살 때 겨울방학에 가족 모두가 집 근처 공원에서 눈썰매를 탔던 날이 아직도 선명하게 떠오른다. 아버지는 큰 비닐포장을 썰매 삼아 이끌어주셨고, 엄마는 뜨거운 코코아와 삶은 달걀을 보온병에 챙겨 오셨다. 그날 나는 동생과 함께 눈에 파묻히기도 하고, 눈사람을 만들어 서로 장난도 쳤다. 집에 돌아오는 길엔 다 같이 손을 꼭 잡고 웃으며 노래를 부르던 그때의 따뜻한 기분이 지금도 마음 한편에 남아 있다.","가족이 공원에서 썰매를 타던 날, 엄마가 준비해 오신 음식은 무엇이었나요?",잘 모르겠음,뜨거운 코코아와 삶은 달걀,초콜릿과 바나나,귤과 따뜻한 미역국,뜨거운 코코아와 삶은 달걀,2,168
가족,가족과의 특별한 추억,170,"몇 해 전 겨울, 할머니 생신을 맞아 가족 모두가 시골집에 모였던 기억이 난다. 눈이 펑펑 내리던 날이었는데, 아버지는 장작을 패고 어머니와 이모는 직접 만두를 빚으셨다. 나는 동생들과 눈싸움을 하다가, 결국 다 같이 눈사람을 만들며 웃음소리가 집 안팎에 퍼졌다. 그날 저녁, 할머니께서 우리에게 직접 만든 팥죽을 나눠주시며, 각자 한 해 동안 감사했던 일을 돌아보는 시간을 가졌다. 오랜만에 온 가족이 한자리에 모여 따뜻한 마음과 함께 특별한 추억을 쌓은 하루였다.",발화에서 가족들이 할머니 생신날 저녁에 함께 했던 특별한 활동은 무엇이었나요?,잘 모르겠음,온 가족이 같이 영화 감상,각자 감사했던 일을 이야기함,동네 산책을 나감,각자 감사했던 일을 이야기함,3,195
가족,가족과의 특별한 추억,170,"초등학교 시절, 한여름 방학에 가족들과 함께 강원도 산골마을로 여행을 떠난 기억이 또렷하다. 계곡물에 발을 담그며 오랜만에 부모님과 동생이 모두 함께 물수제비도 던지고, 저녁엔 다같이 모닥불을 피워 옥수수도 구워 먹었다. 그날 밤에는 별이 쏟아지는 하늘 아래에서 동생과 벌레 소리를 들으며 잠들었는데, 도시에서 느껴볼 수 없던 고요함과 따뜻함이 오래도록 마음에 남았다.",가족이 강원도 산골마을 여행에서 밤에 무엇을 하며 잠들었나요?,잘 모르겠음,모닥불에 마시멜로를 구웠다,별이 쏟아지는 하늘 아래서 벌레 소리를 들으며 잠들었다,노래를 부르며 캠프파이어를 했다,별이 쏟아지는 하늘 아래서 벌레 소리를 들으며 잠들었다,3,158
가족,가족과의 특별한 추억,170,"며칠 전 가족 모두가 한자리에 모인 건 정말 오랜만이었다. 엄마가 직접 빚은 만두를 온 가족이 둘러앉아 만들었는데, 만두소를 준비하면서 각자 어릴 적 추억을 이야기해줬다. 동생이 만두피를 터뜨려서 모두가 한바탕 웃기도 했다. 만두가 완성되자 아빠가 직접 구워준 만두를 먹으며 예전 여행 때 있었던 실수담을 나누며 한참을 웃었다. 그날 찍은 가족사진을 아직도 휴대폰 배경화면으로 사용하고 있다.","가족이 모여 만두를 만들던 날, 만두피를 터뜨려 모두를 웃게 만든 사람은 누구였나요?",잘 모르겠음,엄마,아빠,동생,동생,4,166
가족,가족에게 배운 중요한 가치,170,"주말에 작은아버지와 함께 시장을 다녀온 경험이 떠오른다. 그는 언제나 시장 상인분들에게 밝게 인사하고, 직접 농산물을 고르면서도 가격 흥정 없이 정가를 지불하셨다. 나중에 왜 그러냐고 물었더니, 상대방의 정성을 존중하는 것이 진정한 거래라고 말씀하셨다. 그날 이후로 나도 상대방의 노력을 소중히 여기려는 마음가짐을 갖게 되었다.",작은아버지가 시장에서 농산물을 살 때 특별히 강조한 가치관은 무엇이었나요?,잘 모르겠음,최대한 저렴하게 구매하는 것,정가를 지불하며 상대방을 존중하는 것,많이 사서 할인받는 것,정가를 지불하며 상대방을 존중하는 것,3,142
가족,가족에게 배운 중요한 가치,170,"집에 돌아오면 항상 거실에 앉아 계신 할머니와 함께 잠깐 이야기를 나누곤 했다. 어느 날은 내가 친구와 다투고 온 이야기를 하자, 할머니께서는 화해하는 법을 알려주셨다. 누군가를 이해하려는 마음이 중요하다고 하시며, 상대의 입장을 먼저 생각해보라고 조언해주셨다. 그 후로 작은 오해나 다툼이 생길 때마다, 할머니 말씀이 생각나 먼저 상대방에게 다가가려고 노력하게 되었다.",발화자가 할머니에게서 배운 중요한 가치는 무엇이었나요?,잘 모르겠음,시간을 아껴 쓰는 습관,상대방을 이해하려는 마음,규칙적으로 운동하는 것,시간을 아껴 쓰는 습관,2,159
가족,가족에게 배운 중요한 가치,170,"어릴 때 엄마와 함께 시장에 간 적이 있는데, 그날 갑자기 비가 많이 내리기 시작했어요. 우산이 하나뿐이라 엄마가 저에게 우산을 씌워주시고 본인은 비를 그대로 맞으셨어요. 집에 도착했을 때 엄마 옷이 다 젖어 있던 모습이 아직도 잊혀지지 않아요. 그날 이후로 저는 누군가를 배려하는 것이 얼마나 중요한지 자연스럽게 알게 되었고, 일상 속에서도 작은 배려를 실천하려고 노력하고 있어요.",시장에 갔다가 비가 왔을 때 엄마가 한 행동은 무엇이었나요?,잘 모르겠음,우산을 혼자 쓰셨다,우산을 함께 쓰지 않고 각자 맞았다,우산을 아이에게 씌워주고 본인은 비를 맞으셨다,우산을 아이에게 씌워주고 본인은 비를 맞으셨다,4,161
가족,가족에게 배운 중요한 가치,170,"주말에 가족들과 함께 저녁 식사를 준비하면서 엄마가 항상 하시는 말씀이 떠올랐다. 음식 준비를 함께 하다 보면 자연스럽게 서로 돕고 배려하는 법을 배운다며, 작은 일에도 상대방을 먼저 생각하는 태도가 중요하다고 하셨다. 예전에 동생이 실수로 국을 쏟았을 때도 엄마는 화내기보다는 다 함께 도와서 금방 정리했던 기억이 난다. 이런 경험 덕분에 나는 주변 사람들에게도 더 따뜻하게 대하려 노력하게 되었다.",발화에서 엄마가 가족들에게 강조한 중요한 태도는 무엇이었나요?,잘 모르겠음,음식 맛을 평가하는 태도,서로를 먼저 생각하고 배려하는 태도,음식 준비를 혼자 하는 태도,서로를 먼저 생각하고 배려하는 태도,3,169
가족,가족에게 배운 중요한 가치,170,"며칠 전 동생이 친구와 다툰 일로 속상해하길래, 엄마가 조용히 다가와 자신의 어린 시절 경험을 들려주셨다. 엄마도 비슷하게 친구와 오해로 갈등했던 적이 있었는데, 그때 먼저 손 내밀며 솔직하게 사과했던 덕분에 오히려 더 깊은 우정을 쌓았다고 했다. 그 이야기를 듣고 나서 나도 예전에 친구와 다투었던 기억이 떠올랐다. 엄마의 경험을 들으니, 용기를 내어 먼저 다가가는 것이 얼마나 중요한지 다시 한번 깨닫게 되었다.",화자의 어머니가 자신의 경험에서 강조한 중요한 가치는 무엇이었나요?,잘 모르겠음,성실하게 공부하는 것,먼저 손 내밀고 사과하는 용기,자주 여행을 다니는 것,먼저 손 내밀고 사과하는 용기,3,174
가족,가족에게 배운 중요한 가치,170,"주말마다 가족들과 함께 저녁을 준비하면서 서로 협력하는 법을 배웠다. 엄마는 재료를 다듬고, 아빠는 요리를 시작하면, 나는 설거지를 맡았다. 서로 각자의 역할을 하면서도 부족한 부분이 있으면 도와주었고, 작은 실수에는 웃으며 넘어가는 가족의 분위기 덕분에 책임감과 배려의 가치를 자연스럽게 익힐 수 있었다. 이 경험은 나중에 친구들과 팀 프로젝트를 할 때도 큰 도움이 되었다.",발화에서 가족들이 주말에 함께 하며 자연스럽게 익힌 가치는 무엇인가요?,잘 모르겠음,경쟁과 승부욕,책임감과 배려,성실한 공부 습관,책임감과 배려,3,160
가족,가족에게 전하고 싶은 메시지,170,"최근에 가족들과 함께 저녁을 먹으면서 평소에 말하지 못했던 고마운 마음을 전하려고 했어요. 엄마가 해주신 따뜻한 미역국 한 그릇에 어릴 적 기억이 떠올라 괜히 눈물이 맺혔죠. 동생은 제가 갑자기 분위기를 바꿔서 당황해했지만, 오히려 그 덕분에 서로 솔직하게 마음을 표현할 수 있었어요. 이런 시간이 자주 있었으면 좋겠다는 생각이 들었답니다.",저는 가족들과 어떤 음식을 먹으면서 고마운 마음을 전하려 했나요?,잘 모르겠음,된장찌개,미역국,김치찌개,미역국,3,144
가족,가족에게 전하고 싶은 메시지,170,"며칠 전 가족들과 저녁을 먹다가 문득 부모님께 감사 인사를 제대로 전한 적이 없다는 생각이 들었어. 항상 바쁘다는 이유로 마음을 표현하지 못했는데, 그날은 용기를 내서 어릴 적 나를 위해 고생하셨던 일들을 떠올리며 진심을 담아 감사하다고 말씀드렸지. 부모님이 살짝 놀라면서도 환하게 웃으셨던 모습이 아직도 기억에 남아. 앞으로는 이런 마음을 더 자주 표현해야겠다고 다짐했어.",발화자가 가족과 저녁을 먹던 중 부모님께 특별히 전한 말은 무엇이었나요?,잘 모르겠음,더 많이 도와드리겠다고 말했다,감사하다는 마음을 전했다,다음에 여행을 가자고 제안했다,감사하다는 마음을 전했다,3,159
가족,가족에게 전하고 싶은 메시지,170,"며칠 전 가족들과 함께 저녁을 먹으며 오랜만에 진지한 이야기를 나누게 되었어. 평소에는 서로 바쁘다는 핑계로 대화가 짧았는데, 이날은 내가 직접 준비한 요리를 같이 먹으면서 고마웠던 일들과 미안했던 일들을 솔직하게 털어놨어. 특히 동생에게는 예전에는 너무 엄격하게 군 적이 있었던 것 같아 미안하다고 말했지. 대화가 끝난 후 가족 모두가 한결 가까워진 느낌이 들어서 참 따뜻한 시간이었어.",발화자는 가족과의 저녁 식사에서 어떤 특별한 행동을 했나요?,잘 모르겠음,직접 준비한 요리를 함께 먹었다,가족들과 산책을 했다,외식하러 나갔다,직접 준비한 요리를 함께 먹었다,2,164
가족,가족에게 전하고 싶은 메시지,170,"며칠 전 가족들과 함께 거실에서 오랜만에 도란도란 이야기를 나눴다. 부모님께 그동안 표현하지 못했던 고마움과 사랑을 전하고 싶었지만 쑥스러워서 망설였다. 결국 작은 쪽지에 마음을 담아 식탁 위에 살짝 올려두었다. 다음 날 아침, 엄마가 따뜻하게 안아주며 고맙다고 말해주셔서 하루 종일 기분이 좋았다. 평소에 자주 표현하지 못했던 내 진심을 전달할 수 있어 참 다행이라고 느꼈다.",내가 가족에게 마음을 전하기 위해 사용한 방법은 무엇이었나요?,잘 모르겠음,식탁 위에 쪽지를 올려두었다,전화로 고백했다,직접 선물을 건넸다,식탁 위에 쪽지를 올려두었다,2,160
가족,가족여행 이야기,170,"며칠 전, 가족들과 함께 작은 해안 마을로 짧은 여행을 다녀왔다. 평소에는 각자 바쁘게 지내느라 제대로 얼굴을 마주할 시간도 없었는데, 이번에는 바닷가 산책도 하고 근처 시장에서 신선한 해산물도 사서 직접 요리해 먹으니 정말 특별한 하루였다. 특히 저녁에 모두 함께 모여 바다를 바라보며 조개구이를 구워 먹던 시간이 가장 기억에 남는다.",가족들이 여행 중에 직접 요리해서 먹은 음식은 무엇이었나요?,잘 모르겠음,불고기,조개구이,치킨,조개구이,3,141
가족,가족여행 이야기,170,"부모님과 동생, 그리고 나는 차로 남해안까지 여행을 다녀왔다. 해안도로를 따라가다 우연히 발견한 작은 횟집에서 점심을 먹었는데, 사장님이 직접 잡으셨다는 전복과 소라가 정말 신선했다. 동생은 해산물을 별로 안 좋아해서 대신 라면을 먹었고, 우리는 식사 후 근처 바닷가에서 조개껍데기를 주우며 한참을 걸었다. 해가 질 무렵, 가족 모두 손에 조개껍데기를 들고 사진을 찍으며 즐거운 하루를 마무리했다.",여행 중 동생은 점심으로 무엇을 먹었나요?,잘 모르겠음,전복과 소라,라면,조개구이,라면,3,170
가족,가족여행 이야기,170,"부모님과 동생이랑 자동차를 타고 속초로 여행을 다녀왔다. 길이 막혀서 평소보다 두 배는 더 걸렸지만, 라디오에서 흘러나오는 노래를 따라 부르며 지루함을 달랬다. 도착하자마자 우리는 바닷가 근처의 작은 식당에서 물회와 회덮밥을 먹었고, 동생은 회덮밥에 고추장을 너무 많이 넣는 바람에 매워서 물을 여러 번 마셨다. 식사 후에는 해변을 산책하며 사진도 많이 찍었고, 모래사장에 가족 이름을 새겨두는 특별한 추억도 만들었다.",여행 중 동생이 회덮밥을 먹으며 겪은 일은 무엇이었나요?,잘 모르겠음,고추장을 너무 많이 넣어 매워했다,회덮밥을 남기고 식당을 나왔다,회덮밥을 먹지 않고 물회만 먹었다,고추장을 너무 많이 넣어 매워했다,2,179
가족,가족여행 이야기,170,"휴가철이 다가오자 가족들과 함께 강원도 바닷가로 여행을 떠났다. 차 안에서 동생과 간식으로 고구마칩을 나눠 먹으며 창밖 풍경을 구경했다. 도착하자마자 아버지는 즉석에서 텐트를 설치하시고, 나는 엄마를 도와 바비큐 준비를 했다. 저녁에는 해변에서 모래성도 쌓고 작은 불꽃놀이도 즐겼다. 숙소로 돌아와선 오랜만에 다 같이 보드게임을 하며 웃음이 끊이지 않았다.",여행 중 저녁 시간에 가족이 함께 즐긴 활동은 무엇이었나요?,잘 모르겠음,바닷가에서 수영하기,모래성 쌓기와 불꽃놀이,놀이공원 방문하기,모래성 쌓기와 불꽃놀이,3,154
가족,동생과의 첫 캠핑,170,"부모님께서 갑작스럽게 일이 생기셔서 동생과 단둘이 처음으로 캠핑을 가게 되었다. 텐트 치는 방법을 동생과 함께 설명서를 보며 천천히 따라 해봤는데, 예상보다 시간이 오래 걸렸다. 그래도 서로 도우며 힘들게 텐트를 완성하고 나니 작은 성취감이 들었다. 저녁에는 동생이 직접 준비한 소시지를 구워줬는데, 평소보다 훨씬 맛있게 느껴졌다. 밤에는 모닥불 앞에서 어릴 때 했던 이야기를 나누며 오랜만에 진솔한 대화를 나눌 수 있었다.",캠핑에서 동생이 특별히 준비한 음식은 무엇이었나요?,잘 모르겠음,햄버거,소시지,고구마,소시지,3,180
가족,동생과의 첫 캠핑,170,"며칠 전 주말에는 동생과 처음으로 단둘이 캠핑을 다녀왔다. 평소엔 서로 바빠 말도 많이 못 나누었는데, 텐트 치는 법을 함께 배우고 작은 버너로 라면을 끓여 먹으며 오랜만에 속 깊은 이야기를 나눌 수 있었다. 밤에는 모닥불 앞에서 서로의 고민도 털어놓았고, 동생이 준비해 온 마시멜로를 구워 먹으며 깔깔 웃었다. 동생이 직접 준비한 물건이 많아 꽤 감동을 받았다.",캠핑을 하면서 동생과 함께 먹었던 음식이 아닌 것은 무엇인가요?,잘 모르겠음,라면,마시멜로,피자,피자,4,150
가족,동생과의 첫 캠핑,170,"며칠 전, 동생과 처음으로 둘만의 캠핑을 다녀왔다. 텐트 치는 것부터 불 피우기까지 서툴렀지만, 서로 도우며 오랜만에 많이 웃었다. 저녁엔 라면을 끓여 먹었는데, 동생이 라면 국물에 밥을 말아먹자고 해서 나도 따라 해봤다. 산속에서 먹는 밥이 이렇게 맛있을 줄 몰랐다. 밤이 되자 동생이 별을 세자고 했고, 우리는 서로 누가 더 많이 세는지 내기를 했다. 결국 셋을 세다 잠이 들어 버려서 그 결과는 미궁에 빠졌다.",동생과 캠핑 중 별을 세던 도중 어떤 일이 일어났나요?,잘 모르겠음,동생이 별을 모두 세었다.,둘 다 셋을 세다 잠이 들었다.,비가 와서 별을 못 보았다.,둘 다 셋을 세다 잠이 들었다.,3,171
가족,동생과의 첫 캠핑,170,"며칠 전 부모님이 바쁘셔서 동생과 단둘이 캠핑을 다녀왔다. 텐트 치는 건 처음이라 서로 설명서를 붙잡고 헤맸지만, 결국엔 힘을 합쳐 완성했다. 저녁엔 준비해간 라면을 끓였는데, 동생이 면을 삶는 동안 물을 거의 다 흘려버리는 바람에 국물이 부족해졌다. 그래도 둘이 웃으면서 먹었던 라면 맛은 평소보다 훨씬 더 특별하게 느껴졌다. 밤에는 별을 보며 동생이 평소엔 잘 안 하던 고민 얘기도 해줬다.",동생과의 캠핑에서 라면을 끓일 때 어떤 일이 있었나요?,잘 모르겠음,라면을 태워서 못 먹었다.,면을 삶는 동안 물이 거의 다 흘러 국물이 부족했다.,불을 붙이지 못해 라면을 끓이지 못했다.,면을 삶는 동안 물이 거의 다 흘러 국물이 부족했다.,3,164
가족,아버지와 함께한 낚시 여행,170,"휴일에 아버지와 함께 바닷가로 낚시를 갔던 기억이 떠오른다. 처음엔 바람이 세게 불어서 낚싯줄을 던지는 것조차 힘들었지만, 아버지가 옆에서 천천히 손짓을 가르쳐주셔서 금세 익숙해질 수 있었다. 한참을 기다리다 보니 내 낚싯대에 갑자기 무거운 느낌이 들어서 얼떨결에 줄을 당겼더니, 작은 광어 한 마리가 딸려 올라왔다. 아버지는 내 첫 낚시 성공을 축하해주며, 집에 돌아가 그 생선을 함께 구워 먹자고 하셨다.",발화에서 화자는 낚시 여행에서 무엇을 처음으로 잡았나요?,잘 모르겠음,농어,광어,참돔,광어,3,172
가족,아버지와 함께한 낚시 여행,170,"지난주 토요일, 아버지와 오랜만에 바닷가로 낚시를 다녀왔다. 평소에는 일 때문에 바쁘셔서 대화할 시간이 많지 않았는데, 그날은 바람도 선선하고 파도 소리도 좋아서 자연스럽게 이런저런 이야기를 나눌 수 있었다. 아버지가 직접 준비하신 김밥을 먹으며 기다리던 중, 내가 먼저 작은 고등어 한 마리를 잡았다. 아버지가 나보다 더 기뻐하시며 사진도 찍어주셨다. 비록 많이 잡지는 못했지만, 오랜만에 아버지와 함께 보낸 소중한 하루였다.",발화자의 아버지가 낚시 여행에서 준비한 음식은 무엇이었나요?,잘 모르겠음,라면,김밥,샌드위치,김밥,3,183
가족,아버지와 함께한 낚시 여행,170,"주말마다 집 근처 강가를 산책만 하다가, 이번에는 아버지와 함께 아침 일찍 낚시를 하러 갔던 기억이 떠오른다. 처음엔 미끼도 제대로 못 끼웠지만, 아버지가 옆에서 친절하게 알려주셔서 금방 적응할 수 있었다. 손끝에 전해지는 미세한 진동에 집중하다 보니, 어느새 시간이 훌쩍 지나가 있었고, 결국 작은 붕어 한 마리를 잡았을 때 아버지와 함께 소리 내어 웃었던 순간이 가장 기억에 남는다.",발화에서 화자가 낚시 여행 중에 잡은 물고기의 종류는 무엇이었나요?,잘 모르겠음,잉어,붕어,메기,붕어,3,161
가족,아버지와 함께한 낚시 여행,170,"일요일 오후에 아버지와 함께 근처 저수지로 낚시를 다녀왔다. 평소엔 주로 산책만 했었는데, 이번엔 아버지가 직접 낚싯대와 미끼를 챙겨주셔서 나도 처음으로 낚시에 도전했다. 햇살이 따뜻하게 내리쬐는 물가에 앉아 조용히 기다리는 시간이 생각보다 평화로웠다. 한참을 기다린 끝에 작은 붕어 한 마리를 낚아 올렸는데, 아버지께서 환하게 웃으시며 박수를 쳐 주셔서 더 기뻤다. 집으로 돌아오는 길에 아버지와 낚시에 대해 이런저런 이야기를 나누며 소중한 추억이 하나 더 생겼다.",발화 내용에 따르면 낚시 여행에서 내가 처음으로 잡은 물고기는 무엇이었나?,잘 모르겠음,메기,붕어,송어,붕어,3,199
가족,어머니의 손맛 있는 요리와 함께한 저녁 식사,170,"며칠 전 비가 부슬부슬 내리던 저녁, 어머니께서 오랜만에 직접 김치찌개를 끓여주셨다. 평소보다 두툼하게 썬 돼지고기와 잘 익은 김치가 어우러져 국물 맛이 깊었다. 가족 모두 식탁에 둘러앉아 따뜻한 밥에 찌개를 듬뿍 떠먹으며 이런저런 이야기를 나눴다. 특히 어머니께서 직접 만든 겉절이까지 곁들이니 평범했던 하루가 특별해지는 느낌이었다. 그날의 푸근한 분위기와 어머니 손맛 덕분에 오랜만에 마음까지 든든해졌다.","비가 오는 저녁, 가족이 식탁에 둘러앉아 먹었던 어머니의 요리는 무엇이었나요?",잘 모르겠음,된장찌개,김치찌개,갈비찜,김치찌개,3,176
가족,어머니의 손맛 있는 요리와 함께한 저녁 식사,170,"며칠 전, 평소보다 조금 늦게 집에 도착했더니 거실 가득 고소한 냄새가 퍼져 있었어요. 주방에서는 어머니가 직접 만든 된장찌개와 각종 나물 반찬들이 한 상 가득 차려져 있었죠. 가족 모두가 오랜만에 한자리에 모여 어머니 손맛이 가득한 음식들을 천천히 음미하며 이런저런 이야기를 나눴던 저녁이었어요. 그날따라 어머니가 직접 담근 깍두기가 유난히 아삭하고 맛있어서 동생이 몇 번이나 리필을 부탁했답니다.",발화에서 동생이 여러 번 더 달라고 했던 음식은 무엇인가요?,잘 모르겠음,된장찌개,나물 반찬,깍두기,깍두기,4,170
가족,어머니의 손맛 있는 요리와 함께한 저녁 식사,170,"며칠 전, 엄마가 갑자기 고등어조림을 해주신다는 말을 듣고 기분이 좋아졌어요. 평소에는 바빠서 간단하게 끼니를 때우기 일쑤였는데, 그날은 엄마가 직접 시장에서 고등어를 고르고 양념도 정성스럽게 만들었죠. 조림이 완성될 때쯤 집안에 퍼지는 냄새가 너무 좋아서 저도 모르게 부엌으로 달려갔어요. 따뜻한 밥 위에 올려진 고등어 한 점을 먹었을 때 입안에 퍼지는 감칠맛이 아직도 잊히지 않아요. 가족이 둘러앉아 이야기하며 먹었던 그 저녁 식사는 오랜만에 정말 행복한 시간이었어요.",발화자가 엄마가 만들어준 요리의 냄새를 맡고 했던 행동은 무엇이었나요?,잘 모르겠음,식탁에 앉아서 기다렸다,부엌으로 달려갔다,방으로 들어갔다,부엌으로 달려갔다,3,202
가족,어머니의 손맛 있는 요리와 함께한 저녁 식사,170,"며칠 전 비가 부슬부슬 내리는 저녁, 집에 들어서자마자 고소한 냄새가 진하게 퍼져 있었어요. 어머니께서 직접 만든 김치전과 두툼한 된장찌개를 준비해주셨죠. 가족 모두 식탁에 둘러앉아 도란도란 이야기를 나누며 먹는 그 순간이 참 따뜻하게 느껴졌어요. 특히 김치전은 바삭하면서도 속은 촉촉해서, 평소에 입이 짧은 동생도 몇 장이나 더 집어먹었을 정도로 정말 맛있었답니다.",발화에서 동생이 평소와 다르게 보여준 행동은 무엇이었나요?,잘 모르겠음,김치전을 만들었다,평소보다 식사를 빨리 끝냈다,김치전을 여러 장 더 먹었다,김치전을 여러 장 더 먹었다,4,157
가족,평소 가족과 함께 하는 활동,170,"최근 가족들과 저녁 먹고 나서 산책을 자주 나가고 있다. 동네 공원까지 걸어가면서 이런저런 이야기를 나누는데, 엄마는 회사에서 있었던 재미난 일화를 들려주고, 동생은 학교에서 친구들과 겪은 소소한 에피소드를 공유한다. 공원에 도착하면 아빠가 좋아하는 스트레칭을 같이 하기도 하고, 벤치에 앉아 아이스크림을 먹으며 잠깐 쉬기도 한다. 이렇게 하루를 마무리하는 시간이 점점 소중하게 느껴진다.",가족이 공원 산책 중에 하는 활동으로 언급되지 않은 것은 무엇인가요?,잘 모르겠음,아이스크림 먹기,스트레칭 하기,축구 경기 관람,축구 경기 관람,4,168
가족,평소 가족과 함께 하는 활동,170,"요즘 주말마다 가족들과 함께 집 근처 공원에서 자전거를 타는 시간을 갖고 있다. 처음엔 동생이 자전거를 잘 못 타서 자주 멈춰서 기다려줬지만, 이제는 다들 비슷한 속도로 달릴 수 있게 되었다. 자전거를 타다 보면 서로 앞서거니 뒤서거니 하면서 소소한 대화를 나누고, 중간쯤에 있는 벤치에서 과일과 음료수도 나눠 먹는다. 이렇게 함께 시간을 보내다 보니 가족끼리 더 가까워진 느낌이 들어서 요즘은 이 시간이 기다려진다.",가족과 함께 공원에서 자전거를 타며 중간에 무엇을 함께 나눠 먹었나요?,잘 모르겠음,샌드위치와 주스,과일과 음료수,떡과 우유,과일과 음료수,3,174
가족,평소 가족과 함께 하는 활동,170,"주말마다 부모님과 동생이랑 근처 공원에 가는 것이 우리 가족의 소소한 즐거움이다. 지난번에는 엄마가 직접 만든 김밥과 과일을 도시락에 싸 오셔서 벤치에 앉아 다 같이 먹었는데, 잔디밭에서 동생이 공놀이를 하다가 신발을 잃어버려서 모두가 신나게 찾았던 기억이 난다. 그 덕분에 모두가 더 웃으며 하루를 마무리할 수 있었다.",가족이 공원에 갔을 때 도시락에는 무엇이 포함되어 있었나요?,잘 모르겠음,샌드위치와 주스,김밥과 과일,치킨과 떡볶이,김밥과 과일,3,135
가족,평소 가족과 함께 하는 활동,170,"요즘 주말마다 부모님과 함께 집 근처 산책로를 걷곤 한다. 특히 해가 질 무렵 걷는 걸 좋아하는데, 아버지는 작은 개를 데리고 오시고 어머니는 그날 있었던 일들을 이야기하신다. 한 번은 갑자기 비가 내리기 시작해서 모두 비를 맞으며 뛰어가다가 근처 카페에 들어가 따뜻한 차를 마시며 한참을 웃었던 기억이 있다. 이런 소소한 시간이 가족과 더 가까워지는 느낌을 주어 소중하게 생각하게 된다.",발화자의 가족이 비를 맞은 후 들어간 곳은 어디인가요?,잘 모르겠음,식당,카페,서점,카페,3,161
가족,할머니 집에서 보내는 여름 휴가,170,"며칠 전 부모님과 함께 할머니 댁에 다녀왔다. 할머니는 우리를 위해 직접 키운 옥수수를 삶아주셨는데, 그 고소한 냄새가 집안 가득 퍼졌다. 사촌들과 마당에서 숨바꼭질도 하고, 시원한 우물물에 발을 담그며 더위를 식혔다. 저녁에는 모두 모여서 수박을 먹으며 하루 동안 있었던 재미있는 일들을 나눴다. 할머니의 정겨운 웃음소리가 아직도 귀에 맴돈다.",발화에서 여름 휴가 동안 가족들이 저녁에 모여서 먹은 것은 무엇이었나요?,잘 모르겠음,옥수수,수박,감자,수박,3,147
가족,할머니 집에서 보내는 여름 휴가,170,"며칠 전 가족들과 함께 할머니 댁에 갔는데, 도착하자마자 할머니가 직접 따오신 오디와 토마토를 내주셔서 정말 신선하게 먹었다. 오후엔 사촌들과 뒷산에 올라가서 개울에서 발을 담그고 물장구를 쳤다. 저녁에는 마당에서 옥수수랑 감자를 구워 먹으며 할머니가 어릴 적 여름 이야기를 들려주셨는데, 그때 들었던 풀벌레 소리가 아직도 귓가에 맴도는 것 같다.",할머니 댁에서 가족들이 먹었던 간식은 무엇이었나요?,잘 모르겠음,옥수수와 감자,사과와 배,수박과 참외,옥수수와 감자,2,148
가족,할머니 집에서 보내는 여름 휴가,170,"며칠 전 부모님과 함께 시골 할머니 댁에 다녀왔다. 도착하자마자 마당 한켠에 심어진 커다란 수박을 직접 따서 칼로 잘라 먹었는데, 시원하고 달콤해서 아직도 그 맛이 잊혀지지 않는다. 오후에는 사촌들과 뒷산에 올라가 산딸기를 땄고, 내려오는 길에 개울가에서 발을 담그며 더위를 식혔다. 저녁에는 할머니가 직접 만든 잡채와 부침개를 온 가족이 둘러앉아 먹으며 오랜만에 웃음소리가 끊이지 않았다.",할머니 댁에서 가족들이 함께 먹은 저녁 메뉴는 무엇이었나요?,잘 모르겠음,잡채와 부침개,불고기와 김치찌개,닭갈비와 비빔밥,잡채와 부침개,2,166
가족,할머니 집에서 보내는 여름 휴가,170,"여름방학이 시작되자마자 부모님과 함께 할머니 댁에 갔는데, 도착하자마자 할머니께서 직접 기르신 오이와 토마토를 손수 따오라고 하셔서 처음으로 텃밭에 들어가 봤다. 손에 흙이 잔뜩 묻었지만, 신기하게도 따온 채소를 바로 씻어서 먹으니 평소보다 훨씬 달고 맛있게 느껴졌다. 저녁에는 할머니가 직접 부친 감자전을 온 가족이 둘러앉아 먹으며, 옛날에 할머니가 젊었을 때 겪으셨던 시골 여름 이야기를 들었는데, 밤늦게까지 웃음소리가 끊이지 않았다.",발화에서 가족이 할머니 집에서 저녁에 함께 먹은 음식은 무엇이었나요?,잘 모르겠음,오이무침,감자전,수박,감자전,3,189
학창 시절 추억,고등학교 3년 동안의 수능 준비 과정,170,"고등학교 마지막 학기에는 매일 저녁마다 도서관에 남아서 공부하던 기억이 또렷하다. 친구들과 함께 도시락을 나눠 먹으면서 잠깐씩 스트레스를 풀기도 했고, 서로 모르는 문제를 질문하며 도움을 주고받았다. 특히 국어 모의고사에서 늘 시간 안배가 어려워 여러 번 연습했던 것도 기억난다. 시험이 끝나고 운동장 한 바퀴를 돌며 긴장을 푸는 나만의 방법도 있었다.",발화자와 친구들이 저녁에 도서관에서 무엇을 하며 잠깐 스트레스를 풀었나요?,잘 모르겠음,운동을 했다,도시락을 나눠 먹었다,음악을 들었다,도시락을 나눠 먹었다,3,150
학창 시절 추억,고등학교 3년 동안의 수능 준비 과정,170,"수능을 준비하던 고3 때는 하루 일과가 늘 비슷하게 반복됐지만, 친구들과 자습실에서 문제를 풀다가 서로 모르는 부분을 설명해주며 자연스럽게 의지가 많이 됐다. 특히 수학이 약해서 점심시간마다 윤지랑 함께 남아서 공식도 외우고, 서로 퀴즈도 내면서 공부했던 기억이 아직도 생생하다. 긴장과 부담감 속에서도 서로 웃으면서 잠깐씩 쉬는 시간에 과자를 나눠 먹거나, 창밖을 바라보며 앞으로의 대학 생활에 대해 상상하는 소소한 대화가 큰 위로가 됐다.",발화자가 고3 수능 준비 시절 점심시간에 윤지와 주로 했던 활동은 무엇인가요?,잘 모르겠음,과자를 먹으며 대학생활을 상상했다,공부 공식 외우고 퀴즈를 내며 공부했다,창밖을 바라보며 쉬었다,공부 공식 외우고 퀴즈를 내며 공부했다,3,188
학창 시절 추억,고등학교 3년 동안의 수능 준비 과정,170,"수능이 점점 가까워질수록 친구들과 자주 도서관에서 공부했던 기억이 난다. 특히 겨울방학에는 아침 일찍부터 모여서 서로 모르는 문제를 같이 풀어보곤 했다. 어느 날은 점심시간에 도시락을 까먹으며 오늘 공부할 분량을 서로 점검했고, 가끔은 긴장감을 풀기 위해 서로 농담을 주고받기도 했다. 그렇게 하루하루를 보내며, 힘들 때마다 친구들이 있어서 외롭지 않게 수험생활을 버틸 수 있었다.","발화 내용에 따르면, 겨울방학에 친구들과 함께 공부할 때 했던 일은 무엇이었나?",잘 모르겠음,아침 일찍 모여 문제를 같이 풀었다.,운동장에서 축구를 했다.,학원에서 선생님과 상담을 했다.,아침 일찍 모여 문제를 같이 풀었다.,2,163
학창 시절 추억,고등학교 3년 동안의 수능 준비 과정,170,"고등학교 마지막 해에는 수능 준비로 정말 바빴다. 특히 여름방학 때는 친구들과 도서관에 일찍 모여서 각자 공부할 과목을 정하고, 점심시간에는 서로 문제를 내며 풀어보기도 했다. 어느 날엔 집중이 안 돼서 잠깐 운동장 산책을 하기도 했는데, 그때 친구가 나에게 수학 문제를 농담 삼아 퀴즈로 내서 한참을 웃기도 했다. 그렇게 힘들면서도 유쾌한 순간들이 지금 생각하면 큰 힘이 되었다.",여름방학 동안 친구들과 도서관에서 했던 활동이 아닌 것은 무엇인가요?,잘 모르겠음,서로 문제를 내며 풀어보기,운동장 산책하기,콘서트 관람하기,콘서트 관람하기,4,159
학창 시절 추억,기말고사로 인한 스트레스,170,"며칠 전부터 책상 앞에 앉아 기말고사 준비를 했는데, 자꾸 머릿속이 복잡해지고 집중이 잘 안 됐다. 그래서 평소에 좋아하던 음악도 듣지 않고, 핸드폰도 멀리 치워두었지만 마음이 불안해서인지 손끝까지 땀이 났다. 엄마가 방에 들어와 귤을 한 접시 내밀며 힘내라고 했던 순간, 잠시나마 긴장이 풀려서 그 자리에서 귤을 하나 까먹었다. 그 짧은 휴식 덕분에 다시 정신을 차리고 공부를 이어갈 수 있었다.",발화자의 기말고사 공부 중 엄마가 해준 행동은 무엇이었나요?,잘 모르겠음,따뜻한 차를 준비해주었다,귤을 한 접시 내밀어주었다,음악을 틀어주었다,귤을 한 접시 내밀어주었다,3,165
학창 시절 추억,기말고사로 인한 스트레스,170,"며칠 전부터 기말고사 준비 때문에 마음이 많이 불안해졌다. 평소엔 좋아하던 음악도 집중이 안 되고, 친구들과 수다 떠는 시간조차 즐겁지가 않았다. 특히 수학 시험을 앞두고 계속 머릿속에 공식들이 맴돌았고, 자꾸만 답이 헷갈려서 밤에 잠도 설쳤다. 결국 시험 전날에는 새벽까지 책상 앞에 앉아 문제를 반복해서 풀었고, 엄마가 걱정돼서 따뜻한 우유를 가져다주셨지만 그조차도 금방 식어버렸다.",시험을 앞두고 내가 집중이 잘 되지 않았던 활동은 무엇이었나요?,잘 모르겠음,음악 듣기,자전거 타기,요리하기,음악 듣기,2,165
학창 시절 추억,기말고사로 인한 스트레스,170,"며칠 전부터 기말고사 준비 때문에 집에만 틀어박혀 공부하고 있다. 평소에는 책상 앞에 오래 앉아 있기가 힘든데, 이번에는 부담감이 커서 그런지 시간 가는 줄 모르고 문제를 풀었다. 중간에 엄마가 간식으로 귤을 깎아 주셨는데, 잠깐 단맛을 느끼며 기분이 조금 풀렸다. 그래도 밤이 깊어갈수록 불안감이 커져서 결국 새벽까지 책을 붙들고 있었다. 내일은 꼭 일찍 자려고 다짐해본다.",공부하는 도중에 엄마가 가져다 준 간식은 무엇이었나요?,잘 모르겠음,사과,귤,바나나,귤,3,158
학창 시절 추억,기말고사로 인한 스트레스,170,"며칠 전부터 기말고사 준비 때문에 머리가 지끈거릴 정도로 스트레스를 받았다. 특히 수학 과목이 너무 어려워서 밤늦게까지 문제집을 붙잡고 있었는데, 엄마가 간식으로 따뜻한 고구마를 가져다주셔서 잠깐이나마 위로가 됐다. 친구들과 카톡으로 서로 모르는 문제를 물어보며 답을 찾아갔던 그 밤이 기억에 남는다.",화자는 기말고사 공부 중에 어떤 간식을 먹으면서 잠깐 위로를 받았나요?,잘 모르겠음,쿠키,따뜻한 고구마,귤,따뜻한 고구마,3,130
학창 시절 추억,반에서 진행한 축제 준비 과정과 성과,170,"며칠 전부터 우리 반 친구들과 함께 축제 부스 준비를 시작했다. 각자 역할을 정하는데 나는 게임 코너의 진행을 맡았다. 준비하면서 다 같이 밤늦게까지 교실에 남아 소품도 만들고, 실패한 부분은 서로 도우며 고쳤다. 축제 당일에는 예상보다 많은 학생들이 우리 부스에 찾아와서 준비한 게임을 즐겼고, 마지막에는 선생님께서 칭찬도 해주셔서 뿌듯했다.",축제 준비 과정에서 내가 맡은 역할은 무엇이었나요?,잘 모르겠음,소품 만들기 담당,음식 판매 담당,게임 코너 진행,게임 코너 진행,4,146
학창 시절 추억,반에서 진행한 축제 준비 과정과 성과,170,"며칠 전부터 반 친구들과 함께 교실 한쪽에 모여 축제 부스 준비를 시작했다. 각자 역할을 나누고, 꾸미기 담당이던 나는 색종이와 풍선으로 벽을 장식했다. 연습 시간마다 노래와 춤을 맞추느라 실수도 많았지만, 서로 웃으며 금방 분위기가 좋아졌다. 마침내 축제 당일이 되어 우리 반 부스에는 예상보다 더 많은 학생들이 찾아와 게임을 즐겼고, 준비했던 간식도 모두 나가서 뿌듯함을 느꼈다.",발화에서 화자가 맡았던 역할은 무엇이었나요?,잘 모르겠음,간식 준비 담당,노래 연습 담당,꾸미기 담당,꾸미기 담당,4,161
학창 시절 추억,반에서 진행한 축제 준비 과정과 성과,170,"며칠 전 반 친구들과 함께 학교 축제 준비를 하면서 정말 바빴다. 우리 반은 연극을 하기로 해서 역할 분배부터 소품 제작까지 모두 손수 했다. 무대 배경을 그릴 때는 그림에 소질 있는 친구가 주도했고, 나는 조명 담당으로 매번 리허설마다 조명을 조정하느라 신경이 많이 쓰였다. 리허설 때 작은 실수도 있었지만 공연 당일에는 모두가 열심히 해서 박수갈채를 받았다. 끝나고 교실에 모여 서로 고생했다고 칭찬해줄 때 뿌듯함이 컸다.",발화에서 본인이 맡은 역할은 무엇이었나요?,잘 모르겠음,연극 주인공,조명 담당,무대 배경 그리기 담당,조명 담당,3,176
학창 시절 추억,반에서 진행한 축제 준비 과정과 성과,170,"며칠 전부터 반 친구들과 체육관에서 열릴 축제 준비를 시작했다. 우리는 벽면 장식과 포스터를 직접 만들고, 역할을 나눠 연극 연습에도 매일매일 힘썼다. 특히 무대 배경을 꾸미는 작업이 쉽지 않았지만, 의견을 모아 밤늦게까지 협력했다. 덕분에 축제 당일에는 많은 학생들이 우리 부스와 연극 무대에 모여 큰 박수를 보내줬고, 선생님께서도 노력에 칭찬을 아끼지 않으셨다.",우리 반이 축제 준비 과정에서 특히 힘들었던 일은 무엇이었나요?,잘 모르겠음,음식 준비를 하는 일이었다.,연극 대본을 쓰는 일이었다.,무대 배경을 꾸미는 일이었다.,무대 배경을 꾸미는 일이었다.,4,155
학창 시절 추억,방과 후 동아리 활동,170,"학교에서 수업이 끝나면 친구들과 함께 미술 동아리실로 모이곤 했다. 그날은 특별히 유리창에 붙은 스티커를 떼고 새로 디자인하는 활동을 맡았다. 모두 각자 아이디어를 내면서 색색의 종이와 펜으로 스케치하던 중, 민지가 우스꽝스러운 고양이 그림을 그려 분위기가 한층 밝아졌다. 마지막에는 다 함께 유리창에 자신이 만든 그림을 붙여 두고 인증 사진도 찍었는데, 그날 찍은 사진은 아직도 내 방 책상 위에 소중히 놓여 있다.",동아리 활동 중에 분위기가 밝아진 계기는 무엇이었나요?,잘 모르겠음,유리창에 그림을 붙였을 때,민지가 우스꽝스러운 고양이 그림을 그렸을 때,인증 사진을 찍었을 때,민지가 우스꽝스러운 고양이 그림을 그렸을 때,3,175
학창 시절 추억,방과 후 동아리 활동,170,"학기 중 어느 날, 학교가 끝난 후 사진 동아리 친구들과 함께 근처 공원으로 출사를 갔던 기억이 난다. 처음에는 모델을 맡는 게 어색했지만, 친구들이 재밌는 포즈를 시키며 분위기를 풀어줘서 점점 웃음이 터졌다. 저녁 무렵에는 모두가 찍은 사진을 모아 서로의 사진을 칭찬하며 간식도 나눠 먹었다. 그날 찍은 사진 중 한 장은 아직도 내 방 책상 위에 놓여 있다.",사진 동아리 친구들과 방과 후에 어디에서 활동을 했는가?,잘 모르겠음,학교 교실,근처 공원,도서관,근처 공원,3,146
학창 시절 추억,방과 후 동아리 활동,170,"학교 수업이 끝난 후 미술 동아리에서 친구들과 함께 벽화를 그렸던 기억이 아직도 생생하다. 처음에는 벽면이 너무 넓어서 어떻게 채울지 막막했지만, 각자 맡은 부분을 정하고 서로 아이디어를 모아가며 점점 그림이 완성되어가는 모습을 보니 정말 뿌듯했다. 특히 내가 담당한 해바라기 부분을 칭찬받았을 때 무척 기뻤다.",동아리 활동에서 화자가 담당했던 그림의 주제는 무엇이었나요?,잘 모르겠음,구름,해바라기,나비,해바라기,3,132
학창 시절 추억,방과 후 동아리 활동,170,"점심시간이 끝나고 나면 친구들과 함께 과학 동아리 교실로 모였다. 특히 화요일마다 진행되는 실험 시간이 기다려졌다. 지난주에는 각자 집에서 가져온 작은 식물로 광합성 실험을 했는데, 내 화분에서 유독 거품이 많이 생겨서 다들 신기해했다. 동아리 선생님이 직접 실험 과정을 설명해주셔서 평소보다 훨씬 흥미롭게 느껴졌다. 실험 후에는 남은 시간에 친구들과 간식을 나눠 먹으며 실험 결과에 대해 이야기 나누는 것이 동아리 활동의 또 다른 재미였다.",화요일 동아리 활동 중 내 식물에서 다른 친구들이 신기해한 현상은 무엇이었나요?,잘 모르겠음,식물이 시들었다,거품이 많이 생겼다,꽃이 피었다,거품이 많이 생겼다,3,187
학창 시절 추억,운동부로서 경험한 대회 준비 및 참가 이야기,170,"체육관에서 늦은 시간까지 이어진 배구부 연습이 끝나고, 친구들과 땀에 젖은 옷 그대로 학교 앞 분식집에 들렀던 기억이 난다. 다가오는 시합을 앞두고 모두 긴장했지만, 떡볶이 한 입에 웃음이 터졌다. 코치 선생님은 늘 자신감을 강조하셨고, 우리는 서로의 어깨를 두드리며 힘을 얻었다. 대회 당일, 유니폼을 맞춰 입고 체육관에 들어설 때의 설렘과 약간의 두려움이 아직도 생생하다.",배구부 친구들이 대회 준비 중에 연습 후 함께 간 곳은 어디인가요?,잘 모르겠음,학교 도서관,학교 앞 분식집,체육관 옥상,학교 앞 분식집,3,159
학창 시절 추억,운동부로서 경험한 대회 준비 및 참가 이야기,170,"운동부 생활을 하면서 가장 기억에 남는 순간은 중학교 때 처음으로 참가한 전국 대회를 준비하던 때였다. 매일 수업이 끝나면 체육관으로 달려가서 땀에 젖은 친구들과 함께 연습에 집중했다. 특히 마지막 일주일은 감독님이 준비해주신 특별 훈련으로 체력과 팀워크를 동시에 끌어올렸다. 대회 당일엔 긴장감에 손이 떨렸지만, 서로를 격려하며 끝까지 최선을 다했던 그 순간이 아직도 생생하다.",대회 준비 마지막 일주일 동안 어떤 점에 중점을 두어 훈련했는가?,잘 모르겠음,기초 체력만 집중적으로 키웠다.,기술 연습만 반복했다.,체력과 팀워크를 동시에 끌어올렸다.,체력과 팀워크를 동시에 끌어올렸다.,4,162
학창 시절 추억,운동부로서 경험한 대회 준비 및 참가 이야기,170,"며칠 전부터 배구부 친구들과 함께 교내 대회를 준비하느라 아침마다 일찍 모여 체육관에서 연습을 했다. 체력이 부족해서 초반에는 금방 지쳤지만, 서로 격려하면서 동기부여가 많이 됐다. 시합 당일에는 긴장감이 커서 평소보다 실수도 있었지만, 마지막 세트에서 내가 서브에이스를 성공시켜서 모두가 기뻐했다. 그 경험 덕분에 팀워크가 더 끈끈해진 것 같아 뿌듯했다.",대회 준비 과정에서 발화자가 특별히 아침마다 했던 일은 무엇이었나요?,잘 모르겠음,체육관에서 친구들과 연습함,혼자 도서관에서 공부함,음악실에서 악기 연습함,체육관에서 친구들과 연습함,2,153
학창 시절 추억,운동부로서 경험한 대회 준비 및 참가 이야기,170,"운동부에서 활동하던 시절, 대회를 앞두고 동아리 친구들과 학교 체육관에서 저녁 늦게까지 연습하곤 했다. 매일 땀에 젖은 운동복을 집에 가져가 빨아야 했고, 코치님께서 연습이 끝난 뒤 직접 만든 유자차를 나눠주셔서 피로가 풀리는 기분이 들었다. 대회 당일에는 모두가 긴장했지만 서로 손을 맞잡고 파이팅을 외치며 단합된 모습을 보였다.",연습이 끝난 뒤에 코치님이 선수들에게 나눠주신 음료는 무엇이었나요?,잘 모르겠음,보리차,유자차,식혜,유자차,3,141
학창 시절 추억,졸업식에서의 눈물,170,"졸업식 날 교실에 모여 마지막으로 담임 선생님 말씀을 듣는데, 평소에는 장난 많던 친구들도 하나둘씩 울기 시작했어요. 저는 처음엔 괜찮았는데, 갑자기 친구가 손을 꼭 잡아주며 그동안 고마웠다고 말하자 눈물이 왈칵 쏟아졌죠. 모두가 서로를 끌어안으며 사진을 찍고, 이제는 각자 다른 길을 가게 된다는 사실에 아쉬움이 컸어요. 그렇게 울다가도 마지막엔 다 함께 웃으면서 교문을 나섰던 기억이 아직도 생생합니다.",발화 속에서 화자가 눈물을 흘리게 된 직접적인 계기는 무엇이었나요?,잘 모르겠음,친구가 손을 잡아주며 고마웠다고 말해서,졸업식 노래가 감동적이어서,선생님이 마지막 말씀을 하셔서,친구가 손을 잡아주며 고마웠다고 말해서,2,173
학창 시절 추억,졸업식에서의 눈물,170,"졸업식이 끝난 뒤 강당에서 친구들과 사진을 찍다가 갑자기 눈물이 났다. 평소 장난만 치던 영수도 조용히 손수건을 꺼내 눈을 닦는 모습을 보고 더 참기 힘들었다. 교실로 돌아가는 길에 복도에서 담임 선생님과 마주쳤는데, 평소엔 무뚝뚝하시던 선생님도 붉어진 눈으로 우리를 바라보셨다. 친구들과 마지막으로 교실 책상에 이름을 적으며 서로의 손을 꼭 잡았던 그 순간이 아직도 잊히지 않는다.",졸업식 날 담임 선생님은 학생들에게 어떤 모습을 보였는가?,잘 모르겠음,환하게 웃으셨다,붉어진 눈으로 바라보셨다,학생들과 사진을 찍으셨다,붉어진 눈으로 바라보셨다,3,162
학창 시절 추억,졸업식에서의 눈물,170,"교실 창밖으로 햇살이 비추던 졸업식 날, 나는 친구들과 마지막으로 복도를 천천히 걸으며 서로의 손을 꼭 잡았다. 평소 장난만 치던 민수도 울먹이며 나를 안아줬고, 우리 반 담임선생님은 끝내 말을 잇지 못했다. 졸업장보다 친구들과의 이별이 더 슬퍼서 나도 모르게 눈물이 뺨을 타고 흘렀다. 다 같이 운동장에 서서 기념사진을 찍을 때, 모두 눈가가 붉게 물들어 있었다.",발화자가 졸업식 날 친구들과 함께 한 행동은 무엇이었나요?,잘 모르겠음,운동장에서 축구를 했다.,복도를 함께 걸으며 손을 잡았다.,도서관에서 책을 읽었다.,복도를 함께 걸으며 손을 잡았다.,3,152
학창 시절 추억,졸업식에서의 눈물,170,"졸업식 날, 체육관에 들어섰을 때 친구들과 선생님들이 모두 울고 있었던 모습이 떠오른다. 평소 감정을 잘 드러내지 않던 친구가 마지막 인사를 하며 참았던 눈물을 터뜨렸을 때, 나도 덩달아 울음을 참지 못했다. 교정에 떨어지는 하얀 꽃잎 사이로 서로 포옹하며 작별 인사를 나누던 그 순간, 모두가 무언의 약속처럼 다시 만나자고 했던 기억이 아직도 선명하다.",발화에서 평소 감정을 잘 드러내지 않던 친구는 졸업식 때 어떤 행동을 했나요?,잘 모르겠음,졸업식에 오지 않았다,마지막 인사를 하며 울었다,선생님께 편지를 썼다,마지막 인사를 하며 울었다,3,148
학창 시절 추억,첫 연애 이야기,170,며칠 전 옛 사진을 정리하다가 고등학교 때 첫 연애 시절을 떠올리게 됐다. 그때는 친구들과 어울리던 카페에서 우연히 같은 반이었던 은지가 내게 좋아하는 책을 빌려주며 말을 걸어왔던 게 시작이었다. 방과 후에 학교 근처 공원에서 서로 좋아하는 음악을 들려주던 기억이 아직도 생생하다. 시험 기간이 되면 각자 좋아하는 간식을 챙겨서 도서관에서 함께 공부했던 추억도 잊을 수 없다.,은지가 처음 말을 걸었던 계기는 무엇이었나요?,잘 모르겠음,서로 좋아하는 음악을 들려주다가,도서관에서 공부하다가,좋아하는 책을 빌려주며,좋아하는 책을 빌려주며,4,157
학창 시절 추억,첫 연애 이야기,170,"중학교 2학년 때, 같은 반 친구였던 지현이와 우연히 도서관에서 자주 마주치게 되면서 점점 가까워졌다. 어느 날 지현이가 추천해 준 소설을 읽고 나서 둘이 서로 좋아하는 책 이야기를 나누는 시간이 정말 설레었다. 시험이 끝난 후엔 함께 학교 근처 분식집에서 떡볶이를 먹으며 수줍게 서로의 마음을 확인했던 순간이 아직도 기억에 남는다.",화자는 지현이와 어떤 계기로 가까워지게 되었나요?,잘 모르겠음,함께 운동을 하면서,도서관에서 자주 마주치면서,같은 동아리에 들어가면서,도서관에서 자주 마주치면서,3,139
학창 시절 추억,첫 연애 이야기,170,"수학여행을 갔던 어느 날, 같은 반 친구와 우연히 둘이서 오래 이야기를 나누게 되었어요. 그날 밤 바닷가 산책을 하다가 서로 좋아한다는 마음을 처음으로 고백했죠. 돌아온 뒤로도 손편지를 주고받으며 조심스럽게 만남을 이어갔어요. 친구들과 몰래 약속장소를 정하고, 수줍게 손을 잡았던 그 순간이 아직도 생생하게 기억나요.",수학여행 중에 두 사람이 처음으로 서로의 마음을 고백한 장소는 어디였나요?,잘 모르겠음,학교 운동장,식당,바닷가,바닷가,4,136
학창 시절 추억,첫 연애 이야기,170,"친구들과 도서관에서 공부하던 중 옆자리에서 자주 마주치던 같은 반 친구가 조용히 초콜릿을 건네며 말을 걸어왔다. 그날 이후로 우리는 점심시간마다 함께 도시락을 먹으며 서로의 취미에 대해 이야기하게 되었고, 어느 날은 운동장에서 함께 농구를 하며 웃기도 했다. 첫 연애라서 긴장도 많이 했지만, 작은 쪽지에 짧은 응원 메시지를 주고받던 기억이 아직도 마음 한구석에 남아 있다.",내가 첫 연애를 시작하게 된 계기는 무엇이었나요?,잘 모르겠음,같은 반 친구가 초콜릿을 건네며 말을 걸어서,운동장에서 농구를 하다가 우연히 친해져서,수업 시간에 서로 발표를 도와주다가,같은 반 친구가 초콜릿을 건네며 말을 걸어서,2,158
학창 시절 추억,첫 연애의 설렘과 이별 감정,170,"중학교 2학년 때 같은 반이었던 민수와 처음 사귀게 되었을 때, 매일 등교길에 마주치던 순간마다 괜히 가슴이 두근거렸던 기억이 난다. 수줍게 나눴던 문자 메시지와 함께 학교 운동장에서 몰래 나눈 짧은 인사가 큰 의미로 다가왔다. 하지만 어느 날 민수가 갑자기 연락이 뜸해지면서 점점 멀어지는 걸 느꼈다. 결국 서로 어색하게 인사도 하지 못하고 자연스럽게 멀어지게 되었는데, 그때 처음 느낀 쓸쓸함이 아직도 마음 한켠에 남아 있다.",발화에서 화자가 민수와 주로 어디에서 짧게 인사를 나눴다고 했나요?,잘 모르겠음,학교 교실에서,학교 운동장에서,학교 복도에서,학교 운동장에서,3,179
학창 시절 추억,첫 연애의 설렘과 이별 감정,170,"벚꽃이 만개했던 어느 봄날, 친구들과 함께 놀러 갔다가 우연히 한 동아리 선배와 이야기를 나누게 됐다. 처음엔 어색했지만, 선배가 내 웃긴 이야기에 크게 웃어 주었고 그날 이후로 서로 연락을 주고받기 시작했다. 학교 복도에서 마주칠 때마다 두근거리는 마음이 들었고, 손을 처음 잡았던 순간은 아직도 생생하다. 하지만 시험 기간이 길어지면서 자연스럽게 연락이 뜸해졌고, 결국 서로 오해가 쌓여 조용히 멀어졌다. 그때 느꼈던 아쉬움과 쓸쓸함이 아직도 마음 한 켠에 남아 있다.",화자는 선배와 어떤 계기로 처음 가까워지기 시작했나요?,잘 모르겠음,동아리 활동을 같이 하면서,벚꽃이 피던 날 친구들과 놀러 갔다가 대화를 하면서,시험 기간에 함께 공부하면서,벚꽃이 피던 날 친구들과 놀러 갔다가 대화를 하면서,3,199
학창 시절 추억,첫 연애의 설렘과 이별 감정,170,"비 오는 날 운동장에서 우산을 나눠 쓰며 함께 걸었던 기억이 아직도 선명하다. 손끝이 닿을 듯 말 듯 어색하게 걷다가, 서로 얼굴을 보며 수줍게 웃던 순간이 떠오른다. 그때는 모든 게 특별해 보였는데, 시간이 흐르면서 점점 대화가 줄어들고 서로를 이해하지 못해 결국 자연스럽게 멀어지게 되었다. 이별을 고하던 날, 괜히 장난스레 웃으며 괜찮다고 했지만 집에 돌아오는 길에 눈물이 났던 건 아직도 내 마음 깊이 남아 있다.",비 오는 날 운동장에서 두 사람이 함께 한 특별한 일은 무엇이었나요?,잘 모르겠음,우산을 나눠 쓰며 걸었다,함께 달리기 시합을 했다,운동장에서 농구를 했다,우산을 나눠 쓰며 걸었다,2,173
학창 시절 추억,첫 연애의 설렘과 이별 감정,170,"벚꽃이 흐드러지게 피던 어느 봄날, 친구들과 놀이터에서 놀다가 우연히 같은 반 민수와 마주쳤다. 수줍게 건넨 초콜릿에 내 마음이 들킬까 긴장됐지만, 그날부터 서로 연락하며 가까워졌다. 손을 처음 잡던 순간엔 심장이 너무 빨리 뛰어서 목소리가 떨릴 정도였다. 하지만 여름방학이 끝나고 민수의 전학 소식을 듣고 한동안 학교 가는 길이 유난히 쓸쓸하게 느껴졌던 기억이 난다.",민수가 전학을 간 시기는 언제였나요?,잘 모르겠음,봄방학이 끝난 후,겨울방학이 끝난 후,여름방학이 끝난 후,여름방학이 끝난 후,4,156
학창 시절 추억,학교 축제에서의 경험,170,"며칠 전 친구들과 모여 학교 축제 때 있었던 일을 떠올리며 한참을 웃었다. 내가 맡았던 부스는 솜사탕을 직접 만들어 파는 곳이었는데, 처음엔 솜사탕 기계 작동법을 몰라 설탕을 잔뜩 흘리고 당황했던 기억이 난다. 그래도 친구들이 옆에서 도와줘서 곧 익숙해졌고, 마지막엔 선생님께서 오셔서 솜사탕을 맛있게 드시는 모습을 보고 뿌듯함을 느꼈다.",발화자의 학교 축제 부스에서 일어난 일로 알맞은 것은 무엇인가요?,잘 모르겠음,발화자는 음식 먹는 부스에서 일했다.,발화자는 솜사탕 기계 작동에 처음엔 서툴렀다.,발화자는 친구들에게 솜사탕을 선물했다.,발화자는 솜사탕 기계 작동에 처음엔 서툴렀다.,3,143
학창 시절 추억,학교 축제에서의 경험,170,"며칠 전 친구들과 함께 학교 축제에 참여했던 기억이 아직도 생생하다. 반 친구들과 모여서 솜사탕 부스를 직접 운영했는데, 처음에는 손님이 별로 없어서 걱정했지만 점심시간이 지나면서 점점 사람들이 몰려와 북적였다. 특히 선생님께서 오셔서 솜사탕을 사가며 우리에게 격려의 말을 해주셨을 때 모두 힘이 났다. 마감 무렵엔 재료가 거의 다 떨어져서 마지막 손님에게 작은 솜사탕을 드렸더니, 그 학생이 고맙다며 웃는 모습을 보며 다들 보람을 느꼈다.",발화에서 마지막 손님에게 준 솜사탕은 어떤 상황에서 만들어진 것이었나요?,잘 모르겠음,재료가 많아서 크게 만든 솜사탕이었다.,재료가 거의 다 떨어져 작게 만든 솜사탕이었다.,특별한 토핑이 추가된 솜사탕이었다.,재료가 거의 다 떨어져 작게 만든 솜사탕이었다.,3,186
학창 시절 추억,학교 축제에서의 경험,170,"며칠 전 친구들과 오랜만에 만났을 때, 고등학교 축제에서 떡볶이 부스를 운영했던 일이 화제가 됐다. 그때 나는 요리 담당이었는데, 예상보다 손님이 많아 한 번도 쉬지 못하고 계속 떡볶이를 만들었다. 중간에 매운 양념을 잘못 넣어서 한 번은 너무 맵게 만들어 버려서, 친구들과 같이 우유를 사와 나눠 마시며 웃었던 기억이 난다. 그 덕분에 축제가 끝날 때쯤에는 목이 쉬었지만, 반 친구들과 더 가까워진 소중한 시간이었다.",발화자가 학교 축제에서 맡았던 역할은 무엇이었나요?,잘 모르겠음,요리 담당,손님 응대 담당,축제 사회자,요리 담당,2,174
학창 시절 추억,학교 축제에서의 경험,170,"지난번 학교 축제 때 친구들과 함께 떡볶이 부스를 준비했던 기억이 생생하다. 처음엔 떡볶이를 직접 만들어본 적이 없어 걱정했지만, 어머니께 비법 양념을 배워 재료를 미리 손질했다. 당일엔 아침부터 모여 떡을 불리고 소스를 만들며 분주하게 움직였다. 예상보다 많은 학생들이 찾아와 금방 재료가 떨어질 뻔했는데, 급하게 인근 마트까지 달려가 추가로 떡과 어묵을 사오기도 했다. 덕분에 우리 부스는 인기상을 받았고, 친구들과 밤늦게까지 웃으며 뒷정리를 했다.",발화자의 떡볶이 부스 준비 과정에서 친구들이 한 일로 알맞은 것은 무엇인가요?,잘 모르겠음,오직 판매만 담당했다,떡볶이 재료를 미리 손질하고 당일 아침부터 함께 준비했다,축제에 참여하지 않았다,떡볶이 재료를 미리 손질하고 당일 아침부터 함께 준비했다,3,193
학창 시절 추억,학창시절 친구들과의 여름방학 MT 회고,170,"며칠 전 문득 친구들과 함께 갔던 고등학교 여름방학 MT가 떠올랐다. 그때 우리는 바닷가 근처 펜션에 모여 밤새 카드게임을 하며 웃었던 기억이 있다. 낮에는 근처 산을 따라 트래킹을 하다가 갑작스러운 소나기를 맞아 다 같이 비를 피하려고 작은 정자에 모여 앉았었다. 누군가 우산을 가져와 모두가 그 아래 모여 한참을 수다 떨다 보니, 비에 젖은 머리카락도 아랑곳하지 않고 오히려 더 가까워졌던 기분이 들었다. 그날 이후로 우리 사이는 한층 더 끈끈해졌던 것 같다.",친구들과의 MT에서 갑작스러운 소나기를 피하기 위해 모두가 모여 있었던 장소는 어디였나요?,잘 모르겠음,바닷가,작은 정자,펜션 거실,작은 정자,3,191
학창 시절 추억,학창시절 친구들과의 여름방학 MT 회고,170,"며칠 전 우연히 사진첩을 정리하다가 고등학교 때 친구들과 갔던 여름방학 MT 사진을 발견했다. 그때 우리는 무더운 날씨에도 불구하고 계곡에서 서로 물을 뿌리며 깔깔 웃었다. 저녁에는 다 같이 둘러앉아 수박을 먹으며 무서운 이야기를 하기도 했고, 밤에는 모닥불 옆에서 기타를 치며 노래도 불렀다. 특히 새벽에 몰래 준비한 생일 케이크로 친구를 깜짝 축하해줬던 순간이 아직도 선명하다.",여름방학 MT에서 친구들이 새벽에 한 일은 무엇이었나요?,잘 모르겠음,계곡에서 물놀이를 했다,모닥불 옆에서 기타를 쳤다,친구의 생일을 깜짝 축하했다,친구의 생일을 깜짝 축하했다,4,161
학창 시절 추억,학창시절 친구들과의 여름방학 MT 회고,170,"며칠 전 문득 고등학교 친구들과 함께 갔던 여름방학 MT가 떠올랐다. 무더운 날씨에도 불구하고 우리는 버스를 타고 강가 근처 펜션에 도착했다. 그날 저녁, 친구들과 삼겹살을 구우며 서로의 웃긴 이야기를 나눴다. 특히 민수가 갑자기 기타를 꺼내 연주를 시작해 모두가 노래를 따라 부르던 순간이 가장 기억에 남는다. 밤늦게까지 수박을 먹으며 별을 봤던 것도 잊을 수 없는 추억이다.",MT에서 친구들이 저녁에 먹었던 음식은 무엇이었나요?,잘 모르겠음,치킨,삼겹살,라면,삼겹살,3,158
학창 시절 추억,학창시절 친구들과의 여름방학 MT 회고,170,"작년 여름방학 때 친구들과 함께 바닷가로 MT를 갔던 기억이 생생하다. 우리는 해변에서 모래성을 쌓고, 바다에 들어가 서로 물을 튀기며 장난을 쳤다. 저녁에는 바비큐를 준비해 직접 고기를 구워 먹었는데, 그 과정에서 숯불이 너무 세서 몇몇 고기가 까맣게 타버리기도 했다. 밤에는 모닥불을 피워놓고 서로 돌아가며 짧은 이야기를 나누다 깔깔 웃었다. 그 날 찍은 사진들을 아직도 가끔 보며 웃음 짓는다.",여름방학 MT에서 친구들과 밤에 한 활동은 무엇이었나요?,잘 모르겠음,모래성 쌓기,모닥불 피우며 이야기 나누기,바다수영,모닥불 피우며 이야기 나누기,3,167
학창 시절 추억,경시 대회에서 상을 받은 이야기,170,"지난 봄, 담임 선생님의 추천으로 과학 경시 대회에 참가하게 되었는데, 준비 과정이 생각보다 힘들었다. 매일 수업이 끝난 뒤 도서관에 남아 실험 노트를 정리하고, 친구들과 토론을 하며 문제를 풀었다. 대회 당일 아침엔 긴장해서 평소보다 일찍 일어나 손수 도시락을 싸서 학교에 갔다. 결국 기대하지 않았던 은상을 받게 되어, 발표 순간 기쁨에 눈물이 날 뻔했다. 그날 친구들과 기념 사진도 남기고 선생님께 칭찬도 많이 받아 뿌듯했던 기억이 아직도 생생하다.",과학 경시 대회 준비 과정에서 내가 주로 한 활동은 무엇이었나요?,잘 모르겠음,운동장에서 체육 연습을 했다.,도서관에서 실험 노트를 정리했다.,음악실에서 피아노를 연습했다.,도서관에서 실험 노트를 정리했다.,3,190
학창 시절 추억,경시 대회에서 상을 받은 이야기,170,"중학교 2학년 때 수학 경시 대회에 처음으로 참가하게 되었는데, 준비 기간 동안 매일 방과 후에 친구와 도서관에서 문제를 풀었던 기억이 난다. 대회 당일 긴장했지만, 익숙한 유형이 많이 나와 다행히 실수를 줄일 수 있었다. 결과 발표 날, 내 이름이 상장 명단에 올라 있다는 소식을 듣고 부모님께 자랑스레 상장을 보여드렸다. 가족 모두가 기뻐해줘서 오랜 시간 노력한 보람을 크게 느꼈다.",경시 대회 준비를 위해 내가 주로 어디에서 친구와 함께 공부했는가?,잘 모르겠음,집,학원,도서관,도서관,4,160
학창 시절 추억,경시 대회에서 상을 받은 이야기,170,"며칠 전 친구들과 점심을 먹으며 중학생 때 수학 경시대회에 나갔던 기억이 떠올랐다. 당시에는 긴장감이 심해서 손에 땀이 맺힐 정도였지만, 문제를 차근차근 풀다 보니 점점 자신감이 생겼다. 시험이 끝난 뒤엔 결과에 대한 기대감과 불안감이 교차했다. 며칠 후 교무실에서 상장을 받으러 오라는 소식을 듣고, 뛸 듯이 기뻤던 내 모습을 아직도 또렷이 기억한다.",발화자의 중학생 시절 경시대회 경험에 대한 설명으로 옳은 것은?,잘 모르겠음,경시대회에서 실망한 기억만 남았다.,경시대회 후 바로 결과를 알았다.,경시대회에서 상장을 받게 되어 매우 기뻐했다.,경시대회에서 상장을 받게 되어 매우 기뻐했다.,4,148
학창 시절 추억,경시 대회에서 상을 받은 이야기,170,"학교에서 수학 경시 대회가 열린 날, 점심시간에도 문제집을 붙잡고 끙끙댔던 기억이 떠오른다. 대회장에 들어설 때는 긴장이 컸지만, 막상 문제를 풀다 보니 평소보다 더 집중이 잘 되었다. 결과 발표 날, 내 이름이 3등으로 불렸을 때 친구들이 박수를 쳐줘서 정말 뿌듯했다. 그날 집에 돌아가자마자 상장을 부모님께 보여드렸더니, 아버지가 평소보다 활짝 웃으시며 치킨을 시켜주셨다.",수학 경시 대회에서 3등을 했을 때 화자가 집에 돌아가자마자 부모님께 상장을 보여주자 아버지는 어떻게 반응하셨는가?,잘 모르겠음,조용히 미소만 지으셨다,함께 상장을 벽에 걸었다,치킨을 시켜주셨다,치킨을 시켜주셨다,4,160
학창 시절 추억,고등학교 첫 날의 느낌,170,"고등학교에 입학하던 날, 새로운 교복을 입고 집을 나섰을 때 묘한 긴장감이 느껴졌다. 등굣길에 만난 친구들과 서로 어색하게 인사를 나눴고, 교실에 들어서니 이름도 모르는 반 친구들이 가득했다. 담임 선생님이 첫 인사를 건네며 각자 자기소개를 하라고 했을 때 목소리가 떨려서 이름만 겨우 말했다. 점심시간에는 낯선 급식 메뉴를 앞에 두고 몇몇 친구들과 조심스럽게 이야기를 시작했던 기억이 난다.",발화자가 고등학교 첫 날 교실에서 경험한 일은 무엇이었나요?,잘 모르겠음,교실에서 노래를 불렀다,교실에 들어가 자기소개를 하며 목소리가 떨렸다,반 친구들과 운동장에서 뛰어놀았다,교실에 들어가 자기소개를 하며 목소리가 떨렸다,3,166
학창 시절 추억,고등학교 첫 날의 느낌,170,"학교 교문을 처음 통과하던 순간, 교복이 아직 어색하게 느껴졌지만 동시에 새로운 시작에 대한 기대감이 마음을 가득 채웠다. 모르는 얼굴들 사이에서 살짝 긴장했지만, 우연히 같은 반이 된 중학교 친구와 눈이 마주치자 조금은 안심이 되었다. 복도에 늘어선 신입생들, 교실에서 들려오는 선생님의 안내 목소리, 책상 위에 놓인 새 교과서의 냄새까지 모두가 새로웠다. 이날 점심시간에는 식당에서 낯선 친구와 용기 내어 말을 걸어보기도 했다.",발화자의 고등학교 첫 날 점심시간에 일어난 일로 알맞은 것은?,잘 모르겠음,중학교 친구와 점심을 먹었다.,낯선 친구에게 먼저 말을 걸었다.,선생님과 식사를 했다.,낯선 친구에게 먼저 말을 걸었다.,3,183
학창 시절 추억,고등학교 첫 날의 느낌,170,"학교 정문을 들어설 때부터 어색한 긴장감이 감돌았다. 교복이 아직 몸에 익지 않아 자꾸 소매를 만지작거렸고, 교실 문을 열자 낯선 얼굴들이 나를 바라봤다. 자리에 앉아 창밖을 바라보니, 나무 사이로 쏟아지는 햇살이 조금은 마음을 편하게 해줬다. 담임 선생님이 조용히 이름을 부를 때마다 가슴이 쿵쾅거렸고, 새로운 친구들과 어떻게 말을 걸어야 할지 고민만 하다 하루가 금방 지나갔다.",교실에 처음 들어섰을 때 내가 느낀 가장 큰 감정은 무엇이었나요?,잘 모르겠음,설렘,긴장감,화남,긴장감,3,161
학창 시절 추억,고등학교 첫 날의 느낌,170,"고등학교에 처음 등교하던 날, 교문 앞에서 교복이 조금 어색하게 느껴졌다. 새로운 반 친구들과 인사를 나누며 긴장도 되고 설레기도 했다. 교실에서 담임 선생님이 자기소개를 시키셨는데, 내 차례가 오자 목소리가 떨려서 이름을 한 번 더 말해야 했다. 점심시간에는 아직 친한 친구가 없어 조용히 도시락을 먹었지만, 옆자리에 앉은 친구가 먼저 말을 걸어줘서 조금 안심이 되었다.",발화자가 자기소개를 할 때 어떤 일이 있었나요?,잘 모르겠음,목소리가 떨려 이름을 두 번 말했다,친구가 대신 소개해 주었다,선생님이 이름을 잘못 불렀다,목소리가 떨려 이름을 두 번 말했다,2,157
학창 시절 추억,운동회에서의 흥미로운 사건,170,"운동회 때마다 반 대표로 이어달리기에 참가했는데, 그 해에는 바통을 넘겨받는 순간 운동장에 갑자기 바람이 세차게 불어서 제 모자가 날아가버렸어요. 잠깐 당황했지만, 모자를 신경 쓸 틈 없이 달렸고, 마지막에 거의 넘어질 뻔하면서도 간신히 결승선을 통과했죠. 달리기를 마친 뒤 친구들이 모자를 찾아줘서 모두 함께 웃었던 기억이 아직도 생생해요.",이어달리기 도중에 화자는 어떤 일이 발생했을 때에도 계속 달렸나요?,잘 모르겠음,운동화 끈이 풀렸을 때,모자가 날아갔을 때,바통을 놓쳤을 때,모자가 날아갔을 때,3,146
학창 시절 추억,운동회에서의 흥미로운 사건,170,"며칠 전 운동회 때 일이 아직도 생생하다. 줄다리기 결승에서 우리 반이 졌다가 갑자기 상대 팀 한 명의 신발이 벗겨지는 바람에 심판이 경기를 중단했다. 모두 웃으며 잠시 기다렸고, 그 친구가 신발을 신고 다시 시작했더니 분위기가 훨씬 화기애애해졌다. 결국 우리가 아쉽게 졌지만, 신발 사건 덕분에 서로 응원하며 더 가까워진 느낌이었다.",운동회 줄다리기 결승에서 경기가 잠시 중단된 이유는 무엇이었나요?,잘 모르겠음,심판이 줄을 놓쳤기 때문,상대 팀 한 명의 신발이 벗겨졌기 때문,우리 반이 먼저 줄을 놓았기 때문,상대 팀 한 명의 신발이 벗겨졌기 때문,3,140
학창 시절 추억,운동회에서의 흥미로운 사건,170,"운동회 날이 다가오면 항상 기대와 긴장이 함께 찾아오곤 했다. 어느 해에는 400미터 계주에 반 대표로 나가게 되었는데, 마지막 주자였던 나는 바톤을 받자마자 운동화 끈이 갑자기 풀려서 한쪽 신발이 벗겨질 뻔했다. 당황했지만 그대로 달리기를 멈추지 않고 끝까지 달려가서 결국 우리 반이 2등을 차지했다. 그 뒤로 친구들이 나를 '한쪽 신발 달리기 선수'라고 부르며 한동안 놀렸던 기억이 아직도 생생하다.",발화 속에서 나에게 붙은 별명은 무엇이었나요?,잘 모르겠음,운동회 에이스,한쪽 신발 달리기 선수,바톤 마스터,한쪽 신발 달리기 선수,3,170
학창 시절 추억,운동회에서의 흥미로운 사건,170,"운동회 날이었는데, 평소에 체육을 그다지 좋아하지 않던 친구 지훈이가 갑자기 계주 선수로 뽑혔어요. 모두가 기대하지 않았지만, 바통을 넘길 때 지훈이가 엉겁결에 바통 대신 친구의 손을 잡고 같이 달리기 시작해서 모두가 배꼽을 잡고 웃었던 기억이 아직도 생생해요. 결국 우리 반은 꼴찌를 했지만 덕분에 분위기가 엄청 화기애애해졌고, 지훈이는 그날 이후로 반에서 인기 스타가 되었답니다.",운동회에서 지훈이가 계주 중에 한 특별한 행동은 무엇이었나요?,잘 모르겠음,바통을 멀리 던졌다,바통 대신 친구의 손을 잡고 달렸다,출발선을 잘못 보고 반대로 달렸다,바통 대신 친구의 손을 잡고 달렸다,3,163
학창 시절 추억,졸업식에서의 눈물 이야기,170,"졸업식 날, 체육관에 들어서자 친구들의 얼굴이 하나씩 보였고, 평소 장난만 치던 민수가 조용히 울고 있는 걸 처음 봤다. 교장 선생님의 말씀과 함께 사진을 찍으면서도 마음 한편이 울컥했다. 담임 선생님이 마지막으로 건네준 따뜻한 포옹 덕분에 그동안 쌓였던 감정이 터져 눈물이 나고 말았다. 서로 손을 꼭 잡고 ‘고마웠다’는 인사를 나누는 순간, 헤어짐이 현실로 다가와 모두가 울음을 터뜨렸다.",발화에서 졸업식 날 처음으로 조용히 우는 모습을 본 친구는 누구인가요?,잘 모르겠음,민수,담임 선생님,교장 선생님,민수,2,165
학창 시절 추억,졸업식에서의 눈물 이야기,170,"졸업식 당일, 교실에 들어서자마자 친구들이 각자 준비해 온 편지를 몰래 나눠주었어요. 평소 장난만 치던 친구가 진지하게 저에게 고마웠다고 적어놓은 손편지를 읽다가 괜히 눈물이 나더라고요. 마지막에 다 같이 노래를 부르는데, 목이 메어서 소리가 잘 안 나오고, 서로 눈물을 참으려고 고개를 돌리던 모습이 아직도 생생하게 기억나요.",발화 속에서 졸업식 때 친구들이 한 행동으로 알맞은 것은 무엇인가요?,잘 모르겠음,선생님께 꽃을 드렸다,각자 준비한 편지를 나눠주었다,운동장에서 달리기를 했다,선생님께 꽃을 드렸다,2,140
학창 시절 추억,졸업식에서의 눈물 이야기,170,"교실에 마지막으로 모였던 그날, 모두가 서로를 바라보며 말없이 미소를 지었지만 이내 한 명이 눈물을 보이기 시작했다. 그 순간 참았던 감정이 터져 나와 나도 모르게 눈물이 흘렀다. 담임선생님께서 준비하신 손편지를 한 명씩 읽어주시며 각자의 장점을 언급해주셨고, 친구들도 손수 쓴 작은 편지를 나누며 서로를 격려했다. 사진을 찍을 때마다 울먹이는 얼굴이 남게 될까봐 일부러 웃으려 했지만, 마음 한편이 먹먹해 자꾸 눈물이 났다.",졸업식 날 담임선생님께서 학생들에게 해주신 특별한 일은 무엇이었나요?,잘 모르겠음,손편지를 한 명씩 읽어주셨다,작은 선물을 나눠주셨다,모두에게 꽃을 달아주셨다,손편지를 한 명씩 읽어주셨다,2,180
학창 시절 추억,졸업식에서의 눈물 이야기,170,"졸업식 전날 밤, 친구들과 교실에 모여 각자에게 짧은 편지를 썼다. 평소에는 장난만 치던 친구들이 이날만큼은 서로에게 진심을 전하는 모습을 보며 마음이 뭉클해졌다. 식이 끝나고 운동장에 모여 단체 사진을 찍던 순간, 갑자기 한 친구가 울기 시작했고, 그 모습을 본 나도 눈물이 나왔다. 마지막이라는 아쉬움과 함께 앞으로의 새로운 시작에 대한 두려움이 복잡하게 얽혀 있었던 것 같다.",단체 사진을 찍던 중 누가 먼저 울기 시작했는가?,잘 모르겠음,선생님,나,한 친구,한 친구,4,160
학창 시절 추억,학교 축제에서의 즐거운 순간,170,"매년 학교에서 열리는 축제 중에서도 2학년 때 친구들과 즉석 댄스 공연을 준비했던 기억이 특별히 남는다. 처음엔 다들 부끄러워서 망설였지만, 연습할수록 서로 장난도 치고 웃으며 금세 가까워졌다. 무대 뒤에서 떨리는 마음으로 서로의 손을 잡고 있다가, 막상 음악이 시작되자 관중의 응원 소리에 용기를 내어 신나게 춤을 췄다. 공연이 끝난 뒤 친구들과 얼음 팥빙수를 나눠 먹으며 “우리 진짜 잘했다!”며 한참을 웃었다.",발화에서 친구들과 함께 공연을 마치고 나서 무엇을 하며 즐거워했나요?,잘 모르겠음,즉석 사진을 찍었다,얼음 팥빙수를 나눠 먹었다,축제 부스에서 게임을 했다,얼음 팥빙수를 나눠 먹었다,3,175
학창 시절 추억,학교 축제에서의 즐거운 순간,170,"며칠 전 학교 운동장에서 열린 축제에서 반 친구들과 먹거리 부스를 운영하게 되었다. 우리 부스는 달고나를 만들었는데, 예상보다 훨씬 많은 학생들이 찾아와서 정신없이 달고나를 만들고 팔았다. 손에 설탕이 묻어서 서로 장난을 치기도 했고, 나중에는 옆 부스에서 튀긴 떡을 나눠주어서 교환도 하며 더 친해졌다. 마지막엔 우리가 만든 달고나가 축제 인기상 후보로 뽑히는 기쁨까지 누릴 수 있었다.",내가 축제에서 친구들과 운영한 부스에서는 무엇을 팔았나요?,잘 모르겠음,떡볶이,달고나,튀김,달고나,3,164
학창 시절 추억,학교 축제에서의 즐거운 순간,170,"며칠간 준비한 연극이 드디어 학교 축제 무대에 올랐던 날이 아직도 생생하다. 무대 뒤에서 친구들과 긴장된 얼굴로 대사와 동선을 마지막으로 점검했었고, 막상 무대에 서니 관객석에서 친구들과 선생님들이 박수를 쳐주셔서 떨림이 설렘으로 바뀌었다. 연극이 끝난 뒤에는 반 친구들과 사진을 찍으며 서로 수고했다고 격려했고, 복도에 울려 퍼지는 음악 소리와 간식 부스의 군것질 냄새가 여운처럼 남아 마음이 한동안 따뜻했다.","연극이 끝난 뒤, 필자는 반 친구들과 무엇을 하며 서로를 격려했나요?",잘 모르겠음,간식 부스에서 군것질을 했다,사진을 찍으며 수고했다고 격려했다,음악을 틀며 춤을 췄다,사진을 찍으며 수고했다고 격려했다,3,176
학창 시절 추억,학교 축제에서의 즐거운 순간,170,"며칠 전 친구들과 함께 학교 운동장에서 열린 축제에 참여했다. 평소엔 조용한 친구가 무대에서 춤을 추는 모습을 보고 모두가 깜짝 놀랐다. 나도 용기 내서 먹거리 부스에서 떡볶이를 팔았는데, 손님이 많아 정신이 하나도 없었다. 마지막엔 모두 모여서 작은 불꽃놀이를 보며 사진도 찍고, 평소엔 느낄 수 없던 특별한 추억을 쌓았다.",발화자가 축제에서 했던 일은 무엇이었나요?,잘 모르겠음,떡볶이를 팔았다,불꽃놀이를 준비했다,무대에서 춤을 췄다,떡볶이를 팔았다,2,136
고민과 해결,스트레스를 해소하는 방법 공유,170,"최근 며칠 동안 업무 때문에 머리가 복잡해서 평소와는 다르게 퇴근 후 집 근처 공원에 들러 산책을 해봤다. 이어폰으로 좋아하는 음악을 들으면서 천천히 걷다 보니, 머릿속 잡생각이 조금씩 정리되고 마음이 한결 가벼워지는 느낌이었다. 집에 돌아왔을 때는 답답함이 많이 사라져서 앞으로 스트레스를 받을 때마다 가끔씩 이런 산책을 해봐야겠다고 다짐했다.",내가 스트레스를 해소하기 위해 퇴근 후에 한 행동은 무엇이었나요?,잘 모르겠음,집에서 영화 보기,공원에서 산책하기,친구와 통화하기,공원에서 산책하기,3,147
고민과 해결,스트레스를 해소하는 방법 공유,170,"최근에 일이 많아 머릿속이 복잡했는데, 저녁에 동네 공원을 천천히 산책하며 이어폰으로 좋아하는 음악을 들으니 한결 기분이 나아졌다. 걷는 동안 신선한 공기도 마시고, 벤치에 잠시 앉아 노을을 바라보면서 마음이 편안해지는 느낌을 받았다. 이런 시간을 갖고 나면 다시 집중해서 일할 힘이 생기는 것 같다.",화자는 스트레스를 해소하기 위해 무엇을 했나요?,잘 모르겠음,친구와 전화 통화를 했다,공원에서 산책하며 음악을 들었다,카페에서 커피를 마셨다,공원에서 산책하며 음악을 들었다,3,127
고민과 해결,스트레스를 해소하는 방법 공유,170,"며칠 전부터 업무가 너무 많아져서 머리가 복잡했는데, 어제는 퇴근하자마자 운동화를 신고 근처 산책로를 걸었어. 걷다 보니 시원한 바람이 얼굴을 스치고, 나뭇잎 사이로 비치는 햇살이 기분을 조금씩 밝게 해주더라. 걷는 동안 휴대폰은 일부러 가방에 넣어두고 주변 소리에 집중했더니 오랜만에 마음이 한결 가벼워졌어. 집에 돌아와서는 따뜻한 물로 샤워하고 좋아하는 음악도 들으면서 스트레스를 확실히 풀었지.",발화자가 스트레스를 해소하기 위해 산책 중에 한 행동은 무엇인가요?,잘 모르겠음,산책하며 계속 휴대폰을 사용했다.,산책하는 동안 휴대폰을 가방에 넣어두었다.,산책하는 대신 집에서만 시간을 보냈다.,산책하는 동안 휴대폰을 가방에 넣어두었다.,3,172
고민과 해결,스트레스를 해소하는 방법 공유,170,"최근 업무가 너무 많아 머리가 복잡해질 때마다 동네 작은 공원에 가서 벤치에 앉아 시간을 보내곤 한다. 음악을 들으며 나무와 꽃을 바라보다 보면 복잡한 생각이 조금씩 정리되는 느낌이 든다. 특히 비 온 뒤 촉촉한 흙 냄새를 맡으며 숨을 깊이 들이쉬면 답답함이 많이 풀리는 것 같다. 예전에는 스트레스를 무조건 참고 넘겼지만, 요즘은 이렇게 짧게라도 자연을 느끼는 시간을 가지면 마음이 훨씬 가벼워진다.",내가 스트레스를 해소하기 위해 주로 찾는 장소는 어디인가?,잘 모르겠음,카페,공원,도서관,공원,3,166
고민과 해결,인간관계에서의 이해와 타협,170,"며칠 전 친구와 여행 계획을 짜다가 서로 가고 싶은 장소가 달라서 약간의 언쟁이 있었다. 처음에는 내 의견만을 주장했지만, 친구가 왜 그곳을 가고 싶어 하는지 솔직하게 말해줘서 나도 생각을 바꾸게 되었다. 결국 서로 한 군데씩 선택해서 여행 코스를 짰고, 다양한 경험을 할 수 있었다. 그때 상대의 입장을 이해하려는 노력이 얼마나 중요한지 새삼 느꼈다.",여행 계획을 세우면서 화자가 친구와 타협하게 된 계기는 무엇이었나요?,잘 모르겠음,친구가 여행 경비를 내기로 해서,친구가 자신의 이유를 솔직히 말해줘서,화자가 친구의 의견을 무시해서,친구가 자신의 이유를 솔직히 말해줘서,3,146
고민과 해결,인간관계에서의 이해와 타협,170,"며칠 전 친구 민수와 함께 점심을 먹으러 갔는데, 메뉴를 고르는 데서 의견이 완전히 달랐어요. 민수는 매운 음식을 원했고 저는 속이 안 좋아서 담백한 걸 먹고 싶었죠. 처음엔 서로 양보하지 않아서 분위기가 어색해졌어요. 결국 민수가 저를 배려해주면서 담백한 음식을 먹기로 했고, 그 대신 저는 다음번엔 민수가 원하는 음식을 먹기로 약속했어요. 덕분에 서로의 입장을 이해하고 조금 더 가까워진 느낌이 들었답니다.",발화에서 민수와의 식사 자리에서 결국 어떤 결정을 내렸나요?,잘 모르겠음,민수와 각자 다른 음식을 시켰다,민수가 원하는 매운 음식을 먹었다,민수가 저를 배려해 담백한 음식을 먹었다,민수가 저를 배려해 담백한 음식을 먹었다,4,172
고민과 해결,인간관계에서의 이해와 타협,170,"며칠 전 친구와 약속 장소를 정할 때 서로 원하는 곳이 달라서 한참을 의견을 주고받았던 기억이 떠오른다. 나는 조용한 카페를 선호했지만, 친구는 활기찬 레스토랑을 원했다. 결국 서로의 이야기를 충분히 들어보고, 각자 양보해서 중간쯤 위치한 분위기 좋은 브런치 카페로 결정했다. 그 과정에서 친구와 더욱 솔직하게 대화할 수 있었고, 서로를 이해하는 계기가 되어 기분이 좋았다.",발화자가 친구와 약속 장소를 정할 때 최종적으로 선택한 곳은 어디였나요?,잘 모르겠음,조용한 카페,활기찬 레스토랑,분위기 좋은 브런치 카페,분위기 좋은 브런치 카페,4,158
고민과 해결,인간관계에서의 이해와 타협,170,"며칠 전 친구와 점심 메뉴를 고르다가 서로 좋아하는 음식이 달라서 잠시 어색한 분위기가 되었어요. 평소엔 제가 주로 의견을 양보했는데, 이번엔 제가 고르고 싶은 메뉴를 조심스럽게 말해봤어요. 친구가 처음엔 조금 망설였지만, 제 입장도 이해해주고 결국 저희는 서로 좋아하는 음식이 반씩 들어간 메뉴를 선택했죠. 그날 이후로 서로의 의견을 더 자주 이야기하고, 자연스럽게 타협하는 법을 배워가고 있어요.",발화에서 친구와 점심 메뉴를 결정할 때 최종적으로 어떤 방법으로 해결했나요?,잘 모르겠음,친구가 원하는 메뉴로 정했다,제가 원하는 메뉴로 정했다,서로 좋아하는 음식이 반씩 들어간 메뉴로 정했다,서로 좋아하는 음식이 반씩 들어간 메뉴로 정했다,4,170
고민과 해결,자신의 감정을 이해하는 과정,170,"며칠 전부터 이유 없이 마음이 무거웠다. 무엇이 문제인지 몰라 답답했지만, 저녁 산책을 하면서 조용히 내 감정을 하나씩 떠올려 보았다. 예전 친구와의 다툼이 생각났고, 그때 느낀 서운함이 아직 남아 있다는 걸 깨달았다. 그제야 막연했던 불편함의 원인을 알게 되었고, 집에 돌아와 친구에게 진심을 담아 메시지를 보냈다. 내 감정을 솔직하게 표현하니 마음이 한결 가벼워졌다.",발화자는 어떤 상황에서 자신의 감정의 원인을 깨달았나요?,잘 모르겠음,친구와 통화할 때,저녁 산책을 하면서,음악을 들으면서,저녁 산책을 하면서,3,157
고민과 해결,자신의 감정을 이해하는 과정,170,"며칠 전 친구와 사소한 오해로 말다툼을 했는데, 그날 밤 계속 마음이 불편해서 잠을 잘 이루지 못했다. 처음에는 친구가 내 말을 오해해서 화가 났다고만 생각했지만, 곰곰이 생각해 보니 나도 충분히 설명하지 않고 감정적으로 대응했던 부분이 있음을 깨달았다. 그래서 내가 왜 그렇게 반응했는지 혼자 일기를 쓰며 정리해보니, 최근 여러 일로 쌓인 스트레스가 친구와의 대화에서 한꺼번에 터진 것 같았다. 이렇게 내 감정을 찬찬히 들여다보니 한결 마음이 가벼워졌다.",화자가 자신의 감정을 이해하기 위해 사용한 방법은 무엇이었나요?,잘 모르겠음,친구에게 직접 물어봄,일기를 쓰며 자신의 감정을 정리함,다른 친구와 상담함,일기를 쓰며 자신의 감정을 정리함,3,192
고민과 해결,자신의 감정을 이해하는 과정,170,"최근에 친구와 사소한 일로 다툰 후 종일 기분이 가라앉았다. 처음엔 친구가 미워서 그랬다고 생각했지만, 시간이 지나면서 사실은 내가 먼저 오해했음을 깨달았다. 혼자 산책하면서 내 감정을 곱씹어보니 분노보다는 미안함이 더 컸다는 걸 알게 되었다. 감정을 천천히 들여다보니, 나 자신에게 솔직해지는 게 쉽지 않지만 그래도 한결 마음이 가벼워졌다.",발화자가 산책을 하면서 스스로에게서 가장 크게 느낀 감정은 무엇이었나요?,잘 모르겠음,분노,미안함,기쁨,미안함,3,146
고민과 해결,자신의 감정을 이해하는 과정,170,"며칠 전 친구와 사소한 오해로 말다툼을 한 뒤, 한동안 기분이 가라앉았다. 처음엔 단순히 화가 난 줄 알았지만, 시간이 지나면서 내가 서운함과 외로움도 함께 느꼈다는 걸 깨달았다. 그래서 혼자 조용한 카페에 앉아 그때 내 감정이 정확히 무엇이었는지 천천히 곱씹어 보았다. 감정을 하나씩 이름 붙여보니 이전보다 훨씬 마음이 가벼워지고, 친구에게도 내 진짜 마음을 솔직하게 전할 수 있었다.",화자가 자신의 감정을 이해하기 위해 선택한 장소는 어디였나요?,잘 모르겠음,집,조용한 카페,공원,조용한 카페,3,162
고민과 해결,자존감을 회복한 경험담,170,"며칠 전 거울을 보며 내가 너무 부족하다고 느껴 하루 종일 우울했어요. 친구에게 고민을 털어놓았더니, 예전 제가 도전해서 성공했던 일들을 하나씩 말해주더라고요. 그때 조금씩 자신감이 생겼고, 다음 날에는 작은 목표를 세우고 달성해보니 스스로가 대견하게 느껴졌어요. 예전의 실패보다 지금의 작은 성공에 집중하니 기분도 한결 좋아졌습니다.",화자는 어떻게 자존감을 회복하는 데 도움을 받았나요?,잘 모르겠음,가족의 조언을 듣고,친구가 예전 성공 경험을 상기시켜줌,스스로 책을 읽고,친구가 예전 성공 경험을 상기시켜줌,3,145
고민과 해결,자존감을 회복한 경험담,170,"며칠 전 친구들과의 모임에서 내 의견이 무시당한 것 같아 마음이 많이 힘들었다. 예전 같으면 계속 그 일에 집착하며 자존감이 떨어졌을 텐데, 이번에는 집에 돌아와 내가 잘한 점을 적어보았다. 그리고 내 의견이 틀리지 않았다는 사실도 스스로 다짐했다. 그렇게 며칠간 스스로를 격려하며 지내니 조금씩 마음이 가벼워지고, 다시 자신감이 생겼다. 예전보다 나를 더 소중히 여기는 방법을 배운 것 같아 뿌듯했다.",발화자의 자존감을 회복하는 데 도움이 된 구체적인 행동은 무엇이었는가?,잘 모르겠음,친구들에게 바로 항의했다,내가 잘한 점을 적어보았다,모임에 다시 참석하지 않았다,내가 잘한 점을 적어보았다,3,169
고민과 해결,자존감을 회복한 경험담,170,"며칠 전 친구들과의 모임에서 혼자만 대화에 잘 끼지 못해 집에 돌아오는 길에 한동안 기분이 가라앉았다. 예전 같았으면 스스로를 자책했을 텐데, 이번엔 일부러 좋아하는 음악을 들으며 내가 좋아하는 카페에 들렀다. 따뜻한 라떼를 마시며 오늘 하루 잘 견딘 나를 다독였다. 그렇게 작은 행동이지만 스스로를 위로하다 보니 점점 기분이 나아졌고, 나 자신을 긍정적으로 바라보는 마음도 조금씩 회복되는 걸 느꼈다.",화자는 자존감을 회복하기 위해 집에 돌아가는 길에 어떤 행동을 했나요?,잘 모르겠음,친구들과 다시 모였다,좋아하는 음악을 들으며 카페에 들렀다,운동을 하러 갔다,좋아하는 음악을 들으며 카페에 들렀다,3,170
고민과 해결,자존감을 회복한 경험담,170,"며칠 전 친구들과의 모임에서 말실수를 하고 집에 돌아와 몹시 속상했다. 계속해서 내 행동을 자책하던 중, 평소 나를 응원해주던 언니가 갑자기 연락해 위로의 말을 건네주었다. 언니와 긴 대화를 나누며, 나의 부족한 점보다는 장점에 집중해보라는 조언을 들었다. 그날 이후 매일 아침 거울을 보며 스스로에게 힘이 되는 말을 해주기 시작했고, 시간이 지나면서 나를 조금씩 긍정적으로 바라보는 법을 배웠다.",나를 응원해주며 자존감 회복에 도움을 준 사람은 누구였는가?,잘 모르겠음,친구,언니,동생,언니,3,168
고민과 해결,직장에서 겪었던 가장 큰 고민,170,"며칠 전 회사에서 중요한 프로젝트 발표를 앞두고 팀원들과 의견이 많이 달라서 밤늦게까지 회의를 반복했다. 서로 주장만 내세우다 보니 오히려 진행이 더딘 느낌이 들어 답답했다. 결국 팀장님께 솔직하게 상황을 말씀드렸고, 각자 역할을 명확히 나누자는 조언을 듣고 나서야 분위기가 조금 풀렸다. 그날 이후로는 업무 분담이 확실해져 고민이 한결 줄었다.",발화자가 팀 내 갈등을 해결하는 데 가장 큰 도움을 받은 조언은 무엇이었나요?,잘 모르겠음,야근을 줄이자는 조언,역할을 명확히 나누자는 조언,팀원들과 식사를 하자는 조언,역할을 명확히 나누자는 조언,3,147
고민과 해결,직장에서 겪었던 가장 큰 고민,170,"며칠 전 팀 프로젝트 마감이 다가오는데, 예상치 못한 오류가 계속 발생해서 정말 답답했다. 동료들에게 조언을 구하고 싶었지만, 모두 바빠 보여서 혼자 해결해보려다 시간이 너무 지체됐다. 결국 용기를 내어 팀장님께 상황을 설명하니, 업무를 분배해서 같이 해결하자는 제안을 받았다. 그때서야 부담이 한결 줄었고, 팀원들과 협력하면서 더 빠르고 정확하게 문제를 해결할 수 있었다. 혼자 끙끙 앓지 말고 주변에 도움을 청하는 것도 중요한 것 같다.",발화자가 팀 프로젝트 문제를 해결하기 위해 처음에 선택한 방법은 무엇이었나요?,잘 모르겠음,즉시 팀장님께 도움을 요청했다,혼자 해결하려고 했다,외부 전문가에게 문의했다,혼자 해결하려고 했다,3,186
고민과 해결,직장에서 겪었던 가장 큰 고민,170,"며칠 전 회의에서 상사가 제 아이디어에 대해 별다른 반응을 보이지 않아 속상했다. 동료들은 각자 의견을 활발히 내놓았는데, 제 의견만 넘어가는 느낌이 들었다. 그래서 퇴근 후 집에서 내 발표 방식을 다시 녹음해 들어보니 너무 조심스럽게 말한 점을 발견했다. 다음날엔 더 자신 있게 설명해보자고 결심했다.",발화자의 발표 방식에서 어떤 점이 문제였다고 직접 확인했나요?,잘 모르겠음,너무 빨리 말함,조심스럽게 말함,지나치게 큰 목소리로 말함,조심스럽게 말함,3,127
고민과 해결,직장에서 겪었던 가장 큰 고민,170,"며칠 전 팀 프로젝트 발표 준비를 하던 중에, 팀원들과 의견이 계속 엇갈려서 굉장히 곤란했다. 나는 자료를 좀 더 심층적으로 조사하자고 주장했지만, 한 팀원은 이미 충분하다며 빨리 정리하자고 했다. 그 과정에서 서로 감정이 상하는 순간도 있었고, 나는 중재자로서 어떻게든 합의를 이끌어내야 해서 머리가 아플 정도였다. 결국 각자 원하는 부분을 조금씩 양보해서 의견을 모았고, 발표 당일엔 팀워크 덕분에 좋은 결과를 얻을 수 있었다.",발화자의 팀 프로젝트에서 발생한 가장 큰 고민은 무엇이었나요?,잘 모르겠음,자료 준비가 부족했던 점,팀원들과 의견이 맞지 않았던 점,발표를 늦게 준비한 점,팀원들과 의견이 맞지 않았던 점,3,181
관계 이야기,가장 소중하게 여기는 사람과의 추억,170,"몇 해 전 비가 많이 오던 날, 엄마와 단둘이 우산을 쓰고 동네 작은 카페에 갔던 기억이 떠오른다. 평소에 자주 대화를 나누지 못했는데, 그날은 커피를 마시며 서로의 고민을 조용히 털어놓았다. 엄마가 나를 위해 준비해 온 작은 편지를 건네주셨는데, 그 따뜻한 글귀가 마음 깊이 남아 아직도 힘들 때마다 떠올린다.",발화자가 엄마와 함께 한 특별한 날에 받았던 것은 무엇이었나요?,잘 모르겠음,책,작은 편지,초콜릿,작은 편지,3,128
관계 이야기,가장 소중하게 여기는 사람과의 추억,170,"비가 많이 내리던 어느 여름날, 친구 지현이와 우산 하나를 같이 쓰고 집까지 걸어갔던 기억이 아직도 생생하다. 우산이 작아서 둘 다 어깨가 젖었는데, 그 와중에도 서로 장난을 치며 웃음을 멈추지 않았다. 집에 도착해서는 뜨거운 라면을 끓여 나눠 먹었고, 창밖에 내리는 빗소리를 들으며 서로의 고민을 나누기도 했다. 그날 이후로 지현이는 내게 힘든 일이 있을 때마다 가장 먼저 떠오르는 소중한 사람이 되었다.","비가 오던 날, 발화자가 친구 지현이와 집에 도착한 후 함께 한 일은 무엇이었나요?",잘 모르겠음,뜨거운 라면을 끓여 먹었다,함께 영화를 보았다,빗속에서 사진을 찍었다,뜨거운 라면을 끓여 먹었다,2,169
관계 이야기,가장 소중하게 여기는 사람과의 추억,170,"도서관에서 공부하다가 집중이 잘 안 돼서 잠깐 바람을 쐬려고 나갔을 때, 갑자기 비가 쏟아지기 시작했다. 우산도 없고 난감해하고 있었는데, 동생이 갑자기 우산을 들고 나타나서 나를 데리러 왔다. 우연히 근처에 일이 있어 나를 떠올렸다고 했다. 그날 둘이 우산을 같이 쓰고 집에 가며 했던 대화가 아직도 기억에 남는다. 그 순간 동생이 내게 얼마나 소중한 존재인지 다시 한 번 느꼈다.",발화자에게 갑자기 비가 내릴 때 우산을 들고 나타난 사람은 누구였나요?,잘 모르겠음,친구,동생,부모님,동생,3,158
관계 이야기,가장 소중하게 여기는 사람과의 추억,170,"비 오는 어느 늦은 오후, 엄마와 함께 작은 동네 빵집에 갔던 기억이 아직도 선명하다. 엄마는 평소 잘 안 먹던 크림빵을 골랐고, 나는 초코케이크를 선택했다. 창밖에 내리는 빗소리를 들으며 조용히 이야기를 나눴는데, 그때 엄마가 어릴 적 꿈을 처음으로 들려주셨다. 엄마의 부드러운 미소와 따뜻한 말투, 그리고 그 순간의 포근한 공기까지 아직도 마음 한구석에 소중하게 남아 있다.",발화자가 빵집에서 선택한 빵은 무엇이었나요?,잘 모르겠음,크림빵,초코케이크,식빵,초코케이크,3,158
관계 이야기,갑자기 연락이 끊어진 사람에 대한 이야기,170,"며칠 전까지만 해도 자주 연락하던 대학 동기와 갑자기 소식이 끊겼다. 평소에 고민을 나누던 사이였는데, 어느 날부터 답장이 오지 않아 처음엔 바쁜가 싶었다. 하지만 시간이 점점 지나고, 나만 계속 메시지를 보내는 느낌이 들어 조금 서운했다. 혹시 내가 무심코 기분 상하게 한 말이 있었나 돌아보기도 했고, 괜히 걱정만 쌓여갔다. 연락이 닿지 않으니 평소엔 당연하게 생각했던 일상의 소중함을 새삼 느꼈다.",연락이 끊긴 대학 동기와의 관계에서 내가 느낀 감정이 아닌 것은 무엇인가?,잘 모르겠음,서운함,걱정,분노,분노,4,169
관계 이야기,갑자기 연락이 끊어진 사람에 대한 이야기,170,"며칠 전까지만 해도 자주 연락하던 대학 동창이 어느 순간부터 답장을 하지 않기 시작했다. 처음엔 바쁜가 보다 생각하며 기다렸는데, 점점 시간이 지나도 아무런 소식이 없어서 걱정이 됐다. 혹시 내가 무심코 기분 상하게 한 건 아닐까 싶어 대화 내용을 다시 읽어보기도 했지만, 별다른 문제는 없어 보였다. 결국 혼자서 여러 가지 생각이 들었고, 괜히 마음이 허전해졌다.",대학 동창과 연락이 끊긴 뒤 내가 한 행동은 무엇이었는가?,잘 모르겠음,다른 친구에게 연락했다,대화 내용을 다시 읽어보았다,곧바로 전화를 걸었다,대화 내용을 다시 읽어보았다,3,152
관계 이야기,갑자기 연락이 끊어진 사람에 대한 이야기,170,"며칠 전 문득 생각나서 예전에 자주 만났던 동창에게 메시지를 보냈다. 예전에는 작은 일에도 서로 연락하며 웃고 지냈는데, 어느 순간부터 그 친구의 답장이 오지 않기 시작했다. 처음엔 바쁜가 싶어 기다렸지만, 시간이 지나도 아무 소식이 없었다. 혹시 내가 무심코 서운하게 했던 일이 있었나 곰곰이 생각해보기도 했지만, 특별한 이유가 떠오르지 않았다. 최근에 그 친구가 좋아하던 밴드의 새 앨범이 나와서 이야기하고 싶었는데, 이제는 그저 예전 사진을 한참 바라보다가 메시지를 지우고 말았다.",화자는 최근 동창에게 왜 다시 연락을 하고 싶었나요?,잘 모르겠음,밴드 공연 초대 때문,밴드의 새 앨범 소식을 나누고 싶어서,동창의 생일을 축하하려고,밴드의 새 앨범 소식을 나누고 싶어서,3,206
관계 이야기,갑자기 연락이 끊어진 사람에 대한 이야기,170,"며칠 전까지 자주 연락하던 동창이 있었다. 서로 일상 이야기를 나누고 가끔 고민도 털어놓았는데, 어느 순간부터 답장이 오지 않기 시작했다. 처음엔 바쁜가 싶어 기다렸지만, 며칠이 지나도 아무런 소식이 없어서 걱정이 됐다. 혹시 내가 무심코 상처 주는 말을 했던 건 아닌지 곰곰이 생각해보기도 했다. 고민 끝에 마지막으로 안부 메시지를 보냈지만, 그마저도 읽지 않은 채 시간이 흘렀다. 이렇게 갑자기 소식이 끊기니 아쉬움과 궁금함이 동시에 남는다.",발화자가 마지막으로 동창에게 보낸 메시지는 어떻게 되었나요?,잘 모르겠음,답장이 바로 왔다,읽지 않은 채 시간이 흘렀다,상처 주는 말에 대한 사과였다,읽지 않은 채 시간이 흘렀다,3,188
관계 이야기,내가 가르쳐 준 것을 잘 실천하는 사람에 대한 이야기,170,"며칠 전 동생이 나에게 요리를 배우고 싶다고 해서 간단한 계란찜 만드는 법을 알려줬다. 내가 사용하는 비법 간장 비율과 섞는 순서까지 자세히 설명해줬는데, 오늘 동생이 직접 만든 계란찜을 맛보게 됐다. 놀랍게도 내가 알려준 대로 간장을 정확히 계량하고, 물도 딱 맞게 넣어 식감이 부드러웠다. 동생이 그 과정에서 주방을 깨끗이 정리한 모습까지 보고 정말 뿌듯했다.",화자는 동생에게 어떤 요리의 비법을 가르쳐줬나요?,잘 모르겠음,된장국,계란찜,김치볶음밥,계란찜,3,152
관계 이야기,내가 가르쳐 준 것을 잘 실천하는 사람에 대한 이야기,170,"며칠 전 동생이 나에게 요리를 배우고 싶다고 해서 내가 자주 해 먹는 달걀프라이를 만드는 방법을 알려줬다. 노른자를 터뜨리지 않는 비법과 적당한 불 조절을 강조했는데, 오늘 아침 동생이 나보다 더 예쁘게 달걀프라이를 완성해서 내게 보여줬다. 그걸 보고 내가 가르쳐 준 걸 잘 기억하고 실천하는 모습이 대견해서 한참을 칭찬해줬다.",화자가 동생에게 강조해서 알려준 달걀프라이 만드는 방법 중 하나는 무엇이었나?,잘 모르겠음,노른자를 터뜨리지 않는 비법,간장으로 간을 하는 법,팬을 세게 흔드는 법,노른자를 터뜨리지 않는 비법,2,137
관계 이야기,내가 가르쳐 준 것을 잘 실천하는 사람에 대한 이야기,170,"며칠 전 친구 민수가 다이어트 때문에 힘들어하길래 예전에 내가 해봤던 식단 조절 방법과 간단한 운동 루틴을 추천해줬다. 그 뒤로 민수는 아침마다 내가 알려준 대로 오트밀과 바나나로 식사를 시작하고, 저녁에는 20분씩 산책을 꾸준히 한다고 했다. 며칠 만에 민수가 전보다 활기차 보이고, 스스로도 몸이 가벼워졌다고 말해서 뿌듯함을 느꼈다. 덕분에 나도 다시 동기부여가 되어 함께 운동을 시작했다.",내가 민수에게 추천한 식단 중 아침에 먹는 음식은 무엇이었나요?,잘 모르겠음,오트밀과 바나나,고구마와 닭가슴살,샐러드와 삶은 달걀,오트밀과 바나나,2,167
관계 이야기,내가 가르쳐 준 것을 잘 실천하는 사람에 대한 이야기,170,"며칠 전 친구 민지가 나에게 요리를 배우고 싶다고 했던 게 생각난다. 평소에 라면만 끓일 줄 알던 민지에게 오므라이스 만드는 방법을 차근차근 알려줬다. 그때만 해도 그냥 재미삼아 배우는 줄 알았는데, 어제 민지가 직접 만든 오므라이스 사진을 보내주면서 고마웠다고 인사했다. 사진 속 오므라이스는 모양도 예쁘고 소스까지 잘 만들어서 나보다 더 잘하는 것 같아 놀랐다. 민지가 내 조언을 열심히 실천해줘서 뿌듯했다.",민지가 요리를 배우고 실천한 음식은 무엇이었나요?,잘 모르겠음,파스타,오므라이스,된장찌개,오므라이스,3,173
관계 이야기,새로운 사람과 친해지는 과정 이야기,170,"회사에서 새로운 프로젝트 팀에 배정받은 첫날, 점심시간에 혼자 앉아 있었는데 옆자리에 앉은 선배가 먼저 말을 걸어주었다. 서로의 취미를 얘기하다가 나도 여행을 좋아한다는 말을 꺼냈더니, 선배가 최근에 다녀온 제주도 얘기를 해주며 다음엔 같이 가보자고 했다. 그날 이후로 선배와 자연스럽게 자주 대화를 나누면서 점점 더 가까워졌다.",새로운 프로젝트 팀에서 발화자는 처음 누구와 친해지기 시작했나요?,잘 모르겠음,회사 사장님,옆자리에 앉은 선배,어릴 적 친구,옆자리에 앉은 선배,3,141
관계 이야기,새로운 사람과 친해지는 과정 이야기,170,"점심시간에 우연히 복도에서 만난 신입사원과 함께 식당에 갔다. 처음엔 어색했지만, 서로 좋아하는 음식에 대해 이야기하다 보니 금세 웃음이 나왔다. 식사 후 사무실로 돌아오는 길에 그가 주말마다 등산을 즐긴다고 해서, 나도 산을 좋아한다고 얘기하며 다음엔 같이 가자고 제안했다. 예전엔 낯선 사람에게 먼저 다가가는 게 쉽지 않았지만, 오늘은 자연스럽게 대화가 이어져서 뿌듯했다.",신입사원이 주말에 즐기는 취미는 무엇이었나요?,잘 모르겠음,영화 감상,등산,요리,등산,3,161
관계 이야기,새로운 사람과 친해지는 과정 이야기,170,"요즘 동호회에서 만난 수연이와 조금씩 가까워지고 있다. 처음에는 서로 어색해서 간단한 인사만 나눴는데, 지난주에 둘 다 수채화에 관심이 많다는 걸 알게 되면서 대화가 길어졌다. 이후로는 수연이가 추천해준 전시회에도 함께 다녀왔고, 전시회 후에는 근처 카페에서 오랫동안 그림에 대한 이야기를 나눴다. 이제는 동호회 모임 외에도 따로 연락을 주고받으면서 점점 편해지는 느낌이 든다.",발화자가 수연이와 더욱 가까워지게 된 계기는 무엇이었나요?,잘 모르겠음,같은 동네에 살아서,수채화에 공통 관심사가 있어서,서로 좋아하는 음식을 발견해서,수채화에 공통 관심사가 있어서,3,162
관계 이야기,새로운 사람과 친해지는 과정 이야기,170,"지하철에서 매일 마주치는 사람이 있었는데, 어느 날 우연히 비가 많이 와서 둘 다 우산이 없다는 사실을 알게 됐다. 서로 어색하게 웃으며 비를 피하다가, 자연스럽게 대화를 시작했다. 좋아하는 음악 이야기를 하면서 금방 친해질 수 있었고, 다음에는 각자 좋아하는 노래를 공유하자고 약속했다. 평소 같으면 그냥 지나쳤을 텐데, 작은 우연이 새로운 인연으로 이어진 셈이다.",지하철에서 우연히 대화를 시작하게 된 계기는 무엇이었나요?,잘 모르겠음,서로 좋아하는 영화 이야기를 하다가,둘 다 우산이 없어서 비를 피하며,지하철에서 자리 양보를 하다가,둘 다 우산이 없어서 비를 피하며,3,155
관계 이야기,오랫동안의 친구와 정리가 안 되는 일,170,"며칠 전, 중학교 때부터 알고 지낸 친구와 카페에서 오랜만에 만났다. 서로 바쁜 일상에 치이다 보니 자연스럽게 연락이 뜸해졌지만, 오랜만에 얼굴을 보니 예전처럼 편하게 이야기할 수 있을 거라 생각했다. 그런데 대화를 나누다 보니 예전에는 별거 아니었던 사소한 말이나 행동에 민감하게 반응하는 내 모습을 발견했다. 친구도 어색한 듯 자주 핸드폰을 만지작거렸고, 우리가 서로에게 예전만큼 마음을 열지 못하고 있다는 사실이 느껴져 속상했다. 카페에서 헤어진 뒤에도 그 미묘한 거리감이 마음에 계속 남아서 한동안 기분이 묘했다.",카페에서 친구와 만난 뒤 화자가 느낀 감정은 무엇이었나요?,잘 모르겠음,예전보다 더 가까워져서 기뻤다,서로 거리감을 느껴서 속상했다,친구의 새로운 모습이 신기했다,서로 거리감을 느껴서 속상했다,3,221
관계 이야기,오랫동안의 친구와 정리가 안 되는 일,170,"며칠 전에 예전부터 알고 지내던 친구와 오랜만에 만났는데, 대화가 예전 같지 않아서 조금 당황스러웠다. 예전에는 서로 고민도 자주 나누고 농담도 편하게 했지만, 이번에는 어색한 침묵이 자꾸 끼어들어서 자연스럽게 웃는 것도 힘들었다. 서로 바쁜 생활을 하다 보니 관심사도 달라지고, 예전처럼 쉽게 가까워지지 않는 느낌이었다. 집에 돌아와서도 그 친구와의 관계를 어떻게 해야 할지 계속 생각이 머물렀다.",화자는 친구와 오랜만에 만난 후 어떤 감정을 느꼈나요?,잘 모르겠음,예전보다 더 친밀해졌다고 느꼈다,어색함과 거리감을 느꼈다,서로의 고민을 많이 나눴다고 느꼈다,어색함과 거리감을 느꼈다,3,170
관계 이야기,오랫동안의 친구와 정리가 안 되는 일,170,"며칠 전, 오랫동안 연락만 이어온 친구와 오랜만에 만났다. 예전에는 모든 걸 털어놓을 수 있었는데, 이번에는 대화가 자꾸만 어색하게 끊겼다. 함께 걷던 산책길에서도 예전처럼 편안한 침묵이 아니라, 무언가 해야 할 말을 찾으려 애쓰는 침묵이었다. 서로의 생활이 많이 달라져버려 예전처럼 자연스럽게 웃거나 농담을 주고받는 것도 쉽지 않았다. 그 친구와의 관계를 어떻게 해야 할지 고민스러웠지만, 막상 자리를 뜨고 집에 돌아오는 길엔 왠지 모를 아쉬움이 남았다.",화자가 오랜만에 친구를 만난 후 느낀 감정으로 가장 알맞은 것은?,잘 모르겠음,예전과 다름에 대한 아쉬움,화남,무관심,예전과 다름에 대한 아쉬움,2,194
관계 이야기,오랫동안의 친구와 정리가 안 되는 일,170,"며칠 전에 오랜만에 중학교 때 친구와 연락이 닿았다. 서로의 소식을 주고받으면서 예전처럼 웃고 떠들었지만, 막상 만나자고 약속을 잡으려니 마음이 복잡해졌다. 예전에 그 친구와 작은 오해로 서운했던 기억이 자꾸 떠올라서 솔직하게 내 감정을 전해야 할지, 그냥 아무 일 없던 척 예전처럼 지내야 할지 고민이 깊어졌다. 결국 이번에는 약속을 미뤘지만, 언젠가 솔직하게 대화할 용기를 내보고 싶다.",발화자는 오랜만에 연락이 닿은 친구와 약속을 어떻게 했나요?,잘 모르겠음,즉시 만나기로 했다,약속을 미뤘다,바로 감정을 털어놨다,약속을 미뤘다,3,165
기억에 남는 음식,가장 잘 만들 수 있는 요리 이야기,170,"최근에 친구가 놀러 온다고 해서 내가 자신 있는 김치볶음밥을 만들어줬다. 평소에는 대충 만들었지만 이번에는 당근, 양파, 베이컨을 잘게 썰고 김치도 넉넉히 넣었다. 중간에 참기름을 살짝 두르고 계란 프라이까지 곁들이니 친구가 맛있다며 감탄했다. 평소와 다르게 마지막에 깨소금까지 뿌리니 향도 더 좋아져서 뿌듯했다.",발화에서 화자가 김치볶음밥을 만들 때 평소와 다르게 마지막에 넣은 재료는 무엇인가요?,잘 모르겠음,베이컨,계란 프라이,깨소금,깨소금,4,135
기억에 남는 음식,가장 잘 만들 수 있는 요리 이야기,170,"며칠 전 친구들이 집에 놀러 온다고 해서 직접 만든 김치볶음밥을 대접했어요. 예전부터 이 요리는 자신 있었지만, 이번에는 특별히 참기름과 깨소금도 넉넉히 넣고 계란 프라이까지 얹어줬죠. 친구들이 한입 먹고는 어디서 배웠냐며 감탄해서 괜히 뿌듯했어요. 다 먹고 나서도 레시피를 알려달라고 해서, 평소 사용하는 햄과 김치의 비율까지 자세히 설명해줬답니다.",발화자의 김치볶음밥에 들어간 특별한 재료는 무엇인가요?,잘 모르겠음,참기름과 깨소금,양파와 당근,치즈와 버섯,참기름과 깨소금,2,151
기억에 남는 음식,가장 잘 만들 수 있는 요리 이야기,170,"주말에 동생이 갑자기 집에 놀러 온다고 연락을 해서 급하게 냉장고를 뒤졌더니 김치랑 참치캔, 그리고 남은 밥이 있더라고요. 고민하다가 제가 자신 있는 김치참치볶음밥을 만들기로 했어요. 양파랑 대파를 송송 썰어 넣고, 김치와 참치를 달달 볶은 후 밥을 넣어 볶으니 금세 집안 가득 맛있는 냄새가 퍼졌죠. 동생이 한입 먹고 정말 맛있다며 레시피를 물어봐서 뿌듯했어요.",발화에서 요리를 할 때 사용한 재료가 아닌 것은 무엇인가요?,잘 모르겠음,양파,계란,참치,계란,3,153
기억에 남는 음식,가장 잘 만들 수 있는 요리 이야기,170,"며칠 전 친구가 갑자기 방문한다는 소식을 듣고 급하게 김치볶음밥을 만들었어요. 예전부터 여러 번 시도하면서 저만의 비법을 터득했는데, 밥을 살짝 눌러 바삭하게 굽고, 마지막에 참기름 한 방울과 깨를 뿌려 고소함을 더해요. 친구가 한 입 먹더니 집밥 같아서 좋다고 칭찬해줘서 정말 뿌듯했습니다. 평소보다 더 신경 써서 만든 덕분인지 저도 만족스러웠고, 김치볶음밥이 제일 자신 있는 요리라는 걸 다시 한 번 느꼈어요.",발화자가 김치볶음밥을 만들 때 마지막에 추가한 재료는 무엇인가요?,잘 모르겠음,참기름과 깨,간장과 설탕,고춧가루와 파,참기름과 깨,2,174
기억에 남는 음식,맛없어서 다시는 먹고 싶지 않은 음식,170,"친구와 함께 여행을 갔을 때 현지 식당에서 추천받아 처음 먹어본 음식이 있었는데, 겉모습은 꽤 근사해서 기대했어요. 하지만 한 입 먹자마자 너무 짜고 독특한 향신료 냄새가 강해서 저와 친구 모두 얼굴을 찌푸렸죠. 억지로 몇 입 더 먹으려 했지만 결국 포기하고 말았어요. 그 후로 그 음식 이름만 들어도 고개가 절로 저절로 젓게 되고, 다시는 먹고 싶지 않다는 생각이 들어요.",발화에서 화자가 친구와 함께 먹었던 음식은 어떤 이유로 다시 먹고 싶지 않다고 했나요?,잘 모르겠음,겉모습이 별로여서,맛이 너무 짜고 향신료 냄새가 강해서,가격이 너무 비싸서,맛이 너무 짜고 향신료 냄새가 강해서,3,153
기억에 남는 음식,맛없어서 다시는 먹고 싶지 않은 음식,170,"며칠 전 친구 추천으로 새로운 해산물 찜집에 갔는데, 그곳에서 시킨 해산물 덮밥이 정말 내 입맛에 맞지 않았다. 밥 위에 미지근한 해산물과 특이한 향이 나는 소스가 얹어져 있었는데, 첫 숟가락을 먹는 순간 어울리지 않는 맛이 입안에 퍼졌다. 친구들은 괜찮다고 했지만 나는 끝까지 다 먹지 못하고 거의 남겼다. 그 경험 이후로 그 메뉴는 떠올리기도 싫어져서 앞으로는 절대 다시 시도하고 싶지 않다.",내가 맛없어서 다시는 먹고 싶지 않다고 느낀 음식은 무엇이었는가?,잘 모르겠음,특이한 향의 해산물 덮밥,매운 닭발,치즈케이크,특이한 향의 해산물 덮밥,2,163
기억에 남는 음식,맛없어서 다시는 먹고 싶지 않은 음식,170,"며칠 전 친구들과 함께 새로운 음식을 시도해보기로 하고 근처에 최근 생긴 식당에 갔어요. 메뉴판에서 처음 보는 이름의 요리를 골랐는데, 재료가 해산물과 달콤한 소스가 섞인다는 설명에 기대가 컸죠. 그러나 막상 한 입 먹어보니 비린내가 강하게 나서 먹기 힘들었고, 달콤한 소스와 해산물 맛이 서로 어울리지 않아 끝까지 먹지 못했어요. 친구들은 괜찮다며 먹었지만 저는 정말 다시는 시도하고 싶지 않을 만큼 입에 맞지 않았답니다.",발화자가 다시는 먹고 싶지 않다고 느낀 음식의 특징은 무엇이었나요?,잘 모르겠음,해산물과 매운 소스의 조합,해산물과 달콤한 소스의 조합,고기와 달콤한 소스의 조합,해산물과 달콤한 소스의 조합,3,178
기억에 남는 음식,맛없어서 다시는 먹고 싶지 않은 음식,170,"친구와 여행을 갔을 때 낯선 현지 식당에서 호기심에 주문한 음식이 있었는데, 처음 먹어보는 향신료와 독특한 식감 때문에 한 입만 겨우 먹고 더 이상 먹지 못했다. 친구는 괜찮다고 했지만 나는 그 맛이 계속 입안에 남아 하루 종일 물을 마시고 과자를 먹어도 지워지지 않았다. 그때 이후로 그 음식 이름만 들어도 고개를 절로 돌리게 되고, 다시는 먹고 싶지 않다는 생각이 든다.",발화자가 낯선 음식의 맛을 지우기 위해 시도한 방법으로 알맞은 것은 무엇인가요?,잘 모르겠음,식초를 마셨다,하루 종일 물과 과자를 먹었다,다른 음식을 주문했다,하루 종일 물과 과자를 먹었다,3,152
기억에 남는 음식,살면서 먹어본 가장 맛있었던 음식,170,"며칠 전 친구와 함께 작은 골목길에 숨겨진 이탈리안 레스토랑을 찾았다. 식전빵부터 신선했고, 메인으로 시킨 해산물 크림파스타는 진한 소스와 탱탱한 새우, 쫄깃한 오징어가 어우러져 환상적인 맛을 냈다. 입안에 퍼지는 고소함과 바다향이 오래도록 기억에 남아, 평소 파스타를 별로 좋아하지 않던 나조차 마지막 한입까지 아껴 먹었다.",내가 가장 맛있게 먹었던 음식의 주재료가 아닌 것은 무엇인가?,잘 모르겠음,오징어,닭고기,새우,닭고기,3,140
기억에 남는 음식,살면서 먹어본 가장 맛있었던 음식,170,"며칠 전 친구와 함께 오래된 골목길을 걷다가 우연히 작은 분식집을 발견했어. 간판도 낡고 내부도 소박했지만, 그곳에서 먹은 떡볶이는 정말 잊을 수 없을 정도로 맛있었어. 맵고 달콤한 소스에 쫄깃한 떡, 그리고 직접 튀긴 어묵까지 한 입 먹는 순간 어릴 적 학교 앞에서 사 먹던 추억이 떠오르더라. 사장님께서 즉석에서 만들어주신 따뜻한 김밥까지 곁들이니, 평범한 하루가 특별하게 느껴졌어.",발화자가 분식집에서 먹은 음식으로 언급한 것은 무엇인가요?,잘 모르겠음,라면과 만두,"떡볶이와 어묵, 김밥",볶음밥과 돈가스,"떡볶이와 어묵, 김밥",3,162
기억에 남는 음식,살면서 먹어본 가장 맛있었던 음식,170,"친구와 제주도 여행을 갔을 때, 현지에서만 맛볼 수 있다는 고등어회 식당에 들른 적이 있다. 평소 회를 그다지 즐기지 않았지만, 투명하게 빛나는 고등어 살과 김, 양파, 초고추장을 곁들여 한입 먹으니 신선한 감칠맛과 부드러운 식감이 너무 인상적이었다. 이후로도 종종 그때의 맛이 그리워진다.",제주도 여행 중 친구와 함께 먹었던 음식의 특징으로 언급된 것은 무엇인가요?,잘 모르겠음,달콤한 소스와 곁들인 두부조림,투명하게 빛나는 고등어 살과 부드러운 식감,진하게 끓인 해물탕,달콤한 소스와 곁들인 두부조림,2,123
기억에 남는 음식,살면서 먹어본 가장 맛있었던 음식,170,"비가 오던 어느 늦은 오후, 친구와 함께 우연히 들른 작은 골목 식당에서 먹었던 김치찜이 아직도 잊히지 않는다. 큼직한 돼지고기와 잘 익은 김치가 어우러져서 국물 맛이 정말 깊었다. 사장님께서 직접 담근 김치라며 자랑하셨는데, 그 진하고 매콤한 맛이 비 오는 날의 쓸쓸함도 달래줬다. 그때 먹었던 김치찜은 지금까지도 가장 맛있었던 음식으로 기억된다.",발화자가 친구와 비 오는 날 골목 식당에서 먹었던 음식은 무엇이었나요?,잘 모르겠음,된장찌개,김치찜,불고기,김치찜,3,147
기억에 남는 음식,어릴 적 자주 먹었던 음식에 대한 추억,170,"초등학교를 다니던 시절, 엄마가 만들어주시던 감자조림이 유난히 기억에 남는다. 학교에서 돌아오면 집안에 퍼지는 간장 냄새와 살짝 달콤한 감자조림 향이 항상 나를 반겨주었다. 큼직하게 썬 감자에 당근이랑 양파가 들어가 있었고, 가끔은 소시지도 같이 넣어주셔서 더 맛있었다. 그날따라 엄마가 김을 구워 주시면 뜨거운 밥에 감자조림을 얹고 김으로 싸먹는 게 내 최고의 간식이었다. 지금도 가끔 엄마에게 그 맛을 다시 해달라고 조른다.",어린 시절 내가 감자조림을 먹을 때 엄마가 가끔 함께 곁들여주신 것은 무엇이었나?,잘 모르겠음,계란찜,김,오이무침,김,3,182
기억에 남는 음식,어릴 적 자주 먹었던 음식에 대한 추억,170,비 오는 날이면 할머니가 만들어주시던 감자전이 늘 생각난다. 장판 위에 앉아 감자 껍질을 벗기며 거칠게 갈린 감자 반죽을 손으로 뭉쳐 굽는 모습을 한참 지켜봤다. 노릇하게 익은 감자전 위에 간장과 파를 얹어 먹으면 쫀득하면서도 고소한 맛이 입안에 퍼졌다. 가족 모두 둘러앉아 감자전을 나누던 그때의 소박한 기쁨이 지금도 마음 한구석에 남아 있다.,발화자가 감자전을 먹을 때 곁들여 먹은 것은 무엇이었나요?,잘 모르겠음,고추장과 마늘,간장과 파,설탕과 깨,간장과 파,3,144
기억에 남는 음식,어릴 적 자주 먹었던 음식에 대한 추억,170,"초등학교 저학년 시절, 집 앞 골목에 작은 분식집이 있었는데, 학교 끝나고 친구들과 자주 들렀다. 그곳의 떡볶이는 늘 매콤하면서도 달콤해서 집에 돌아올 때까지 손에 양념이 묻어있곤 했다. 사장님이 직접 튀긴 김말이도 빼놓을 수 없었다. 때로는 엄마가 천 원을 쥐여주면 떡볶이와 김말이를 하나씩 사서 친구들과 나누어 먹던 그 시간이 아직도 선명하게 떠오른다.",발화에서 떡볶이와 함께 분식집에서 자주 먹었던 음식은 무엇이었나요?,잘 모르겠음,오뎅,김말이,만두,김말이,3,150
기억에 남는 음식,어릴 적 자주 먹었던 음식에 대한 추억,170,초등학생 때 비가 오는 날이면 엄마가 만들어주셨던 김치전이 생각난다. 부엌에서 익어가는 김치전 냄새가 집안을 가득 채우면 나는 자연스럽게 식탁에 앉아 엄마 옆에서 기다리곤 했다. 노릇하게 구워진 전을 간장에 살짝 찍어 먹으면 바삭한 식감과 매콤한 맛이 입안에 퍼졌다. 특히 비 오는 날마다 엄마와 함께 창밖을 바라보며 김치전을 나눠 먹던 그 순간들이 지금도 내 마음속에 따뜻하게 남아 있다.,발화자가 어릴 적 비 오는 날 엄마와 함께 먹었던 음식은 무엇인가요?,잘 모르겠음,떡볶이,김치전,라면,김치전,3,163
기억에 남는 음식,요리 실패담,170,"며칠 전에 친구가 추천해 준 레시피를 보고 감자전 만들기에 도전했다. 감자를 곱게 갈고 소금을 뿌린 뒤 밀가루를 넣었는데, 반죽이 너무 묽어서 프라이팬에 부치자마자 바로 흐트러져 버렸다. 모양도 제대로 안 잡혀서 결국 감자죽 비슷한 음식이 완성됐다. 그래도 다행히 친구랑 같이 먹으면서 서로 웃으며 실패한 요리에 대해 얘기하니 아쉬움보단 재미있는 추억이 된 것 같다.",발화에서 감자전을 만들다가 생긴 문제는 무엇이었나요?,잘 모르겠음,반죽이 너무 질어서 모양이 잡히지 않았다.,재료가 모자라서 요리를 못했다.,감자를 깜빡 잊고 넣지 않았다.,반죽이 너무 질어서 모양이 잡히지 않았다.,2,154
기억에 남는 음식,요리 실패담,170,"며칠 전 친구가 집에 놀러 온다고 해서 특별히 파스타를 만들어주려고 했어요. 평소엔 소스를 사서 쓰지만 이번엔 직접 토마토와 마늘, 양파를 다져 넣고 정성껏 소스를 만들었죠. 그런데 정신없이 대화를 나누다가 파스타 면을 삶는 걸 깜빡하고 너무 오래 끓였더니 면이 푹 퍼져버렸어요. 결국 친구와 함께 약간 퍼진 면발을 먹으며 웃었던 기억이 남아요.",발화에서 화자가 요리할 때 실수한 부분은 무엇이었나요?,잘 모르겠음,토마토 소스를 태웠다,파스타 면을 너무 오래 삶았다,마늘을 빼먹었다,파스타 면을 너무 오래 삶았다,3,144
기억에 남는 음식,요리 실패담,170,"며칠 전 친구들이 집에 놀러 온다고 해서 특별히 크림파스타를 직접 만들어보려고 했어요. 레시피를 꼼꼼히 보고 재료도 다 준비했는데, 우유 대신 실수로 바닐라향이 나는 우유를 넣어버렸어요. 익숙하지 않은 향이 퍼져서 다들 한 입 먹고는 웃음을 터뜨렸죠. 결국 피자를 시켜서 먹으며 실패담을 다 함께 즐겁게 이야기했어요.",발화자가 요리할 때 실수로 넣은 재료는 무엇이었나요?,잘 모르겠음,소금이 많이 든 소금물,바닐라향이 나는 우유,매운 고추,바닐라향이 나는 우유,3,134
기억에 남는 음식,요리 실패담,170,"며칠 전 갑자기 감자전이 먹고 싶어서 집에 있는 감자를 꺼내 직접 만들어 보기로 했어. 감자를 강판에 갈고 밀가루랑 소금만 넣었는데, 부치면서 반죽이 자꾸 팬에 달라붙어서 모양이 엉망이 됐어. 게다가 익히기도 전에 불 조절을 못해서 한쪽은 탔고, 한쪽은 덜 익었지. 먹어보니 바삭함도 없고 속도 덜 익어서 결국 반은 남겼어. 다음엔 전분이나 기름 양도 신경 써서 다시 도전하려고 해.",감자전을 만들 때 겪은 문제로 언급된 것은 무엇인가요?,잘 모르겠음,감자 껍질을 깜빡하고 넣음,반죽이 팬에 달라붙음,재료가 부족해서 포기함,반죽이 팬에 달라붙음,3,158
대학생활,가장 잊혀지지 않는 프로젝트 경험,170,"지난 학기 팀 프로젝트에서 처음 만난 친구들과 함께 지역 사회 문제를 해결하는 아이디어를 냈던 경험이 아직도 생생하다. 서로 의견이 달라서 초반에는 자주 부딪혔지만, 밤늦게까지 학교 카페에서 토론하며 조금씩 가까워졌다. 결국 다 같이 직접 현장 조사를 나가기로 결정했고, 예상보다 힘들었지만 덕분에 팀워크가 훨씬 좋아졌다. 발표 당일, 준비한 프레젠테이션이 모두의 기대보다 더 좋은 평가를 받아서 정말 기뻤다.",이 팀 프로젝트에서 팀원들이 가까워진 계기로 알맞은 것은 무엇인가요?,잘 모르겠음,서로 바로 친해져서,현장 조사를 함께 하면서,발표 준비를 각자 하면서,현장 조사를 함께 하면서,3,175
대학생활,가장 잊혀지지 않는 프로젝트 경험,170,"도서관에서 밤을 새우며 팀원들과 앱 개발 프로젝트를 했던 기억이 아직도 생생하다. 처음 맡은 역할은 디자인이었지만, 갑자기 한 팀원이 개인 사정으로 빠지게 되어 내가 백엔드까지 맡게 되었다. 그 과정에서 예상치 못한 에러가 계속 발생해 모두가 힘들어했지만, 팀원들과 서로 격려하며 결국 마감 하루 전에 완성할 수 있었다. 그 경험 덕분에 협업의 소중함과 유연하게 대처하는 법을 배웠다.",발화자가 원래 맡았던 역할은 무엇이었는가?,잘 모르겠음,백엔드,디자인,기획,디자인,3,162
대학생활,가장 잊혀지지 않는 프로젝트 경험,170,"친구들과 함께 팀을 이뤄 인공지능 기반 분실물 찾기 앱을 개발했던 기억이 가장 선명하다. 초기에는 의견이 자주 충돌했지만, 매주 금요일마다 직접 모여 피자를 먹으며 토론을 하니 점점 팀워크가 좋아졌다. 실제로 캠퍼스 내에서 테스트도 진행했는데, 분실된 지갑을 성공적으로 찾아줘서 모두가 정말 기뻐했다.",프로젝트 팀원들이 팀워크를 높이기 위해 했던 일은 무엇이었나요?,잘 모르겠음,매주 금요일마다 직접 모여 피자를 먹으며 토론했다.,매일 온라인 회의만 했다.,교수님께 모든 결정을 맡겼다.,매주 금요일마다 직접 모여 피자를 먹으며 토론했다.,2,129
대학생활,가장 잊혀지지 않는 프로젝트 경험,170,"비 오는 어느 날, 조별과제 발표를 앞두고 팀원들과 늦게까지 도서관에서 머물렀던 기억이 또렷하다. 발표 자료를 완성하려고 각자 역할을 나눠 진행했는데, 한 친구가 갑자기 몸이 안 좋아져서 중간에 집에 가게 됐다. 남은 우리 셋이서 친구의 분량까지 밤새 준비했고, 다같이 피곤한 얼굴로 다음 날 발표를 무사히 마쳤다. 그때의 긴장감과 팀원들 사이의 끈끈함은 시간이 지나도 잊히지 않는다.","도서관에서 프로젝트 준비를 하던 중, 한 팀원에게 어떤 일이 생겼나요?",잘 모르겠음,갑자기 집에 가야만 했다,늦잠을 자서 지각했다,준비물을 잊어버렸다,갑자기 집에 가야만 했다,2,162
대학생활,교환학생으로 떠난 뉴욕,170,"며칠 전, 뉴욕에서 처음으로 지하철을 타고 학교에 가는 길에 길을 잘못 들어서 완전히 반대 방향으로 가버렸다. 영어로 안내 방송이 나왔지만 긴장해서 제대로 듣지 못했다. 결국 친절한 현지인 아주머니에게 도움을 받아 목적지까지 무사히 도착할 수 있었다. 예상치 못한 작은 실수였지만 덕분에 뉴욕의 친절함을 직접 느낄 수 있었고, 다음부터는 지하철 노선도를 꼼꼼히 살펴보기로 다짐했다.",지하철에서 길을 잘못 들어 도착지까지 무사히 갈 수 있었던 이유는 무엇이었나요?,잘 모르겠음,지하철 안내 방송을 이해해서,현지인 아주머니가 도와주어서,사전에 노선도를 외워서,현지인 아주머니가 도와주어서,3,162
대학생활,교환학생으로 떠난 뉴욕,170,"도착한 첫날, 낯선 뉴욕 거리에서 길을 잃고 한참을 헤맸다. 구글 지도를 의지해 겨우 기숙사에 도착했지만, 짐을 풀다 보니 한국에서 챙겨온 라면이 부러워졌다. 룸메이트 에밀리가 문을 두드려 인사했고, 그녀가 즉석에서 만든 샌드위치를 나눠줬다. 덕분에 외로움이 조금 사라진 기분이었다. 저녁엔 근처 브루클린 다리를 산책하며 다채로운 도시의 분위기를 처음으로 느껴봤다.",룸메이트 에밀리가 처음 만난 날 주인공에게 무엇을 해줬나요?,잘 모르겠음,샌드위치를 만들어줬다,뉴욕 지도를 선물했다,함께 라면을 먹었다,샌드위치를 만들어줬다,2,158
대학생활,교환학생으로 떠난 뉴욕,170,"교환학생으로 뉴욕에 도착한 첫 주말, 룸메이트 사라가 센트럴파크를 구경하자며 같이 나가자고 했다. 낯선 도시라 처음엔 긴장했지만, 사라가 길거리 푸드트럭에서 핫도그를 사줘서 마음이 조금 풀렸다. 우리는 잔디밭에 앉아 캠퍼스와는 전혀 다른 자유로운 분위기를 느꼈고, 사라와 서로의 가족 이야기도 나누면서 금세 가까워질 수 있었다. 그날 찍은 사진을 엄마에게 보내드리니 엄마도 내 웃는 얼굴에 안심하셨다.",발화 속에서 뉴욕에서 만난 룸메이트 사라가 주인공에게 사준 음식은 무엇이었나요?,잘 모르겠음,치즈버거,핫도그,피자,핫도그,3,173
대학생활,교환학생으로 떠난 뉴욕,170,"며칠 전 친구들과 센트럴파크에서 자전거를 빌려 타고 한참을 달렸다. 갑자기 소나기가 쏟아져서 모두 비를 피하려고 큰 나무 밑에 모여섰는데, 다들 웃으면서 젖은 머리를 툭툭 털었다. 나는 그 순간 한국에서 느껴본 적 없는 자유로움이 밀려와서 괜히 설렜다. 뉴욕의 여름비는 이렇게 추억이 되어 남는구나 싶었다.",센트럴파크에서 자전거를 타던 중 발생한 일은 무엇이었나요?,잘 모르겠음,갑자기 소나기가 내렸다.,자전거가 고장 났다.,길을 잃어버렸다.,갑자기 소나기가 내렸다.,2,129
대학생활,대학 동아리 활동에서의 경험,170,"이번 학기에 연극 동아리에서 조명 담당을 맡게 되었다. 처음에는 조명 장비가 낯설고 조작법도 어려워서 실수도 많이 했지만, 선배들이 하나하나 친절하게 알려주셔서 조금씩 자신감이 붙었다. 공연 당일, 무대 위 배우들의 표정이 조명에 따라 다르게 보인다는 사실을 알게 되어 더욱 신경 써서 조명을 조절했다. 결국 무사히 공연이 끝나고 관객들이 조명이 인상적이었다고 칭찬해 주셔서 정말 뿌듯했다.",발화자가 이번 학기에 동아리에서 맡은 역할은 무엇이었나요?,잘 모르겠음,배우,조명 담당,무대 감독,배우,2,166
대학생활,대학 동아리 활동에서의 경험,170,"지난달, 학교 밴드 동아리에서 처음으로 드럼을 맡아 연습하게 되었다. 원래는 기타만 쳤지만, 드러머가 갑자기 빠지는 바람에 모두가 고민하던 끝에 내가 드럼에 도전하게 되었다. 악보도 낯설고 손발이 따로 노는 것 같아 처음에는 실수가 많았지만, 동아리 선배가 연습이 끝난 뒤 남아서 하나하나 동작을 짚어주며 도와주었다. 결국 공연 날에는 예상보다 훨씬 덜 떨고 무사히 연주를 마쳤고, 연습실 밖에서 기다리던 동아리 친구들이 박수를 쳐줘서 정말 뿌듯했다.",발화자가 밴드 동아리에서 처음으로 맡게 된 악기는 무엇인가요?,잘 모르겠음,기타,드럼,베이스,드럼,3,191
대학생활,대학 동아리 활동에서의 경험,170,"도서관에서 혼자 공부만 하다가 이번 학기에는 사진 동아리에 가입했다. 처음엔 카메라 작동법도 잘 몰라서 망설였지만, 선배들이 촬영 기법을 직접 알려줘서 금방 적응할 수 있었다. 지난주에는 동아리 친구들과 교내 꽃밭에서 단체 촬영을 했는데, 내가 찍은 사진이 동아리 SNS 대표 사진으로 선정되어 뿌듯했다. 내 사진을 보고 친구들이 칭찬해준 덕분에 자신감도 많이 생겼고, 앞으로도 다양한 풍경을 찍어보고 싶다는 생각이 들었다.",화자는 동아리에서 어떤 활동을 통해 자신감을 얻게 되었나요?,잘 모르겠음,동아리 친구들과 영화 감상,자신이 찍은 사진이 동아리 SNS 대표 사진으로 선정됨,도서관에서 친구들과 함께 공부,자신이 찍은 사진이 동아리 SNS 대표 사진으로 선정됨,3,181
대학생활,대학 동아리 활동에서의 경험,170,"지난주 금요일 저녁, 동아리 방에서 친구들과 함께 연극 연습을 하다가 갑자기 조명이 꺼지는 바람에 모두 당황했어요. 다들 휴대폰 플래시를 켜서 임시로 조명을 대신했고, 그 덕분에 오히려 색다른 분위기에서 연습을 이어갈 수 있었죠. 연습이 끝난 뒤에는 조명이 고장난 걸 고치려고 다 같이 천장 점검도 했어요. 예상치 못한 일이었지만, 서로 도우며 더 가까워진 느낌이 들어서 오히려 좋은 추억이 되었습니다.",동아리 연극 연습 중 갑자기 어떤 일이 발생해 모두 당황했나요?,잘 모르겠음,무대 소품이 망가졌다,조명이 꺼졌다,누군가 다쳤다,조명이 꺼졌다,3,169
대학생활,대학 생활 중 가장 행복했던 순간,170,"도서관 앞 벤치에서 친구들과 늦은 오후까지 이야기를 나눈 적이 있다. 시험 기간이라 다들 스트레스가 많았지만, 그날만큼은 서로의 고민을 털어놓고 웃음도 참 많이 나왔다. 저녁에는 갑자기 내린 소나기를 피하려고 도서관 안으로 뛰어들었는데, 창밖을 보며 컵라면을 나눠 먹었던 기억이 아직도 생생하다. 그 순간만큼은 대학 생활의 모든 걱정을 잠시 잊을 수 있어 정말 행복했다.",발화자의 친구들과 함께한 가장 인상 깊은 순간은 무엇이었나요?,잘 모르겠음,함께 밤새 과제를 한 순간,도서관 앞 벤치에서 이야기하다가 소나기를 피하고 컵라면을 나눠 먹은 순간,동아리 공연을 함께 준비한 순간,도서관 앞 벤치에서 이야기하다가 소나기를 피하고 컵라면을 나눠 먹은 순간,3,157
대학생활,대학 생활 중 가장 행복했던 순간,170,"며칠 전 동아리 친구들과 캠퍼스 축제에서 즉석 합주를 했던 기억이 아직도 생생하다. 갑작스럽게 무대에 오르게 되었는데, 예상치 못한 환호와 박수를 받으며 노래하고 연주했던 그 순간이 정말 꿈만 같았다. 평소에는 서로 연습하느라 바빴지만, 그날만큼은 모두가 한마음이 되어 음악을 즐겼고, 무대가 끝난 뒤 친구들과 포장마차에서 밤늦도록 웃으며 이야기를 나눴다. 이처럼 소중한 사람들과 함께한 시간 덕분에 대학 생활에서 가장 행복했던 추억이 되었다.",합주가 끝난 후 필자가 친구들과 함께 무엇을 했는가?,잘 모르겠음,기념사진을 찍었다,포장마차에서 늦게까지 이야기했다,영화를 보러 갔다,포장마차에서 늦게까지 이야기했다,3,190
대학생활,대학 생활 중 가장 행복했던 순간,170,"친구들과 중간고사가 끝난 날, 아무런 계획 없이 학교 근처 작은 공원에 모여 앉아 밤늦게까지 이야기를 나눴던 기억이 아직도 생생하다. 시험 걱정에서 벗어나 시원한 밤바람을 맞으며 서로의 고민도 나누고, 웃음이 끊이지 않던 그 시간이 대학 생활 중 가장 행복했던 순간이었다.",가장 행복했던 순간에 친구들과 어디에서 시간을 보냈는가?,잘 모르겠음,기숙사 방,작은 공원,카페,작은 공원,3,114
대학생활,대학 생활 중 가장 행복했던 순간,170,"도서관에서 밤새 팀 프로젝트를 준비하던 날이 아직도 기억난다. 모두 피곤해서 지쳐가던 중, 한 친구가 갑자기 치킨을 시켜서 분위기가 확 달라졌다. 우리는 함께 웃으며 치킨을 먹으면서 서로 힘을 북돋아 주었고, 그날 처음으로 팀원들과 진솔한 대화를 나눌 수 있었다. 프로젝트 결과도 좋았지만, 그 순간 느꼈던 따뜻함과 소속감이 대학 생활 중 가장 행복했던 기억으로 남아 있다.",발화자가 팀 프로젝트 준비 중 분위기가 좋아진 계기는 무엇이었나요?,잘 모르겠음,한 친구가 농담을 해서,한 친구가 치킨을 시켜서,프로젝트 결과가 발표되어서,한 친구가 치킨을 시켜서,3,157
대학생활,대학교 첫 날의 감동,170,"교정에 들어섰을 때 낯선 건물들과 분주하게 움직이는 학생들 사이에서 묘한 설렘이 느껴졌다. 강의실을 찾아 헤매다가 우연히 같은 학과 신입생을 만나 함께 움직이게 되었는데, 서로 긴장한 표정이지만 금세 웃으며 이야기를 나눴다. 점심시간에는 교내 식당에서 처음으로 밥을 먹었는데 생각보다 맛있어서 친구와 감탄했던 기억이 남는다. 집에 돌아가는 길에 오늘 만난 친구와 연락처를 주고받으면서 새로운 시작에 대한 기대가 더욱 커졌다.",처음으로 점심을 먹은 장소는 어디였나요?,잘 모르겠음,강의실,교내 식당,카페테리아,교내 식당,3,182
대학생활,대학교 첫 날의 감동,170,"도서관 앞 벤치에 앉아 햇살을 쬐던 순간이 아직도 기억난다. 낯선 캠퍼스에 발을 디딘 긴장감과 동시에, 같은 조가 된 친구들과의 어색한 인사, 그리고 동아리 홍보 부스에서 받은 작은 선물까지 모두가 새로웠다. 점심시간에 우연히 만난 선배가 학교 식당에서 메뉴를 추천해주며 걱정하지 말라고 웃어주었을 때, 마음이 한결 가벼워진 느낌이었다.",발화에서 선배가 추천해준 장소는 어디였나요?,잘 모르겠음,도서관,학교 식당,동아리방,학교 식당,3,143
대학생활,대학교 첫 날의 감동,170,"입학식 날 강의실 앞에서 설레는 마음으로 캠퍼스 지도를 들고 서 있었던 기억이 선명하다. 낯선 친구들과 어색하게 인사를 나눴지만, 모두 비슷한 긴장감에 서로 금세 웃음이 터졌다. 학과 선배가 직접 학교 구석구석을 안내해주며 자신만의 추억이 깃든 장소들을 소개해줬다. 특히 벚꽃이 흐드러진 길을 지나며 앞으로 펼쳐질 대학생활에 대한 기대감으로 가슴이 벅찼다.",발화에서 학과 선배가 한 행동으로 알맞은 것은 무엇인가요?,잘 모르겠음,입학식 사회를 봐줬다,학교의 추억이 담긴 장소들을 안내했다,교내 식당을 예약해줬다,학교의 추억이 담긴 장소들을 안내했다,3,152
대학생활,대학교 첫 날의 감동,170,"며칠 전, 처음으로 캠퍼스에 발을 디뎠을 때의 떨림이 아직도 생생하다. 오랜만에 새 옷을 입고, 가방에 책과 노트를 가득 채워 넣으며 상상만 하던 대학 강의실을 직접 보게 됐다. 낯선 건물 사이를 헤매다가 친절한 선배가 도서관 가는 길을 알려주었고, 점심시간에는 우연히 만난 동기들과 함께 식당에서 웃으며 식사를 했다. 그 순간, 진짜 대학생이 된 기분이 들었다.",발화자가 대학 첫 날 점심시간에 경험한 일은 무엇인가요?,잘 모르겠음,혼자 식사를 했다,동기들과 함께 식사를 했다,선배와 함께 식사를 했다,동기들과 함께 식사를 했다,3,151
대학생활,대학생활 속의 우정과 사랑,170,"도서관에서 밤늦게까지 과제를 하다가 우연히 동아리 친구 민지를 만났다. 서로 각자 힘들었던 하루에 대해 조용히 털어놓으며, 따뜻한 커피를 나눠 마셨다. 민지가 내 고민을 진지하게 들어주고 작은 농담도 건네줘서 갑자기 마음이 한결 가벼워졌다. 그날 이후로 민지와는 더 자주 연락하고 함께 시간을 보내게 되었고, 자연스럽게 서로를 의지하는 사이가 된 것 같다. 소소한 일상이지만 이런 인연이 대학생활을 더 특별하게 만들어 주는 것 같다.",화자가 도서관에서 민지와 함께 무엇을 하며 마음이 가벼워졌다고 했나요?,잘 모르겠음,같이 운동을 했다,따뜻한 커피를 나눠 마시며 대화를 나눴다,함께 노래를 불렀다,같이 운동을 했다,2,183
대학생활,대학생활 속의 우정과 사랑,170,"동아리 방에서 친구들과 늦게까지 과제하던 중에 갑자기 비가 쏟아졌다. 우산이 없던 나는 집에 어떻게 갈지 고민하고 있었는데, 평소에는 말이 없던 민수가 조용히 자기 우산을 내밀었다. 그날 우리는 같이 우산을 쓰고 집까지 걸었고, 예상치 못한 대화들이 오가며 서로를 더 잘 알게 되었다. 이후로 민수와는 자연스럽게 연락이 잦아졌고, 작은 배려 하나가 우정과 설렘을 동시에 선물해준 날로 기억에 남는다.",비가 내릴 때 우산을 내민 사람은 누구였나요?,잘 모르겠음,동아리 회장,민수,나의 룸메이트,민수,3,168
대학생활,대학생활 속의 우정과 사랑,170,"점심시간에 동아리방에서 친구들과 컵라면을 먹으며 갑자기 비가 내리기 시작했다. 우산을 두고 온 친구가 난감해하자 평소 조용하던 지수가 조심스럽게 자신의 우산을 내밀었다. 그 모습을 본 우리는 평소와 달리 친절한 지수의 새로운 면을 알게 되었다. 이후 지수와 그 친구는 비를 맞지 않고 함께 강의실로 향했고, 두 사람이 웃으며 걸어가는 뒷모습을 바라보며 나도 모르게 마음이 따뜻해졌다.",동아리방에서 비가 내릴 때 우산을 내민 사람은 누구였나요?,잘 모르겠음,지수,나,비가 내리지 않았다,지수,2,162
대학생활,대학생활 속의 우정과 사랑,170,"도서관에서 밤늦게까지 과제하던 중 지훈이가 갑자기 따뜻한 커피를 건네주며 힘내라고 해줬던 날이 생각난다. 그때 지훈이와 처음 깊게 이야기를 나누게 되었고, 자연스럽게 서로의 고민을 털어놓으면서 가까워졌다. 그 후로 자주 연락하며 함께 공부도 하고, 시험이 끝난 뒤에는 둘이서 작은 카페에 가서 오래 이야기하기도 했다. 서로 힘든 순간마다 곁에 있어주는 친구가 있다는 게 대학생활에서 가장 큰 위안이 되고 있다.",지훈이가 처음으로 화자에게 따뜻한 커피를 건네준 장소는 어디였나요?,잘 모르겠음,카페,기숙사,도서관,도서관,4,174
대학생활,동아리 활동을 통해 배운 것들,170,"며칠 전 동아리에서 새내기 환영회를 준비하면서 나도 모르게 리더 역할을 맡게 되었는데, 처음에는 누구에게 어떤 일을 맡겨야 할지 막막했다. 하지만 각자 잘하는 일을 파악해서 분담하니 모두가 자연스럽게 참여했고, 결과적으로 준비가 훨씬 수월하게 끝났다. 이번 경험을 통해 나 혼자 모든 걸 하려고 애쓰는 것보다, 서로의 장점을 살려 협력하는 게 더 좋은 결과로 이어진다는 걸 깨달았다.",동아리에서 새내기 환영회를 준비하면서 화자가 배운 점은 무엇인가요?,잘 모르겠음,혼자 모든 일을 처리하는 것이 더 효율적이라는 것,각자의 장점을 살려 협력하는 것이 좋은 결과로 이어진다는 것,새내기들이 동아리 활동에 관심이 없다는 것,각자의 장점을 살려 협력하는 것이 좋은 결과로 이어진다는 것,3,161
대학생활,동아리 활동을 통해 배운 것들,170,"지난 학기 동아리에서 축제 부스를 준비하면서 처음으로 여러 사람들과 협력해 큰 행사를 기획해보는 경험을 했다. 각자 맡은 역할이 달라서 혼자였다면 절대 알 수 없었던 다양한 문제들을 접했고, 갈등이 생길 때마다 서로의 입장을 듣고 조율하는 방법도 배웠다. 결과적으로 행사가 성공적으로 끝났고, 협동의 중요성과 배려의 가치를 깊이 느낄 수 있었다.",발화자가 동아리 활동 중 배운 것으로 언급하지 않은 것은 무엇인가요?,잘 모르겠음,협동의 중요성,갈등 조율 방법,재정 관리 방법,재정 관리 방법,4,146
대학생활,동아리 활동을 통해 배운 것들,170,"며칠 전 동아리에서 우리 팀이 주최한 소규모 음악회를 준비했다. 리더로서 역할 분담을 직접 하고, 공연장 대여부터 홍보 포스터까지 하나하나 챙겼다. 예상치 못한 음향 문제로 당황했지만, 팀원들과 즉석에서 해결책을 찾으면서 협동의 중요성을 다시 느꼈다. 덕분에 공연이 끝나고 다들 뿌듯해했다.",음악회 준비 과정에서 내가 겪은 문제는 무엇이었나요?,잘 모르겠음,음향 문제,조명 문제,포스터 인쇄 문제,음향 문제,2,125
대학생활,동아리 활동을 통해 배운 것들,170,"지난 학기에는 사진 동아리에서 활동하면서 처음으로 야외 출사를 다녀왔다. 평소에는 인물 사진만 찍었는데, 이번에는 풍경과 자연광을 활용해보자는 선배의 제안으로 모두가 각자 테마를 정해 사진을 찍었다. 나는 물가에서 반영을 이용한 사진에 도전했는데, 생각보다 빛의 각도나 구도 잡기가 어려워 선배에게 조언을 구했다. 그 과정에서 사진을 찍을 때마다 즉석에서 결과물을 확인하며 피드백을 받고, 잘된 사진 한 장을 얻기 위해 여러 번 시도하는 끈기가 중요하다는 걸 깨달았다.",내가 동아리에서 도전한 새로운 사진 테마는 무엇이었나요?,잘 모르겠음,야경 사진,물가에서 반영을 이용한 사진,음식 사진,물가에서 반영을 이용한 사진,3,200
대학생활,졸업 작품 준비 과정,170,"며칠 전부터 졸업 작품 준비로 팀원들과 거의 매일 늦게까지 학교에 남아 있었어. 작업 중간에 컴퓨터가 갑자기 꺼지는 바람에 저장하지 않은 파일을 날려서 다 같이 멍해졌던 순간이 기억난다. 결국 그날은 저녁을 학교 근처 김밥집에서 간단히 해결하고, 다시 돌아와서 새벽까지 자료를 복구하느라 고생했지. 그래도 서로 농담도 주고받으며 힘내서 마무리할 수 있어서 다행이었어.",졸업 작품 준비 도중 팀원들이 저녁 식사를 해결한 장소는 어디였나요?,잘 모르겠음,학교 식당,학교 근처 김밥집,팀원 집,학교 근처 김밥집,3,156
대학생활,졸업 작품 준비 과정,170,"지난주에 졸업 작품 준비를 위해 팀원들과 밤늦게까지 실험실에서 모여 각자 맡은 파트를 점검했다. 발표 일자가 점점 다가오니 자연스럽게 긴장감이 감돌았고, 중간에 컴퓨터가 갑자기 멈춰서 잠시 당황하기도 했다. 그래도 서로 도우며 문제를 해결해 조금 안심이 됐다. 그날 다 같이 컵라면을 먹으면서 새로운 아이디어도 나왔는데, 생각보다 팀워크가 잘 맞아서 힘들면서도 뿌듯함을 느꼈다.",졸업 작품 준비 도중 팀원들이 먹었던 음식은 무엇이었나요?,잘 모르겠음,피자,컵라면,김밥,컵라면,3,162
대학생활,졸업 작품 준비 과정,170,"며칠 전부터 졸업 작품 준비 때문에 팀원들과 늦게까지 학교에 남아 있었는데, 그 과정에서 예상치 못한 문제가 생겼다. 내가 맡은 부분의 프로그램 코드가 갑자기 제대로 작동하지 않아 멘토 교수님께 도움을 요청했다. 교수님이 직접 오셔서 코드를 꼼꼼히 살펴보시고, 오류 원인을 함께 찾으면서 해결 방안을 제시해 주셨다. 덕분에 팀원들과 함께 밤늦게까지 수정 작업을 마무리할 수 있었고, 모두가 한층 더 단단해진 느낌이었다.",졸업 작품 준비 과정에서 코드 오류를 해결하기 위해 도움을 준 사람은 누구였나요?,잘 모르겠음,팀원 중 한 명,멘토 교수님,외부 전문가,멘토 교수님,3,177
대학생활,졸업 작품 준비 과정,170,"며칠 전부터 팀원들과 졸업 작품 준비로 매일 저녁마다 모여 회의하고 있다. 처음에는 의견이 너무 달라서 서로 설득하느라 시간이 오래 걸렸지만, 각자 역할을 나눠서 진행하니 조금씩 방향이 잡혀가는 것 같다. 특히 어제는 디자인 담당인 민수가 새로운 아이디어를 제안해줘서 분위기가 한층 좋아졌다. 아직 해결해야 할 기술적인 부분도 많지만, 함께 노력하다 보니 서로 더 가까워진 느낌이다.",팀원 중에 새로운 아이디어를 제안한 사람은 누구였나요?,잘 모르겠음,지훈,민수,수연,민수,3,162
대학생활,졸업을 앞둔 대학 마지막 학기 회고록,170,"도서관에서 밤새 과제하던 날들이 엊그제 같은데, 이제 곧 졸업을 한다는 사실이 실감나지 않는다. 동아리 선배들과 마지막으로 함께한 회식에서 다들 각자의 진로에 대한 기대와 불안함을 솔직하게 나누던 순간이 오래도록 기억에 남을 것 같다. 특히 친구와 캠퍼스 곳곳을 사진으로 남기며 추억을 정리하던 하루는 평소 아무렇지 않게 지나치던 풍경도 새삼 소중하게 느껴졌다.",졸업을 앞둔 화자가 친구와 함께 했던 활동은 무엇이었나요?,잘 모르겠음,동아리에서 게임을 한 것,캠퍼스에서 사진을 찍은 것,도서관에서 책을 빌린 것,캠퍼스에서 사진을 찍은 것,3,154
대학생활,졸업을 앞둔 대학 마지막 학기 회고록,170,"도서관에서 밤새워 팀플 과제 발표 자료를 준비하던 때가 어제처럼 생생하다. 막막했던 전공 수업도 시간이 지나니 자연스럽게 이해가 되었고, 동기들과 함께 한 카페 공부 모임이 큰 힘이 됐다. 마지막 학기에는 학회 활동에 참여하면서 새로운 친구들도 사귀고, 진로 고민도 많이 했다. 취업 준비와 졸업 논문을 병행하느라 힘들었지만, 그 과정에서 스스로 많이 성장했다고 느낀다.",발화자가 마지막 학기에 했던 활동으로 언급된 것은 무엇인가요?,잘 모르겠음,동아리 공연 준비,학회 활동 참여,해외 어학연수,학회 활동 참여,3,157
대학생활,졸업을 앞둔 대학 마지막 학기 회고록,170,"도서관 3층 창가 자리에 앉아 있던 그 날이 생각난다. 마지막 학기를 맞아 논문을 쓰고 있는데, 창밖으로 벚꽃이 흩날려서 잠시 멍하니 바라봤다. 논문 주제 선정에 고민이 많았지만, 지도교수님께 메일로 조언을 구한 뒤 방향을 잡을 수 있었다. 점심은 같은 전공 친구들과 학식에서 미역국을 먹으며 졸업 후 진로에 대해 이야기를 나눴다.",발화자의 논문 주제 선정에 도움이 된 조치는 무엇이었나요?,잘 모르겠음,친구들과 상의함,지도교수님께 메일로 조언을 구함,혼자 도서관에서 생각함,지도교수님께 메일로 조언을 구함,3,138
대학생활,졸업을 앞둔 대학 마지막 학기 회고록,170,"며칠 전 동아리방을 정리하다가 1학년 때 썼던 다이어리를 우연히 발견했다. 그 안엔 처음 맞이한 신입생 환영회에서 어색하게 인사하던 기억, 과제에 치여 밤을 새웠던 날들의 기록, 그리고 첫 발표를 망치고 울었던 흔적까지 남아 있었다. 지난 4년 동안 정말 많은 일들이 있었고, 그때마다 곁을 지켜준 친구들과 선배들이 새삼 고마워졌다. 이제 곧 졸업을 앞두고 마지막 수업을 들으며, 처음 캠퍼스에 발을 디딜 때 느꼈던 설렘과 긴장이 아직도 가슴 한켠에 남아 있는 듯하다.",발화에서 화자가 며칠 전에 동아리방을 정리하다 발견한 것은 무엇이었나요?,잘 모르겠음,졸업장,다이어리,사진첩,졸업장,2,195
대학생활,"처음으로 혼자서 살아보기, 자취방에서의 삶",170,"새로 이사 온 자취방에서의 첫 주말, 늦잠을 자고 일어나니 창문 틈새로 부드러운 햇살이 들어왔다. 혼자서 밥을 차려 먹으려고 냉장고를 열었더니 계란이 하나 남아 있었다. 계란 프라이를 만들고, 냉동실에 있던 만두를 꺼내 에어프라이어에 돌렸다. 밥상을 차려 놓고 혼자 조용히 식사를 하니 집안이 너무 조용해서 순간 가족들이 보고 싶어졌다. 그래도 내가 직접 준비한 식사라 그런지 조금은 뿌듯한 기분이 들었다.",발화자가 자취방에서 식사를 준비할 때 사용한 주된 재료가 아닌 것은 무엇인가요?,잘 모르겠음,계란,만두,치즈,치즈,4,171
대학생활,"처음으로 혼자서 살아보기, 자취방에서의 삶",170,"처음으로 혼자 살게 되었을 때 가장 당황스러웠던 순간은 세탁기를 돌리고 나서 빨래를 널 공간이 부족하다는 걸 깨달았던 날이었다. 평소 집에서는 엄마가 자연스럽게 해결해주셨는데, 자취방에는 작은 건조대 하나뿐이라 겨우 겨우 옷들을 걸었다. 그때부터 빨래를 나눠서 하는 습관이 생겼고, 덕분에 옷이 덜 구겨져서 아이러니하게 마음에 들었다. 이런 소소한 불편함 속에서 스스로 방법을 찾는 게 혼자 사는 재미라는 생각이 들었다.",자취방에서 빨래를 널 공간이 부족하자 화자가 취한 대처 방법은 무엇이었나요?,잘 모르겠음,세탁소에 맡겼다,빨래를 나눠서 했다,이웃집에 널었다,빨래를 나눠서 했다,3,179
대학생활,"처음으로 혼자서 살아보기, 자취방에서의 삶",170,"최근 이사한 작은 원룸에서 지내는 것도 벌써 일주일이 넘었다. 집안일을 모두 스스로 해야 하니 처음엔 설거지며 청소며 어리둥절했지만, 점점 나만의 루틴이 생기기 시작했다. 혼자 식사를 준비하며 어릴 때 자주 먹던 김치찌개를 끓여봤는데, 익숙한 맛이 나지 않아 엄마에게 영상통화로 레시피를 다시 물어보기도 했다. 혼자지만 점점 이 공간에 애착이 생기는 것 같아 신기했다.",내가 김치찌개를 끓이다가 영상통화로 레시피를 물어본 사람은 누구인가요?,잘 모르겠음,아버지,엄마,형,엄마,3,156
대학생활,"처음으로 혼자서 살아보기, 자취방에서의 삶",170,"도시 외곽에 있는 작은 원룸에서 살기 시작한 지 벌써 한 달이 다 되어 간다. 처음엔 낯선 공간에 혼자 있는 게 어색했지만, 매일 아침마다 내가 직접 밥을 차려 먹는 시간이 점점 익숙해졌다. 어제는 라면 대신 계란프라이도 해보고, 주말엔 세탁기를 돌리다가 빨래를 두고 깜빡해서 다시 헹궈야 했다. 비록 아직은 서툴지만, 이런 작은 실수들이 오히려 혼자 사는 재미를 느끼게 해준다.",발화자가 주말에 자취방에서 실수한 일은 무엇인가요?,잘 모르겠음,계란프라이를 태웠다,세탁기를 돌리고 빨래를 두고 깜빡했다,아침에 라면을 끓였다,세탁기를 돌리고 빨래를 두고 깜빡했다,3,156
대학생활,학과 MT에서의 유쾌한 순간,170,"며칠 전 학과 MT에서 방장 뽑기를 했는데, 예상치 못하게 내가 뽑혀서 다들 깜짝 놀랐다. 방장이 된 김에 분위기를 띄우려고 직접 퀴즈 게임을 준비해서 진행했다. 친구들이 예상 외로 문제를 너무 잘 맞혀서 마지막 문제에서는 일부러 헷갈리는 오답을 넣기도 했다. 결국 우승한 팀에게 직접 만든 간식 세트를 선물했더니 다들 사진을 찍으며 무척 즐거워했다. 이런 소소한 이벤트가 모두에게 좋은 추억이 된 것 같아 뿌듯했다.",발화자의 역할과 준비한 이벤트에 대해 옳게 설명된 것은?,잘 모르겠음,방장으로 뽑혀 간식 세트를 나눠줬다.,방장으로 뽑혀 퀴즈 게임을 준비했다.,방장으로 뽑혀 사진을 찍는 이벤트를 열었다.,방장으로 뽑혀 퀴즈 게임을 준비했다.,3,173
대학생활,학과 MT에서의 유쾌한 순간,170,"지난주에는 우리 학과 동기들과 함께 산속 펜션에서 1박 2일로 MT를 다녀왔다. 저녁에 다같이 모닥불을 피우고 돌려가며 장기자랑을 했는데, 내가 친구들과 준비한 즉석 댄스가 생각보다 호응이 좋아서 깜짝 놀랐다. 평소 조용한 선배가 갑자기 노래를 부르며 분위기를 이끌자 다들 박수를 치며 크게 웃었고, 덕분에 어색했던 동기들과 한층 가까워진 기분이 들었다.",MT에서 분위기가 좋아진 계기는 무엇이었나요?,잘 모르겠음,조용한 선배가 갑자기 노래를 불렀기 때문,맛있는 저녁을 먹었기 때문,펜션이 산속에 있었기 때문,조용한 선배가 갑자기 노래를 불렀기 때문,2,151
대학생활,학과 MT에서의 유쾌한 순간,170,"며칠 전 학과 MT에서 밤늦게까지 여러 게임을 하며 모두가 한데 어울렸다. 특히 팀별로 진행한 몸으로 말해요 게임에서 내 팀이 엉뚱한 동작을 하며 정답을 맞히기 위해 서로를 보며 웃음을 터뜨렸다. 나중에는 선배가 갑자기 노래를 부르기 시작해 다 같이 후렴구를 따라 부르면서 분위기가 한층 더 무르익었고, 평소에는 낯을 가리던 동기와도 자연스럽게 대화를 나누게 되어 한층 가까워진 기분이었다.",학과 MT에서 분위기가 한층 무르익은 계기로 언급된 것은 무엇이었나요?,잘 모르겠음,간식 나눔,선배의 노래,불꽃놀이,선배의 노래,3,164
대학생활,학과 MT에서의 유쾌한 순간,170,"며칠 전 학과 MT에서 조별 장기자랑 시간이 있었는데, 우리 조는 갑자기 즉석 댄스 퍼포먼스를 하자고 결정했어요. 다들 춤을 잘 추는 편은 아니었지만 분위기를 살리기 위해 신나게 몸을 흔들었죠. 특히 평소 조용하던 민수가 갑자기 앞에 나와 혼자 춤을 추기 시작했는데, 모두 깜짝 놀라다가 큰 박수와 환호를 보냈어요. 그 장면 덕분에 우리 조는 베스트 팀워크 상도 받았고, 이후로 민수와 더 가까워진 것 같아 정말 즐거웠습니다.",MT 장기자랑에서 예상치 못한 행동으로 분위기를 띄운 사람은 누구였나요?,잘 모르겠음,민수,지원,영호,민수,2,176
대학생활,학교에서 가장 힘들었던 시기와 그 극복 이야기,170,"2학년 1학기 중간고사 기간에 갑작스럽게 가족 중 한 분이 아프셔서 병원에 자주 다녀야 했던 기억이 떠오른다. 학교 과제와 시험 준비가 겹쳐 밤을 새우기도 했지만, 친구들이 필기노트를 공유해주고 교수님도 상황을 이해해주셔서 큰 힘이 됐다. 그 덕분에 조금씩 마음을 추스르며 끝까지 학기를 잘 마무리할 수 있었다.",발화에서 화자가 중간고사 기간에 힘들었던 주된 이유는 무엇인가요?,잘 모르겠음,과제 양이 많아서,가족이 아파서 병원에 자주 다녀야 해서,시험 성적에 대한 부담 때문에,가족이 아파서 병원에 자주 다녀야 해서,3,131
대학생활,학교에서 가장 힘들었던 시기와 그 극복 이야기,170,"3학년 1학기 때 과제와 팀 프로젝트가 한꺼번에 몰려와 매일 도서관에서 늦게까지 공부해야 했던 기억이 난다. 특히 한 팀원이 갑자기 개인 사정으로 빠지면서 남은 팀원들과 역할을 나눠 다시 준비해야 했던 게 정말 힘들었다. 그때 서로 솔직하게 힘든 점을 이야기하고 분업을 조정하면서 조금씩 상황이 나아졌다. 결국 발표도 무사히 끝내고, 팀원들과 끝나고 나서 치킨을 먹으며 서로 고생했다고 격려했던 게 아직도 기억에 남는다.",팀 프로젝트가 힘들어진 이유는 무엇이었나요?,잘 모르겠음,교수님의 추가 과제 때문,팀원이 개인 사정으로 빠져서,발표 일정이 갑자기 당겨져서,팀원이 개인 사정으로 빠져서,3,177
대학생활,학교에서 가장 힘들었던 시기와 그 극복 이야기,170,기말고사 기간에 과제와 시험 준비가 한꺼번에 몰려서 정말 힘들었던 적이 있다. 특히 통계학 과목은 이해가 잘 안 돼서 밤늦게까지 도서관에 남아 교재와 인터넷 강의를 번갈아 보며 공부했다. 그때 친구가 함께 스터디 그룹을 만들자고 제안해서 같이 문제를 풀고 서로 설명해주면서 점점 자신감이 생겼다. 결국 시험도 무사히 끝내고 과제도 제출할 수 있었던 게 아직도 뿌듯하게 기억에 남는다.,통계학 과목을 극복하기 위해 내가 시도했던 방법은 무엇이었나요?,잘 모르겠음,스터디 그룹을 만들어 함께 공부했다.,과외 선생님을 초빙했다.,혼자서만 공부했다.,스터디 그룹을 만들어 함께 공부했다.,2,160
대학생활,학교에서 가장 힘들었던 시기와 그 극복 이야기,170,"벚꽃이 막 피던 어느 봄 학기, 전공 수업과 동아리 활동이 겹치면서 시간 관리가 정말 힘들었다. 과제와 프로젝트 데드라인이 몰려와 밤새는 날이 많았고, 스트레스에 입맛도 없어졌다. 그럴 때마다 룸메이트가 야식으로 김밥을 사다 주며 같이 얘기해줬던 게 큰 힘이 됐다. 덕분에 마음이 한결 가벼워져 다시 집중할 수 있었고, 결국 학기말엔 원하는 성적도 받을 수 있었다.",화자가 힘든 시기에 가장 큰 힘이 되었던 것은 무엇이었나요?,잘 모르겠음,교수님의 격려,룸메이트의 야식과 대화,가족의 응원,룸메이트의 야식과 대화,3,152
대학생활,학교에서의 가장 큰 성취,170,"며칠 전, 팀 프로젝트 발표가 끝난 뒤 교수님께서 우리 팀을 따로 불러 칭찬해주셨다. 처음엔 모두 의견이 달라 조율이 어려웠지만, 서로의 생각을 존중하며 밤늦게까지 자료를 찾고 토론한 덕분에 완성도 높은 결과물을 만들 수 있었다. 동기들과 함께 노력해 이뤄낸 성취라 더욱 값졌다.",발화에서 팀 프로젝트가 성공적이었던 이유로 언급된 것은 무엇인가요?,잘 모르겠음,개인적으로 열심히 공부해서,서로의 생각을 존중하며 협력해서,교수님의 도움을 많이 받아서,서로의 생각을 존중하며 협력해서,3,117
대학생활,학교에서의 가장 큰 성취,170,"도서관에서 밤늦게까지 프로젝트를 준비하던 기억이 아직도 생생하다. 팀원들과 의견이 자주 달라 힘든 순간도 많았지만, 서로의 생각을 존중하며 협력했다. 결국 우리가 만든 앱이 교내 경진대회에서 대상을 받았고, 발표를 마치고 무대 아래서 팀원들과 서로를 꼭 안으며 그동안의 노력이 결실을 맺은 순간을 함께 기뻐했다. 이 경험 덕분에 어려움을 극복하는 방법과 팀워크의 소중함을 깨달았다.",발화에서 필자가 학교에서 성취감을 느낀 순간과 가장 관련 있는 활동은 무엇인가요?,잘 모르겠음,도서관에서 독서하기,팀 프로젝트로 만든 앱으로 경진대회에서 대상 받기,친구들과 동아리 여행 떠나기,팀 프로젝트로 만든 앱으로 경진대회에서 대상 받기,3,164
대학생활,학교에서의 가장 큰 성취,170,"3학년 때 처음으로 동아리 회장을 맡게 되어 부담이 컸다. 여러 명의 의견을 조율하고 행사를 준비하는 과정에서 힘든 일도 많았지만, 그중 가장 기억에 남는 순간은 학교 축제에서 동아리 공연을 성공적으로 이끈 것이다. 모두가 함께 연습했던 시간이 헛되지 않았다는 걸 느꼈고, 공연이 끝난 뒤 동아리원들이 고맙다고 해준 말에 큰 보람을 느꼈다. 그 순간이 내가 학교에서 이룬 가장 큰 성취인 것 같다.",화자가 학교 축제에서 맡았던 역할은 무엇이었나요?,잘 모르겠음,동아리 회장,축제 관람객,무대 장비 담당,동아리 회장,2,164
대학생활,학교에서의 가장 큰 성취,170,지난 학기에는 조별과제에서 팀장을 맡게 되어 처음에는 부담이 컸다. 하지만 팀원들과 적극적으로 소통하고 역할 분담을 명확히 하면서 프로젝트를 성공적으로 완수했다. 발표 당일에는 긴장됐지만 우리가 준비한 자료와 시각 자료가 교수님과 동기들에게 좋은 평가를 받아 뿌듯했다. 덕분에 학기말에 우수조로 선정되어 모두와 함께 기뻐했던 기억이 아직도 생생하다.,발화자가 조별과제에서 맡았던 역할은 무엇이었나요?,잘 모르겠음,팀원,팀장,발표자,팀장,3,152
대학생활,학부모로서의 삶,170,"딸아이가 대학에 진학한 뒤로는 집안 분위기도 조금 달라졌다. 주말이면 멀리서 기차 타고 집에 오는 딸을 위해 좋아하는 음식을 미리 준비해두곤 한다. 지난주는 시험기간이라 늦게까지 공부했다며 지쳐 보이더니, 제가 끓인 미역국 한 그릇을 먹고는 다시 힘이 난다고 웃었다. 예전에는 늘 함께 있던 아이가 한 달에 한두 번만 집에 오니, 짧은 만남이 더 소중하게 느껴진다.","딸이 집에 왔을 때, 발화자가 준비한 음식은 무엇이었나요?",잘 모르겠음,김치찌개,된장국,미역국,미역국,4,152
대학생활,학부모로서의 삶,170,"며칠 전 큰아이 대학 기숙사에 다녀왔는데, 짐을 옮기고 방을 정리해주면서 마음이 복잡했다. 집에서는 늘 어수선하게 굴던 아이가 스스로 청소도 하고 필요한 물품도 꼼꼼히 챙기는 모습을 보니 대견하면서도 한편으로는 빈자리가 크게 느껴졌다. 돌아오는 길에 차 안에서 그동안 잔소리가 많았던 건 아닌지, 더 따뜻하게 대해줄 걸 그랬다는 생각에 괜히 울컥했다.",기숙사에서 아이가 어떤 모습을 보여 부모가 대견함을 느꼈는가?,잘 모르겠음,스스로 청소하고 필요한 물품을 챙김,친구들과 외출을 자주 함,방을 어지럽게 사용함,스스로 청소하고 필요한 물품을 챙김,2,149
대학생활,학부모로서의 삶,170,"지난주에는 딸아이가 대학에서 참여하는 전시회에 다녀왔다. 평소에는 학부모로서 자주 학교에 갈 일이 없었는데, 아이가 직접 준비한 작품들을 설명해주며 자신감을 보이는 모습이 무척 인상적이었다. 전시회가 끝난 뒤에는 아이 친구들과도 짧게 인사를 나눴고, 오랜만에 캠퍼스의 활기찬 분위기를 느낄 수 있어 뿌듯했다. 아이가 성장하는 모습을 가까이서 지켜볼 수 있다는 점이 학부모로서 가장 큰 기쁨인 것 같다.",필자는 전시회가 끝난 후 어떤 활동을 했는가?,잘 모르겠음,딸아이와 저녁식사를 했다,딸아이 친구들과 인사를 나눴다,학교에서 기념품을 샀다,딸아이 친구들과 인사를 나눴다,3,172
대학생활,학부모로서의 삶,170,지난주에 딸이 대학에서 조별과제를 맡게 되었다며 고민을 털어놨다. 나도 예전에 비슷한 경험이 있었기에 조언해주고 싶었다. 아이가 모임 시간에 맞춰 도시락을 싸갔으면 좋겠다 해서 아침 일찍 준비했다. 저녁엔 딸이 돌아와 조원들과 잘 협력했다고 웃으며 이야기해주었다. 혼자보다 함께하는 경험이 소중하다는 걸 딸도 점점 느끼는 것 같아 뿌듯했다.,딸이 조별과제 모임에 가져가고 싶어 했던 것은 무엇이었나요?,잘 모르겠음,과제 자료,도시락,선물 상자,도시락,3,146
대학생활,훈련받은 전공에 대한 고민,170,"며칠 전 도서관에서 혼자 전공 책을 읽다가 괜히 마음이 복잡해졌다. 처음엔 경제학이 재미있어서 선택했지만, 요즘은 이 길이 정말 내 적성에 맞는지 자꾸 의문이 든다. 친구들은 이미 자신만의 목표를 정하고 열심히 준비하는데, 나는 여전히 진로에 확신이 없어 불안하다. 멘토 교수님께 상담을 신청했는데, 교수님께서 나의 고민을 진지하게 들어주셨다. 그날 이후로 고민이 조금은 가벼워진 것 같다.","멘토 교수님께 상담을 받은 후, 발화자가 느낀 변화는 무엇이었나요?",잘 모르겠음,진로에 대한 확신이 생겼다.,고민이 조금 가벼워졌다.,전공을 바꾸기로 결심했다.,고민이 조금 가벼워졌다.,3,166
대학생활,훈련받은 전공에 대한 고민,170,"며칠 전 도서관에서 과제 자료를 찾다가 우연히 고등학교 친구를 만났다. 서로 각자 다른 전공을 선택한 이야기를 하며, 내가 지금 배우는 전공이 정말 나에게 맞는지 고민이 많다고 털어놓았다. 실습 수업이 생각보다 어렵고, 이론보다는 실무에 흥미를 느끼는 내 자신을 발견하게 된 것이다. 친구는 예전부터 내가 창의적인 활동을 좋아했던 걸 기억한다며, 전공에 얽매이지 말고 다양한 경험을 해보라고 조언해주었다. 그 말을 듣고 나니 조금은 마음이 편해진 것 같았다.",화자는 도서관에서 어떤 계기로 자신의 전공에 대해 고민을 이야기하게 되었나요?,잘 모르겠음,도서관에서 교수님을 만났기 때문에,과제 자료를 찾다가 친구와 이야기를 나누게 되어서,실습 수업이 너무 쉬워서,과제 자료를 찾다가 친구와 이야기를 나누게 되어서,3,193
대학생활,훈련받은 전공에 대한 고민,170,"며칠 전 도서관에서 야간 공부를 하다 우연히 고등학교 친구를 만났다. 그 친구는 전공을 바꾼 뒤로 즐겁게 지내고 있다고 했다. 나는 어릴 때부터 부모님의 권유로 공학을 선택했지만, 요즘 들어 진짜 내가 원하는 게 무엇인지 자주 생각하게 된다. 수업을 들으면서 흥미가 떨어질 때마다 내가 다른 길을 고민하는 것이 괜찮은 건지, 아니면 지금까지 쌓아온 걸 이어가야 할지 마음이 복잡해진다.",화자는 무엇 때문에 마음이 복잡해졌다고 말했나요?,잘 모르겠음,친구와의 약속을 지키지 못해서,전공 선택에 대한 고민 때문에,학점이 낮아서,전공 선택에 대한 고민 때문에,3,160
대학생활,훈련받은 전공에 대한 고민,170,"최근에 전공 수업에서 진행된 프로젝트 때문에 진로에 대한 고민이 깊어졌다. 실험실에서 며칠 밤을 새우며 데이터 분석을 하다 보니 내가 정말 이 분야를 좋아하는지 의문이 들었다. 교수님께 상담을 신청해 조언을 구했지만, 마음이 쉽게 정리되지 않았다. 친구들과 대화를 나누면서도 각자 전공에 만족하는지, 나처럼 방황하는지 묻곤 했다. 스스로에게 계속 질문하면서 아직은 답을 찾는 중이다.",발화자의 전공 관련 고민과 관련해 발화자가 한 행동은 무엇이었나요?,잘 모르겠음,알바를 시작했다,교수님께 상담을 신청했다,전공을 변경했다,교수님께 상담을 신청했다,3,164
대학생활,MT에서의 웃픈 에피소드,170,"며칠 전 학과 MT에서 조별 장기자랑 준비를 하다가 예상치 못한 일이 생겼다. 우리 조는 춤을 준비했는데, 연습할 때마다 동작이 맞지 않아 서로 웃음을 참지 못했다. 결국 무대에서 친구 한 명이 음악을 잘못 틀어서 전혀 다른 노래가 흘러나왔고, 당황한 나머지 즉석에서 이상한 춤을 췄다. 모두가 폭소를 터뜨렸고, 심지어 교수님도 웃으셨다. 민망했지만, 나중에 사진을 보니 다들 정말 즐거워 보여서 오히려 좋은 추억이 된 것 같다.",MT 장기자랑 무대에서 우리 조가 당황하게 된 주된 이유는 무엇이었나요?,잘 모르겠음,조원 한 명이 넘어졌기 때문,음악이 잘못 나왔기 때문,춤 동작을 잊어버렸기 때문,음악이 잘못 나왔기 때문,3,178
대학생활,MT에서의 웃픈 에피소드,170,"지난 학기 MT에서 선배들이 준비한 게임 중에 '몸으로 말해요'가 있었는데, 제 차례에 '스파게티'를 설명하려다가 갑자기 발을 헛디뎌서 바닥에 주저앉고 말았다. 다들 걱정하는 듯하다가 이내 웃음을 터뜨렸고, 저도 민망하면서 같이 웃었다. 다행히 다치진 않았고, 덕분에 그날 이후로 '스파게티'만 보면 친구들이 그때 이야기를 꺼내며 한참을 웃곤 한다.",MT에서 '스파게티'를 설명하던 중에 내가 겪은 일은 무엇이었나요?,잘 모르겠음,발을 헛디뎌서 바닥에 주저앉았다.,문제를 맞혀서 상품을 받았다.,갑자기 노래를 부르게 되었다.,발을 헛디뎌서 바닥에 주저앉았다.,2,151
대학생활,MT에서의 웃픈 에피소드,170,"지난번 학과 MT에서 조별 게임 시간이 있었는데, 제가 속한 조가 갑자기 장기자랑을 하게 됐어요. 준비도 안 되어 있었지만, 급하게 친구들과 모여서 어릴 때 배운 율동을 기억해내며 춤을 췄죠. 그런데 음악이 중간에 끊기는 해프닝이 있어서 잠시 모두 멈췄다가 웃으면서 다시 이어갔어요. 그 덕분에 우리 조가 예상치 못하게 큰 박수를 받았고, 다들 그 순간을 오래 기억하자며 사진도 많이 찍었답니다.",MT에서 발화자가 속한 조가 갑자기 하게 된 활동은 무엇이었나요?,잘 모르겠음,요리 대회,장기자랑,퀴즈 대회,장기자랑,3,165
대학생활,MT에서의 웃픈 에피소드,170,"신입생 MT에서 조별 장기자랑 준비를 하다가 갑자기 조원 한 명이 춤을 출 줄 안다고 자신 있게 나섰어요. 모두 기대했는데, 막상 음악이 나오자 갑자기 긴장해서 로봇처럼 몸이 굳어버렸죠. 그래도 분위기를 살리려고 다 같이 박수를 치며 따라 췄더니, 그 친구도 점점 긴장이 풀려서 결국 끝에는 모두 웃으며 무대를 마칠 수 있었어요. 그 덕분에 우리 조는 단합도 더 잘 되고, 이후에도 쭉 친하게 지내고 있어요.",MT에서 장기자랑 도중에 춤추던 조원이 처음에 어떻게 반응했나요?,잘 모르겠음,춤을 완벽하게 췄다,갑자기 로봇처럼 몸이 굳었다,음악이 나와도 아무런 반응이 없었다,갑자기 로봇처럼 몸이 굳었다,3,167
대학생활,같은 동아리 친구와의 우정 이야기,170,"동아리 방에서 갑자기 내 생일을 기억해준 수진이가 조그만 케이크를 준비해왔던 날이 떠오른다. 평소에 말이 많지 않은 친구라 그런 이벤트는 상상도 못했는데, 촛불을 켜면서 쑥스럽게 웃는 모습이 정말 고마웠다. 그날 우리는 늦게까지 남아 서로의 고민도 나누고, 앞으로 하고 싶은 일에 대해 진지하게 이야기했다. 그 순간부터 수진이와 더 가까워진 느낌이 들어 지금도 그날을 소중하게 기억한다.",동아리 친구 수진이가 내 생일에 해준 일은 무엇이었나요?,잘 모르겠음,생일 카드 써주기,조그만 케이크 준비해오기,책 선물해주기,조그만 케이크 준비해오기,3,164
대학생활,같은 동아리 친구와의 우정 이야기,170,며칠 전 동아리방에서 예진이와 늦게까지 남아 다음 공연 준비를 같이 했다. 둘 다 피곤했지만 내가 기타 코드에서 자꾸 헷갈리자 예진이가 웃으며 직접 손을 잡고 코드를 하나하나 짚어줬다. 그러다 우리가 서로 좋아하는 노래를 찾아 틀어주며 이야기꽃을 피웠다. 예진이가 어릴 적 꿈이 음악 선생님이었다는 걸 그날 처음 알았다. 이렇게 서로의 이야기를 듣다 보니 동아리 덕분에 좋은 친구를 만났다는 사실이 새삼 고마웠다.,동아리방에서 예진이가 나를 도와준 방법은 무엇이었나?,잘 모르겠음,내가 헷갈리는 기타 코드를 직접 손을 잡고 짚어줬다,노래를 같이 부르며 연습했다,연주를 영상으로 찍어서 보여줬다,내가 헷갈리는 기타 코드를 직접 손을 잡고 짚어줬다,2,173
대학생활,같은 동아리 친구와의 우정 이야기,170,"며칠 전 동아리에서 준비하던 발표가 끝난 뒤, 준호와 늦게까지 교내 카페에서 이야기를 나눴다. 처음 만났을 땐 말수가 적어서 어색했지만, 동아리 과제를 같이 준비하면서 점점 가까워졌다. 특히 내가 힘들어할 때 준호가 먼저 말을 걸어주고 도와줬던 게 아직도 기억난다. 이날도 서로 실수담을 털어놓으면서 한참을 웃었고, 다음엔 여행도 함께 가자며 약속했다.",동아리 친구 준호와 발화자가 함께 한 활동으로 올바른 것은?,잘 모르겠음,여행을 다녀왔다,발표 준비를 함께 했다,운동 경기를 같이 했다,여행을 다녀왔다,2,150
대학생활,같은 동아리 친구와의 우정 이야기,170,"최근에 동아리에서 주최한 작은 음악회를 준비하면서 수진이와 더욱 가까워졌다. 둘이서 늦은 밤까지 기타 연습도 하고, 무대 장식도 손수 만들며 여러 번 웃고 실수도 했다. 연습이 끝나고는 학교 앞 분식집에서 떡볶이도 먹으며 서로의 고민을 털어놓았다. 공연 날 무대에서 함께 연주할 때 수진이와 눈을 마주쳤는데, 그 순간 서로에게 힘이 된다는 걸 느꼈다. 이 경험 덕분에 수진이와 우정이 한층 더 깊어진 것 같다.",동아리 활동 중 수진이와 함께 준비한 행사와 관련된 경험으로 알 수 없는 것은?,잘 모르겠음,둘이서 무대 장식을 만들었다.,공연 후 분식집에서 떡볶이를 먹었다.,연주 도중 서로 눈을 마주쳤다.,공연 후 분식집에서 떡볶이를 먹었다.,3,170
대학생활,새내기 시절의 당황스러웠던 순간,170,"처음 대학에 입학하고 며칠 후, 동기들과 점심을 먹으러 식당에 갔는데 주문 방법이 익숙하지 않아 당황했던 기억이 아직도 선명하다. 번호표를 먼저 뽑아야 하는지도 몰랐고, 메뉴 이름도 생소해서 한참을 메뉴판 앞에서 망설였다. 결국 뒤에 서 있던 친구가 도와줘서 무사히 주문을 마칠 수 있었고, 그때부터는 식당 이용이 한결 수월해졌다.",발화자가 대학 식당에서 처음 당황했던 이유로 알맞은 것은 무엇인가요?,잘 모르겠음,번호표 뽑는 법과 메뉴 이름이 익숙하지 않아서,식당이 너무 멀어서,음식이 입에 맞지 않아서,번호표 뽑는 법과 메뉴 이름이 익숙하지 않아서,2,140
대학생활,새내기 시절의 당황스러웠던 순간,170,"수업 끝나고 급하게 강의실을 나서다가 복도에서 선배님을 우연히 만났는데, 그분이 저에게 갑자기 동아리 회식 이야기를 하시며 참석 여부를 물으셨어요. 너무 당황해서 이름조차 제대로 말하지 못하고 고개만 끄덕였던 기억이 아직도 선명해요. 나중에 친구들이랑 그 선배님을 다시 만났을 때, 저는 그때의 어색한 분위기를 떠올리며 괜히 혼자 얼굴이 빨개졌어요.",발화자가 복도에서 우연히 만난 선배님이 물어본 것은 무엇이었나요?,잘 모르겠음,오늘 점심 메뉴,동아리 회식 참석 여부,과제 제출 기한,동아리 회식 참석 여부,3,150
대학생활,새내기 시절의 당황스러웠던 순간,170,"입학한 지 얼마 되지 않았을 때, 동아리 홍보 부스가 쭉 늘어선 복도를 지나가다가 선배 한 분이 갑자기 저를 붙잡고 동아리 지원서를 써달라고 하셨어요. 순간 너무 당황해서 이름이랑 학번을 적다가, 학과를 적는 칸에 습관처럼 고등학교 반 이름을 써버렸어요. 선배가 웃으면서 알려줘서 뒤늦게 정정했는데, 그때 얼굴이 빨개져서 한동안 계속 그 생각만 났던 기억이 나요.",동아리 지원서를 작성할 때 내가 실수로 학과 대신 쓴 것은 무엇이었나요?,잘 모르겠음,학번,고등학교 반 이름,휴대폰 번호,고등학교 반 이름,3,152
대학생활,새내기 시절의 당황스러웠던 순간,170,"첫 학기 동아리 모임에서 모두 자기소개를 하는 시간이 있었는데, 앞사람들이 다들 유쾌하게 농담을 섞어서 분위기를 띄우는 모습을 보고 저도 뭔가 재밌는 말을 해야 할 것 같아서 갑자기 고등학교 때 있었던 엉뚱한 실수를 얘기했어요. 그런데 생각보다 다들 조용해져서, 순간 어색한 침묵이 흘렀고, 저는 그때 너무 당황해서 얼굴이 빨개졌던 기억이 아직도 생생해요.",동아리 첫 모임에서 화자가 당황하게 된 직접적인 이유는 무엇이었나요?,잘 모르겠음,자기소개에서 자신의 이름을 잊어버렸기 때문,자신의 실수담을 말했는데 반응이 조용해서,다른 사람의 이야기를 듣지 않아서,자신의 실수담을 말했는데 반응이 조용해서,3,150
대학생활,하루 종일 도서관에서 공부한 날,170,"도서관에서 긴 시간 집중해서 공부한 건 오랜만이었다. 창가 자리에 앉아있으니 햇살이 쏟아져 들어와 오후가 되어도 졸음이 덜 왔다. 점심은 미리 싸온 샌드위치를 먹었는데, 주변이 조용해서 먹는 소리가 괜히 크게 느껴졌다. 중간에 잠깐 산책도 하고, 커피 자판기에서 따뜻한 아메리카노를 뽑아 마셨다. 해가 질 무렵까지 문제집을 풀고, 집에 돌아오는 길에는 뿌듯함이 느껴졌다.",내가 도서관에서 공부하는 동안 점심으로 먹은 음식은 무엇이었나요?,잘 모르겠음,샌드위치,김밥,컵라면,샌드위치,2,158
대학생활,하루 종일 도서관에서 공부한 날,170,"도서관에서 하루를 보내기로 마음먹은 건 과제가 갑자기 몰려서였다. 점심엔 김밥 한 줄로 간단히 때우고, 오후에는 집중이 떨어질 때마다 물을 조금씩 마시며 졸음을 이겨냈다. 창가에 앉았더니 햇살이 따뜻하게 비쳐서 잠깐 눈을 감기도 했다. 저녁 무렵엔 옆자리 친구가 가져온 초콜릿을 나눠줘서, 덕분에 당이 보충되어 다시 힘을 낼 수 있었다. 집에 돌아갈 땐 뿌듯함과 피곤함이 동시에 밀려왔다.",발화 속에서 화자는 오후에 집중이 떨어질 때 어떻게 했나요?,잘 모르겠음,음악을 들었다,물을 조금씩 마셨다,밖을 산책했다,물을 조금씩 마셨다,3,164
대학생활,하루 종일 도서관에서 공부한 날,170,"도서관에 들어서자마자 창가 자리에 앉아 노트북과 책을 펼쳤다. 점심때쯤엔 김밥 한 줄로 허기를 달랬고, 오후엔 졸음을 쫓으려고 커피를 두 잔이나 마셨다. 저녁이 가까워질수록 집중력이 흐려졌지만, 옆자리에 앉은 친구와 짧게 대화한 뒤 다시 힘을 내어 계획했던 진도를 끝까지 마칠 수 있었다. 집에 돌아오니 생각보다 더 뿌듯했다.",화자는 도서관에서 오후에 졸음을 쫓기 위해 무엇을 했나요?,잘 모르겠음,창문을 열었다,커피를 마셨다,잠시 산책을 했다,커피를 마셨다,3,138
대학생활,하루 종일 도서관에서 공부한 날,170,"도서관 창가 자리에 앉아 오전부터 저녁까지 거의 꼼짝 않고 공부만 했다. 점심은 미리 싸 온 김밥으로 간단히 해결했고, 중간에 친구가 갑자기 찾아와 커피를 사 주고 갔다. 창밖으로 해가 지는 걸 바라보며 잠깐 멍하니 있었는데, 오랜만에 집중한 하루라 그런지 머리는 무거웠지만 뿌듯함이 컸다. 집에 돌아올 때는 지하철에서 깜빡 졸기도 했다.",도서관에서 공부하던 중 친구가 해 준 행동은 무엇이었나요?,잘 모르겠음,김밥을 나눠 먹었다,커피를 사 주고 갔다,책을 빌려줬다,커피를 사 주고 갔다,3,141
대학생활,학교 축제에서의 기억에 남는 경험,170,"며칠 전 교내 축제에서 친구들과 함께 부스를 운영했던 일이 떠오른다. 직접 만든 쿠키를 판매했는데, 예상외로 손님이 많아서 재료가 빨리 떨어졌다. 특히 비가 갑자기 쏟아졌을 때, 우산을 나눠주며 기다리던 손님들과 잠깐 이야기를 나눈 시간이 가장 기억에 남는다. 다들 비를 피하며 쿠키를 먹으며 웃었던 그 순간이 축제의 하이라이트였다.",발화자가 축제에서 가장 기억에 남는 순간은 무엇이었나요?,잘 모르겠음,쿠키를 만들었던 순간,비가 올 때 손님들과 우산을 나누며 이야기를 나눈 순간,축제 무대 공연을 봤던 순간,비가 올 때 손님들과 우산을 나누며 이야기를 나눈 순간,3,141
대학생활,학교 축제에서의 기억에 남는 경험,170,"며칠 전, 친구들과 함께 교내 축제에서 열린 노래자랑 대회에 참가했다. 준비한 곡을 연습하며 긴장했지만, 무대 위에서 친구들과 함께 노래를 부르니 관객들의 환호와 박수 소리에 긴장이 풀렸다. 특히 무대가 끝난 후, 예상치 못하게 동아리 선배들이 꽃다발을 건네주며 응원을 해줘서 정말 감동적이었다. 그날 찍은 사진들을 보며 다시 떠올리니 아직도 마음이 벅차오른다.",노래자랑 대회가 끝난 후에 발화자가 받은 특별한 응원은 무엇이었나요?,잘 모르겠음,선배들이 간식을 사줌,동아리 선배들이 꽃다발을 건네줌,관객들이 함께 무대에 올라옴,동아리 선배들이 꽃다발을 건네줌,3,154
대학생활,학교 축제에서의 기억에 남는 경험,170,"친구들과 함께 캠퍼스 중앙 잔디밭에서 열린 봄 축제에 참석했던 날이 아직도 생생하다. 우연히 진행된 노래자랑에 친구가 갑자기 내 이름을 적어 참가하게 됐는데, 처음엔 무척 당황했지만 무대에 올라가자 생각보다 긴장이 풀렸다. 예상치 못하게 관중들이 박수를 쳐줘서 즐겁게 노래를 마칠 수 있었고, 이후 학교 식당에서 참가자들에게 무료로 제공된 쿠키와 음료를 나눠 먹으며 한참을 웃었던 기억이 난다.",발화자가 학교 축제에서 노래자랑에 참가하게 된 계기는 무엇이었나요?,잘 모르겠음,직접 지원해서,친구가 이름을 적어서,선생님이 추천해서,친구가 이름을 적어서,3,167
대학생활,학교 축제에서의 기억에 남는 경험,170,"친구들과 함께 교내 축제에 갔을 때, 우연히 복면가왕 노래 대회에 참가하게 된 일이 정말 기억에 남는다. 처음엔 망설였지만, 친구들이 응원해줘서 무대에 올라가게 되었다. 마스크를 쓰고 노래를 부르는데 예상외로 많은 학생들이 박수와 환호를 보내줬다. 노래가 끝난 후 무대를 내려오니 모르는 선배가 다가와 노래 정말 잘 들었다며 음료수를 건네줬고, 그 덕분에 용기가 생겨 이후로도 학교 행사에 더 적극적으로 참여하게 됐다.",발화에서 무대가 끝난 후 화자가 받은 선물은 무엇이었나요?,잘 모르겠음,과자,음료수,꽃다발,음료수,3,177
대학생활,동아리 활동 중 가장 재밌었던 순간,170,"지난 학기 동아리에서 직접 기획한 보드게임 대회를 열었던 날이 아직도 생생하다. 친구들과 팀을 짜서 밤늦게까지 전략을 짜고, 예상치 못한 반전이 나올 때마다 모두가 웃음바다가 되었다. 특히 마지막 라운드에서 내가 예상치 못한 카드 한 장으로 승부를 뒤집었을 때, 동아리 선배들이 놀라서 박수를 쳐줬던 기억이 정말 특별했다. 그날 이후로 동아리방에 모이면 다들 그때의 명장면을 얘기하며 다시 한 번 게임을 하자는 얘기가 끊이지 않는다.",발화자가 동아리 활동 중 가장 기억에 남는 순간은 무엇이었나요?,잘 모르겠음,동아리에서 여행을 갔던 날,보드게임 대회를 기획하고 참가해 반전으로 승리했던 날,음악 공연을 했던 날,보드게임 대회를 기획하고 참가해 반전으로 승리했던 날,3,182
대학생활,동아리 활동 중 가장 재밌었던 순간,170,"지난번 동아리에서 야외 합숙을 갔던 기억이 아직도 생생하다. 평소에는 진지하게 토론만 하다가, 그날은 밤에 모두 모여서 모닥불을 피우고 각자 준비한 장기자랑을 했다. 나는 평소에 잘 부르지 않던 트로트 노래를 불러서 예상치 못한 환호를 받았고, 옆에 있던 선배가 갑자기 기타로 반주를 해줘서 분위기가 한층 더 무르익었다. 다들 서로의 새로운 모습을 보면서 웃음이 끊이질 않았다.",동아리 합숙에서 발화자가 예상치 못한 환호를 받게 된 계기는 무엇이었나요?,잘 모르겠음,모닥불을 피웠기 때문,트로트 노래를 불렀기 때문,기타로 반주를 했기 때문,트로트 노래를 불렀기 때문,3,159
대학생활,동아리 활동 중 가장 재밌었던 순간,170,"몇 주 전 동아리에서 MT를 갔을 때, 밤에 모두가 둘러앉아 각자 특기를 뽐내는 시간이 정말 재미있었다. 나는 즉석에서 마술을 보여줬고, 평소 조용하던 선배가 갑자기 랩을 하는 모습에 다들 배꼽을 잡고 웃었다. 그날 밤 늦게까지 이어진 게임과 이야기 덕분에 동아리 친구들과 한층 더 가까워질 수 있었다.",동아리 MT에서 평소 조용하던 선배가 즉석에서 보여준 것은 무엇이었나요?,잘 모르겠음,마술,랩,노래,랩,3,125
대학생활,동아리 활동 중 가장 재밌었던 순간,170,"도서관에서 우연히 만난 동아리 친구들과 즉흥적으로 근처 공원에서 피크닉을 하기로 결정했던 날이 아직도 기억에 남아요. 각자 간식과 음료를 조금씩 챙겨와서 돗자리를 깔고 앉아 이야기를 나누다 보니 어느새 해가 지고 있었죠. 평소에는 잘 알지 못했던 선배의 엉뚱한 유머에 다 같이 웃기도 하고, 갑자기 비가 쏟아져 모두 달려서 대피하는 바람에 더 특별하게 느껴졌던 순간이었어요.",발화자가 동아리 친구들과 즉흥적으로 결정한 활동은 무엇이었나요?,잘 모르겠음,도서관에서 영화 보기,공원에서 피크닉,카페에서 공부 모임,공원에서 피크닉,3,158
대학생활,신입생으로써 첫 학기를 진행하면서 느낀 점,170,"대학교 첫 학기가 시작되자 처음에는 모든 게 낯설고 어색해서 강의실을 잘못 찾아가기도 하고, 동기들에게 먼저 말을 거는 게 쉽지 않았다. 하지만 동아리에서 친해진 친구들과 점점 많은 시간을 보내다 보니, 점심을 함께 먹거나 도서관에서 같이 공부하는 시간이 소중하게 느껴졌다. 특히 조별과제를 하면서 서로를 도우며 자연스럽게 가까워질 수 있었다. 이렇게 새로운 환경에서 적응하는 게 생각보다 어렵지만, 조금씩 익숙해지는 나 자신을 발견할 때마다 뿌듯함을 느꼈다.",신입생이 학교생활에 적응하는 데 도움이 된 가장 큰 계기는 무엇이었나요?,잘 모르겠음,도서관에서 혼자 공부한 경험,동아리 친구들과의 교류,강의실을 잘못 찾아간 일,동아리 친구들과의 교류,3,196
대학생활,신입생으로써 첫 학기를 진행하면서 느낀 점,170,"도서관에서 처음 팀 프로젝트를 준비했던 기억이 생생하다. 조별과제를 위해 모인 자리였지만, 모두 서로 어색해서 처음엔 대화가 거의 없었다. 나도 긴장했지만, 용기 내서 각자 전공을 묻고 공통 관심사를 찾으려고 노력했다. 그때부터 조금씩 분위기가 풀리기 시작했고, 팀원들과 계획을 세우며 협력하는 과정이 생각보다 즐거웠다. 그 경험 덕분에 친구도 사귀고, 자신감도 얻었다. 앞으로도 이런 협업이 많았으면 좋겠다.",발화자가 조별과제 팀원들과 어색한 분위기를 풀기 위해 시도한 것은 무엇이었나요?,잘 모르겠음,각자 좋아하는 음식을 추천했다,각자 전공을 물으며 공통 관심사를 찾으려 했다,조용히 각자 할 일을 했다,각자 전공을 물으며 공통 관심사를 찾으려 했다,3,177
대학생활,신입생으로써 첫 학기를 진행하면서 느낀 점,170,"처음 대학교에 입학해서 강의실을 찾아다니는 일이 생각보다 쉽지 않았다. 특히 건물 이름이 헷갈려서 두 번이나 잘못된 강의실에 들어간 적이 있었다. 덕분에 같은 과 친구와 우연히 마주쳐서 함께 다니게 되었고, 모르는 부분을 서로 알려주며 자연스럽게 가까워졌다. 또 동아리 박람회에 참여해 처음 만난 사람들과 얘기를 나누면서 다양한 활동에 대한 정보를 얻을 수 있었다. 첫 학기는 긴장도 많았지만 새로운 인연과 경험이 생겨 의미 있었다.",내가 강의실을 잘못 찾아간 경험 덕분에 얻게 된 긍정적인 결과는 무엇이었나요?,잘 모르겠음,교수님을 만났다,과 친구와 친해졌다,좋은 점수를 받았다,과 친구와 친해졌다,3,182
대학생활,신입생으로써 첫 학기를 진행하면서 느낀 점,170,"캠퍼스에 처음 발을 들였을 때 낯선 환경에 많이 긴장했지만, 같은 과 동기들과 조별 과제를 하면서 금세 가까워질 수 있었다. 특히 동아리 박람회에서 우연히 만난 선배가 학교 생활에 대해 여러 조언을 해줘서 큰 도움이 됐다. 여전히 강의실을 찾아다닐 때는 헤매지만, 점점 익숙해지는 내 모습에 뿌듯함을 느끼고 있다.",발화자의 대학 생활 적응에 가장 큰 도움이 된 것은 무엇이었나요?,잘 모르겠음,강의실을 찾아다니는 경험,동아리 박람회에서 만난 선배의 조언,조별 과제에서 동기들과 가까워진 것,동아리 박람회에서 만난 선배의 조언,3,130
대학생활,졸업논문 작성 과정에서 겪었던 어려움,170,"며칠 전부터 졸업논문 결론 부분을 작성하는 데 계속 막혀서 답답했다. 자료 조사를 충분히 했다고 생각했지만, 막상 내 주장과 근거를 연결하려니 생각보다 논리 전개가 어색하게 느껴졌다. 지도 교수님께 피드백을 받으니, 내 논지 흐름이 중간에 끊긴다는 지적을 들었다. 결국 나는 논문 전체 구조를 다시 점검하고, 결론 부분의 주요 논지를 한 번 더 정리해보았다. 시간이 더 걸렸지만, 다듬고 나니 이전보다 훨씬 명확해진 느낌이었다.",발화자가 졸업논문 결론을 잘 쓰기 위해 가장 먼저 한 행동은 무엇인가요?,잘 모르겠음,지도 교수님께 피드백을 요청했다.,논문 전체 구조를 다시 점검했다.,자료 조사를 새로 시작했다.,지도 교수님께 피드백을 요청했다.,2,180
대학생활,졸업논문 작성 과정에서 겪었던 어려움,170,"며칠 전부터 졸업논문 마지막 장을 쓰고 있는데, 참고문헌 정리가 생각보다 훨씬 어려웠다. 논문마다 양식이 조금씩 달라서 일일이 확인하고 수정하는 데 예상보다 시간이 많이 걸렸다. 특히 어떤 논문은 저자명이 두 명 이상이라 표기법을 자꾸 헷갈렸다. 지도교수님께서도 참고문헌 오류가 많으면 논문 심사에서 불이익을 받을 수 있다고 하셔서, 더 신경이 쓰였다. 결국 인터넷에서 다양한 참고문헌 예시를 찾아보고, 친구와 서로 검토해 주면서 겨우 오류를 줄일 수 있었다.",작성자가 졸업논문을 마무리하면서 특히 어려움을 느꼈던 부분은 무엇이었나요?,잘 모르겠음,실험 결과 정리,참고문헌 표기와 정리,주제 선정,참고문헌 표기와 정리,3,195
대학생활,졸업논문 작성 과정에서 겪었던 어려움,170,"졸업논문을 쓰면서 자료조사가 생각보다 훨씬 힘들다는 걸 실감했다. 원하는 논문을 찾으려고 도서관과 온라인 데이터베이스를 계속 오가야 했고, 한 번은 찾았던 논문이 유료라서 친구에게 도움을 청하기도 했다. 그리고 초안 피드백을 받았을 때는 예상보다 수정할 부분이 많아서 잠깐 자신감이 떨어지기도 했다. 하지만 지도교수님이 작은 진전에도 격려해주셔서 다시 힘을 내서 완성할 수 있었다.",발화자가 논문 자료를 찾다가 겪은 문제는 무엇이었나요?,잘 모르겠음,자료가 모두 영어로 되어 있어서,유료 논문이 있어서 친구의 도움을 받음,도서관이 문을 닫아서 자료를 못 구함,유료 논문이 있어서 친구의 도움을 받음,3,164
대학생활,졸업논문 작성 과정에서 겪었던 어려움,170,"며칠 전부터 졸업논문 마지막 장을 쓰고 있는데, 결론 부분에서 생각이 잘 정리되지 않아 한참을 모니터 앞에 앉아 있었다. 여러 자료를 참고해도 내 의견을 어떻게 녹여낼지 막막했다. 지도교수님께 메일로 질문을 드렸더니, 너무 어렵게만 쓰려고 하지 말고 내 경험을 바탕으로 솔직하게 풀어보라는 답장이 왔다. 그 조언 덕분에 한 문장씩 차근차근 써 내려갈 수 있었다.",발화자가 졸업논문 결론 부분을 작성하면서 가장 큰 어려움을 느꼈던 점은 무엇이었나요?,잘 모르겠음,자료를 찾지 못한 것,의견을 어떻게 녹여낼지 몰랐던 것,문법 실수 때문에 고생한 것,의견을 어떻게 녹여낼지 몰랐던 것,3,151
대학생활,첫 야간 도서관에서의 공부 경험,170,"며칠 전 처음으로 도서관에서 밤늦게까지 공부를 해보았다. 평소엔 집에서만 공부했지만 과제 마감이 코앞이라 어쩔 수 없이 도서관에 남았다. 창밖으로는 조용히 비가 내렸고, 주변엔 같은 처지의 학생들이 띄엄띄엄 앉아 있었다. 새벽 2시쯤 커피 자판기에서 따뜻한 커피를 뽑아 잠시 쉬었는데, 그때 같은 수업을 듣는 친구를 우연히 마주쳐 서로의 고생을 위로하며 잠깐 이야기를 나눴다. 피곤했지만, 혼자가 아니라는 느낌에 조금은 힘이 났다.","도서관에서 공부하던 중 잠시 휴식을 취할 때, 발화자는 무엇을 하였는가?",잘 모르겠음,창밖을 바라보며 음악을 들었다,자판기에서 커피를 뽑았다,친구와 도서관을 떠났다,자판기에서 커피를 뽑았다,3,184
대학생활,첫 야간 도서관에서의 공부 경험,170,"늦은 밤, 캠퍼스 도서관에서 처음으로 혼자 남아 공부했다. 창밖에 비가 부슬부슬 내리고 있어서 조용한 분위기가 더 깊게 느껴졌다. 책상 위에 커피 한 잔을 올려두고, 친구가 빌려준 형광펜으로 강의 노트를 정리했다. 평소보다 집중이 잘 돼서 계획했던 것보다 더 많은 양을 끝낼 수 있었다. 새벽 2시쯤 되자 같은 과 후배가 갑자기 나타나서 같이 간식을 나눠 먹기도 했다. 이런 색다른 경험 덕분에 공부에 대한 자신감도 조금은 생긴 것 같다.","도서관에서 공부하던 중, 내가 책상 위에 올려둔 것은 무엇이었나?",잘 모르겠음,핸드폰,커피,과자,커피,3,180
대학생활,첫 야간 도서관에서의 공부 경험,170,"한밤중이 가까워질 무렵 처음으로 도서관에서 공부를 해봤다. 평소엔 저녁이 되면 집에 가기 바빴는데, 오늘은 과제 마감이 코앞이라 도서관 불빛 아래에서 자리를 잡았다. 처음엔 조용한 분위기에 집중이 잘 될까 걱정했지만, 주변에서 각자 공부에 몰두하는 모습이 오히려 자극이 되었다. 졸릴 때마다 창밖을 바라보며 잠깐씩 쉬었고, 커피 한 잔으로 버텼더니 새벽까지 꽤 많은 분량을 끝낼 수 있었다.",발화자가 야간 도서관에서 공부할 때 졸릴 때 한 행동은 무엇이었나요?,잘 모르겠음,다른 사람과 대화를 했다,창밖을 바라보며 잠깐씩 쉬었다,음악을 들었다,창밖을 바라보며 잠깐씩 쉬었다,3,165
대학생활,첫 야간 도서관에서의 공부 경험,170,"도서관이 평소보다 늦게까지 열리는 날이라 처음으로 야간 자습을 해보았다. 평소와 달리 조용한 분위기 속에서 노트북 타자 소리만 들려 집중이 더 잘됐다. 덕분에 미뤄두었던 전공 과제도 거의 끝낼 수 있었고, 간식으로 챙겨온 초콜릿도 밤에 먹으니 유난히 맛있었다. 늦은 시간에 나올 때는 같은 과 동기가 우연히 함께 나가자고 해서 집까지 같이 걸었는데, 덕분에 귀가길도 심심하지 않았다.",발화자가 야간 도서관에서 공부할 때 간식으로 먹은 것은 무엇이었나요?,잘 모르겠음,초콜릿,샌드위치,귤,초콜릿,2,161
대학생활,최애 과목과 그 이유,170,"이번 학기에는 다양한 과목을 들었지만 그중에서도 사회심리학 수업이 가장 기억에 남는다. 교수님께서 실제 사례를 바탕으로 강의해 주셔서 이론이 쉽게 와 닿았고, 팀 프로젝트를 하면서 조원들과 자연스럽게 친해질 수 있었다. 특히 마지막 발표를 준비할 때는 서로 역할을 나누고 자료를 찾아보며 협력하는 과정이 재미있었다. 이 수업 덕분에 평소 내성적인 내가 조원들과 더 가까워질 수 있었고, 심리학에 대한 흥미도 더욱 커졌다.",내가 이번 학기에 가장 기억에 남는 과목은 무엇이었나요?,잘 모르겠음,현대문학,사회심리학,통계학,사회심리학,3,178
대학생활,최애 과목과 그 이유,170,"요즘 내가 가장 기다려지는 수업은 심리학 개론이다. 처음엔 교양으로 신청했는데, 교수님께서 다양한 실험 사례를 이야기해 주셔서 너무 흥미롭게 듣게 됐다. 지난주에는 직접 간단한 기억력 실험도 해보고, 조별로 결과를 발표하는 시간이 있었다. 평소에는 잘 몰랐던 친구들의 독특한 사고방식이나 감정 표현도 알게 돼서, 매주 수업이 끝나면 새로운 시각을 얻는 기분이다.",내가 최근 가장 흥미롭게 듣는 과목에서 지난주에 조별로 진행한 활동은 무엇이었나?,잘 모르겠음,심리학 논문 읽기,기억력 실험 결과 발표,독서 토론,심리학 논문 읽기,2,155
대학생활,최애 과목과 그 이유,170,"친구들과 점심을 먹고 난 뒤 들었던 문예창작 수업이 기억에 남는다. 교수님이 매번 흥미로운 글쓰기 과제를 내주셔서 내 생각을 자유롭게 표현할 수 있었다. 특히 지난주에는 소설의 결말을 새롭게 바꿔보라는 과제가 나왔는데, 내 상상력을 마음껏 펼칠 수 있어서 정말 재미있었다. 수업이 끝나고 조별로 서로의 작품을 읽고 의견을 나누는 시간도 유익했다. 그래서 문예창작 수업이 내 대학생활에서 가장 기다려지는 과목이 되었다.",화자가 문예창작 수업에서 인상 깊었던 과제는 무엇이었나요?,잘 모르겠음,소설의 배경 묘사하기,소설의 결말을 새롭게 바꿔보기,시를 쓰기,소설의 결말을 새롭게 바꿔보기,3,177
대학생활,최애 과목과 그 이유,170,"지난 학기 중간고사가 끝난 후, 친구들과 점심을 먹다가 서로 좋아하는 과목에 대해 이야기하게 되었다. 나는 환경과학 수업이 가장 재미있다고 말했는데, 강의실 창밖으로 캠퍼스 나무를 관찰하면서 배운 내용을 실제로 적용해볼 수 있어 기억에 오래 남았다. 특히 토양 샘플을 직접 채취해 분석하는 실습이 신선하고 흥미로웠고, 교수님이 실생활 예시를 자주 들어주셔서 복잡한 개념도 이해가 쉬웠다.",내가 가장 좋아하는 과목이 재미있었던 이유로 언급하지 않은 것은 무엇인가요?,잘 모르겠음,실습을 통해 직접 경험할 수 있어서,교수님이 실생활 예시를 들어 설명해주셔서,수업시간에 팀 프로젝트를 많이 해서,수업시간에 팀 프로젝트를 많이 해서,4,165
여행 경험,대학생활과 학과 공부에 대한 이야기,170,지난달 동기들과 함께 전공 관련 학회에 참가하기 위해 부산에 다녀왔다. 강의실에서 배우던 이론을 실제로 연구하는 분들의 발표를 직접 들으니 전공 공부에 대한 흥미가 더욱 커졌다. 발표를 들은 후에는 교수님과 함께 근처 해운대 해수욕장을 산책하며 학과에서 배운 내용을 실생활과 연결해서 이야기 나누기도 했다. 그날 저녁에는 모두 함께 바닷가 근처 작은 식당에서 회를 먹으며 각자 느낀 점을 공유했다.,부산 학회에서 발표를 들은 후 동기들과 교수님은 어떤 활동을 했는가?,잘 모르겠음,근처 박물관을 방문했다,해운대 해수욕장을 산책했다,영화관에서 영화를 봤다,해운대 해수욕장을 산책했다,3,167
여행 경험,대학생활과 학과 공부에 대한 이야기,170,"지난 학기에는 전공 수업 때문에 도서관에서 보내는 시간이 많았는데, 시험 기간에는 친구들과 밤새워 공부하면서 서로 문제를 내주기도 했다. 특히 민지랑 경제학 과목 과제를 같이 하다 보니 자연스럽게 친해져서, 과제 끝난 후에는 학교 근처 분식집에서 떡볶이 먹으면서 스트레스를 풀었던 기억이 남는다. 그때 민지가 추천해준 오뎅국물이 정말 맛있었다.",시험 기간에 발화자가 친구들과 함께 했던 활동은 무엇이었나요?,잘 모르겠음,학교 근처 공원 산책,문제 내주며 함께 공부,영화관에서 영화 관람,문제 내주며 함께 공부,3,147
여행 경험,대학생활과 학과 공부에 대한 이야기,170,"지난달 중간고사가 끝난 직후, 동기들과 함께 기차를 타고 속초로 떠났던 기억이 떠오른다. 바닷가 근처 게스트하우스에서 하룻밤을 보내며 각자 전공 이야기로 밤새 대화를 나누었다. 나는 생명과학과 실험실에서 겪은 실수담을 털어놓았고, 친구는 경제학 수업에서 팀 프로젝트 때문에 고생한 에피소드를 이야기했다. 그날 새벽 바닷바람을 맞으며 함께 걷던 순간이 지금도 생생하다.",발화에서 생명과학과 학생이 친구들과 대화할 때 주로 이야기한 내용은 무엇이었나요?,잘 모르겠음,실험실에서의 실수담,경제학 수업의 프로젝트,여행 중 맛집 추천,실험실에서의 실수담,2,159
여행 경험,대학생활과 학과 공부에 대한 이야기,170,"도서관에서 조용히 책을 읽다가 갑자기 학과 동기가 찾아와서 이번 학기 전공 수업 과제에 대해 물어봤다. 처음에는 어려울 거라고 생각했지만, 지난 주 교수님께 직접 질문하며 해결 방법을 찾았던 기억이 떠올랐다. 내 경험을 바탕으로 차근차근 설명해주자 동기도 금세 이해하는 듯 보였고, 덕분에 둘이 함께 남은 과제까지 마무리할 수 있었다. 이런 작은 협력이 대학생활을 더 의미 있게 만들어주는 것 같다.",화자는 학과 동기에게 어떤 방식으로 과제 해결을 도와줬나요?,잘 모르겠음,과제 자료를 대신 찾아줌,자신의 경험을 바탕으로 설명해줌,함께 강의실을 청소함,자신의 경험을 바탕으로 설명해줌,3,167
여행 경험,여행에서 겪은 위기와 그 해결 방법,170,"며칠 전 친구와 함께 산골 마을을 여행하다가 갑자기 휴대폰 신호가 완전히 끊겨 길을 잃은 적이 있다. 당황했지만 지나가는 마을 어르신께 도움을 청해 손짓과 간단한 영어, 그리고 지도를 보여드리며 길을 물었다. 덕분에 친절하게 마을 버스 정류장까지 안내받아 무사히 목적지에 도착할 수 있었다. 이번 경험 덕분에 예상치 못한 상황에서도 현지인에게 적극적으로 도움을 구하는 것이 얼마나 중요한지 깨달았다.",길을 잃은 후 발화자가 마을 어르신에게 도움을 요청할 때 사용한 방법은 무엇이었나요?,잘 모르겠음,종이 쪽지에 글을 써서 전달했다,휴대폰 번역 앱만 사용했다,"손짓, 간단한 영어, 그리고 지도를 보여주며 의사소통했다","손짓, 간단한 영어, 그리고 지도를 보여주며 의사소통했다",4,169
여행 경험,여행에서 겪은 위기와 그 해결 방법,170,"며칠 전 친구들과 부산에 여행을 갔을 때였다. 해운대 해변에서 갑자기 소나기가 쏟아지기 시작했는데, 우산도 없고 근처에 마땅히 피할 곳도 없어서 모두 당황했다. 순간 근처에 있던 작은 카페로 뛰어들었고, 사장님께서 친절하게 우산을 빌려주셔서 무사히 숙소까지 돌아올 수 있었다. 예상치 못한 위기였지만, 현지인의 도움으로 오히려 따뜻한 추억이 되었다.","부산 여행 중 갑자기 소나기가 내렸을 때, 화자는 어디에서 비를 피했나요?",잘 모르겠음,마트,작은 카페,지하철역,작은 카페,3,150
여행 경험,여행에서 겪은 위기와 그 해결 방법,170,"며칠 전 친구와 함께 부산으로 여행을 갔을 때 일이었다. 지하철을 타고 해운대로 가던 중 갑자기 휴대폰 배터리가 모두 방전되어 길 안내를 받을 수 없었다. 순간 당황했지만, 근처에 있는 카페에 들어가 사장님께 사정을 설명하고 충전기를 빌렸다. 기다리는 동안 커피 한 잔을 마시며 부산에 대해 이런저런 이야기를 들을 수 있었고, 덕분에 예정에 없던 현지인 추천 맛집도 알게 되었다.",휴대폰 배터리가 모두 방전된 상황에서 발화자는 어떻게 문제를 해결했는가?,잘 모르겠음,근처 편의점에서 새 휴대폰을 샀다.,카페에서 충전기를 빌려 충전했다.,친구의 휴대폰을 빌렸다.,카페에서 충전기를 빌려 충전했다.,3,157
여행 경험,여행에서 겪은 위기와 그 해결 방법,170,"몇 년 전 혼자 부산에 여행을 갔을 때였다. 해운대 해수욕장에서 갑자기 비가 쏟아져 근처 카페로 황급히 피신했는데, 그때 지갑이 없어진 걸 알았다. 처음엔 너무 당황했지만, 침착하게 휴대폰으로 카드 분실 신고를 하고, 숙소 직원에게 도움을 요청해 근처 경찰서에 분실 신고도 했다. 다행히 한 시간쯤 뒤 카페 직원이 주운 지갑을 돌려줘서 모든 게 잘 해결됐다.","부산 여행 중 지갑이 사라졌을 때, 내가 가장 먼저 한 일은 무엇이었나요?",잘 모르겠음,숙소 직원에게 바로 연락했다,카페에서 음료를 시켰다,휴대폰으로 카드 분실 신고를 했다,휴대폰으로 카드 분실 신고를 했다,4,148
여행 경험,여행을 결정하게 된 배경과 준비 과정,170,"며칠 전 친구와 통화를 하다가 서로 바쁜 일상에 지쳤다는 이야기가 나왔어요. 그래서 즉흥적으로 둘이서 짧은 여행을 가보기로 했죠. 예전에는 여행지를 미리 꼼꼼하게 조사했지만 이번엔 그냥 가보고 싶은 곳을 골라 무작정 떠나기로 했어요. 필요한 짐은 간단히 챙기기로 하고, 숙소도 도착해서 직접 찾아보기로 했답니다. 평소에는 계획대로 움직이는 걸 선호하지만, 이번만큼은 자유롭게 즉흥적으로 움직이고 싶은 마음이 컸던 것 같아요.",이번 여행 준비에서 평소와 달라진 점은 무엇이었나요?,잘 모르겠음,여행지에서 맛집을 예약했다,짐을 평소보다 많이 챙겼다,여행 계획 없이 즉흥적으로 움직였다,여행 계획 없이 즉흥적으로 움직였다,4,182
여행 경험,여행을 결정하게 된 배경과 준비 과정,170,"며칠 전 친구와 통화하다가 서로 바쁘다는 핑계로 오랫동안 여행을 가지 못했다는 사실을 깨달았어요. 그래서 갑작스럽게 짧은 국내 여행을 떠나기로 했죠. 평소에는 미리 계획을 세우는 편이지만 이번에는 즉흥적으로 날짜를 정하고, 숙소와 교통편을 그날 저녁에 급히 예약했어요. 여행 가방도 전날 밤에야 꾸렸고, 필요한 물건을 챙기는 과정에서 평소보다 덜 꼼꼼해 조금 불안했지만, 오랜만에 느끼는 설렘이 더 컸던 것 같아요.",발화자가 이번 여행을 준비하면서 느낀 감정으로 가장 적절한 것은 무엇인가요?,잘 모르겠음,계획이 완벽해 뿌듯함,여유로움과 안정감,설렘과 약간의 불안,설렘과 약간의 불안,4,177
여행 경험,여행을 결정하게 된 배경과 준비 과정,170,"며칠 전 친구에게서 갑자기 연락이 와서, 다음 달에 제주도로 짧은 여행을 같이 가자는 제안을 받았다. 평소 바쁜 일상에 지쳐 있던 터라 망설임 없이 동의했다. 숙소와 비행기표는 친구가 담당하고, 나는 렌터카 예약과 여행 일정 짜기를 맡기로 했다. 인터넷으로 제주 맛집과 가볼 만한 곳들을 찾아보며, 코스를 세분화하고 지도에 표시했다. 짐은 최대한 가볍게 챙기기로 했고, 사진을 많이 찍고 싶어서 카메라 배터리도 미리 충전해 두었다.",발화자의 친구가 맡은 역할은 무엇이었나요?,잘 모르겠음,렌터카 예약과 여행 일정 짜기,숙소와 비행기표 예약,맛집 조사와 지도 표시,숙소와 비행기표 예약,3,181
여행 경험,여행을 결정하게 된 배경과 준비 과정,170,"며칠 전 친구가 갑자기 연락해서 제주도에 같이 가자고 제안했다. 평소엔 즉흥적인 여행을 별로 좋아하지 않지만, 이번에는 평소보다 마음이 답답해서 용기를 내기로 했다. 항공권과 숙소는 친구가 빠르게 예약했고, 나는 여행 일정표를 만들면서 맛집과 카페 정보를 모았다. 특히 바다 근처에 있는 작은 펜션을 고르는 데 신경을 많이 썼고, 짐은 최대한 가볍게 꾸리려고 노력했다.",발화자의 여행 준비 과정에서 특별히 신경 쓴 부분은 무엇이었나요?,잘 모르겠음,항공권 가격 비교,맛집 예약,바다 근처 펜션 선택,바다 근처 펜션 선택,4,156
여행 경험,여행이 끝나고 느낀 감정과 변화,170,"며칠 전 다녀온 제주도 여행이 자꾸 생각난다. 평소에는 휴대폰만 보며 시간을 보내곤 했는데, 그곳에서는 바다를 바라보며 아무 생각 없이 걷는 시간이 많았다. 돌아와서도 그때의 여유로움이 자꾸 떠올라서, 요즘은 집 근처 공원을 일부러 산책하고 있다. 예전엔 빨리빨리 움직여야 직성이 풀렸는데, 이제는 잠시 멈춰서 주위를 둘러보는 여유가 생긴 것 같다. 짧은 여행이 내 일상에 이런 변화를 줄지 몰랐다.","제주도 여행을 다녀온 후, 발화자가 새롭게 생긴 습관은 무엇인가요?",잘 모르겠음,집에서 책 읽기,공원에서 산책하기,친구와 통화하기,공원에서 산책하기,3,168
여행 경험,여행이 끝나고 느낀 감정과 변화,170,"몇 주 전 긴 여행을 마치고 집에 돌아왔을 때, 집안 곳곳에서 익숙한 냄새가 퍼져 있는 것이 새삼스럽게 느껴졌다. 여행지에서는 모든 것이 새로워서 매일이 자극적이었지만, 돌아와 보니 일상 속의 평범함이 오히려 큰 위로가 된다는 걸 알게 되었다. 여행을 통해 다양한 사람들과 대화하며 내 생각이 넓어졌고, 무엇보다 사소한 일상에도 감사하는 마음을 갖게 된 것 같다.","여행을 다녀온 후, 발화자가 새롭게 느낀 감정은 무엇이었나요?",잘 모르겠음,여행지의 음식이 그리워짐,일상의 평범함에 대한 위로와 감사,새로운 도시로 이사하고 싶어짐,일상의 평범함에 대한 위로와 감사,3,151
여행 경험,여행이 끝나고 느낀 감정과 변화,170,"며칠간의 제주도 여행을 마치고 집으로 돌아왔을 때 평소와는 다른 감정이 느껴졌다. 바닷가를 걷던 순간들이 머릿속에 선명하게 남아 있었고, 그곳에서 만난 따뜻한 사람들과의 대화가 자꾸 떠올랐다. 덕분에 이전에는 별로 생각하지 않았던 일상의 소중함을 새삼 느끼게 되었고, 앞으로는 더 감사한 마음으로 하루하루를 보내고 싶다는 다짐도 하게 되었다.",여행을 다녀온 후 내가 새롭게 다짐하게 된 것은 무엇이었나요?,잘 모르겠음,바닷가에서 수영을 배우기,일상의 소중함을 감사하는 마음으로 살기,다음에는 혼자 여행을 가기,일상의 소중함을 감사하는 마음으로 살기,3,147
여행 경험,여행이 끝나고 느낀 감정과 변화,170,"며칠 전 집에 돌아왔을 때, 짐을 풀면서 여행지에서 만난 사람들과 나눴던 대화들이 자꾸 떠올랐다. 특히 작은 카페에서 현지인과 나눴던 따뜻한 미소와 조언들이 오랫동안 마음에 남았다. 여행을 다녀오기 전엔 낯선 곳에서 말도 잘 안 통하고 실수할까봐 두려웠지만, 이제는 새로운 환경에 스스로 더 잘 적응할 수 있을 것 같다는 자신감이 생겼다. 예전보다 사람들에게 먼저 인사하고 다가가는 게 덜 어색해진 느낌이다.",여행 후에 작성자가 느낀 가장 큰 변화는 무엇인가요?,잘 모르겠음,집에서 짐을 푸는 속도가 빨라졌다,새로운 환경에 적응하는 자신감이 생겼다,현지인과 대화하는 것을 두려워하게 되었다,새로운 환경에 적응하는 자신감이 생겼다,3,171
여행 경험,친구와 함께한 재미있는 에피소드,170,"며칠 전, 친구와 부산에 놀러 갔다가 해운대 근처 작은 횟집을 발견했다. 메뉴판을 보며 신나게 주문했는데, 친구가 회 대신 실수로 생선국을 시켰다. 처음엔 둘 다 당황했지만, 막상 한입 먹어보니 의외로 진한 국물 맛에 푹 빠졌다. 덕분에 계획에도 없던 국밥집 투어까지 하게 되어 웃음이 끊이지 않았다. 그날 사진을 보며 아직도 서로 놀리곤 한다.",부산 여행 중 친구와 실수로 무엇을 주문했나요?,잘 모르겠음,회,생선국,떡볶이,생선국,3,143
여행 경험,친구와 함께한 재미있는 에피소드,170,"몇 달 전 친구 민수와 전주로 여행을 다녀왔다. 한옥마을에서 전통 의상을 빌려 입고 사진을 찍었는데, 갑자기 민수의 모자가 바람에 날아가 연못에 빠져버렸다. 민수는 당황했지만, 옆에 계시던 아주머니가 건져주셔서 모두 크게 웃었다. 그날 이후 민수는 그 모자를 ‘행운의 모자’라고 부르며 어디든 꼭 쓰고 다닌다.",여행 중 민수의 모자가 어떻게 되었는가?,잘 모르겠음,길거리에서 잃어버렸다,바람에 날아가 연못에 빠졌다,카페에 두고 나왔다,바람에 날아가 연못에 빠졌다,3,131
여행 경험,친구와 함께한 재미있는 에피소드,170,"며칠 전 친구와 기차를 타고 부산에 놀러 갔을 때 일이다. 해운대에서 바닷바람을 맞으며 산책하던 중 갑자기 친구가 신발에 모래가 너무 많이 들어갔다며 신발을 벗어 흔들기 시작했다. 그런데 그 순간 바람이 세차게 불어서, 친구가 털어낸 모래가 내 얼굴에 와르르 쏟아졌다. 우리 둘 다 그 모습을 보고 한참을 웃다가, 근처 카페에 들어가 얼굴을 씻고 다시 산책을 이어갔다.",부산 해운대에서 친구가 신발을 털다가 생긴 일로 맞는 것은 무엇인가요?,잘 모르겠음,친구가 신발을 잃어버렸다.,모래가 내 얼굴에 쏟아졌다.,갑자기 비가 내렸다.,모래가 내 얼굴에 쏟아졌다.,3,152
여행 경험,친구와 함께한 재미있는 에피소드,170,"지난달에 친구 민수와 부산으로 여행을 갔을 때 일이야. 해운대 해변 근처에서 자전거를 빌렸는데, 민수가 처음 타보는 전기자전거라 계속 속도 조절을 못해서 엉뚱하게 골목으로 들어가버렸지. 나는 당황해서 뒤따라가다가 그만 길을 잘못 들어 바다와는 전혀 상관없는 작은 시장 골목에 도착했어. 덕분에 예쁜 수제 어묵 가게를 우연히 발견해서, 계획에 없던 어묵 시식도 하고 사진도 잔뜩 찍었지. 예상치 못한 해프닝 덕분에 더 즐거운 추억이 남은 하루였어.",친구와의 부산 여행 중 예상치 못하게 방문하게 된 장소에서 어떤 음식을 맛보게 되었나요?,잘 모르겠음,붕어빵,수제 어묵,떡볶이,붕어빵,2,188
취미생활,독특한 취미를 가지게 된 계기,170,"우연히 친구와 함께 골목길을 걷다가 벽에 붙어 있는 작은 전단지를 봤는데, 그게 바로 도자기 공방 체험 안내문이었어요. 평소에 손으로 무언가 만드는 걸 좋아하긴 했지만 도자기는 한 번도 시도해 본 적이 없었거든요. 호기심이 생겨 친구랑 바로 신청했고, 첫 수업에서 흙을 만지는 그 촉감에 완전히 매료됐어요. 나만의 컵을 만들면서 스트레스도 풀리고, 완성된 작품을 볼 때마다 뿌듯함이 커져서 그 뒤로 도자기 만들기가 저만의 독특한 취미가 되었답니다.",화자가 도자기 공방 체험을 신청하게 된 직접적인 계기는 무엇이었나요?,잘 모르겠음,친구가 추천해서,골목길에서 전단지를 보고 호기심이 생겨서,인터넷에서 정보를 찾다가 우연히 알게 되어,골목길에서 전단지를 보고 호기심이 생겨서,3,188
취미생활,독특한 취미를 가지게 된 계기,170,"몇 달 전 친구 집에 놀러갔다가 우연히 미니어처 하우스를 만드는 모습을 처음 보게 되었어. 작은 가구 하나하나를 직접 손으로 조립하고 색칠하는 과정이 신기해 보여서, 집에 돌아오자마자 인터넷으로 초보자용 미니어처 키트를 주문했지. 첫 작품은 서툴렀지만, 완성된 작은 방을 불빛 아래에서 바라볼 때마다 마음이 뿌듯해졌고, 그때부터 시간이 날 때마다 새로운 미니어처를 만드는 게 내 취미가 되었어.",내가 미니어처 하우스 만들기에 관심을 갖게 된 계기는 무엇이었나요?,잘 모르겠음,책에서 우연히 관련 사진을 봐서,친구 집에서 만드는 모습을 보고,미니어처 전시회에 다녀와서,친구 집에서 만드는 모습을 보고,3,167
취미생활,독특한 취미를 가지게 된 계기,170,친구와 우연히 길을 걷다가 골목 안 작은 공방에서 유리 공예 체험을 알게 되었어요. 별다른 계획 없이 들어갔다가 투명한 유리 조각들이 불에 녹아 다양한 형태로 변하는 모습에 완전히 매료되었죠. 처음 만든 유리 팬던트는 삐뚤빼뚤했지만 손끝에 집중하며 작품을 완성하는 경험이 너무 특별했어요. 그날 이후로 주말마다 새로운 디자인을 구상하며 유리 공예에 푹 빠져 있습니다.,유리 공예를 처음 접한 계기는 무엇이었나요?,잘 모르겠음,잡지에서 보고 관심이 생겨서,친구와 산책하다가 우연히 공방을 발견해서,학교 수업 중 체험활동으로 참가해서,친구와 산책하다가 우연히 공방을 발견해서,3,155
취미생활,독특한 취미를 가지게 된 계기,170,"며칠 전 우연히 친구 집에 들렀다가 벽에 걸린 수제 드림캐처를 보고 한참을 감탄했던 기억이 난다. 친구가 직접 만든 것이라고 해서, 만드는 방법을 배워보기로 했다. 처음에는 실을 엮는 게 쉽지 않아 실수도 많이 했지만, 복잡한 무늬가 점점 완성될수록 이상하게 마음이 차분해졌다. 집중하다 보니 잡생각도 줄고 성취감도 느낄 수 있었다. 그렇게 매일 조금씩 만들다 보니 이제는 내가 만든 드림캐처가 집 안 곳곳을 장식하고 있다.",발화자의 친구 집에서 벽에 걸려 있었던 물건은 무엇이었나요?,잘 모르겠음,수제 드림캐처,직접 짠 스웨터,그림 액자,수제 드림캐처,2,176
취미생활,취미를 통해 배운 것과 느낀 점,170,"몇 달 전부터 수채화 그리기를 취미로 시작했는데, 처음에는 물과 물감의 비율을 맞추는 게 쉽지 않아서 종이를 여러 장 망치기도 했다. 하지만 실패를 반복하면서 색이 번지는 느낌과 투명함을 조절하는 요령을 조금씩 익힐 수 있었다. 완벽하게 그리려고 집착하기보다는 실수를 자연스럽게 받아들이는 마음가짐이 중요하다는 걸 이 취미를 통해 배웠다.",발화자가 수채화 그리기를 통해 가장 중요하다고 느낀 마음가짐은 무엇인가요?,잘 모르겠음,모든 색을 진하게 칠하는 것,실수를 자연스럽게 받아들이는 것,최대한 빨리 완성하는 것,실수를 자연스럽게 받아들이는 것,3,144
취미생활,취미를 통해 배운 것과 느낀 점,170,"최근에 도자기 공예를 배우기 시작하면서 처음엔 손이 자꾸 미끄러져서 작은 컵 하나 만드는 데에도 시간이 오래 걸렸다. 그래도 선생님이 천천히 손의 힘을 빼라고 조언해주셔서, 점차 흙의 온도와 촉감을 느끼며 집중할 수 있게 되었다. 완성된 컵을 집에 가져와 가족에게 보여줬을 때 뿌듯함이 컸고, 실수를 해도 포기하지 않는 인내심이 내게 생겼다는 점이 가장 큰 변화였다.",도자기 공예를 하며 작성자가 가장 크게 느낀 변화는 무엇이었나요?,잘 모르겠음,손재주가 늘어난 것,인내심이 생긴 것,색을 고르는 감각이 좋아진 것,인내심이 생긴 것,3,153
취미생활,취미를 통해 배운 것과 느낀 점,170,"친구의 추천으로 도자기 공방에 처음 가봤다. 손에 흙을 만지는 감각이 낯설기도 했지만, 시간이 지날수록 점점 마음이 차분해지는 느낌이었다. 처음 만든 컵은 모양이 엉성해서 살짝 실망했지만, 완성된 작품을 보니 뿌듯함이 컸다. 실수를 하더라도 천천히 과정을 즐기는 것이 중요하다는 걸 배웠고, 예쁘지 않아도 내가 만든 것에는 애정이 생겼다.",발화자가 도자기 공방에서 처음 만든 작품은 무엇이었나요?,잘 모르겠음,접시,컵,화분,컵,3,144
취미생활,취미를 통해 배운 것과 느낀 점,170,"사진 동호회에 가입한 뒤로 매주 일요일마다 회원들과 함께 근교로 출사를 다니고 있다. 예전에는 풍경을 그냥 스쳐 지나쳤지만, 요즘은 나뭇잎에 맺힌 이슬이나 구름의 움직임까지도 세심하게 관찰하게 된다. 사진을 찍으려면 주변을 더 주의 깊게 바라봐야 하고, 빛의 변화에도 민감해지는 것 같다. 이런 경험을 통해 사소한 것에서 아름다움을 찾는 법을 배웠고, 일상에서 더 많은 감동을 느끼게 되었다.",사진 동호회 활동을 하면서 내가 변화한 점으로 언급하지 않은 것은 무엇인가요?,잘 모르겠음,빛의 변화에 민감해진 점,사소한 것에서 아름다움을 찾는 법을 배운 점,사진 장비를 직접 수리하게 된 점,사진 장비를 직접 수리하게 된 점,4,166
취미생활,취미생활 중 만난 특별한 사람들,170,"주말마다 다니는 도예 공방에서 늘 조용히 작업만 하던 분이 어느 날 저에게 다가와서 자신이 만든 머그잔을 선물해주셨어요. 그분은 평소 말이 없지만, 작품에 담긴 따뜻함이 느껴졌어요. 그날 이후로 우리는 각자 만든 도자기에 대해 이야기하며 자연스럽게 가까워졌고, 서로의 작업 방식도 공유하게 되었죠. 특히 그분이 도자기에 새기는 작은 무늬에 얽힌 이야기를 듣고 감동받았던 기억이 아직도 남아있어요.",도예 공방에서 화자가 감동받은 특별한 점은 무엇이었나요?,잘 모르겠음,머그잔의 색깔,도자기에 새기는 무늬에 얽힌 이야기,공방의 위치,도자기에 새기는 무늬에 얽힌 이야기,3,169
취미생활,취미생활 중 만난 특별한 사람들,170,"지난달에 수채화 동호회에 처음 나갔을 때, 우연히 제 옆자리에 앉은 분이 자신이 어릴 때부터 그림을 그려왔다며 조심스럽게 스케치북을 보여주셨어요. 섬세하게 그려진 풍경화와 고양이 그림을 보며 감탄했죠. 덕분에 서로 작품을 공유하며 자연스럽게 이야기도 나누고, 그림을 그릴 때 사용하는 색이나 붓에 대한 팁도 들을 수 있었어요. 그분이 추천해준 파란색 계열의 물감 덕분에 저도 제 그림에 새로운 분위기를 낼 수 있었답니다.",동호회에서 만난 분이 추천해준 물감의 색상 계열은 무엇이었나요?,잘 모르겠음,노란색 계열,파란색 계열,초록색 계열,파란색 계열,3,178
취미생활,취미생활 중 만난 특별한 사람들,170,"매주 수채화 동호회에서 그림을 그리며 소소한 행복을 느끼곤 한다. 어느 날 새로운 회원인 미영 씨가 들어왔는데, 그녀는 처음엔 낯을 많이 가렸지만 금세 내 옆자리에 앉아 이런저런 이야기를 나누기 시작했다. 비슷한 관심사를 가진 덕분에 금방 친해졌고, 특히 지난번에는 서로의 그림 스타일에 대해 조언을 주고받으며 평소보다 훨씬 더 즐겁게 시간을 보냈다. 요즘엔 미영 씨와 함께 전시회도 다니며 취미가 한층 더 특별해진 기분이 든다.",동호회에서 주로 누구와 그림에 대해 조언을 주고받았는가?,잘 모르겠음,동호회 회장님,미영 씨,오래된 친구,미영 씨,3,180
취미생활,취미생활 중 만난 특별한 사람들,170,"지난주에 참여한 사진 동호회 모임에서 우연히 저와 같은 고등학교를 졸업한 선배를 만났다. 처음엔 서로를 잘 몰랐지만, 대화가 이어지면서 동아리 시절 추억을 함께 나눌 수 있었다. 선배는 여행 사진을 주로 찍는다고 했고, 그날 직접 촬영한 자연 풍경 사진을 보여주며 촬영 팁도 아낌없이 알려줬다. 선배와의 대화 덕분에 사진에 대한 흥미가 더 깊어졌다.",사진 동호회 모임에서 만난 선배는 어떤 주제의 사진을 주로 찍는다고 했나요?,잘 모르겠음,인물 사진,여행 사진,도시 야경 사진,여행 사진,3,146
취미생활,취미생활을 통해 극복한 어려움,170,"며칠 전 갑자기 기분이 가라앉아 아무것도 하기 싫었던 날이 있었다. 그럴 때마다 나는 항상 그림을 그리며 마음을 다스린다. 이번에는 처음으로 유화에 도전해봤는데, 물감이 생각보다 잘 섞이지 않아 애를 먹었다. 하지만 집중해서 한참을 그리다 보니 어느새 속상했던 감정이 조금씩 가라앉았다. 완성된 그림은 엉성했지만, 오히려 그 과정에서 얻은 평온함 덕분에 힘든 마음을 이겨낼 수 있었다.",유화 그림을 그리면서 작성자가 가장 크게 느꼈던 긍정적인 변화는 무엇이었나요?,잘 모르겠음,그림 실력이 크게 늘었다는 점,기분이 평온해졌다는 점,친구와의 관계가 좋아졌다는 점,기분이 평온해졌다는 점,3,163
취미생활,취미생활을 통해 극복한 어려움,170,"며칠 전, 직장에서 큰 실수를 해서 마음이 너무 무거웠다. 계속 생각나서 잠도 제대로 못 자고 있었는데, 주말에 오랜만에 그림을 그려 보기로 했다. 처음엔 집중이 잘 안 됐지만, 점점 색을 칠하고 선을 그으면서 머릿속이 맑아지는 느낌이 들었다. 완성한 그림을 바라보니, 실수에 대한 걱정도 조금은 덜어진 듯했다. 이렇게 취미로 그림을 그리는 시간이 내 마음을 다시 다잡는 데 큰 도움이 된다는 걸 새삼 느꼈다.",발화자의 기분이 나아지는 데 가장 도움이 된 활동은 무엇이었나요?,잘 모르겠음,운동을 하는 것,그림을 그리는 것,친구와 대화하는 것,그림을 그리는 것,3,169
취미생활,취미생활을 통해 극복한 어려움,170,"몇 달 전부터 직장에서 받은 스트레스 때문에 잠도 잘 못 자고 늘 불안한 기분이었는데, 우연히 친구가 추천해 준 수채화 그리기를 시작하게 되었어요. 처음엔 붓을 잡는 것조차 어색했지만, 물감이 번지는 모습을 지켜보며 점점 마음이 차분해지는 걸 느꼈죠. 그림을 완성할 때마다 작지만 성취감도 얻을 수 있었고, 그 과정에서 자연스럽게 스트레스도 줄어들었어요.",화자는 스트레스를 어떤 활동을 통해 극복하기 시작했나요?,잘 모르겠음,조깅,수채화 그리기,요가,수채화 그리기,3,150
취미생활,취미생활을 통해 극복한 어려움,170,"며칠 전 갑작스럽게 직장에서 큰 프로젝트를 맡게 되어 부담감이 컸다. 평소 스트레스를 풀기 위해 즐겨 그리던 수채화 물감과 붓을 꺼내 조용히 앉아 그림을 그리기 시작했다. 집중하며 색을 입히다 보니 마음이 한결 가라앉았고, 머릿속이 맑아져 다시 일에 자신감을 얻을 수 있었다. 취미인 그림 덕분에 이번에도 큰 위기를 잘 넘겼다.",직장에서 큰 부담을 느꼈을 때 화자는 어떤 취미를 통해 마음을 다잡았는가?,잘 모르겠음,요리,수채화 그림 그리기,조깅,수채화 그림 그리기,3,136
취미생활,취미생활을 통해 얻은 성취감에 대한 이야기,170,"지난달에 친구들과 함께 수채화 동호회에 가입해서 매주 토요일마다 그림을 그리기 시작했다. 처음에는 물감이 번지고 색이 잘 섞이지 않아 어려웠지만, 한 달이 지나면서 내 손끝에서 점점 원하는 풍경이 완성되는 걸 느꼈다. 특히 지난주에는 직접 그린 풍경화를 동호회 전시회에 출품했는데, 다른 사람들이 내 그림 앞에서 오래 머무르며 감상하는 모습을 보고 큰 성취감을 느꼈다.",화자는 어떤 상황에서 성취감을 느꼈습니까?,잘 모르겠음,수채화 동호회에 가입할 때,풍경화를 전시회에 출품했을 때,그림을 그릴 때마다 매번,풍경화를 전시회에 출품했을 때,3,156
취미생활,취미생활을 통해 얻은 성취감에 대한 이야기,170,"며칠 전에는 내가 한 달 동안 준비해온 캘리그라피 작품을 동네 작은 전시회에 내놓는 날이었다. 처음 붓을 잡았을 땐 손이 덜덜 떨려서 글씨가 제대로 써지지 않았지만, 매일 조금씩 연습하다 보니 나만의 개성이 드러나는 글씨체가 생겼다. 전시회에 온 이웃들이 내 작품 앞에서 사진을 찍고, 예쁘다고 칭찬해줄 때 정말 뿌듯했다. 그동안의 노력이 헛되지 않았다는 생각에 집으로 돌아오는 길이 유난히 가벼웠다.",내가 최근에 어떤 취미 활동을 통해 성취감을 느꼈는가?,잘 모르겠음,수채화 그리기,캘리그라피 작품 만들기,도자기 빚기,캘리그라피 작품 만들기,3,168
취미생활,취미생활을 통해 얻은 성취감에 대한 이야기,170,"며칠 전, 내가 직접 만든 도자기 컵을 친구들에게 선물했더니 모두가 정말 예쁘다고 칭찬해줬다. 처음에는 흙을 만지는 게 서툴러서 컵 모양도 삐뚤빼뚤했지만, 여러 번 시도하면서 점점 손에 익었다. 유약을 바르고 가마에서 구워진 결과물을 보았을 때, 뿌듯함이 컸다. 친구들이 내 컵을 사용하며 사진을 보내줬을 때 작은 자부심도 느꼈다. 앞으로 더 다양한 작품을 만들어보고 싶다는 생각이 들었다.",화자가 성취감을 느낀 직접 만든 물건은 무엇이었나요?,잘 모르겠음,도자기 컵,손뜨개 목도리,나무로 만든 액자,도자기 컵,2,165
취미생활,취미생활을 통해 얻은 성취감에 대한 이야기,170,"며칠 전 친구들과 함께 만든 도자기 작품이 드디어 완성되어 공방에서 찾으러 갔다. 초보라서 처음엔 모양 잡는 것도 쉽지 않았지만, 매주 연습하면서 점점 손에 익었다. 이번에 만든 머그잔은 유약도 직접 골라서 칠했고, 생각보다 예쁘게 나와서 집에 오는 길 내내 기분이 좋았다. 식탁에 놓아두고 볼 때마다 내가 직접 만든 작품이라는 생각에 뿌듯함이 느껴진다.",화자는 직접 만든 도자기 머그잔을 어떻게 완성했는가?,잘 모르겠음,친구가 대신 유약을 발라줬다,공방 선생님이 전부 도와줬다,직접 유약을 고르고 칠했다,직접 유약을 고르고 칠했다,4,148
펫과의 일상,강아지와 함께하는 산책,170,"창밖에 햇살이 좋아 보여서 강아지 토리를 데리고 근처 공원까지 산책을 나갔다. 토리는 새로 산 파란색 목줄을 처음 착용해 봤는데, 어색한지 자꾸 앞발로 긁으려 해서 내가 여러 번 달래주었다. 벤치에 앉아 간식을 주니 금세 기분이 풀려서, 잔디밭을 신나게 뛰어다녔다. 산책 중 만난 이웃 할머니가 토리에게 귀엽다고 칭찬도 해주셨다.",토리는 산책 중에 어떤 색 목줄을 착용했나요?,잘 모르겠음,빨간색,파란색,노란색,파란색,3,138
펫과의 일상,강아지와 함께하는 산책,170,"창밖으로 햇살이 부드럽게 스며들던 어느 날, 강아지 몽이가 꼬리를 흔들며 산책 가자고 재촉했다. 조금 귀찮은 마음도 있었지만 몽이의 반짝이는 눈빛에 이끌려 집 앞 공원까지 나갔다. 몽이는 벤치 주변을 킁킁거리며 낙엽 더미 속을 헤집었고, 그때 갑자기 작은 다람쥐가 튀어나와 둘 다 깜짝 놀랐다. 나는 몽이가 갑자기 달려가지 않게 리드를 단단히 잡았다. 다행히 몽이는 내 곁으로 다시 돌아와 앉았고, 잠깐의 소란 뒤 공원 한 바퀴를 천천히 걸으며 여유로운 시간을 보냈다.",몽이가 산책 중에 갑자기 놀란 이유는 무엇이었나요?,잘 모르겠음,큰 개를 만났기 때문,다람쥐가 갑자기 튀어나왔기 때문,비둘기가 날아갔기 때문,다람쥐가 갑자기 튀어나왔기 때문,3,195
펫과의 일상,강아지와 함께하는 산책,170,산책을 하러 나가면 우리 강아지는 항상 동네 공원을 지나 작은 연못 근처에서 멈추곤 한다. 연못가 풀숲에서 자주 냄새를 맡으며 꼬리를 흔드는 모습이 귀여워서 나도 잠시 멈춰 주변 풍경을 바라본다. 얼마 전에는 연못가에서 오리 가족을 처음 본 강아지가 신기해하면서 짖기도 했다. 그 모습을 보며 한참을 웃었던 기억이 난다. 산책이 끝나면 강아지는 목이 마른지 집에 오자마자 물을 벌컥벌컥 마시기도 한다.,우리 강아지가 연못가에서 처음 본 동물은 무엇이었나요?,잘 모르겠음,고양이,오리,비둘기,오리,3,167
펫과의 일상,강아지와 함께하는 산책,170,"늦은 오후가 되자 집안에 있던 강아지가 현관문 앞에서 꼬리를 흔들며 산책을 가자고 조르기 시작했다. 평소보다 조금 더 긴 산책을 하기로 마음먹고, 리드를 챙겨 집을 나섰다. 근처 공원까지 걷는 동안 강아지는 잔디밭에 얼굴을 묻고 낙엽을 코로 밀며 신나게 뛰어다녔다. 산책 중 만난 이웃의 강아지와 잠깐 인사도 나누고, 내가 던진 작은 나뭇가지를 물고 돌아오는 모습을 보니 기분이 한결 좋아졌다.",발화에서 산책 중 강아지가 했던 행동으로 언급되지 않은 것은 무엇인가요?,잘 모르겠음,잔디밭에 얼굴을 묻었다.,이웃 강아지와 인사했다.,강아지가 연못에 들어갔다.,강아지가 연못에 들어갔다.,4,164
펫과의 일상,고양이와의 저녁 시간,170,창밖이 어둑해질 무렵이면 우리 집 고양이 미로는 슬며시 내 무릎 위로 올라와 자리를 잡는다. 오늘도 미로의 부드러운 털을 천천히 쓰다듬으며 소파에 앉아 따뜻한 차 한 잔을 마셨다. 조용한 음악을 틀어놓으니 미로가 내 손가락을 장난스럽게 핥다가 이내 졸린 듯 눈을 감았다. 이렇게 미로와 함께하는 저녁 시간은 하루 중 가장 평화로운 순간이다. 고양이의 작은 숨소리와 느긋한 움직임이 집 안을 가득 채우는 느낌이 들어서 참 좋았다.,미로가 내 무릎 위에 있을 때 나는 무엇을 마시고 있었나요?,잘 모르겠음,커피,따뜻한 차,주스,따뜻한 차,3,177
펫과의 일상,고양이와의 저녁 시간,170,"퇴근 후 집에 들어서면 고양이 미로가 현관 앞에서 조용히 꼬리를 흔들며 기다리고 있다. 오늘은 미로가 유난히 배고픈 듯 주방 쪽으로 성큼성큼 걸어가더니, 내가 사온 신선한 닭고기 간식을 향해 자꾸 앞발로 내 손을 톡톡 쳤다. 저녁을 준비하는 동안에도 식탁 위로 슬며시 올라와 내 주변을 맴돌다가, 결국 내가 조그맣게 잘라 준 닭고기 조각을 얻어먹고서야 만족스럽게 그릉그릉 소리를 냈다. 그 모습을 보니 피곤함이 싹 풀리는 기분이었다.",오늘 저녁에 고양이 미로가 보인 행동으로 올바른 것은 무엇인가요?,잘 모르겠음,현관 앞에서 나를 무시했다,주방 쪽으로 걸어가며 간식을 원했다,식탁 아래에서 조용히 잠들었다,주방 쪽으로 걸어가며 간식을 원했다,3,180
펫과의 일상,고양이와의 저녁 시간,170,"퇴근하고 집에 들어서면 고양이 미로가 현관 앞에서 기다리고 있다. 오늘은 특히 배가 고팠는지 내 발 옆을 뱅뱅 돌며 울음소리를 낸다. 간식을 꺼내 주니 한참을 열심히 먹다가, 갑자기 내 무릎 위로 뛰어올라왔다. 평소엔 잘 안 그러더니, 오늘따라 애교가 많아진 것 같아 기분이 좋아졌다. 미로와 소파에 나란히 앉아 창밖을 보다가, 내가 목을 살짝 긁어주니 그르릉거리며 눈을 감았다. 짧은 시간이었지만 하루의 피로가 싹 가시는 저녁이었다.",오늘 저녁에 고양이 미로가 보인 평소와 다른 행동은 무엇이었나요?,잘 모르겠음,현관 앞에서 기다리지 않았다,간식을 먹지 않았다,무릎 위로 뛰어올랐다,무릎 위로 뛰어올랐다,4,182
펫과의 일상,고양이와의 저녁 시간,170,"퇴근하고 집에 들어서면 고양이 미로가 현관 앞에서 기다리고 있다. 오늘은 집에 오자마자 미로가 꼬리를 높이 들고 내 다리 사이를 부드럽게 스쳐 지나갔다. 저녁 준비를 하려고 부엌에 들어갔더니 미로가 싱크대 위에 올라와서 호기심 가득한 눈으로 내가 하는 모습을 지켜본다. 내가 닭가슴살을 삶기 시작하자 미로가 작은 소리로 야옹거리며 옆에서 계속 나를 바라보길래, 삶아진 닭가슴살을 잘게 찢어 작은 접시에 담아줬다. 미로는 접시를 바로 핥기 시작했고, 다 먹고 나서 내 손을 한 번 핥아주더니 소파로 올라가 몸을 둥글게 말고 잠들었다.",고양이 미로가 저녁 시간에 가장 먼저 한 행동은 무엇이었나요?,잘 모르겠음,싱크대 위에 올라감,현관 앞에서 기다림,소파에서 잠듦,싱크대 위에 올라감,2,222
펫과의 일상,사육 중인 열대어 관찰 일기,170,"수조 옆에 앉아 한참을 바라보고 있으니 네온테트라들이 군무를 추듯 일렬로 헤엄치는 모습이 무척 인상적이었다. 오늘은 평소보다 조금 일찍 조명을 켰더니, 코리도라스가 모래 바닥을 뒤적이며 먹이를 찾는 모습이 더 잘 보였다. 평소엔 구석에 숨어 있던 구피 한 마리가 조심스럽게 앞으로 나와 작은 먹이 조각을 낚아채는 장면도 놓치지 않았다. 관찰하다 보니 각자 어울려 사는 방식이 정말 다르다는 걸 새삼 느꼈다.",오늘 관찰 중에 구피가 보인 행동으로 알맞은 것은?,잘 모르겠음,수조 구석에서 조용히 있었다,조명을 피해 숨어 있었다,앞으로 나와 먹이를 낚아챘다,앞으로 나와 먹이를 낚아챘다,4,170
펫과의 일상,사육 중인 열대어 관찰 일기,170,오늘 저녁에는 평소보다 조금 늦게 퇴근해서 집에 도착하자마자 열대어 수조 앞에 앉았다. 하루 종일 먹이 주는 시간이 기다려졌는지 구피들이 유난히 활발하게 수면 가까이로 몰려왔다. 작은 새우들도 모래바닥을 바쁘게 오가며 먹이를 찾는 모습이 귀여웠다. 어제 새로 넣은 유목 옆에선 코리도라스 한 마리가 꼬리를 흔들며 쉬고 있었다. 물 온도계를 확인하니 온도가 딱 맞아서 마음이 놓였다.,"발화자가 집에 도착해서 열대어 수조 앞에 앉았을 때, 새우들은 주로 어디에서 무엇을 하고 있었나요?",잘 모르겠음,수면 가까이에서 헤엄치고 있었다,모래바닥을 오가며 먹이를 찾고 있었다,유목 옆에서 쉬고 있었다,모래바닥을 오가며 먹이를 찾고 있었다,3,161
펫과의 일상,사육 중인 열대어 관찰 일기,170,며칠 전부터 수족관에 새로 들인 네온테트라들이 잘 적응하고 있는지 궁금해서 오늘 저녁에는 조용히 불을 낮추고 한참을 들여다보았다. 어항 한쪽에서 작은 먹이 알갱이를 넣으니 파란빛을 내며 빠르게 모여드는 모습이 정말 신기했다. 오랜만에 수조 청소도 해주었더니 바닥에 쌓인 찌꺼기가 사라져 물이 훨씬 맑아진 것 같았다. 네온테트라들이 유유히 헤엄치는 모습을 보고 있으니 마음이 편안해지는 기분이었다.,오늘 내가 어항에 먹이를 넣었을 때 네온테트라들은 어떤 반응을 보였는가?,잘 모르겠음,아무 반응이 없었다,빠르게 모여들었다,어항 밖으로 도망쳤다,빠르게 모여들었다,3,170
펫과의 일상,사육 중인 열대어 관찰 일기,170,"유리 어항 속을 가만히 들여다보면 네온테트라들이 반짝이는 푸른빛을 뽐내며 무리를 지어 헤엄친다. 오늘은 먹이를 조금만 줬더니 평소보다 훨씬 빠르게 움직이며 서로 앞다투어 먹이를 쫓는 모습이 인상적이었다. 어항에 새로 심은 수초 주위로는 구피들이 유유히 다가와 숨었다 나오기를 반복했는데, 마치 자신들만의 놀이를 하는 것 같아 한참을 바라봤다.",오늘 네온테트라들이 평소보다 빠르게 움직인 이유는 무엇이었나요?,잘 모르겠음,수초를 새로 심어서,먹이를 평소보다 조금만 줘서,구피들과 함께 있어서,먹이를 평소보다 조금만 줘서,3,147
펫과의 일상,새로 입양한 토끼와의 첫날,170,"최근에 작은 회색 토끼 한 마리를 입양하게 되었다. 집에 도착하자마자 처음 보는 환경에 낯설었는지 한참을 구석에서 조용히 있었다. 간식으로 준비한 당근 조각을 조심스럽게 건네주니, 경계하던 눈빛이 조금 누그러지면서 아주 천천히 내 손으로 다가와 먹기 시작했다. 그 모습을 지켜보면서 토끼가 앞으로 우리 집에서 잘 적응해주길 바라는 마음이 들었다.",토끼가 집에 처음 왔을 때 어떻게 반응했나요?,잘 모르겠음,바로 뛰어다녔다,구석에서 조용히 있었다,연이어 큰 소리를 냈다,구석에서 조용히 있었다,3,147
펫과의 일상,새로 입양한 토끼와의 첫날,170,"며칠 전부터 준비해둔 작은 우리에 새로 입양한 토끼를 조심스럽게 들여보냈다. 토끼가 낯선 환경에 놀랄까 봐 조용히 앉아 지켜봤는데, 생각보다 금방 여기저기 냄새를 맡으며 움직이더라. 내가 손을 내밀었을 때는 한참을 망설이다가 결국 내 손가락 끝을 코로 살짝 건드려줬다. 먹이로 준비한 당근을 한 조각 내밀자 두 손으로 꼭 쥐고 오물오물 먹는 모습에 마음이 한껏 따뜻해졌다.",토끼가 내 손을 처음 만졌을 때 어떤 행동을 했는가?,잘 모르겠음,손가락 끝을 코로 살짝 건드렸다,손을 핥았다,손 위에 올라탔다,손가락 끝을 코로 살짝 건드렸다,2,156
펫과의 일상,새로 입양한 토끼와의 첫날,170,"집에 작은 토끼를 처음 데려오던 날, 케이지 문을 열자마자 조심스럽게 방안을 살피는 모습이 정말 귀여웠다. 내가 손바닥에 건초를 올려두었더니 경계하면서도 호기심이 생긴 듯 다가와서 살짝 냄새를 맡고 한 움큼 먹기 시작했다. 저녁에는 구석에 마련해둔 담요 위에 몸을 웅크리고 앉아 잠이 들었는데, 그 모습이 어찌나 평화로워 보이던지 내내 미소가 떠나지 않았다.",토끼가 집에 처음 왔을 때 내가 손바닥 위에 올려둔 것은 무엇이었나요?,잘 모르겠음,당근,건초,사과,건초,3,151
펫과의 일상,새로 입양한 토끼와의 첫날,170,"며칠 전 친구의 추천으로 토끼 한 마리를 입양하게 되었는데, 집에 데려온 첫날에는 토끼가 낯선 환경에 적응하지 못하는지 구석에만 가만히 앉아 있었다. 처음엔 걱정이 앞섰지만, 조용히 옆에 앉아있으니 조금씩 다가와 내 손 냄새를 맡기도 했다. 저녁에는 좋아한다는 당근을 조심스럽게 내밀었더니, 한참을 망설이다가 결국 한입을 먹었을 때 정말 안심이 되었다.",토끼가 집에 처음 왔을 때 어떤 반응을 보였는지 바르게 고른 것은?,잘 모르겠음,바로 활발하게 뛰어다녔다.,구석에만 가만히 앉아 있었다.,소파 밑에 숨었다.,구석에만 가만히 앉아 있었다.,3,150
펫과의 일상,집사로서의 하루,170,"오늘은 출근 준비를 하는데 고양이 단추가 옷장 앞에서 떡하니 앉아 나를 쳐다보고 있었다. 평소와 달리 아침에 간식을 주지 않아서 그런지 단추가 옷을 꺼낼 때마다 계속 방해하듯 앞발로 내 손을 툭툭 건드렸다. 결국 출근 시간에 쫓기면서도 단추가 좋아하는 참치 간식을 챙겨줬더니, 금세 기분이 풀린 듯 골골거리며 내 다리에 머리를 비비고 애교를 부렸다. 단추가 아침에 이렇게 적극적으로 간식을 요구한 건 처음이라 꽤 인상 깊은 하루였다.",고양이 단추가 평소와 달리 오늘 아침에 보인 행동은 무엇이었나요?,잘 모르겠음,주인을 무시하고 창밖만 바라봤다,간식을 주지 않자 옷을 꺼낼 때마다 앞발로 손을 건드렸다,장난감을 숨겼다,간식을 주지 않자 옷을 꺼낼 때마다 앞발로 손을 건드렸다,3,180
펫과의 일상,집사로서의 하루,170,집에 들어서자마자 고양이 루이가 현관 앞에서 꼬리를 바짝 세우고 기다리고 있었다. 신기하게도 내가 집에 오는 시간을 거의 정확하게 맞추는 것 같다. 오늘은 평소보다 조금 늦게 퇴근했더니 루이가 약간 삐진 듯 고개를 돌렸다. 간식을 꺼내 보여주자 그제야 기분이 풀렸는지 내 무릎 위에 올라와 골골송을 들려줬다. 퇴근 후 루이와 보내는 이 시간이 정말 소중하다.,고양이 루이는 어떤 행동을 보이며 집사를 맞이했나요?,잘 모르겠음,현관 앞에서 꼬리를 세우고 기다렸다,창문에서 뛰어내렸다,방 안에서 자고 있었다,현관 앞에서 꼬리를 세우고 기다렸다,2,149
펫과의 일상,집사로서의 하루,170,"창문을 살짝 열어두고 책을 읽고 있는데 고양이 미오가 내 무릎 위로 올라왔다. 평소엔 관심 없는 척하다가도 내가 뭔가 집중하면 꼭 다가오는 게 신기하다. 한참을 부드럽게 털을 쓰다듬으며 조용히 시간을 보냈다. 그런데 갑자기 미오가 내 손을 핥기 시작했다. 그 따뜻한 혀의 감촉이 어찌나 간지럽던지 웃음이 났다. 덕분에 책 내용은 잘 기억이 안 나지만, 미오 덕분에 하루가 포근하게 느껴졌다.",고양이 미오가 내 무릎 위에서 한 행동으로 맞는 것은 무엇인가요?,잘 모르겠음,창밖을 바라봤다,손을 핥았다,책을 밀었다,손을 핥았다,3,162
펫과의 일상,집사로서의 하루,170,"비가 부슬부슬 내리던 날, 고양이 민호가 창문 앞에 앉아 빗방울을 지켜보는 모습을 봤다. 평소엔 장난꾸러기인 민호가 그날은 조용히 외부 소리에 귀를 기울이며 꼼짝도 하지 않았다. 혹시 우울한가 싶어 좋아하는 장난감 쥐를 꺼내 흔들어줬더니, 슬며시 다가와 앞발로 톡 건드리며 다시 활기를 되찾았다. 이렇게 민호의 기분 변화를 느끼고 그에 맞춰 반응해주는 일이 집사로서 은근히 보람차게 느껴진다.",고양이 민호가 창문 앞에서 조용히 있었던 날의 날씨는 어땠나요?,잘 모르겠음,눈이 내렸다,맑고 화창했다,비가 내렸다,비가 내렸다,4,166
동물과의 추억,간직하고 싶은 동물과의 추억,170,"몇 해 전, 친구와 시골 마을을 걷다가 길 잃은 강아지를 발견했던 기억이 아직도 생생하다. 겁에 질려 있던 강아지에게 조심스럽게 다가가 손을 내밀었더니, 망설이다가 내 손등을 살짝 핥았다. 그 작은 온기와 촉감이 마음을 따뜻하게 했다. 결국 친구와 함께 그 강아지를 임시로 돌봐주었고, 며칠 뒤 원래 주인을 찾아 다시 만날 수 있게 도왔다. 그 짧은 시간이었지만, 동물과의 특별한 교감과 책임감을 느꼈던 소중한 추억이다.",발화에서 친구와 함께 한 일은 무엇이었나요?,잘 모르겠음,강아지를 영원히 키웠다,강아지와 놀이터에서 놀았다,강아지를 임시로 돌봐주었다,강아지를 임시로 돌봐주었다,4,175
동물과의 추억,간직하고 싶은 동물과의 추억,170,"며칠 전, 오랜만에 가족들과 함께 시골집에 갔을 때 마당에 항상 놀러오던 고양이 '별이'가 다시 찾아왔어요. 예전에는 별이가 저를 보면 바로 도망갔는데, 이번에는 다가와서 손등을 부드럽게 핥아주더라고요. 그 순간 예전에 별이에게 밥을 챙겨주던 기억이 떠올랐고, 별이의 따뜻한 체온이 전해져서 마음이 정말 포근해졌어요. 짧은 시간이었지만 오랜만에 별이와 조용히 앉아 서로를 바라보는 그 순간을 오래 간직하고 싶어요.",발화에서 별이가 예전과 달라진 점은 무엇이었나요?,잘 모르겠음,별이가 말을 하기 시작했다.,별이가 도망가지 않고 다가와 손등을 핥아주었다.,별이가 새끼를 데리고 왔다.,별이가 도망가지 않고 다가와 손등을 핥아주었다.,3,178
동물과의 추억,간직하고 싶은 동물과의 추억,170,"몇 년 전 가족들과 시골 외할머니 댁에 갔을 때, 작은 강아지 한 마리가 마당에 들어와 저를 졸졸 따라다녔던 일이 있었다. 그 강아지는 이름도 없고 주인도 모르는 떠돌이였지만, 저와 며칠을 함께 놀다가 저녁에는 제 무릎에 기대 잠이 들곤 했다. 짧은 만남이었지만, 그때 강아지의 따뜻한 체온과 촉촉한 눈망울이 아직도 선명하게 기억나서 가끔 그리워진다.",시골에서 만난 강아지는 저녁마다 어디에서 잠이 들었나요?,잘 모르겠음,마당 한쪽 구석에서,저의 무릎에 기대서,외할머니 방 안에서,저의 무릎에 기대서,3,146
동물과의 추억,간직하고 싶은 동물과의 추억,170,"작년 봄에 가족과 함께 작은 시골 마을에 놀러 갔다가 우연히 길을 잃은 강아지를 만난 적이 있다. 그 강아지는 처음에는 경계하는 듯했지만, 내가 조심스럽게 다가가 손바닥을 내밀자 천천히 다가와 내 손을 핥았다. 잠시 후 강아지가 나를 따라다니며 꼬리를 흔들고, 마치 오래된 친구처럼 옆에 붙어 있었다. 우리는 함께 산책을 하며 들꽃 냄새도 맡고, 잔디밭 위를 뛰어다니며 즐거운 시간을 보냈다. 그날 강아지와의 짧은 만남이 아직도 마음에 오래 남아 있다.",발화 속에서 강아지가 처음에 보인 반응은 무엇이었나요?,잘 모르겠음,즉시 달려들었다,경계하는 듯했다,바로 꼬리를 흔들었다,경계하는 듯했다,3,188
동물과의 추억,기억에 남는 애완동물의 특이한 행동,170,"며칠 전 저녁, 집에서 책을 읽고 있는데 우리 고양이 미로가 갑자기 방문을 발로 두드리기 시작했다. 처음엔 장난치는 줄 알았는데, 반복적으로 문을 두드리더니 갑자기 큰 소리를 내며 내 방으로 뛰어 들어왔다. 그러고는 방 한구석에 있던 장난감을 입에 물고 내 앞에 내려놓았다. 평소에는 장난감을 혼자 가지고 놀기만 했는데, 그날은 마치 내게 뭔가를 보여주고 싶다는 듯 자랑스럽게 앉아 있었다. 그 모습이 너무 귀여워 한참을 웃었던 기억이 난다.",고양이 미로가 평소와 달리 한 행동은 무엇이었나요?,잘 모르겠음,방문을 긁고 나갔다,장난감을 내 앞에 가져다주었다,창문 밖을 바라보았다,장난감을 내 앞에 가져다주었다,3,184
동물과의 추억,기억에 남는 애완동물의 특이한 행동,170,"집에 돌아왔을 때마다 내 고양이 루비는 항상 신기한 행동을 보였다. 현관문이 열리면 평소에는 조용하다가도 갑자기 소파 뒤에 숨었다가, 내가 신발을 벗고 거실에 들어설 때쯤이면 어느새 내 앞에 나타나서 앞발로 내 무릎을 살짝 두드리는 것이었다. 처음에는 우연인 줄 알았지만, 몇 번이고 반복되는 걸 보니 루비만의 독특한 환영 인사라는 생각이 들었다. 이런 루비의 행동 덕분에 퇴근 후 집에 들어오는 순간이 항상 특별하게 느껴졌다.",루비가 주인이 집에 들어올 때 보인 특이한 행동은 무엇이었나요?,잘 모르겠음,현관문 앞에서 크게 울었다.,소파 뒤에 숨었다가 나와 무릎을 앞발로 두드렸다.,주인의 신발을 물고 놀았다.,소파 뒤에 숨었다가 나와 무릎을 앞발로 두드렸다.,3,179
동물과의 추억,기억에 남는 애완동물의 특이한 행동,170,"며칠 전 집에서 키우는 고양이 '미로'가 갑자기 평소에 잘 올라가지 않던 책장 위로 뛰어올라갔다. 그 위에 내가 며칠 전에 두고 잊어버린 작은 인형이 있었는데, 미로가 그 인형을 입으로 물고 조심스럽게 내 침대 옆으로 가져다두는 모습을 보고 정말 신기했다. 인형을 꺼내달라고 했던 것도 아닌데, 마치 내 물건을 챙겨주려는 듯한 행동이 너무 인상 깊었다.",고양이 미로가 평소에 잘 하지 않던 행동은 무엇이었나요?,잘 모르겠음,책장 위에 올라가 인형을 찾는 것이었다.,침대 밑에서 뭔가를 꺼내는 것이었다.,인형을 숨기는 것이었다.,책장 위에 올라가 인형을 찾는 것이었다.,2,146
동물과의 추억,기억에 남는 애완동물의 특이한 행동,170,"비 오는 날이면 우리 집 고양이 두부가 꼭 현관 앞에 앉아 창밖을 바라보곤 했다. 신기하게도 두부는 비가 내리면 평소에 절대 하지 않던 높은 소파 등받이에 올라가서 꼬리를 흔들며 창문을 긁었다. 한 번은 내가 우산을 들고 들어오자 두부가 그 우산을 따라다니며 물방울을 한참이나 바라보다가, 갑자기 우산에 발을 대고 고양이 특유의 낮은 울음소리를 냈다. 이 행동을 보고 우리 가족 모두 두부가 비 오는 날을 특별하게 느끼는 것 같다고 이야기했다.",두부가 비 오는 날에 했던 특이한 행동은 무엇이었나요?,잘 모르겠음,평소보다 더 많이 잠을 잤다,소파 등받이에 올라가 창문을 긁었다,집안 구석에 숨었다,소파 등받이에 올라가 창문을 긁었다,3,182
동물과의 추억,동물원에서 겪었던 특별한 경험,170,"친구들과 동물원에 갔을 때, 기린 우리 앞에서 우산을 펼쳐 사진을 찍고 있었어요. 갑자기 기린 한 마리가 제 우산에 호기심을 보이더니 목을 길게 뻗어 우산 꼭지 부분을 살짝 핥았어요. 모두가 깜짝 놀라 웃음이 터졌고, 저는 기린의 거대한 혀가 이렇게 부드러운 줄 처음 알았어요. 그날 이후 우산을 펼 때마다 그 순간이 떠오르곤 해요.",동물원에서 어떤 동물이 우산 꼭지 부분을 핥았나요?,잘 모르겠음,코끼리,기린,원숭이,기린,3,136
동물과의 추억,동물원에서 겪었던 특별한 경험,170,"평소에 동물을 멀리서만 보던 내가 친구들과 함께 동물원에 갔던 날, 평소에는 잘 움직이지 않던 백호가 갑자기 우리 앞으로 다가와 벤치에 앉아 있던 나와 눈을 마주쳤다. 그 순간 너무 놀라서 자리에서 벌떡 일어났더니, 친구들이 그 모습을 보고 한참을 웃었다. 백호의 눈빛은 신기하게도 두려움보다는 호기심이 가득해 보여서, 그날 이후 백호가 나에게 어떤 특별한 의미로 남아 있다.",동물원에서 나에게 특별한 의미로 남게 된 동물은 무엇이었나요?,잘 모르겠음,코끼리,백호,기린,백호,3,157
동물과의 추억,동물원에서 겪었던 특별한 경험,170,"친구들과 동물원에 갔던 날, 평소에는 조용하던 수달 우리 앞에서 직원분이 먹이 주는 모습을 처음 봤다. 작은 손으로 생선을 받아 먹는 모습이 정말 귀여웠고, 그때 수달 한 마리가 내 신발끈을 장난스럽게 잡아당겨서 깜짝 놀랐다. 직원분이 웃으며 수달이 호기심이 많다고 설명해 주셨고, 친구들과 그 모습을 사진으로 남기기도 했다. 그날 이후로 수달을 볼 때마다 자연스럽게 그때의 장난기 많던 수달이 떠오른다.","발화 내용에 따르면, 동물원에서 수달이 한 행동은 무엇이었나요?",잘 모르겠음,직원에게 달려들었다,신발끈을 잡아당겼다,물속에서만 헤엄쳤다,신발끈을 잡아당겼다,3,170
동물과의 추억,동물원에서 겪었던 특별한 경험,170,"며칠 전 동물원에 갔을 때 코끼리 먹이 주기 체험을 할 기회가 생겼다. 직접 당근을 손에 들고 코끼리에게 내밀었더니, 거대한 코가 조심스럽게 내 손에서 당근을 가져갔다. 그 촉감이 예상보다 부드러워서 신기했고, 옆에서 동생이 놀라며 웃던 모습도 기억에 남는다. 나중엔 사육사분이 코끼리의 이름이 '보람이'라고 알려주셔서, 이름을 부르며 인사까지 해볼 수 있었다.",동물원에서 내가 먹이를 준 코끼리의 이름은 무엇이었나요?,잘 모르겠음,보람이,순이,철수,보람이,2,154
동물과의 추억,동물을 키우며 느낀 책임감,170,"며칠 전 반려견 모카가 갑자기 밥을 먹지 않아 걱정이 많았다. 평소 같으면 장난도 치고 간식에도 신이 나던 모카가 소파 밑에만 숨어있어서 무슨 일이 있나 싶었다. 결국 동물병원에 데려가 진료를 받았고, 사료가 바뀌어서 예민하게 반응한 거라는 설명을 들었다. 그 일을 계기로 사소한 변화에도 더 세심하게 신경 써야겠다는 책임감을 느꼈다.",발화 속에서 모카가 밥을 먹지 않은 이유로 동물병원에서 들은 설명은 무엇이었나요?,잘 모르겠음,배가 아파서,산책을 못 해서,사료가 바뀌어서,사료가 바뀌어서,4,140
동물과의 추억,동물을 키우며 느낀 책임감,170,"며칠 전, 집에 혼자 남겨둔 고양이 생각이 계속 나서 일하는 내내 마음이 불편했다. 평소처럼 밥과 물을 챙겨주고 나왔지만, 혹시 모를 상황이 걱정되어 점심시간에 잠깐 집에 들렀다. 현관문을 열자 고양이가 나를 반기며 우는 소리를 내는 걸 보고 안도감과 동시에 책임감이 더 크게 느껴졌다. 나 하나만 믿고 있는 생명에게 내가 해줄 수 있는 작은 관심이 얼마나 중요한지 다시 한 번 깨닫는 순간이었다.",발화자가 점심시간에 집에 들른 이유는 무엇이었나요?,잘 모르겠음,고양이와 놀아주기 위해서,집안일을 하기 위해서,고양이의 상태가 걱정되어서,고양이의 상태가 걱정되어서,4,163
동물과의 추억,동물을 키우며 느낀 책임감,170,"며칠 전 밤늦게 집에 들어왔는데, 강아지 루이가 아직 밥을 못 먹은 채 문 앞에서 졸고 있는 걸 발견했다. 피곤했지만 루이의 꼬리를 힘없이 흔드는 모습을 보니 미안한 마음이 들어 부랴부랴 사료를 챙겨줬다. 그 순간 작은 생명을 돌보는 게 단순히 귀엽고 즐거운 일만이 아니라, 루이의 하루와 기분이 내 행동에 달려 있다는 사실이 크게 다가왔다. 그날 이후 루이의 식사 시간과 산책을 더 꼼꼼히 챙기려고 노력하고 있다.",강아지 루이가 밥을 먹지 못하고 문 앞에서 있었던 시간대는 언제였나요?,잘 모르겠음,아침,점심,밤늦게,밤늦게,4,170
동물과의 추억,동물을 키우며 느낀 책임감,170,"며칠 전 저녁, 집에 돌아와 보니 반려 고양이 미로가 밥그릇 옆에서 애처롭게 울고 있었어요. 평소엔 퇴근하자마자 밥을 챙겨줬는데, 그날은 야근 때문에 저도 모르게 미로 밥 챙기는 걸 깜빡했거든요. 미로가 저를 바라보는 눈빛을 보니 너무 미안해서 바로 밥을 주고, 한참을 옆에서 쓰다듬어줬답니다. 그때 동물을 키운다는 건 단순히 귀여워하는 게 아니라, 그 생명을 위해 꾸준히 신경 쓰고 책임져야 한다는 걸 다시 한 번 느꼈어요.",발화자가 퇴근 후 가장 먼저 한 행동은 무엇이었나요?,잘 모르겠음,고양이와 산책을 나갔다,고양이에게 밥을 챙겨줬다,고양이와 함께 놀아줬다,고양이에게 밥을 챙겨줬다,3,177
동물과의 추억,첫 반려동물에 대한 이야기,170,"초등학교 3학년 때, 친구의 집에서 강아지 새끼를 분양받아 처음으로 반려동물을 키우게 되었다. 집에 오자마자 작은 강아지가 내 무릎 위에서 잠들었는데, 그 따뜻한 체온과 숨소리가 지금도 생생하게 기억난다. 이름을 무엇으로 할지 가족들과 한참 고민하다가, 입 주변에 하얀 털이 있어서 '구름이'라고 부르게 되었다. 그날 저녁, 구름이와 처음 산책을 나가서 풀밭에서 구르고 함께 뛰어다니며 정말 행복한 시간을 보냈다.",발화자가 강아지의 이름을 정하게 된 이유는 무엇이었나요?,잘 모르겠음,산책을 좋아해서,입 주변에 하얀 털이 있어서,가족이 구름을 좋아해서,입 주변에 하얀 털이 있어서,3,177
동물과의 추억,첫 반려동물에 대한 이야기,170,"초등학교 3학년 때, 우연히 길에서 작은 고양이를 발견했다. 몸집이 작고 털은 하얗게 뽀얗던 그 아이가 내 품에 안기자마자 고르륵 소리를 냈다. 부모님께 조심스럽게 부탁드린 끝에, 가족이 되었다. 이름은 '눈송이'로 지었고, 처음엔 낯설어 숨어있더니 내가 책을 읽으면 조용히 옆에 와서 앉곤 했다. 매일 방과 후 눈송이와 놀던 기억은 지금도 내 마음 한켠을 따뜻하게 해준다.",발화자가 처음 발견한 고양이의 이름은 무엇이었나요?,잘 모르겠음,눈송이,하늘이,솜사탕,눈송이,2,157
동물과의 추억,첫 반려동물에 대한 이야기,170,"초등학교 3학년 때 갑자기 친구가 작은 상자를 들고 집에 찾아왔다. 그 안에는 조그마한 흰색 강아지가 들어 있었고, 우리 가족은 모두 예상치 못한 선물에 놀라면서도 금세 강아지에게 빠져들었다. 나는 매일 학교에서 돌아오면 간식을 챙겨주고, 동네 공원을 산책하는 게 가장 큰 즐거움이었다. 강아지 이름을 정하는 데도 가족 모두가 머리를 맞대고 고민했던 기억이 선명하다.","강아지를 처음 만난 날, 어떤 일이 있었는지에 대한 설명으로 알맞은 것은?",잘 모르겠음,강아지는 동물병원에서 만났다.,강아지는 친구가 상자에 넣어서 데려왔다.,강아지는 유기견 보호소에서 입양했다.,강아지는 친구가 상자에 넣어서 데려왔다.,3,155
동물과의 추억,첫 반려동물에 대한 이야기,170,"며칠 전 서랍을 정리하다가 어릴 적 첫 반려동물인 토끼와 찍은 사진을 발견했다. 그때 나는 다섯 살이었고, 처음으로 작은 생명을 집에 들인다는 설렘에 잠도 잘 못 이뤘다. 토끼에게 '눈송이'라는 이름을 지어주고, 매일 아침마다 당근을 잘라주며 대화를 나누곤 했다. 어느 날은 토끼가 내 신발 끈을 갉아놓아 속상했지만, 금세 귀여운 얼굴을 보고 용서했다. 그 기억이 아직도 마음 한구석에 따뜻하게 남아 있다.",발화자가 어릴 적 첫 반려동물에게 붙여준 이름은 무엇이었나요?,잘 모르겠음,눈송이,다람쥐,초코,눈송이,2,170
만화/영화에 관한 경험,러브코미디 영화를 보고 느낀 감정,170,"친구가 추천해준 러브코미디 영화를 보게 되었는데, 평소엔 이런 장르를 잘 즐기지 않아서 처음엔 별 기대 없이 봤다. 그런데 주인공들이 서툴게 감정을 표현하고 엉뚱한 오해로 웃음을 주는 장면들이 계속 나오자 점점 몰입하게 되었다. 특히 비오는 날 우산 하나를 나눠쓰며 서로에게 조금씩 마음을 열어가는 장면에서 괜히 설레기도 했고, 오랜만에 풋풋한 감정을 느낄 수 있어 기분이 한층 가벼워졌다. 영화가 끝난 뒤에는 괜히 내 일상도 조금 더 따뜻하게 느껴졌다.",발화자가 러브코미디 영화를 보며 가장 인상적으로 느꼈던 장면은 무엇이었는가?,잘 모르겠음,주인공들이 우산을 나눠쓰는 장면,주인공들이 함께 요리하는 장면,주인공들이 콘서트에 가는 장면,주인공들이 우산을 나눠쓰는 장면,2,190
만화/영화에 관한 경험,러브코미디 영화를 보고 느낀 감정,170,"최근 친구와 함께 러브코미디 영화를 보러 갔는데, 처음엔 단순히 웃기기만 할 줄 알았어요. 그런데 중간에 주인공이 어릴 적부터 짝사랑했던 친구에게 진심을 고백하는 장면에서 괜히 마음이 뭉클해지더라고요. 평소 감정 표현을 잘 못 하는 편이라 그런지, 주인공의 용기가 부럽기도 했어요. 영화가 끝나고 나서는 저도 언젠가 좋아하는 사람에게 솔직해질 수 있을까 생각하며 한참 동안 여운이 남았어요.","영화를 보고 난 뒤, 화자는 어떤 생각을 하며 여운을 느꼈나요?",잘 모르겠음,주인공의 패션을 따라해보고 싶다는 생각,자신도 언젠가 좋아하는 사람에게 솔직해질 수 있을지 고민함,영화 속 배경음악이 인상 깊었다고 생각함,자신도 언젠가 좋아하는 사람에게 솔직해질 수 있을지 고민함,3,166
만화/영화에 관한 경험,러브코미디 영화를 보고 느낀 감정,170,"친구와 함께 러브코미디 영화를 본 날, 극장 안이 온통 웃음과 설렘으로 가득 차 있었다. 주인공들이 처음엔 서로를 오해하다가 점점 진심을 알게 되면서 서툴게 사랑을 키워가는 모습이 참 인상 깊었다. 특히 비 오는 날 우산 하나를 나눠 쓰던 장면에서는 괜스레 가슴이 두근거리기도 했다. 영화를 보고 나오면서 현실에서도 이런 사랑이 있을까 잠시 상상해 보기도 했고, 친구와 영화 속 대사를 따라 하며 한참을 웃었다.",발화자가 영화에서 가장 인상 깊었던 장면은 무엇이었나요?,잘 모르겠음,주인공들이 첫 만남에서 인사하는 장면,비 오는 날 우산을 함께 쓰는 장면,영화가 끝나고 주인공들이 헤어지는 장면,비 오는 날 우산을 함께 쓰는 장면,3,170
만화/영화에 관한 경험,러브코미디 영화를 보고 느낀 감정,170,"며칠 전 친구가 추천해준 러브코미디 영화를 혼자 봤다. 처음엔 뻔한 이야기일 것 같아 큰 기대는 안 했는데, 중간쯤부터 주인공 둘이 서로 오해를 쌓아가는 장면에서 괜히 내가 다 답답해졌다. 그래도 마지막에 진심을 전하는 장면에서 생각지도 못하게 눈물이 났다. 평소엔 로맨틱한 장면에 별 감흥이 없었는데, 이번엔 주인공이 용기 내는 모습에 나도 용기를 얻는 느낌이 들어서 영화를 다 보고 나서도 한참 동안 여운이 남았다.",영화를 보며 내가 가장 예상치 못하게 감정을 느낀 장면은 언제였나요?,잘 모르겠음,주인공들이 처음 만나는 장면,주인공들이 오해를 쌓는 장면,주인공이 진심을 전하는 장면,주인공이 진심을 전하는 장면,4,174
만화/영화에 관한 경험,만화/애니메이션을 통해 얻은 교훈,170,"며칠 전 오랜만에 예전에 좋아하던 애니메이션을 다시 봤다. 주인공이 자신이 부족하다고 느끼면서도 친구들과 힘을 합쳐 위기를 극복하는 장면이 인상 깊었다. 예전에는 단순히 재밌다고 생각했던 내용이었는데, 이번에는 서로를 믿고 포기하지 않는 용기가 얼마나 중요한지 느낄 수 있었다. 덕분에 요즘 나도 어려운 일이 있을 때 주변 사람들의 조언을 더 귀 기울여 듣게 되었다.",발화자가 애니메이션을 다시 보면서 새롭게 깨달은 점은 무엇인가요?,잘 모르겠음,재미있는 장면이 많다는 점,서로를 믿고 포기하지 않는 용기의 중요성,주인공이 항상 혼자 해결한다는 점,서로를 믿고 포기하지 않는 용기의 중요성,3,155
만화/영화에 관한 경험,만화/애니메이션을 통해 얻은 교훈,170,"며칠 전 늦은 밤에 어릴 적 즐겨봤던 만화 '은하철도999'를 다시 보게 됐다. 주인공이 힘든 상황에서도 포기하지 않고 친구들과 함께 어려움을 이겨내는 모습이 인상 깊었다. 어린 시절에는 단순히 모험이 재미있어서 봤지만, 지금 보니 혼자가 아니라 주변 사람들과 협력하는 것이 얼마나 소중한지 깨닫게 되었다. 오랜만에 만화를 통해 용기와 우정의 소중함을 다시 한 번 느끼며 마음이 따뜻해졌다.",발화자가 '은하철도999'를 다시 보며 새롭게 깨달은 점은 무엇이었나요?,잘 모르겠음,주인공의 승리 비결이 빠른 달리기라는 점,협력의 소중함을 알게 되었다는 점,만화의 그림체가 변했다는 점,협력의 소중함을 알게 되었다는 점,3,165
만화/영화에 관한 경험,만화/애니메이션을 통해 얻은 교훈,170,"주말에 우연히 예전에 좋아했던 애니메이션을 다시 보게 되었는데, 그중 한 캐릭터가 항상 자신의 실수를 솔직하게 인정하고 다시 도전하는 모습이 인상 깊었다. 나도 일상에서 실수를 감추려고만 했던 적이 많았는데, 그 장면을 보고 나서는 오히려 솔직하게 인정하는 것이 더 용기 있는 행동임을 깨달았다. 그 이후로는 작은 실수에도 솔직하게 말하고, 다시 시작하는 용기를 내보려고 노력 중이다.",화자는 애니메이션의 어떤 캐릭터 모습에서 중요한 교훈을 얻었나요?,잘 모르겠음,항상 유머를 잃지 않는 모습,실수를 솔직하게 인정하고 도전하는 모습,친구를 돕는 따뜻한 마음,실수를 솔직하게 인정하고 도전하는 모습,3,163
만화/영화에 관한 경험,만화/애니메이션을 통해 얻은 교훈,170,"며칠 전에 예전에 정말 좋아했던 애니메이션을 다시 보게 됐다. 주인공이 처음에는 자신의 힘을 제대로 믿지 못해서 여러 번 실수도 하고, 친구들과도 갈등을 겪었는데, 결국에는 친구들의 격려 덕분에 자신감을 갖게 되고 큰 시련을 이겨내는 장면이 인상 깊었다. 그걸 보면서 나도 힘들 때 주변 사람들의 응원을 믿고 한 번 더 도전해봐야겠다는 생각이 들었다.",화자가 애니메이션을 다시 보면서 느낀 점은 무엇이었나요?,잘 모르겠음,주인공이 항상 혼자 문제를 해결하는 것이 멋있었다.,주변 사람들의 응원이 도전할 용기를 준다는 것이 인상 깊었다.,애니메이션의 그림체가 예전과 달라졌다는 점이 놀라웠다.,주변 사람들의 응원이 도전할 용기를 준다는 것이 인상 깊었다.,3,146
만화/영화에 관한 경험,영화제에서 잊지 못할 추억,170,"몇 해 전, 친구와 함께 작은 독립영화제를 찾았던 기억이 있다. 그날은 유독 비가 많이 왔는데, 좁은 상영관 안에 모인 관객들 모두가 우산을 말리며 영화가 시작되기만을 기다렸다. 상영이 끝난 후 감독과의 대화 시간이 있었는데, 내가 직접 궁금했던 점을 조심스럽게 질문하자 감독님이 친절하게 답해주셔서 무척 감동받았다. 영화가 끝난 뒤엔 영화제에서만 맛볼 수 있다는 팝콘도 친구와 나눠 먹으며 긴 대화를 나누었다.",영화제에서 발화자가 특별히 감동받은 순간은 무엇이었나요?,잘 모르겠음,상영관에서 비를 피한 순간,감독에게 직접 질문하고 답을 들은 순간,친구와 팝콘을 나눠 먹은 순간,감독에게 직접 질문하고 답을 들은 순간,3,173
만화/영화에 관한 경험,영화제에서 잊지 못할 추억,170,"친구와 함께 부산국제영화제에 갔던 날이 아직도 생생하다. 우연히 좋아하는 감독의 신작을 상영하는 걸 발견해서 긴 줄을 서서 기다렸다. 상영관 안에서 감독과 배우들이 직접 나와 인사를 해주고, 영화가 끝난 뒤에는 관객과의 대화 시간도 있었다. 평소에는 멀리서만 보던 감독을 가까이에서 보고, 작품에 대한 이야기도 직접 들으니 정말 잊을 수 없는 경험이었다. 집으로 돌아오는 길에 받은 사인도 소중하게 간직하고 있다.",발화자가 부산국제영화제에서 특별히 경험한 일은 무엇이었나요?,잘 모르겠음,감독과 배우들의 인사를 받았다.,영화제에서 상을 받았다.,직접 영화를 연출했다.,감독과 배우들의 인사를 받았다.,2,175
만화/영화에 관한 경험,영화제에서 잊지 못할 추억,170,"지난달 친구와 함께 지방에서 열린 작은 영화제에 다녀왔다. 여러 작품 중 특히 기억에 남는 건 감독과의 대화 시간이었다. 내가 평소 궁금했던 장면의 연출 의도를 직접 감독에게 질문할 수 있었는데, 감독이 웃으면서 촬영 당시의 비하인드 스토리를 들려줬다. 그때 관객석 전체가 공감하며 박수를 쳤고, 나도 영화에 더 애정이 생겼다. 돌아오는 길에 친구와 영화에 대해 오랫동안 이야기하며 여운을 즐겼던 순간이 아직도 생생하다.",영화제에서 화자가 가장 인상 깊게 남은 경험은 무엇이었나요?,잘 모르겠음,감독에게 직접 질문하고 답을 들은 것,영화제에서 영화 포스터를 받은 것,영화제에서 우연히 배우를 만난 것,감독에게 직접 질문하고 답을 들은 것,2,177
만화/영화에 관한 경험,영화제에서 잊지 못할 추억,170,"몇 년 전 친구와 함께 부산국제영화제에 갔던 기억이 아직도 생생하다. 표를 예매하는 것부터 긴장됐는데, 우연히 티켓팅에 성공해 기대하던 일본 애니메이션을 관람할 수 있었다. 영화가 끝난 후 감독과의 대화 시간이 있었는데, 감독님이 직접 영감을 얻은 장소에 대해 설명해주셔서 작품을 더 깊이 이해할 수 있었다. 돌아오는 길에 친구와 바닷가를 산책하며 영화에 대한 감상을 나눴던 순간이 특히 소중하게 남아 있다.",발화에서 화자가 부산국제영화제에서 관람한 영화의 감독이 어떤 이야기를 했는가?,잘 모르겠음,출연 배우의 캐스팅 비화,영감을 얻은 장소에 대한 설명,영화의 결말을 바꾼 이유,영감을 얻은 장소에 대한 설명,3,172
만화/영화에 관한 경험,외국 만화/애니메이션에 대한 이해와 해석,170,"며칠 전 친구가 추천해준 프랑스 애니메이션을 처음으로 시청했다. 등장인물들의 감정 표현이 미묘해서 처음엔 이해하기가 쉽지 않았다. 특히 주인공이 무언가를 망설이는 장면에서 자막만으로는 정확한 감정을 알기 어려워서, 몇 번을 되돌려 보며 표정과 목소리를 유심히 살폈다. 결국 친구에게 메시지를 보내 그 장면에 대해 함께 해석해보기도 했다. 외국 애니메이션을 볼 때 문화적 배경과 미묘한 표현 차이를 느낄 수 있어 흥미로웠다.",화자는 프랑스 애니메이션을 이해하기 위해 어떤 행동을 했나요?,잘 모르겠음,자막을 끄고 소리만 들었다,여러 번 되돌려 보며 표정과 목소리를 살폈다,감정을 무시하고 계속 봤다,여러 번 되돌려 보며 표정과 목소리를 살폈다,3,180
만화/영화에 관한 경험,외국 만화/애니메이션에 대한 이해와 해석,170,"며칠 전, 친구가 추천해준 프랑스 애니메이션을 집에서 감상했다. 처음엔 언어도 낯설고 그림체도 익숙하지 않아 집중이 잘 안 됐다. 하지만 주인공이 겪는 가족과의 갈등, 어색한 대화들이 우리와 비슷해서 점점 몰입하게 됐다. 특히 마지막에 엄마가 주인공에게 건네는 짧은 대사가 오랜만에 마음을 울렸다. 우리나라 애니메이션과는 다른 분위기였지만, 감정의 결은 비슷하다는 걸 새삼 느꼈다.",화자가 프랑스 애니메이션에서 인상 깊게 느낀 장면은 무엇이었나요?,잘 모르겠음,주인공이 친구와 화해하는 장면,엄마가 주인공에게 건네는 짧은 대사,주인공이 여행을 떠나는 장면,엄마가 주인공에게 건네는 짧은 대사,3,164
만화/영화에 관한 경험,외국 만화/애니메이션에 대한 이해와 해석,170,"며칠 전 친구가 추천해준 프랑스 애니메이션을 처음 봤다. 평소에 일본 애니메이션만 자주 봐서 프랑스 작품은 익숙하지 않았는데, 색감이나 그림체가 아주 독특해서 시선을 사로잡았다. 특히 주인공이 꿈과 현실을 오가며 성장하는 장면이 인상적이었다. 대사도 직설적이지 않고 상징적으로 표현되어 한 번에 이해하기 어려웠지만, 오히려 여러 번 곱씹으면서 생각이 많아졌다. 마지막에 주인공이 가족과 화해하는 장면을 보면서, 내가 어릴 때 부모님과 다투었던 기억이 떠올라 뭔가 가슴이 찡해졌다.",프랑스 애니메이션에서 주인공이 경험한 일로 인해 발화자가 떠올린 개인적 기억은 무엇인가요?,잘 모르겠음,어릴 때 친구와 놀았던 추억,어릴 때 부모님과 다투었던 기억,학교에서 상을 받았던 기억,어릴 때 부모님과 다투었던 기억,3,207
만화/영화에 관한 경험,외국 만화/애니메이션에 대한 이해와 해석,170,"며칠 전 친구가 추천해준 프랑스 애니메이션을 처음 봤다. 익숙하지 않은 그림체와 느린 전개가 처음엔 어색했지만, 점점 등장인물의 감정 변화에 몰입하게 되었다. 특히 주인공이 동생에게 진심을 털어놓는 장면에서 마음이 뭉클했다. 이 애니메이션은 대사보다는 표정과 배경 음악으로 감정을 전달해서, 평소에 자주 보던 일본 애니메이션과는 다르게 느껴졌다. 엔딩을 보고 나니 잔잔한 여운이 오래 남아, 친구에게 고맙다는 메시지를 보냈다.",화자가 프랑스 애니메이션을 보면서 특별히 인상 깊게 느낀 점은 무엇이었나요?,잘 모르겠음,화려한 액션 장면,대사 없이 표정과 음악으로 감정을 전달하는 점,복잡한 스토리 전개,대사 없이 표정과 음악으로 감정을 전달하는 점,3,184
만화/영화에 관한 경험,인생에서 가장 기억에 남는 영화와 그 이유,170,"주말 저녁 가족들과 거실에 모여 영화를 보기로 했을 때, 우연히 '포레스트 검프'를 골랐던 기억이 아직도 선명하다. 영화가 끝난 후 어머니께서 조용히 눈물을 닦으시는 모습을 보고, 단순한 이야기처럼 보이던 장면 하나하나가 가족에 대한 사랑과 인생의 우연에 대해 깊은 여운을 남겼다. 그날 이후로 힘들 때마다 이 영화를 떠올리며 위로를 받게 되었다.",화자가 가족들과 함께 본 영화가 끝난 후 어머니께서 어떤 행동을 하셨는가?,잘 모르겠음,웃으셨다,눈물을 닦으셨다,영화에 대해 이야기하셨다,눈물을 닦으셨다,3,146
만화/영화에 관한 경험,인생에서 가장 기억에 남는 영화와 그 이유,170,"며칠 전 친구와 오랜만에 영화 얘기를 나누다가 문득 예전에 봤던 '월터의 상상은 현실이 된다'가 떠올랐다. 그 영화를 처음 봤던 때는 대학생 시절이었고, 진로에 대한 고민으로 불안하던 시기였다. 주인공이 평범한 일상에서 벗어나 용기를 내어 모험을 떠나는 모습이 내게 큰 위로와 자극이 되었고, 영화를 다 보고 난 후에는 나도 뭔가를 시도해보고 싶다는 생각이 들었다. 그래서 그 이후로는 새로운 도전을 두려워하지 않게 된 계기가 되었다.",화자가 '월터의 상상은 현실이 된다'를 보고 나서 느낀 변화는 무엇이었나요?,잘 모르겠음,영화 속 장소에 가고 싶어졌다,도전을 두려워하지 않게 되었다,영화 제작자가 되고 싶어졌다,도전을 두려워하지 않게 되었다,3,182
만화/영화에 관한 경험,인생에서 가장 기억에 남는 영화와 그 이유,170,"며칠 전 친구와 영화를 추천해주는 대화를 하다가 문득 예전에 봤던 '이터널 선샤인'이 떠올랐다. 그 영화를 처음 봤을 때, 사랑과 기억에 대해 깊이 생각하게 되었고, 영화의 색감과 감정선이 정말 인상적이었다. 특히 주인공들이 기억을 잃어가면서도 서로에게 끌리는 장면에서 오랫동안 가슴이 먹먹했다. 그래서 내 인생 영화로 오랫동안 기억에 남아 있다.",내가 인생 영화로 꼽는 영화에서 주인공들이 겪는 독특한 경험은 무엇이었나?,잘 모르겠음,기억을 잃어가면서 서로에게 끌림,시간여행을 하면서 과거를 바꿈,우주에서 외계인을 만남,기억을 잃어가면서 서로에게 끌림,2,148
만화/영화에 관한 경험,인생에서 가장 기억에 남는 영화와 그 이유,170,"내가 인생에서 가장 기억에 남는 영화는 친구와 고등학교 시절에 본 '월터의 상상은 현실이 된다'라는 작품이다. 그 당시 진로에 대해 고민이 많던 시기였는데, 주인공이 용기를 내서 평범한 일상에서 벗어나 새로운 도전을 하는 모습이 내 마음에 큰 울림을 주었다. 영화를 다 보고 난 뒤 친구와 카페에 앉아 각자의 꿈에 대해 진지하게 이야기했던 그날의 분위기와 감정이 아직도 생생하게 떠오른다.",화자가 친구와 영화를 본 후 어디에서 꿈에 대해 이야기했는가?,잘 모르겠음,학교 운동장,카페,도서관,카페,3,162
펫과의 일상,반려동물과의 미스터리한 소통,170,"창문을 열어둔 채 책을 읽고 있는데, 갑자기 고양이 민이가 창밖을 뚫어지게 바라보며 꼬리를 바닥에 두 번 툭툭 쳤다. 그 순간 어디선가 바람이 불어와 책장이 한 장 넘어갔다. 민이가 창밖에서 뭔가를 본 건지, 바람이 올 걸 예감한 건지 알 수 없지만, 그 짧은 순간 우리는 아무 말도 하지 않았는데도 서로 뭔가를 이해한 듯한 기분이 들어 신기했다.",고양이 민이가 창밖을 바라보며 어떤 행동을 했는지에 대한 설명으로 옳은 것은?,잘 모르겠음,민이가 갑자기 크게 울었다.,민이가 꼬리를 바닥에 두 번 쳤다.,민이가 창밖으로 뛰어내렸다.,민이가 꼬리를 바닥에 두 번 쳤다.,3,140
펫과의 일상,반려동물과의 미스터리한 소통,170,"며칠 전, 내가 힘들어서 혼자 방에 누워 있었는데 평소엔 조용하던 고양이 해리가 갑자기 내 침대 위로 올라와서 내 얼굴을 한참 바라보더니 앞발로 내 손을 살짝 건드렸다. 그 순간 왠지 모르게 위로받는 느낌이 들었다. 해리가 무슨 생각을 했는지 모르지만, 마치 내 기분을 알아채고 위로해주려는 듯한 행동이었다. 해리가 그렇게 내 옆에 가만히 누워 있었던 그 시간 덕분에 내 마음도 조금은 가벼워졌다.",내가 침대에 누워있을 때 해리가 한 행동으로 알맞은 것은 무엇인가요?,잘 모르겠음,내 얼굴을 핥았다,내 손을 앞발로 건드렸다,크게 울며 방을 나갔다,내 손을 앞발로 건드렸다,3,164
펫과의 일상,반려동물과의 미스터리한 소통,170,"며칠 전, 소파에 앉아 책을 읽고 있는데 우리 집 고양이 미로가 갑자기 내 무릎 위로 올라와서 큰 소리로 야옹거렸어. 평소엔 무심한 척하다가도 내가 조금 우울한 날에는 꼭 이렇게 다가와서 나를 위로해주는 것 같아. 신기하게도 내가 기분이 좋을 땐 별로 관심을 보이지 않다가, 우울하거나 힘든 날에는 꼭 옆에 있어주거든. 이날도 아무 말 없이 내 손을 핥아주고는 내 얼굴을 빤히 바라봤는데, 마치 내 마음을 읽고 위로해주는 것 같은 기분이 들어서 정말 신기했다.",고양이 미로가 평소와 다르게 화자가 우울할 때 보인 행동은 무엇이었나요?,잘 모르겠음,소파 아래에 숨어 있었다,화자의 무릎 위로 올라와 손을 핥고 얼굴을 바라봤다,장난감을 물고 뛰어다녔다,화자의 무릎 위로 올라와 손을 핥고 얼굴을 바라봤다,3,188
펫과의 일상,반려동물과의 미스터리한 소통,170,"며칠 전 거실 소파에 앉아 책을 읽고 있는데, 우리 집 고양이 나비가 갑자기 창문 앞에 앉아 꼬리를 휘저으며 창밖을 뚫어지게 쳐다보더라구요. 저는 무심코 '나비야, 무슨 일 있어?'라고 물었는데, 그 순간 나비가 갑자기 저를 한번 바라보고는 창문 쪽으로 가서 작은 장난감을 발로 굴리기 시작했어요. 마치 뭔가를 알려주려는 것 같아서 신기하고 미스터리한 기분이 들었죠.",고양이 나비가 창문 앞에 앉아서 한 행동은 무엇이었나요?,잘 모르겠음,창밖을 뚫어지게 쳐다봄,소파에서 잠을 잠,방 한가운데를 빙글빙글 돌았음,창밖을 뚫어지게 쳐다봄,2,154
펫과의 일상,반려동물과의 산책 경험,170,"비가 그친 뒤 집 근처 공원에 반려견 몽이를 데리고 산책을 나갔다. 젖은 풀밭에서 몽이는 평소보다 더 신나게 뛰어다녔고, 갑자기 작은 연못 근처에 멈춰 서더니 물에 비친 자기 모습을 한참 바라보았다. 나는 그런 몽이의 모습을 사진으로 남겼는데, 덕분에 산책이 끝난 뒤 몽이의 발을 깨끗하게 닦아줘야 했다. 발에 잔디와 진흙이 가득 묻어 있었기 때문이다.",산책 중 몽이가 연못 근처에서 보인 행동은 무엇이었나요?,잘 모르겠음,연못에 뛰어들었다,연못 근처에서 쉬었다,물에 비친 자기 모습을 바라보았다,물에 비친 자기 모습을 바라보았다,4,146
펫과의 일상,반려동물과의 산책 경험,170,"창밖에서 비가 내리던 날, 평소처럼 반려견 모카와 산책을 나갔다. 평소라면 활발하게 뛰어다니던 모카가 이날은 빗방울을 피하려고 나뭇잎 아래에 쏙 숨었다. 나는 우산을 모카 위에 씌워주며 천천히 걷기 시작했다. 모카는 내 손을 바라보며 고마워하는 듯 꼬리를 흔들었고, 우산 덕분에 조금씩 용기를 내어 빗속을 걷는 모습을 보여줬다. 비에 젖은 발로 집에 돌아온 모카를 수건으로 닦아주며, 이런 작은 순간이 서로에게 얼마나 소중한지 다시 한 번 느꼈다.",산책 중 모카가 비를 피하려고 한 행동은 무엇이었나요?,잘 모르겠음,나뭇잎 아래에 숨었다,갑자기 뛰기 시작했다,도로로 달려갔다,나뭇잎 아래에 숨었다,2,188
펫과의 일상,반려동물과의 산책 경험,170,"며칠 전 퇴근 후 집에 도착하자마자 반려견 보리가 현관문 앞에서 꼬리를 흔들며 산책을 재촉했다. 간단히 목줄을 채우고 동네 공원을 돌았는데, 갑자기 다른 강아지 한 마리가 다가와 보리가 놀라 잠시 뒷걸음질쳤다. 하지만 금방 용기를 내더니 조심스럽게 냄새를 맡으며 서로 인사했다. 둘이 한참을 뛰어놀다 보니, 오랜만에 보리의 밝은 표정을 볼 수 있어서 나도 덩달아 기분이 좋아졌다.",산책 중 보리가 다른 강아지와 처음 마주쳤을 때 어떤 반응을 보였나요?,잘 모르겠음,즉시 달려가서 놀았다,놀라서 잠시 뒷걸음질쳤다,아무 반응 없이 지나쳤다,놀라서 잠시 뒷걸음질쳤다,3,159
펫과의 일상,반려동물과의 산책 경험,170,"햇살이 따스했던 어느 오후, 반려견 밤이와 동네 작은 공원까지 산책을 다녀왔다. 평소에는 짧게 걷다가 돌아오는 편인데, 이날은 밤이가 유난히 에너지가 넘쳐서 평소보다 한참을 더 걸었다. 중간에 벤치에서 쉬는데 밤이가 내 무릎 위로 올라와 잠깐 졸기도 했다. 산책길에 고양이 한 마리를 만났는데 밤이는 조용히 바라보기만 하고 짖지 않아 조금 놀랐다. 산책을 마치고 집에 돌아오니 밤이가 금세 잠들어 버려서 그 모습이 꽤 귀여웠다.",산책 중 밤이가 벤치에서 보인 행동은 무엇이었나요?,잘 모르겠음,벤치 아래에서 놀았다.,내 무릎 위로 올라와 잠깐 졸았다.,벤치 옆을 계속 맴돌았다.,내 무릎 위로 올라와 잠깐 졸았다.,3,179
펫과의 일상,반려동물을 잃어버린 경험과 찾게된 순간,170,"며칠 전, 집에 돌아왔더니 평소 현관까지 마중 나오는 고양이 미루가 보이지 않아 깜짝 놀랐다. 온 집안을 뒤졌지만 찾을 수 없어 점점 불안해졌다. 가족들과 함께 아파트 단지를 돌며 이름을 불렀는데, 한참 후에 지하 주차장 한 구석에서 작게 울고 있는 미루를 발견했다. 그 순간 안도감과 기쁨이 뒤섞여 눈물이 날 뻔했다. 그 뒤로 문단속을 훨씬 더 꼼꼼하게 하게 되었다.",고양이 미루를 결국 어디에서 찾았는가?,잘 모르겠음,아파트 놀이터,지하 주차장,엘리베이터 안,지하 주차장,3,151
펫과의 일상,반려동물을 잃어버린 경험과 찾게된 순간,170,"며칠 전, 산책 중에 잠깐 한눈을 판 사이 반려견 토리가 목줄을 놓치고 달아나 버렸다. 그날 밤 내내 근처 공원을 돌며 토리를 애타게 불렀는데, 비가 오는 바람에 걱정이 더욱 커졌다. 다음 날 아침, 동네 슈퍼 앞에 웅크리고 있는 토리를 발견했을 때 얼마나 안도했는지 모른다. 토리는 축축하게 젖어 있었지만 나를 보자 꼬리를 힘차게 흔들었다. 덕분에 집에 돌아와 오랜만에 가족 모두가 함께 웃을 수 있었다.",토리를 찾았을 때 토리는 어디에 있었나요?,잘 모르겠음,공원 벤치 아래,동네 슈퍼 앞,동물병원 입구,동네 슈퍼 앞,3,166
펫과의 일상,반려동물을 잃어버린 경험과 찾게된 순간,170,"며칠 전, 산책 중에 갑자기 리드줄이 손에서 풀려버려서 우리 집 고양이 미루가 근처 공원으로 달아나버렸던 적이 있었다. 당황해서 이리저리 찾아다니며 미루의 이름을 계속 불렀지만 한동안 모습이 보이지 않았다. 한참을 헤매다 미루가 자주 숨던 작은 나무 아래를 살펴보니 거기서 겁먹은 눈으로 나를 바라보고 있었다. 그 순간 안도감에 눈물이 날 뻔했다. 미루를 다시 품에 안았을 때 느꼈던 따뜻한 온기와 미루의 고운 털이 아직도 생생하다.",고양이 미루는 어디에서 다시 발견되었나요?,잘 모르겠음,동물병원 앞에서,작은 나무 아래에서,놀이터 미끄럼틀 옆에서,작은 나무 아래에서,3,181
펫과의 일상,반려동물을 잃어버린 경험과 찾게된 순간,170,"며칠 전 산책 도중에 반려견 토토가 갑자기 낯선 소리에 놀라 목줄을 놓치고 달아나 버렸다. 당황해서 동네를 몇 시간이나 돌아다니며 토토를 불러봤지만 흔적조차 찾지 못했다. 비가 내리기 시작해 걱정이 커졌는데, 마침내 근처 슈퍼 앞에서 젖은 채로 앉아 있는 토토를 발견했다. 토토가 나를 보고 꼬리를 힘차게 흔드는 모습을 보고 안도감에 눈물이 났다.","토토를 다시 찾았을 때, 토토는 어디에 있었나요?",잘 모르겠음,집 앞마당,근처 슈퍼 앞,동물병원 앞,근처 슈퍼 앞,3,145
펫과의 일상,반려동물의 재미있는 행동들,170,"창밖에서 바람이 불던 날, 우리 집 고양이 미루가 창문에 바짝 붙어서는 꼬리를 세우고 이상한 소리를 냈다. 처음엔 무슨 일인가 했는데, 알고 보니 작은 참새 한 마리가 난간에 앉아 있었던 것이다. 미루는 평소에도 창밖을 보면 새를 볼 때마다 입을 오물거리며 '까르륵' 소리를 낸다. 그 모습을 볼 때마다 왜 저렇게 흥분하는지 궁금하면서도 한편으론 웃음이 난다. 마치 사냥꾼 본능이 잠깐 깨어난 것 같아 신기하고 귀엽다.",미루가 창밖을 보며 꼬리를 세우고 이상한 소리를 냈던 이유는 무엇이었나요?,잘 모르겠음,창밖에 바람이 불어서,난간에 참새가 앉아 있어서,배가 고파서,난간에 참새가 앉아 있어서,3,173
펫과의 일상,반려동물의 재미있는 행동들,170,"최근에 집에서 혼자 영화를 보고 있는데, 반려묘 미루가 갑자기 커튼 뒤로 숨어서 제 눈치를 살피는 거예요. 뭔가 장난을 치려는 듯한 눈빛이었죠. 제가 모르는 척했더니 미루가 슬금슬금 다가와 제 발가락을 살짝 물고 도망가더라고요. 덕분에 혼자 있는데도 웃음이 났어요. 미루는 가끔 이런 식으로 저를 놀라게 하거나, 소파 아래에서 갑자기 튀어나오기도 해서 집이 늘 조용할 틈이 없는 것 같아요.",미루가 영화 보는 저를 어떻게 놀라게 했나요?,잘 모르겠음,갑자기 소파 위로 점프했다,커튼 뒤에서 발가락을 살짝 물고 도망갔다,방 문을 열고 들어왔다,커튼 뒤에서 발가락을 살짝 물고 도망갔다,3,163
펫과의 일상,반려동물의 재미있는 행동들,170,"최근에 집에 새로운 고양이 장난감을 들여놨는데, 우리 고양이가 그것을 보고 처음에는 경계하더니 곧 호기심을 못 이기고 다가가더라구요. 가장 재미있었던 건 고양이가 장난감 안에 들어있는 공을 꺼내려고 앞발로 여러 번 두드리다가 결국 옆으로 넘어지며 미끄러졌던 순간이에요. 그 모습이 너무 귀엽고 우스워서 한참을 웃었답니다. 이제는 그 장난감만 보면 스스로 배를 뒤집으며 놀고 있어요.",고양이가 장난감을 가지고 놀다가 어떤 재미있는 행동을 했나요?,잘 모르겠음,장난감을 물고 도망쳤다.,공을 꺼내려다 미끄러졌다.,장난감 위에 올라가 잠들었다.,공을 꺼내려다 미끄러졌다.,3,163
펫과의 일상,반려동물의 재미있는 행동들,170,"며칠 전 저녁, 소파에 앉아 책을 읽고 있었는데, 우리 집 고양이 미로가 갑자기 작은 상자 안에 쏙 들어가더니 꼬리만 살짝 내밀고 가만히 있더라고요. 상자가 너무 작아서 들어갈 수 없을 줄 알았는데, 어떻게든 몸을 구겨 넣으려고 애쓰는 모습이 정말 귀엽고 웃겼어요. 미로가 상자 안에서 얼굴만 내밀고 저를 바라보다가, 갑자기 상자 밖으로 뛰쳐나와 리빙룸을 전속력으로 뛰어다니는 걸 보고 한참을 웃었답니다.",미로가 상자 안에 들어가 있을 때 내놓은 신체 부위는 무엇이었나요?,잘 모르겠음,꼬리,앞발,귀,꼬리,2,169
펫과의 일상,첫 반려동물을 맞이한 날,170,"집에 들어서자마자 작은 강아지가 바구니 안에서 꼬리를 흔들며 나를 바라봤다. 처음 보는 순간 설렘과 동시에 약간의 두려움도 느꼈는데, 손을 내밀자 강아지가 조심스럽게 내 손을 핥았다. 가족 모두가 모여 강아지에게 이름을 정해주려고 여러 가지를 제안했고, 결국 '두리'라는 이름으로 결정했다. 그날 저녁, 두리가 내 무릎 위에 몸을 말고 잠드는 모습을 보면서 앞으로 함께할 시간들이 기대되기 시작했다.",강아지의 이름을 정할 때 가족들은 어떻게 했나요?,잘 모르겠음,무작위로 뽑았다,가족 모두가 모여 여러 이름을 제안했다,주인 혼자 정했다,가족 모두가 모여 여러 이름을 제안했다,3,170
펫과의 일상,첫 반려동물을 맞이한 날,170,"동생과 함께 집에 들어섰을 때 작은 강아지가 꼬리를 흔들며 다가오는 모습을 처음 보았다. 온 가족이 박수를 치며 반겨줬고, 나는 조심스럽게 손을 내밀었다. 강아지가 내 손을 핥았을 때 간질간질한 느낌에 웃음이 나왔다. 그날 저녁, 강아지에게 이름을 지어주기 위해 모두가 모여 의견을 나눴다. 결국 동생이 제안한 '콩이'라는 이름이 가장 마음에 들어 모두 동의했다. 처음으로 내 품에 안긴 콩이의 체온이 오래도록 손에 남아 있었다.",강아지의 이름을 정할 때 가족들은 어떤 과정을 거쳤나요?,잘 모르겠음,강아지에게 직접 물어보았다.,각자 좋아하는 이름을 종이에 써서 뽑았다.,모두 모여 의견을 나눈 후 동생이 제안한 이름으로 정했다.,모두 모여 의견을 나눈 후 동생이 제안한 이름으로 정했다.,4,180
펫과의 일상,첫 반려동물을 맞이한 날,170,"평소와 다름없는 평일 저녁, 집에 들어서자마자 동생이 작은 상자를 들고 있다며 내게 다가왔다. 상자를 열어보니 검은 털에 하얀 점이 있는 강아지가 꼬리를 흔들며 날 바라보고 있었다. 순간 심장이 두근거리고, 낯선 존재와 함께하게 된다는 기대감과 동시에 걱정도 들었다. 동생과 나는 서로 눈을 마주치며 이름을 무엇으로 할지 한참을 고민하다가 결국 '콩이'라고 부르기로 결정했다.",강아지의 이름을 어떻게 짓게 되었는지에 대해 발화에서 언급된 내용을 바탕으로 올바른 설명을 고르세요.,잘 모르겠음,강아지가 콩을 좋아해서,강아지의 털 색과 관련해 고민하다가,동생이 이미 정해 온 이름을 사용해서,강아지의 털 색과 관련해 고민하다가,3,160
펫과의 일상,첫 반려동물을 맞이한 날,170,"며칠 전, 가족들과 함께 동물 보호소에 들러 강아지 한 마리를 입양했다. 처음 집에 데려왔을 때는 낯선 환경 때문인지 구석에 숨기만 해서 조금 걱정이 됐다. 나는 조심스럽게 다가가 손을 내밀었고, 강아지는 내 손 냄새를 맡으며 조금씩 마음을 열기 시작했다. 저녁 무렵엔 배를 보여주며 누워 있었고, 그 모습에 모두가 웃으며 이름을 짓는 시간을 가졌다. 덕분에 집안 분위기가 한층 더 따뜻해졌다.",강아지가 집에 처음 왔을 때 보인 행동으로 알맞은 것은?,잘 모르겠음,밥을 먼저 먹었다,집 안을 활발히 뛰어다녔다,구석에 숨어 있었다,구석에 숨어 있었다,4,163
봉사활동을 통한 인간 이해,"내 첫 봉사활동, 독거노인 방문 봉사",170,"초등학교 6학년 때 담임선생님의 권유로 동네 독거노인 할머니 댁을 처음 방문했던 기억이 생생하다. 방문 전에는 어색하고 긴장됐지만, 막상 할머니와 함께 시장에 다녀오고 집안 청소도 도와드리면서 자연스럽게 대화가 이어졌다. 할머니께서 손수 귤을 까주시며 옛날 이야기를 들려주셨고, 내가 작은 도움만으로도 큰 기쁨을 드릴 수 있다는 사실을 처음 알게 되었다. 그날 이후로 봉사활동에 대해 더 긍정적인 마음을 갖게 되었다.",화자가 할머니와 함께 했던 활동이 아닌 것은 무엇인가요?,잘 모르겠음,시장에 다녀오기,집안 청소,공원 산책,공원 산책,4,178
봉사활동을 통한 인간 이해,"내 첫 봉사활동, 독거노인 방문 봉사",170,"창밖에 비가 내리던 어느 날, 학교에서 처음으로 독거노인 댁을 방문하는 봉사활동에 참여했다. 처음엔 낯선 집을 두드리는 것이 무척 어색했지만, 할머니께서 직접 구워주신 호떡을 먹으며 이야기를 나누다 보니 긴장이 조금씩 풀렸다. 할머니는 손주 이야기를 들려주시며 웃으셨고, 나는 그 따뜻함에 마음이 저절로 열렸다. 봉사가 단순히 도움을 주는 게 아니라, 서로에게 위로와 힘이 된다는 것을 그날 처음 느꼈다.",봉사활동 중 할머니께서 나에게 어떤 음식을 구워주셨는가?,잘 모르겠음,호떡,감자전,떡볶이,호떡,2,172
봉사활동을 통한 인간 이해,"내 첫 봉사활동, 독거노인 방문 봉사",170,"며칠 전 동네 복지관에서 독거노인 분들을 찾아뵙는 봉사활동을 처음으로 다녀왔다. 처음엔 어색하고 무슨 말을 해야 할지 몰라 걱정됐지만, 할머니께서 직접 담근 오미자청을 내어주시며 이야기를 시작하셔서 금세 분위기가 풀렸다. 할머니는 예전 일터에서 겪은 일들을 생생하게 들려주셨고, 내가 만든 카드를 건넸더니 환하게 웃으셨다. 짧은 시간이었지만 오랜만에 누군가와 깊이 대화했다는 생각에 뿌듯했다.",봉사활동 중 할머니가 직접 내어주신 것은 무엇이었나요?,잘 모르겠음,수제 쿠키,오미자청,감자전,오미자청,3,171
봉사활동을 통한 인간 이해,"내 첫 봉사활동, 독거노인 방문 봉사",170,"며칠 전, 친구의 권유로 처음으로 독거노인 댁을 방문하는 봉사활동에 참여하게 됐다. 문을 두드리며 긴장했는데, 할머니께서 직접 문을 열어 따뜻하게 맞아주셨다. 집안에 들어가 이야기를 나누다 보니 할머니는 손수 만든 뜨개질 모자를 자랑하며, 예전에는 가족들과 함께 살았지만 지금은 자주 외로움을 느낀다고 말씀하셨다. 이야기를 듣고 간단한 청소도 도와드리며 소소한 간식도 나눠 먹었다. 짧은 만남이었지만, 누군가의 하루에 작은 위로가 될 수 있다는 사실이 새삼 크게 다가왔다.",봉사활동 중 할머니가 자랑하신 것은 무엇이었나요?,잘 모르겠음,직접 뜬 뜨개질 모자,예전에 키우던 강아지,최근에 본 드라마,직접 뜬 뜨개질 모자,2,203
봉사활동을 통한 인간 이해,다문화 가정을 위한 교육 봉사 활동,170,"며칠 전, 동네 복지관에서 다문화 가정 어린이들을 위한 방과후 학습 봉사에 참여하게 되었다. 아이들마다 사용하는 언어나 문화가 달라서 처음에는 소통이 조금 어려웠지만, 그림을 함께 그리거나 간단한 게임을 통해 점차 서로를 이해하게 되었다. 특히, 한 친구가 자신의 나라 전통 놀이를 소개해주면서 모두가 함께 즐거운 시간을 보냈던 것이 기억에 남는다. 그 경험 덕분에 다양한 문화의 배경을 가진 친구들과도 자연스럽게 가까워질 수 있었다.",봉사활동 중 아이들이 서로 가까워지는 데 도움이 된 활동은 무엇이었나요?,잘 모르겠음,간식 나누기,전통 놀이 소개,영어 단어 암기,전통 놀이 소개,3,184
봉사활동을 통한 인간 이해,다문화 가정을 위한 교육 봉사 활동,170,"며칠 전, 다문화 가정 아이들을 위한 교육 봉사에 참여하게 되었다. 처음 만난 아이들은 낯설고 긴장한 모습이었지만, 내가 준비한 한국 전통 놀이를 함께 하면서 점차 마음을 열기 시작했다. 특히 한 아이가 서툰 발음으로 내 이름을 부르며 질문을 했을 때, 나도 모르게 미소가 지어졌다. 수업이 끝난 뒤에는 아이들이 직접 만든 그림을 선물로 주었는데, 그 중에는 나와 함께 윷놀이를 하는 모습이 그려져 있었다. 그 작은 그림 한 장에 아이들의 진심과 노력이 담겨 있어 오랫동안 마음에 남았다.",봉사활동 중 아이들이 선물로 준 것은 무엇이었나요?,잘 모르겠음,직접 만든 그림,종이접기 동물,책갈피,직접 만든 그림,2,201
봉사활동을 통한 인간 이해,다문화 가정을 위한 교육 봉사 활동,170,"며칠 전, 지역 도서관에서 다문화 가정 아이들을 위한 교육 봉사에 참여했다. 처음엔 언어 장벽 때문에 걱정이 많았지만, 한 친구가 그림으로 자신이 좋아하는 음식을 설명해주며 분위기가 금세 밝아졌다. 아이들과 함께 숫자 놀이도 하고, 쉬는 시간엔 각자 나라의 간단한 인사를 가르쳐주기도 했다. 이런 경험을 통해 서로의 다름을 자연스럽게 받아들이고, 소통의 기쁨을 느낄 수 있었다.",봉사활동 중 아이들이 쉬는 시간에 한 활동은 무엇이었나요?,잘 모르겠음,각자 나라의 전통 춤을 췄다,각자 나라의 간단한 인사를 가르쳐주었다,그림 그리기 대회를 열었다,각자 나라의 간단한 인사를 가르쳐주었다,3,160
봉사활동을 통한 인간 이해,다문화 가정을 위한 교육 봉사 활동,170,"초등학교 방과후에 다문화 가정 아이들을 대상으로 한국어를 가르치는 봉사활동에 참여한 적이 있다. 처음에는 언어 장벽 때문에 아이들과 소통이 쉽지 않을 것 같아 걱정했지만, 그림이나 몸짓을 이용해 설명하니 아이들이 차차 마음을 열고 질문도 해주었다. 어느 날 한 친구가 자기 나라의 전통 놀이를 소개해주었는데, 그때부터 아이들과 더 가까워질 수 있었고, 나 역시 다양한 문화를 이해하는 데 큰 도움이 되었다.",봉사활동 중 아이들과 더 가까워질 수 있었던 계기는 무엇이었나요?,잘 모르겠음,한국어 단어 시험을 본 것,아이들이 집에 간 것,한 아이가 자기 나라의 전통 놀이를 소개한 것,한 아이가 자기 나라의 전통 놀이를 소개한 것,4,171
봉사활동을 통한 인간 이해,유기동물 보호소에서의 봉사 이야기,170,"며칠 전, 친구의 권유로 근처 유기동물 보호소에서 봉사를 하게 되었다. 처음에는 강아지들이 낯을 가려 다가가기 어려웠지만, 시간이 지나자 한 마리가 내 손을 핥으며 다가왔다. 나는 조심스럽게 쓰다듬어 주었고, 그 순간 녀석의 경계가 조금씩 풀리는 것을 느꼈다. 무심코 지나치던 동물의 눈빛에도 이야기와 감정이 담겨 있다는 사실을 그날 처음 알게 되었다.",처음 봉사자가 보호소 강아지들과 상호작용할 때 어떤 변화가 있었는가?,잘 모르겠음,강아지들이 바로 다가와서 친근하게 굴었다.,강아지들이 봉사자를 무시했다.,처음엔 경계했지만 시간이 지나자 한 마리가 다가왔다.,처음엔 경계했지만 시간이 지나자 한 마리가 다가왔다.,4,149
봉사활동을 통한 인간 이해,유기동물 보호소에서의 봉사 이야기,170,"지난 주말에는 친구와 함께 근처 유기동물 보호소에서 봉사활동을 했다. 처음엔 낯선 환경에 다소 긴장했지만, 강아지 우리 청소를 하면서 직원분이 한 마리씩 소개해 주셔서 금세 마음이 편해졌다. 특히 한 쪽 귀가 접힌 갈색 강아지가 나를 졸졸 따라다녔는데, 그 따뜻한 눈빛이 잊히지 않는다. 봉사가 끝날 무렵, 직접 사온 간식을 강아지들에게 나눠줬더니 꼬리를 흔들며 좋아했다. 돌아오는 길에 인간과 동물 간의 신뢰와 사랑에 대해 곱씹게 되었다.",봉사자가 보호소에서 어떤 동물과 특별한 교감을 나누었는가?,잘 모르겠음,한 쪽 귀가 접힌 갈색 강아지,하얀 고양이,회색 토끼,한 쪽 귀가 접힌 갈색 강아지,2,185
봉사활동을 통한 인간 이해,유기동물 보호소에서의 봉사 이야기,170,"지난주 주말, 친구와 함께 유기동물 보호소에 다녀왔다. 처음엔 낯선 동물들 앞에서 어떻게 행동해야 할지 몰라서 조금 긴장했지만, 보호소 직원분이 친절하게 설명해 주셔서 금세 적응할 수 있었다. 특히 노란색 리본을 단 강아지가 많이 경계심을 보여서 다가가지 않고 멀리서 지켜봤다. 보호소에서는 강아지 산책, 사료 그릇 정리, 담요 교체 등 다양한 일을 했다. 짧은 시간이었지만 동물들의 마음을 이해하려 노력했던 경험이 소중하게 남았다.",발화에서 노란색 리본을 단 강아지에 대해 화자는 어떤 행동을 했나요?,잘 모르겠음,강아지에게 간식을 줬다,다가가지 않고 멀리서 지켜봤다,바로 산책을 시켰다,다가가지 않고 멀리서 지켜봤다,3,184
봉사활동을 통한 인간 이해,유기동물 보호소에서의 봉사 이야기,170,"유기동물 보호소에서 봉사할 때마다 다양한 동물들의 사연을 듣게 되는데, 지난번에는 다리가 불편한 강아지를 돌보는 일을 맡았다. 처음엔 그 강아지가 낯설어 경계했지만, 간식을 조심스럽게 건네주고 조용히 옆에 앉아 있으니 점점 마음을 여는 것 같았다. 산책을 시켜줄 때 다리가 불편해 천천히 걷는 모습을 보며, 동물도 세심한 배려가 필요하다는 걸 다시 한 번 느꼈다.",화자가 유기동물 보호소에서 맡았던 돌봄 대상은 어떤 특징이 있었나요?,잘 모르겠음,털이 많은 고양이였다,다리가 불편한 강아지였다,앵무새였다,다리가 불편한 강아지였다,3,153
봉사활동을 통한 인간 이해,해외 봉사활동을 통해 배운 것,170,"비행기를 타고 처음 도착한 작은 마을에서는 언어가 잘 통하지 않아 처음엔 정말 당황스러웠다. 하지만 아이들이 먼저 다가와 손을 흔들어 주고, 나중에는 내가 준비해 간 그림책을 보며 함께 웃기도 했다. 현지 친구들과 물을 함께 길으러 가면서 서로의 생활방식에 대해 자연스럽게 이야기하게 되었고, 문화가 달라도 마음을 나누는 방법에는 큰 차이가 없다는 사실을 직접 느낄 수 있었다.",내가 현지 아이들과 처음 소통할 때 사용한 매개체는 무엇이었나요?,잘 모르겠음,그림책,축구공,음식,그림책,2,158
봉사활동을 통한 인간 이해,해외 봉사활동을 통해 배운 것,170,"몇 년 전, 친구들과 함께 동남아의 작은 마을에 봉사활동을 다녀온 기억이 떠오른다. 그곳에서는 매일 아이들과 함께 그림을 그리거나 영어를 가르쳤다. 낯선 환경이라 긴장도 했지만, 아이들이 먼저 다가와 이름을 불러주고 환하게 웃어주던 순간이 정말 인상적이었다. 그 경험을 통해 언어나 문화가 달라도 마음을 나누면 금세 가까워질 수 있다는 사실을 깨달았다. 또, 내가 누군가에게 도움이 될 수 있다는 뿌듯함도 크게 느꼈다.",화자가 봉사활동 중 아이들과 어떤 활동을 했는지 올바르게 고른 것은?,잘 모르겠음,음식을 함께 만들어 먹었다.,함께 그림을 그리거나 영어를 가르쳤다.,스포츠 경기를 함께 했다.,함께 그림을 그리거나 영어를 가르쳤다.,3,177
봉사활동을 통한 인간 이해,해외 봉사활동을 통해 배운 것,170,"몇 년 전, 친구와 함께 동남아의 작은 마을에서 봉사활동을 했던 기억이 떠오른다. 처음에는 언어도 잘 통하지 않고 문화도 달라 어색했지만, 아이들과 함께 그림 그리기를 하며 금세 가까워질 수 있었다. 그곳 아이들은 물감 한 통에도 신기해하며 웃음을 보였고, 그 모습을 보며 나는 일상에서 쉽게 지나치는 것들이 누군가에게는 큰 기쁨이 될 수 있다는 사실을 깨달았다. 봉사를 하러 갔지만 오히려 내가 더 많이 배우고 돌아온 시간이었다.",봉사활동 중 현지 아이들과 가까워지는 데 도움이 된 활동은 무엇이었나요?,잘 모르겠음,축구 경기,그림 그리기,노래 부르기,그림 그리기,3,179
봉사활동을 통한 인간 이해,해외 봉사활동을 통해 배운 것,170,"몇 년 전, 나는 낯선 나라의 작은 마을에서 어린이들을 가르치는 봉사활동에 참여했다. 언어가 달라 의사소통이 쉽지 않았지만, 아이들이 밝게 웃으며 내 손을 잡아주던 순간이 잊히지 않는다. 현지 가족들과 함께 전통 음식을 만들며 그들이 가진 삶의 방식과 소박한 행복을 배웠다. 돌아오는 길에 내가 도움을 준 것이 아니라 오히려 그들로부터 진심 어린 환대와 삶의 소중함을 배웠다는 생각에 마음이 뭉클했다.",봉사활동 중 어떤 경험이 화자에게 가장 인상 깊었다고 했나요?,잘 모르겠음,아이들과 전통 놀이를 한 것,아이들이 손을 잡아준 것,마을 축제에 참여한 것,아이들이 손을 잡아준 것,3,168
봉사활동을 통한 인간 이해,환경 보호를 위한 쓰레기 줍기 봉사,170,"한 달 전 친구들과 함께 도심 하천 주변에서 쓰레기 줍기 봉사에 참여했던 경험이 아직도 기억에 남아. 평소 그냥 지나치던 곳이었는데, 직접 쓰레기를 주워보니 생각보다 담배꽁초와 플라스틱 조각들이 정말 많았어. 처음엔 불평도 했지만, 점점 서로 농담도 하며 쓰레기를 모으다 보니 나중에는 뿌듯함이 느껴지더라. 그날 모은 쓰레기는 총 네 봉지였고, 봉사가 끝난 뒤에는 다 같이 분리수거도 했어. 덕분에 평소 환경에 대해 더 관심을 갖게 됐고, 이후에도 길에 쓰레기가 보이면 자연스럽게 주우려고 노력하고 있어.",봉사활동 중에 모은 쓰레기의 양은 총 몇 봉지였나요?,잘 모르겠음,두 봉지,네 봉지,다섯 봉지,네 봉지,3,212
봉사활동을 통한 인간 이해,환경 보호를 위한 쓰레기 줍기 봉사,170,"친구와 함께 동네 하천 주변을 돌며 쓰레기를 줍는 봉사활동에 참여했다. 처음엔 그냥 산책하는 기분이었지만, 예상보다 많은 담배꽁초와 플라스틱 조각들이 곳곳에 버려져 있어 놀랐다. 특히 작은 비닐 조각들이 풀숲 사이에 숨어있는 걸 발견했을 때는, 평소 우리가 잘 보지 못하는 곳에도 많은 쓰레기가 있다는 걸 새삼 깨달았다. 봉사 후 손에 남은 냄새와 무거운 쓰레기 봉투를 들고 돌아오며, 앞으로 일상에서도 쓰레기를 함부로 버리지 말아야겠다는 다짐이 자연스럽게 들었다.",발화자가 봉사활동 중에 가장 놀랐던 것은 무엇이었나요?,잘 모르겠음,봉사활동에 참여한 사람 수가 적었던 점,작은 비닐 조각들이 풀숲 사이에 숨어 있었던 점,하천 주변의 벤치가 깨끗했던 점,작은 비닐 조각들이 풀숲 사이에 숨어 있었던 점,3,197
봉사활동을 통한 인간 이해,환경 보호를 위한 쓰레기 줍기 봉사,170,"주말에 친구와 함께 동네 하천 근처에서 쓰레기 줍기 봉사활동을 했다. 평소 산책하던 길이었는데, 자세히 보니 작은 플라스틱 조각부터 담배꽁초까지 생각보다 다양한 쓰레기가 많았다. 처음엔 단순히 환경을 위해 시작했지만, 주워보니 어떤 사람들이 어떤 물건을 자주 버리는지 자연스럽게 알게 되었다. 특히 음료수 캔을 주운 뒤, 혼자 산책 온 어르신 한 분이 다가와서 고맙다고 인사해주셔서 뿌듯함을 느꼈다.",봉사활동 중에 어르신이 다가와서 어떤 말을 했는가?,잘 모르겠음,쓰레기를 버리지 말라고 충고했다.,고맙다고 인사했다.,함께 쓰레기를 주웠다.,고맙다고 인사했다.,3,170
봉사활동을 통한 인간 이해,환경 보호를 위한 쓰레기 줍기 봉사,170,"학교 친구들과 공원에서 쓰레기 줍기 봉사를 했던 기억이 생생하다. 평소에는 눈에 잘 띄지 않던 작은 플라스틱 조각이나 담배꽁초가 의외로 많아서 놀랐다. 모자를 쓰고 장갑을 끼고 한참을 걷다보니 땀이 났지만, 동네 주민 한 분이 고맙다고 시원한 음료를 주셔서 감동을 받았다. 평소에는 무심코 지나쳤던 쓰레기들이 이렇게 많다는 걸 직접 경험하며 환경 보호의 소중함을 다시 느꼈고, 나 혼자였으면 힘들었겠지만 친구들과 함께여서 지루하지 않았다.",발화자가 봉사활동 중에 받은 선물은 무엇이었나요?,잘 모르겠음,모자,시원한 음료,간식,시원한 음료,3,186
비오는 날,비오는 날 산책하며 느낀 감정,170,"비가 내리던 오후, 우산을 들고 동네 공원을 걸었다. 평소에는 사람들로 붐비던 산책로가 텅 비어 조용했다. 빗소리가 나뭇잎에 부딪히는 소리를 들으며 걷다 보니 오히려 마음이 편안해졌다. 신발이 젖는 불편함도 있었지만, 빗방울이 얼굴을 스치는 느낌이 상쾌하게 느껴졌다. 평소와 달리 혼자만의 공간에서 여러 생각을 정리할 수 있었고, 빗속에서 걷는 시간이 뜻밖에 소중하게 느껴졌다.",비 오는 날 산책 중 내가 가장 크게 느낀 감정은 무엇이었나요?,잘 모르겠음,불안함,편안함,분노,편안함,3,162
비오는 날,비오는 날 산책하며 느낀 감정,170,"창밖에 빗방울이 떨어지는 소리를 듣다가 충동적으로 우산을 챙겨 동네 공원으로 나갔다. 평소보다 사람이 적어서 공기가 한층 더 고요하게 느껴졌고, 흙냄새와 풀냄새가 섞여 코끝을 스쳤다. 빗물이 신발에 스며들면서 약간 서늘했지만, 오히려 그 차가움 덕분에 마음이 맑아지는 기분이었다. 오랜만에 혼자만의 시간을 가지니 복잡하던 생각들이 조금 정리되는 느낌이 들었다.",공원 산책 중 화자는 어떤 냄새를 가장 먼저 느꼈나요?,잘 모르겠음,꽃냄새,흙냄새와 풀냄새,비누 냄새,흙냄새와 풀냄새,3,156
비오는 날,비오는 날 산책하며 느낀 감정,170,"오늘 우산을 들고 집 근처 공원을 천천히 걸었다. 빗방울이 잎사귀 위에서 또르르 미끄러지는 소리가 생각보다 기분을 차분하게 만들어 주었다. 평소에는 지나치기만 했던 작은 연못의 물결도 비에 젖어 더욱 잔잔해 보였고, 그 모습을 한참 바라보다가 마음이 무거웠던 일들도 조금은 가벼워지는 느낌을 받았다. 집으로 돌아오는 길에 신발이 젖었지만 이상하게도 그조차도 싫지 않았다.","비 오는 날 산책하던 중, 발화자가 마음이 한결 가벼워졌다고 느낀 계기는 무엇이었나요?",잘 모르겠음,공원에서 운동을 했기 때문,작은 연못의 잔잔한 모습을 바라봤기 때문,친구와 대화를 나눴기 때문,작은 연못의 잔잔한 모습을 바라봤기 때문,3,158
비오는 날,비오는 날 산책하며 느낀 감정,170,"비가 내리는 오후에 우산을 들고 동네 공원을 걷다가 흙냄새와 풀잎 위에 맺힌 빗방울이 유난히 선명하게 느껴졌다. 평소에는 그냥 지나치던 벤치에 잠시 앉아 조용히 빗소리를 들으니 마음이 차분해지고, 복잡했던 생각들도 잠시 멀어지는 것 같았다. 젖은 나무와 고요한 분위기 속에서 혼자만의 시간을 갖는 것이 오랜만이라, 약간은 외롭지만 왠지 모를 위로를 받는 느낌이 들었다.",공원을 산책하던 화자는 빗소리를 들으며 어떤 감정을 느꼈나요?,잘 모르겠음,짜증과 불안,차분함과 위로,두려움과 분노,차분함과 위로,3,156
비오는 날,소나기 속에서의 키스,170,"비가 갑자기 쏟아지던 어느 늦은 오후, 우산도 없이 약속 장소로 급하게 뛰어갔던 기억이 아직도 생생하다. 도착하자마자 서로의 얼굴에 묻은 빗방울을 닦아주며 한참을 웃다가, 문득 빗속에서 조용히 마주 보게 되었다. 그 순간, 빗소리와 주변의 소란이 모두 멀어지는 느낌이 들었고, 결국 우리는 그 자리에서 처음으로 조심스럽게 입을 맞췄다. 젖은 옷과 차가운 공기가 오히려 두근거림을 더해주었던 특별한 순간이었다.","비가 내리던 날, 두 사람이 처음으로 입을 맞춘 장소의 분위기는 어땠나요?",잘 모르겠음,사람들로 가득 차 시끄러웠다,조용하고 빗소리만 들렸다,음악이 크게 울려 퍼졌다,조용하고 빗소리만 들렸다,3,174
비오는 날,소나기 속에서의 키스,170,"창문 너머로 보이던 짙은 먹구름이 갑자기 쏟아지기 시작해서 우산도 없이 뛰다 보니 온몸이 금세 젖어버렸다. 그때 그 사람이 갑자기 내 손을 잡고 골목 어귀로 이끌더니, 아무 말도 없이 나를 바라보다가 소나기 속에서 조심스럽게 입을 맞췄다. 주위에 아무도 없었던 건 아니었지만 빗소리가 모든 걸 덮어버려서 어색함 대신 설렘이 남았고, 그 순간만큼은 시간이 멈춘 것 같았다.",소나기 속에서 화자가 상대방과 함께 피한 장소는 어디였나요?,잘 모르겠음,카페 내부,버스 정류장,골목 어귀,골목 어귀,4,154
비오는 날,소나기 속에서의 키스,170,"점심시간이 지나고 갑자기 소나기가 쏟아지던 날, 우산을 챙기지 않아 함께 뛰던 친구와 작은 가게 처마 밑에서 비를 피했다. 옷이 다 젖어 서로 웃으면서 따뜻한 음료를 마시던 그때, 친구가 조심스럽게 내 손을 잡고 짧게 키스했다. 빗소리와 함께 심장이 뛰던 그 순간이 아직도 생생하다. 그날 이후 비 오는 날이면 자연스럽게 그 기억이 떠오른다.",비를 피하던 중 친구가 나에게 어떻게 다가왔는가?,잘 모르겠음,따뜻한 음료를 건넸다,내 손을 잡고 짧게 키스했다,우산을 빌려줬다,내 손을 잡고 짧게 키스했다,3,141
비오는 날,소나기 속에서의 키스,170,"점심 무렵 갑자기 쏟아진 소나기 때문에 우산도 없이 버스정류장에 서 있었는데, 같이 있던 연우가 장난스럽게 물방울을 털어내며 웃더니 갑자기 내 볼에 살짝 키스를 했다. 옷이 다 젖었지만 순간 마음이 따뜻해지고, 빗소리와 함께 새로운 추억이 만들어지는 기분이었다. 그날 이후 비 오는 날이면 자연스럽게 연우와의 그 장면이 떠오른다.",발화 속에서 연우가 갑자기 한 행동은 무엇이었나요?,잘 모르겠음,버스정류장에서 춤을 췄다,우산을 빌려줬다,볼에 살짝 키스를 했다,볼에 살짝 키스를 했다,4,139
비오는 날,우산을 잃어버린 날의 이야기,170,"회사 퇴근길에 갑자기 비가 쏟아져서 급하게 편의점에서 산 파란색 우산을 썼다. 지하철을 타고 집 근처에 도착했을 때는 비가 그쳐서 우산을 잠깐 접어 들고 있었다. 그런데 집에 도착해서야 우산이 손에 없다는 걸 알아차렸다. 어디에 놓고 온 건지 기억도 잘 안 나서 괜히 속상했다. 며칠 뒤에 그 길을 다시 지나가 보았지만, 우산은 이미 사라진 뒤였다.",발화자는 어떤 색깔의 우산을 편의점에서 샀나요?,잘 모르겠음,빨간색,파란색,초록색,파란색,3,143
비오는 날,우산을 잃어버린 날의 이야기,170,"며칠 전 집에 돌아오는 길에 갑자기 소나기가 쏟아졌는데, 서둘러 우산을 폈다가 버스에서 내릴 때 깜빡하고 놓고 내렸어요. 집 앞에서야 우산이 없다는 걸 깨닫고 우왕좌왕했죠. 결국 옷이 다 젖은 채로 집에 도착했는데, 평소 소중하게 여기던 우산이라 아쉬움이 컸어요. 다음날 혹시나 싶어 버스 회사에 문의했지만 우산은 이미 주인을 잃은 채 어디론가 사라졌더라고요.",우산을 잃어버린 후 화자가 한 행동은 무엇인가요?,잘 모르겠음,새 우산을 샀다,버스 회사에 문의했다,친구에게 우산을 빌렸다,버스 회사에 문의했다,3,152
비오는 날,우산을 잃어버린 날의 이야기,170,"비가 내리던 어느 날, 집에서 나올 때 우산을 챙겼는데 버스에서 내릴 때 급하게 내리느라 좌석 아래에 두고 내렸다. 이후 사무실까지 가는 길에 비를 그대로 맞으며 뛰었더니 옷과 가방이 다 젖었다. 회사 도착 후에야 우산을 두고 왔다는 걸 깨달았다. 점심시간에 동료가 내 젖은 옷을 보며 무슨 일 있냐고 물어봤고, 나중에 집에 갈 때는 편의점에서 새 우산을 사야 했다.",발화자가 우산을 잃어버린 장소는 어디인가요?,잘 모르겠음,회사 입구,버스 안,편의점,버스 안,3,149
비오는 날,우산을 잃어버린 날의 이야기,170,"학교에서 수업을 마치고 집에 가려고 했는데 비가 내리고 있어서 우산을 찾으려고 가방을 뒤졌어요. 그런데 아침에 들고 나온 우산이 어디에도 없어서 조금 당황했어요. 평소에 물건을 잘 잃어버리지 않는데, 오늘따라 정신이 없었는지 우산을 두고 온 것 같았죠. 결국 교문 앞에서 한참을 망설이다가 친구가 우산을 같이 쓰자고 해서 둘이서 나란히 집까지 걸어갔어요. 비에 조금 젖긴 했지만 오랜만에 친구와 이런 시간을 보내서 기분이 나쁘지 않았어요.",우산을 잃어버린 후 집에 갈 때 화자는 어떻게 했나요?,잘 모르겠음,혼자 비를 맞고 집에 갔다.,택시를 타고 집에 갔다.,친구와 우산을 함께 쓰고 걸어갔다.,친구와 우산을 함께 쓰고 걸어갔다.,4,185
비오는 날,장마철의 기억,170,"며칠째 계속된 장맛비에 신발이 마르질 않아 발끝이 축축했다. 학교에서 돌아오면 현관에 신발을 벗어두고, 엄마가 준비해준 마른 수건으로 발을 닦는 게 일상이 됐다. 그날은 갑자기 비가 그쳐서 친구들과 우산 없이 밖에 나가 뛰어놀 수 있었다. 바닥에 고인 빗물에 조심조심 발을 딛다 그만 한쪽 신발이 물웅덩이에 빠져버렸고, 친구들이 다 같이 웃어줬다. 덕분에 그날은 비오는 날임에도 기분이 꽤 산뜻하게 느껴졌다.",발화자의 신발은 왜 물웅덩이에 빠지게 되었나요?,잘 모르겠음,비를 피해 뛰어가다가,빗물에 미끄러져서,조심조심 걷다가,조심조심 걷다가,4,172
비오는 날,장마철의 기억,170,"몇 년 전 장마철이 유난히 길었던 해가 있었는데, 그때 나는 친구와 약속이 있었음에도 불구하고 폭우 때문에 약속 장소까지 우산을 쓰고도 옷이 다 젖을 정도로 힘들게 갔던 기억이 난다. 그날은 카페에서 창밖으로 쏟아지는 비를 보며 서로의 신발이 다 젖은 것을 보며 웃기도 했고, 결국엔 그날 저녁에 집에 돌아가서 감기에 걸리고 말았다.",발화에서 화자는 장마철에 어떤 일을 겪은 후 감기에 걸렸나요?,잘 모르겠음,친구와 운동을 하다가,우산을 썼지만 옷이 젖을 정도로 비를 맞으며 약속 장소에 갔다가,강아지와 산책을 하다가,우산을 썼지만 옷이 젖을 정도로 비를 맞으며 약속 장소에 갔다가,3,137
비오는 날,장마철의 기억,170,"며칠 전, 창밖에서 빗소리가 끊이지 않아 어릴 적 장마철이 떠올랐다. 그땐 할머니 집에서 지냈는데, 비가 며칠이나 내리면 마당에 작은 웅덩이가 생기곤 했다. 나는 사촌들과 우산도 없이 뛰어나가 신발이 흠뻑 젖는 것도 잊고 놀았다. 그날은 비가 조금 약해지자 할머니가 직접 만드신 따뜻한 부침개를 내어주셨는데, 빗소리와 함께 먹던 그 맛이 아직도 생생하게 기억난다.",발화자의 어린 시절 장마철에 할머니가 내어준 음식은 무엇이었나요?,잘 모르겠음,떡볶이,부침개,칼국수,부침개,3,153
비오는 날,장마철의 기억,170,"며칠째 이어진 장맛비 때문에 운동하러 나가지 못해 답답함을 느꼈다. 그래서 집안에서 간단한 스트레칭을 하다가, 창문을 조금 열어 빗소리를 들으며 책을 읽기로 했다. 빗방울이 유리창에 부딪히는 소리와 함께 은은한 습기가 느껴져서 평소보다 책 내용이 더 잘 들어왔다. 밖에서는 우산을 쓴 사람들이 분주하게 오가고, 골목길에는 작은 물웅덩이가 생겨 있었다. 이 장마가 끝나면 꼭 친구들과 공원에서 산책을 하고 싶다는 생각이 들었다.",화자는 장맛비 때문에 어떤 활동을 집에서 하기로 했나요?,잘 모르겠음,빨래를 널었다,책을 읽었다,요리를 했다,책을 읽었다,3,181
비오는 날,창밖 비를 보며,170,"창문을 닫아두었는데도 빗소리가 또렷하게 들려서 잠시 하던 일을 멈추고 창밖을 바라보았다. 작은 빗방울들이 창문에 부딪히며 퍼지는 모습이 마치 투명한 물방울 그림처럼 느껴졌다. 골목길에는 우산을 쓴 사람들이 천천히 걸었고, 저 멀리서 친구와 뛰어가는 아이들의 웃음소리도 들려왔다. 비 내리는 풍경을 바라보며 나도 모르게 마음이 차분해져 잠깐 동안 걱정이 사라지는 기분을 느꼈다.",창밖을 바라보며 느낀 감정은 무엇이었나요?,잘 모르겠음,짜증과 답답함,차분함과 걱정이 사라짐,두려움과 불안함,차분함과 걱정이 사라짐,3,162
비오는 날,창밖 비를 보며,170,"어릴 적부터 비가 오면 창가에 앉아 빗방울이 유리창을 두드리는 소리를 듣는 걸 좋아했다. 오늘은 일찍 일과를 마치고 집에 돌아와 커튼을 젖힌 채 차 한 잔을 들고 조용히 창밖을 바라봤다. 작은 물방울들이 모여 흘러내리는 모습이 신기하게 느껴졌고, 멀리 가로등 불빛이 비에 젖어 더 아련해 보였다. 비가 오면 괜히 마음이 차분해지고 예전 친구와 함께 우산을 쓰고 걷던 기억도 떠올랐다.",화자가 오늘 창밖 비를 보며 떠올린 것은 무엇이었나요?,잘 모르겠음,예전 친구와 우산을 쓰고 걷던 기억,어릴 적 부모님과의 여행,학교에서 수업 듣던 장면,예전 친구와 우산을 쓰고 걷던 기억,2,158
비오는 날,창밖 비를 보며,170,"커피를 내리던 중 창밖에서 빗방울이 천천히 흘러내리는 모습을 한참 바라보았다. 예전에는 비가 오면 괜히 우울해지곤 했는데, 요즘은 오히려 그 잔잔한 소리 덕분에 마음이 차분해진다. 창틀에 머물다 떨어지는 물방울을 세어보다가 문득 예전 친구와 비 오는 날 우산을 나눴던 기억이 떠올랐다. 그때처럼 마음이 조용히 가라앉는 느낌이 들어서, 책 한 권을 꺼내 들고 조용히 읽으며 시간을 보내기로 했다.",발화자가 비오는 날 무엇을 하며 시간을 보내기로 했나요?,잘 모르겠음,음악을 크게 틀었다.,책을 읽기로 했다.,빗물에 손을 담갔다.,책을 읽기로 했다.,3,166
비오는 날,창밖 비를 보며,170,"창가에 앉아 있으면 빗방울이 유리창을 두드리는 소리가 은은하게 들려온다. 오늘은 평소보다 조금 더 오래 창밖을 바라봤다. 비가 내릴 때마다 어릴 적 엄마와 우산을 나눠 썼던 기억이 떠오른다. 회색빛 거리 위로 사람들이 저마다 다른 색 우산을 쓰고 조용히 걸어가는 모습도 참 인상적이었다. 덕분에 한동안 마음이 차분해지고, 책 한 권을 꺼내 읽으며 비 내리는 소리를 배경으로 조용한 시간을 보냈다.",화자는 비가 오는 날 창가에서 무엇을 하며 시간을 보냈습니까?,잘 모르겠음,창밖 사람들에게 인사를 했다,책을 읽으며 조용한 시간을 보냈다,친구와 전화 통화를 했다,책을 읽으며 조용한 시간을 보냈다,3,165
사랑의 모든 것,사랑의 가치와 중요성에 대한 깨달음,170,"며칠 전 친구와 깊은 대화를 나누다가 사랑이란 무엇일까 다시 생각하게 됐다. 예전엔 누군가를 좋아하는 감정이 단순하다고만 여겼는데, 최근 가족이 아플 때 곁을 지켜주던 사람들 덕분에 사랑의 무게와 소중함을 실감했다. 남이 힘들 때 한 번이라도 더 손을 잡아주고, 사소한 말 한마디에도 따뜻함을 느낄 수 있다는 걸 직접 경험하니, 사랑은 단순한 감정이 아니라 서로를 지켜주는 큰 힘이라는 걸 알게 됐다.",화자는 사랑의 가치와 중요성을 깨닫게 된 계기가 무엇이었나요?,잘 모르겠음,연애를 시작하면서,가족이 아플 때 주변 사람들이 곁을 지켜준 경험,친구와의 오해가 풀렸을 때,가족이 아플 때 주변 사람들이 곁을 지켜준 경험,3,167
사랑의 모든 것,사랑의 가치와 중요성에 대한 깨달음,170,"며칠 전 친구와 오랜만에 깊은 대화를 나눴다. 서로 힘들었던 시절을 떠올리며 이야기하다가, 누군가 곁에 있다는 것만으로도 큰 위로가 된다는 사실을 다시금 느꼈다. 예전엔 사랑이 특별한 순간에만 느껴지는 감정이라고 생각했지만, 평범한 일상 속에서 주고받는 작은 배려와 응원이 얼마나 소중한지 깨닫게 되었다. 그날 이후로 주변 사람들에게 더 자주 고마움을 표현하려고 노력하고 있다.",화자가 사랑의 소중함을 깨닫게 된 계기는 무엇이었나요?,잘 모르겠음,책을 읽으면서,친구와의 깊은 대화를 통해,가족 모임을 하면서,친구와의 깊은 대화를 통해,3,162
사랑의 모든 것,사랑의 가치와 중요성에 대한 깨달음,170,"비 오는 저녁에 우산 없이 퇴근하다가, 친구가 갑자기 나타나 자신의 우산을 씌워주며 같이 걸어줬던 일이 있었다. 그날 별다른 말 없이 조용히 옆에 있어주는 친구 덕분에 마음이 따뜻해졌다. 그 순간 사랑이란 거창한 말이나 큰 선물보다, 예상치 못한 순간에 서로를 배려하는 작은 행동에서 진짜 가치를 느낄 수 있다는 걸 깨달았다. 그 후로 나 역시 주변 사람들에게 사소한 관심과 친절을 더 자주 표현하려 노력하게 되었다.",화자가 사랑의 가치를 깨닫게 된 계기는 무엇이었나요?,잘 모르겠음,친구와 여행을 갔을 때,친구가 우산을 씌워주며 함께 걸어줬을 때,생일 선물을 받았을 때,친구가 우산을 씌워주며 함께 걸어줬을 때,3,172
사랑의 모든 것,사랑의 가치와 중요성에 대한 깨달음,170,"며칠 전 친구와 오랜만에 깊은 대화를 나누면서 사랑이란 감정이 내 삶에 얼마나 큰 의미를 주는지 다시 생각해보게 됐다. 평소엔 그저 익숙하게 여겼지만, 친구가 힘든 시기를 보내면서 내 작은 관심과 응원이 큰 힘이 되었다는 말을 듣고 나니, 내가 누군가에게 마음을 나눈다는 것이 단순한 감정 이상의 가치임을 실감했다. 그 이후로 주변 사람들에게 더 따뜻하게 대하려고 노력하게 된다.","친구가 힘든 시기를 보낼 때, 발화자가 친구에게 어떤 방식으로 도움을 주었는가?",잘 모르겠음,경제적 지원을 해주었다,작은 관심과 응원을 보냈다,같이 여행을 갔다,작은 관심과 응원을 보냈다,3,158
사랑의 모든 것,사랑하게 된 계기와 그 순간의 감정,170,"며칠 전 동아리 회식 자리에서 그 사람과 처음 제대로 대화를 나누게 됐다. 평소엔 무뚝뚝해 보였던 그가 내 이야기를 진지하게 들어주고, 생각지도 못한 유머를 던지는 순간 괜히 웃음이 났다. 대화가 끝나갈 무렵, 나도 모르게 그에게 더 궁금한 게 많아졌고, 집으로 돌아가는 길에 그와의 대화 장면이 자꾸 떠올랐다. 그날 이후로 마음 한구석이 따뜻해진 느낌이 들었다.",동아리 회식 자리에서 나를 처음으로 사랑하게 만든 계기는 무엇이었나요?,잘 모르겠음,그의 진지한 경청과 예상치 못한 유머,그의 외모와 옷차림,그가 준비한 선물,그의 진지한 경청과 예상치 못한 유머,2,151
사랑의 모든 것,사랑하게 된 계기와 그 순간의 감정,170,"몇 달 전, 친구들과 함께한 등산 모임에서 그녀를 처음 만났다. 평소엔 낯을 많이 가리는 편인데, 그날따라 그녀와는 자연스럽게 대화가 이어졌다. 힘든 오르막길에서 서로를 챙기며 걷다 보니, 어느 순간부터 그녀가 웃을 때마다 내 마음이 조금씩 설레기 시작했다. 하산 후 다 함께 마신 따뜻한 커피 한 잔에 담긴 그녀의 미소를 보고 나서야 내가 사랑에 빠졌다는 걸 깨달았다.",화자가 사랑에 빠졌다고 느낀 계기는 무엇이었나요?,잘 모르겠음,등산 도중 우연히 손을 잡았을 때,하산 후 커피를 마시며 그녀의 미소를 봤을 때,처음 만났을 때 바로 느꼈다,하산 후 커피를 마시며 그녀의 미소를 봤을 때,3,153
사랑의 모든 것,사랑하게 된 계기와 그 순간의 감정,170,"주말 저녁, 친구들과 함께한 모임에서 처음 만난 사람이 있었는데, 그날 따라 유난히 긴장이 풀리지 않았다. 그런데 그 사람이 내 실수에 웃으며 괜찮다고 다정하게 말해주는 순간, 마음이 따뜻해지는 걸 느꼈다. 집에 돌아오는 길에 그 사람의 작은 배려와 미소가 계속 떠올라서, 나도 모르게 미소를 짓고 있었다. 그때 처음 누군가에게 설레임을 느낀 것 같았다.",내가 그 사람에게 특별한 감정을 느낀 계기는 무엇이었나요?,잘 모르겠음,그 사람이 내 실수를 따뜻하게 받아준 순간,친구들이 모두 떠난 후 대화를 나눈 순간,함께 영화를 본 순간,그 사람이 내 실수를 따뜻하게 받아준 순간,2,148
사랑의 모든 것,사랑하게 된 계기와 그 순간의 감정,170,"도서관에서 우연히 옆자리에 앉은 그 사람과 같은 책을 고른 날이 있었다. 서로 책을 바꿔 읽으며 조용히 웃었던 순간, 왠지 모르게 마음이 두근거렸다. 그날 이후로 책을 읽을 때마다 그 미소와 따뜻한 눈빛이 계속 떠올랐다. 누군가를 좋아하게 된다는 게 이렇게 자연스러울 수 있다는 걸 처음 느껴서, 하루 종일 설렘이 가시지 않았다.",내가 그 사람에게 설렘을 느끼기 시작한 계기는 무엇이었나요?,잘 모르겠음,카페에서 커피를 마시던 중,도서관에서 같은 책을 고른 순간,친구 소개로 처음 만난 날,도서관에서 같은 책을 고른 순간,3,136
사랑의 모든 것,사랑하는 사람과의 추억 속 여행,170,"몇 달 전, 연인과 함께 기차를 타고 남쪽 바다로 여행을 떠난 기억이 아직도 선명하다. 기차 창밖으로 펼쳐진 논밭과 산들, 그리고 도착한 바닷가에서 둘이 함께 조개껍데기를 줍던 순간들이 참 소중하게 느껴졌다. 그날 저녁, 근처 작은 식당에서 회덮밥을 시켜 나눠 먹었는데, 연인이 매운 양념을 잘 못 먹어서 나에게 자신의 그릇을 슬며시 건네던 모습이 너무 귀여웠다. 여행 내내 웃음이 끊이지 않았고, 돌아오는 길에 둘이 손을 꼭 잡았던 그 온기마저 잊을 수 없다.",발화자가 연인과 여행을 하며 저녁 식사로 먹은 음식은 무엇이었나요?,잘 모르겠음,불고기,회덮밥,파스타,회덮밥,3,190
사랑의 모든 것,사랑하는 사람과의 추억 속 여행,170,"창밖으로 비가 부슬부슬 내리던 어느 날, 우리는 기차를 타고 바닷가 작은 마을로 떠났었다. 그곳에서 작은 수제빵집에 들러 아직 따뜻한 크루아상을 반으로 나눠 먹던 순간이 생생하다. 손에 남은 버터 향과 서로의 웃음소리가 아직도 기억에 남는다. 바닷바람에 머리가 헝클어져도 우리는 사진을 찍으며 오랫동안 해변을 거닐었고, 그날 찍은 사진들은 지금도 내 방 벽에 붙어 있다.",우리가 바닷가 마을에서 나눠 먹은 빵은 무엇이었나요?,잘 모르겠음,크루아상,식빵,베이글,크루아상,2,156
사랑의 모든 것,사랑하는 사람과의 추억 속 여행,170,"봄이 끝나갈 무렵, 연인과 기차를 타고 강릉 바다로 여행을 갔던 기억이 아직도 생생하다. 도착하자마자 작은 카페에 들러 따뜻한 아메리카노를 마시며 바다를 바라보았고, 해변을 따라 손을 잡고 산책을 하다가 갑자기 내리는 소나기에 우산도 없이 서로를 감싸며 뛰었던 순간이 잊혀지지 않는다. 젖은 옷이 불편했지만, 오히려 그 상황이 우릴 더 가까워지게 만든 것 같아 지금도 그때를 떠올리면 웃음이 난다.",연인과의 여행 중 갑자기 내린 소나기에서 두 사람이 어떻게 행동했는가?,잘 모르겠음,각자 피할 곳을 찾아 흩어졌다.,함께 우산을 쓰고 천천히 걸었다.,서로를 감싸며 우산 없이 뛰었다.,서로를 감싸며 우산 없이 뛰었다.,4,167
사랑의 모든 것,사랑하는 사람과의 추억 속 여행,170,"지난 가을, 사랑하는 사람과 함께 작은 시골 마을로 여행을 떠났던 기억이 아직도 선명하다. 노란 은행잎이 가득 깔린 오솔길을 따라 걷다가, 우연히 발견한 오래된 찻집에서 따뜻한 유자차를 나눠 마셨다. 창밖으로 보이는 산 풍경과 그 사람의 환한 미소가 어우러져, 그 순간만큼은 세상에서 가장 평화로운 기분을 느꼈다. 찻집 주인 할머니가 직접 구운 고구마도 선물해주셔서, 둘이 앉아 나눠 먹으며 소소한 이야기를 나누었던 시간이 참 소중했다.",발화자가 여행 중 우연히 발견한 장소는 어디였나요?,잘 모르겠음,오래된 찻집,작은 서점,전통 시장,오래된 찻집,2,184
사랑의 모든 것,이별 후의 아픔과 그것을 극복한 과정,170,"며칠 전 친구와 카페에서 우연히 예전에 자주 갔던 식당 앞을 지나게 되었다. 그곳은 예전 연인과 소중한 추억이 많은 장소라 한동안 일부러 피해 다녔는데, 이번에는 망설이지 않고 천천히 걸으며 지나갈 수 있었다. 예전에는 식당 간판만 봐도 가슴이 먹먹했지만, 시간이 흐르니 그곳도 그냥 평범한 거리의 한 부분이 되었다. 마음 한켠이 아직도 시리긴 하지만, 그 아픔을 인정하고 받아들이면서 조금씩 일상을 되찾아가는 나 자신을 느낄 수 있었다.",화자는 오랜만에 친구와 함께 지나간 장소에서 어떤 감정을 느꼈나요?,잘 모르겠음,예전처럼 가슴이 먹먹해 울음을 참았다,아직도 그곳에 들어가고 싶어 피했다,예전만큼 아프지 않았고 차분하게 지나갈 수 있었다,예전만큼 아프지 않았고 차분하게 지나갈 수 있었다,4,183
사랑의 모든 것,이별 후의 아픔과 그것을 극복한 과정,170,"며칠 전, 예전에 사귀던 사람과 헤어진 뒤 처음으로 친구들과 노래방에 갔던 기억이 떠올랐다. 그날따라 평소 좋아하던 노래조차 부르기 힘들 정도로 마음이 무거웠다. 하지만 친구들이 내 기분을 알아차리고, 함께 신나는 노래를 부르며 웃어준 덕분에 조금씩 감정이 풀렸다. 그날 집에 돌아오는 길에 혼자 울기도 했지만, 다음날 아침에는 어제만큼 무겁지 않은 마음을 느끼며 조금씩 나아지고 있다는 걸 실감했다.",화자가 이별 후 처음 친구들과 함께 했던 활동은 무엇이었나요?,잘 모르겠음,카페에서 대화,노래방에서 노래 부르기,영화관에서 영화 보기,노래방에서 노래 부르기,3,170
사랑의 모든 것,이별 후의 아픔과 그것을 극복한 과정,170,"며칠 전, 오랜 시간 함께했던 연인과 헤어진 뒤로는 평소 하던 일도 집중이 잘 안 되고, 밤마다 자꾸만 생각이 많아져서 잠을 설쳤다. 하지만 시간이 조금 지나면서 친구들이 힘이 되어주었고, 혼자 산책도 다니며 마음을 달래보려 노력했다. 어느새 좋아하던 책을 다시 읽기 시작했고, 예전처럼 웃으며 대화할 수 있게 되어 스스로도 놀랐다. 이별의 아픔이 완전히 사라진 것은 아니지만, 나 자신을 조금 더 아끼게 된 것 같아서 다행이라는 생각이 든다.",발화자가 이별의 아픔을 극복하는 데 도움이 된 것으로 언급한 것은 무엇인가요?,잘 모르겠음,친구들의 위로와 산책,운동과 새로운 취미,여행과 가족과의 시간,친구들의 위로와 산책,2,184
사랑의 모든 것,이별 후의 아픔과 그것을 극복한 과정,170,"며칠 전 문득 오래전에 끝난 연애가 떠올랐다. 이별 직후에는 모든 것이 무의미하게 느껴졌고, 좋아하던 음악조차 들을 수 없었다. 그때마다 친구들이 함께 산책을 하자며 밖으로 이끌어줬다. 시간이 조금씩 흐르고 나서야 예전의 내 모습으로 돌아갈 수 있었다. 지금은 그 시절을 떠올리면 아프기보다는 내가 많이 성장했다는 생각이 든다.",이별 후 힘든 시기에 화자가 예전의 모습을 되찾는 데 도움을 준 주요한 요인은 무엇이었나요?,잘 모르겠음,좋아하던 음악을 계속 들음,친구들과의 산책,새로운 연애를 시작함,친구들과의 산책,3,139
사랑의 모든 것,첫사랑의 달콤함에 대한 회상,170,"햇살이 따뜻하게 내리던 어느 봄날, 친구들과 놀이터에서 놀다가 우연히 옆 반에 사는 아이와 이야기를 나누게 됐다. 처음엔 조금 어색했지만, 그 아이가 내게 사탕을 건네며 웃던 순간이 아직도 생생하다. 그날 이후 매일 학교 가는 길에 서로 인사하며 소소한 비밀도 나누었고, 집에 돌아오는 길에는 그 아이와 나란히 걷는 게 하루 중 가장 설레는 일이었다. 시간이 많이 흘렀지만, 그때의 설렘과 두근거림은 아직도 잊을 수 없는 소중한 기억으로 남아 있다.",화자가 첫사랑을 느끼게 된 계기는 무엇이었나요?,잘 모르겠음,놀이터에서 사탕을 받으며 대화를 나눈 순간,같이 공부를 하던 순간,함께 소풍을 갔던 순간,놀이터에서 사탕을 받으며 대화를 나눈 순간,2,186
사랑의 모든 것,첫사랑의 달콤함에 대한 회상,170,"창밖에 벚꽃이 흩날리던 날, 교실 창가에서 우연히 눈이 마주친 순간을 아직도 잊지 못한다. 수줍게 건넨 초콜릿 한 조각에 손끝이 스쳤을 때, 심장이 두근거렸고, 그날따라 모든 풍경이 더 선명하게 느껴졌다. 이후로 하루하루가 기대와 설렘의 연속이었고, 짧은 문자 하나에도 밤새 잠 못 이루던 기억이 떠오른다. 그 감정은 어설펐지만 세상 무엇과도 바꿀 수 없는 소중한 추억으로 남아 있다.",발화에서 '나'가 첫사랑과 처음으로 손끝이 스친 계기는 무엇이었나요?,잘 모르겠음,우연히 같이 걸으면서,초콜릿을 건네면서,운동장에서 넘어졌을 때,초콜릿을 건네면서,3,161
사랑의 모든 것,첫사랑의 달콤함에 대한 회상,170,"여름방학 때였지, 친구들과 놀이터에서 뛰어놀다가 우연히 옆집에 새로 이사 온 또래 아이를 만났어. 이름을 묻고, 자전거를 같이 타고, 같이 아이스크림을 나눠 먹으면서 점점 친해졌지. 그 아이가 웃을 때마다 괜히 내 마음이 두근거렸고, 하루가 끝나면 그 아이가 생각나서 잠이 잘 오지 않았어. 지금 생각하면 그때의 작은 설렘과 수줍음이 첫사랑의 시작이었나 봐. 그 시절의 달콤한 기억이 아직도 마음 한켠에 남아 있어.",화자는 첫사랑의 상대와 어떤 음식을 함께 나누어 먹었나요?,잘 모르겠음,사탕,아이스크림,과자,아이스크림,3,174
사랑의 모든 것,첫사랑의 달콤함에 대한 회상,170,"창밖으로 비가 내리던 어느 날, 학교 복도에서 우산을 들고 서 있던 그 친구가 생각났다. 내 우산이 망가진 걸 본 그는 아무렇지 않게 내게 다가와 함께 쓰자고 했다. 그때 그의 우산 아래에서 느꼈던 설렘은 아직도 잊히지 않는다. 두근거리는 마음으로 집까지 걷던 길, 빗소리마저 달콤하게 들렸고, 짧은 거리였지만 평생 기억에 남을 만큼 특별한 순간이었다.",화자가 첫사랑을 회상하며 특별하게 느낀 순간은 무엇과 관련이 있었나요?,잘 모르겠음,함께 우산을 썼던 순간,함께 급식을 먹었던 순간,함께 시험을 준비했던 순간,함께 우산을 썼던 순간,2,146
성장 이야기,인생에서 가장 강하게 성장했던 시기,170,"몇 년 전, 새로운 도시에서 혼자 생활을 시작했을 때가 떠오른다. 가족, 친구 모두 멀리 있고 모든 것이 낯설어서 매일 적응하느라 애썼다. 처음에는 작은 일에도 자신감이 없었지만, 점점 스스로 문제를 해결하는 경험이 쌓이면서 내면이 강해짐을 느꼈다. 그 시기 덕분에 지금은 예상치 못한 상황도 두려워하지 않고, 새로운 도전을 즐길 수 있게 된 것 같다.",화자가 가장 강하게 성장했다고 느낀 시기는 어떤 상황에서였나요?,잘 모르겠음,가족과 함께 여행을 다녔을 때,새로운 도시에서 혼자 생활을 시작했을 때,친구들과 동아리 활동을 할 때,새로운 도시에서 혼자 생활을 시작했을 때,3,146
성장 이야기,인생에서 가장 강하게 성장했던 시기,170,"부모님이 지방으로 발령을 받으셔서 낯선 도시로 이사했을 때가 아직도 생생하다. 새로운 학교에서 친구 사귀는 것도 쉽지 않았고, 지역 방언에 익숙해지는 데에도 시간이 오래 걸렸다. 그 시기에 나는 적극적으로 동아리에 가입해 여러 사람과 어울리려 노력했고, 혼자서도 다양한 활동을 하며 적응했다. 그 경험 덕분에 이후에는 낯선 환경에서도 두려움 없이 도전할 수 있는 자신감이 생겼다.",화자는 새로운 환경에 적응하기 위해 어떤 노력을 했나요?,잘 모르겠음,동아리에 가입해 여러 사람과 어울리려 했다,운동을 열심히 했다,집에만 머물렀다,동아리에 가입해 여러 사람과 어울리려 했다,2,161
성장 이야기,인생에서 가장 강하게 성장했던 시기,170,"중학교 2학년 때 처음으로 교내 영어 스피치 대회에 나가기로 결심했던 순간이 아직도 생생하다. 발표를 앞두고 며칠간 매일 밤 거울 앞에서 연습하며 긴장도 많이 했지만, 친구와 선생님의 응원 덕분에 용기를 얻었다. 대회 당일 무대에 서서 떨리는 목소리로 발표를 마쳤을 때, 실패를 두려워하지 않고 도전하는 법을 배운 것 같아 이전보다 훨씬 더 자신감이 생겼던 기억이 난다.",발화자가 영어 스피치 대회를 준비할 때 주로 어디에서 연습했는가?,잘 모르겠음,운동장,거울 앞,도서관,거울 앞,3,154
성장 이야기,인생에서 가장 강하게 성장했던 시기,170,"몇 년 전, 처음으로 혼자 해외여행을 떠났던 경험이 아직도 생생하다. 언어도 완벽하지 않았고 길도 잘 몰라서 길을 헤매는 일도 많았지만, 그 과정에서 스스로 문제를 해결하고 현지인과 소통하려 애쓰며 점점 자신감이 생겼다. 돌아왔을 때는 이전보다 훨씬 용기 있고 주도적인 사람이 되어 있었다.",해외여행 중에 발화자가 어떤 점에서 성장했다고 느꼈는가?,잘 모르겠음,여행 계획을 완벽히 세워서,스스로 문제를 해결하고 자신감이 생겨서,여행지에서 유명한 음식을 많이 먹어서,스스로 문제를 해결하고 자신감이 생겨서,3,122
성장 이야기,자신을 이기는 순간,170,"며칠 전, 마라톤 대회에 참가했을 때 이야기다. 중간쯤 달릴 때부터 다리가 무겁고 숨이 차서 포기하고 싶은 마음이 들었다. 그때 옆에서 응원해주는 친구 목소리가 들려와 잠깐 멈춰 서서 호흡을 가다듬고 다시 뛰기 시작했다. 결국 끝까지 달려 완주에 성공했을 때, 내 한계를 넘어선 뿌듯함과 자신감이 느껴졌다. 이전엔 시도조차 두려웠던 일들이 이제는 조금씩 도전해볼 용기가 생긴 것 같다.",달리던 중 포기하고 싶었던 순간에 화자는 어떤 행동을 했나요?,잘 모르겠음,옆 친구와 함께 걷기 시작했다,응원 소리를 듣고 잠깐 멈춰 호흡을 가다듬었다,즉시 포기하고 집에 돌아갔다,응원 소리를 듣고 잠깐 멈춰 호흡을 가다듬었다,3,161
성장 이야기,자신을 이기는 순간,170,"며칠 전, 친구들과 함께 산에 오르기로 약속했는데, 중간쯤부터 다리가 너무 아파서 포기하고 싶었어요. 예전 같았으면 그냥 쉬자고 했을 텐데, 이번엔 제 자신과 약속한 만큼 끝까지 올라가보자는 생각이 들더라고요. 땀도 많이 흘리고 숨도 찼지만, 정상에 도착했을 때의 뿌듯함은 정말 말로 표현할 수 없었어요. 저 스스로 한계를 이겨냈다는 사실이 오랫동안 마음에 남았어요.","산을 오르던 중 힘들었을 때, 화자는 어떤 선택을 했나요?",잘 모르겠음,포기하고 중간에 쉬었다.,끝까지 올라가 정상에 도착했다.,친구들과 내려갔다.,끝까지 올라가 정상에 도착했다.,3,156
성장 이야기,자신을 이기는 순간,170,"며칠 전 친구들과 함께 산에 오르기로 했는데, 중간쯤 올라가니 갑자기 다리가 무거워지고 숨이 차기 시작했다. 포기하고 싶다는 생각이 들었지만, 예전엔 늘 중간에 돌아갔던 기억이 떠올라 이번엔 꼭 정상까지 가보자고 마음을 다잡았다. 천천히 한 걸음씩 내디디며 결국 정상에 도착했을 때, 땀에 젖은 몸이었지만 그 어느 때보다 뿌듯하고 자신감이 생겼다.",발화자가 산을 오르던 중 느꼈던 가장 큰 변화는 무엇이었나요?,잘 모르겠음,친구들과 경쟁심이 생긴 것,포기하지 않고 정상까지 오른 것,날씨가 좋아진 것,포기하지 않고 정상까지 오른 것,3,147
성장 이야기,자신을 이기는 순간,170,"며칠 전 친구들과 등산을 하기로 약속했지만, 당일 아침부터 비가 내리기 시작했다. 평소 같으면 바로 약속을 취소하고 싶었지만, 이번엔 스스로와의 약속을 꼭 지키고 싶었다. 우산과 우비를 챙겨 나섰고, 비에 젖은 흙길이 미끄러워 두세 번 미끄러지기도 했지만 포기하지 않았다. 정상에 올랐을 땐 옷이 흠뻑 젖어있었지만, 마음 한구석이 뿌듯했다. 그날 이후로 나 자신을 조금 더 믿게 된 것 같다.",등산 당일 어떤 날씨 때문에 발화자는 힘든 상황을 겪었나요?,잘 모르겠음,눈이 많이 왔다,강한 바람이 불었다,비가 내렸다,비가 내렸다,4,164
성장 이야기,책임감을 느낀 순간,170,"며칠 전 동아리에서 중요한 발표를 맡게 되어 준비를 시작했다. 처음엔 부담이 컸지만, 팀원들이 각자 맡은 자료를 제때 보내주지 않아서 결국 내가 모든 내용을 종합하고 슬라이드까지 제작했다. 밤늦게까지 작업하면서 힘들었지만, 그만큼 책임감을 느끼며 완성도 높은 결과물을 내고 싶었다. 발표 당일, 팀원들이 고맙다고 인사하는 걸 들으니 뿌듯함과 동시에 책임을 다한 것 같아 기분이 좋았다.",동아리 발표를 준비하면서 작성자는 어떤 일을 주로 맡았나요?,잘 모르겠음,팀원들에게 발표를 맡겼다,자료를 종합하고 슬라이드를 제작했다,발표 준비를 하지 않았다,자료를 종합하고 슬라이드를 제작했다,3,164
성장 이야기,책임감을 느낀 순간,170,"며칠 전 동아리에서 중요한 발표를 준비하던 중, 발표 당일 한 팀원이 갑작스럽게 아파서 참석하지 못하게 되었다. 그 친구가 맡은 부분까지 내가 대신 준비해야 했기에 순간 부담감이 컸지만, 다른 팀원들에게 걱정끼치지 않으려고 밤새 부족한 부분을 보완했다. 결국 발표를 무사히 마치고 나니, 처음으로 내가 팀을 책임지고 있다는 사실을 실감할 수 있었고, 힘들었지만 뿌듯함을 느꼈다.",동아리 발표 준비 중 어떤 일이 생겨 화자가 책임감을 느꼈나요?,잘 모르겠음,팀원이 발표 내용을 잊어버렸다.,팀원이 갑자기 참석하지 못하게 되었다.,팀원 모두가 발표를 거부했다.,팀원이 갑자기 참석하지 못하게 되었다.,3,160
성장 이야기,책임감을 느낀 순간,170,"며칠 전 동아리에서 중요한 발표를 맡게 되었는데, 처음에는 부담이 컸다. 팀원들이 각자 맡은 부분을 제대로 준비하지 못해 걱정이 많았지만, 내가 중심을 잡아 자료를 정리하고 연습 일정을 조정했다. 발표 당일 다들 긴장했지만, 내가 먼저 침착하게 시작하자 팀원들도 따라와서 무사히 마칠 수 있었다. 모두가 고마워할 때 책임감을 잘 발휘한 것 같아 뿌듯했다.",발화자가 동아리 발표 준비 과정에서 한 행동으로 알맞은 것은 무엇인가요?,잘 모르겠음,팀원들에게 발표를 모두 맡겼다,자료 정리와 연습 일정을 조정했다,발표를 포기했다,자료 정리와 연습 일정을 조정했다,3,149
성장 이야기,책임감을 느낀 순간,170,"며칠 전, 동아리 발표 준비를 맡게 되어서 팀원들과 여러 번 모여 자료를 만들고 역할을 분배했다. 평소에는 누군가가 알아서 해주겠지 하는 생각이 많았지만, 이번에는 내가 발표를 이끌어야 해서 처음으로 자료를 꼼꼼히 확인하고, 부족한 부분은 밤늦게까지 찾아보고 팀원들에게 의견도 많이 물어봤다. 준비 과정이 힘들었지만, 모두가 나를 믿고 따라주어서 책임감을 느끼는 동시에 뿌듯함도 컸다.",화자는 어떤 상황에서 책임감을 느꼈나요?,잘 모르겠음,동아리 발표를 이끌게 되어서,학교 시험에서 1등을 해서,친구와 여행 계획을 세워서,동아리 발표를 이끌게 되어서,2,165
성장 이야기,최근에 배운 새로운 스킬,170,"며칠 전부터 수채화 그리기에 도전해보기로 결심했다. 처음에는 붓에 물 조절이 잘 안 돼서 색이 번지거나 너무 연하게 나오기도 했지만, 유튜브에서 기초 영상을 찾아보며 천천히 따라 했다. 특히 나뭇잎 그리는 영상을 보고 연습하면서 점점 색을 겹쳐 표현하는 방법이 익숙해졌다. 오늘은 친구에게 직접 그린 작은 풍경 그림을 사진으로 보여줬더니, 친구가 색이 부드럽고 따뜻하다고 칭찬해줘서 뿌듯했다.",내가 수채화 기법을 익히기 위해 참고한 자료는 무엇이었나요?,잘 모르겠음,수채화 책,유튜브 영상,미술학원 수업,유튜브 영상,3,167
성장 이야기,최근에 배운 새로운 스킬,170,"며칠 전, 요리를 잘하는 친구가 집에 놀러와서 파스타 만드는 법을 직접 보여줬다. 재료 손질부터 소스 끓이기까지 꼼꼼히 알려줘서 따라 해봤는데, 특히 마늘을 얇게 써는 게 생각보다 어렵더라. 익숙지 않은 칼질에 손끝이 아슬아슬했지만 몇 번 반복하니 점점 얇게 썰 수 있었다. 그 덕분에 소스에 마늘 향이 잘 배서, 평소 먹던 파스타와는 확실히 다른 깊은 맛을 느낄 수 있었다. 이제는 혼자서도 간단한 파스타 정도는 만들어 먹을 수 있게 된 게 뿌듯하다.",발화자가 친구에게서 새롭게 배운 스킬은 무엇인가요?,잘 모르겠음,마늘을 재배하는 법,파스타를 만드는 법,칼을 갈아 쓰는 법,파스타를 만드는 법,3,185
성장 이야기,최근에 배운 새로운 스킬,170,"며칠 전 친구가 갑자기 도예 체험장에 같이 가자고 해서 처음으로 도자기 물레를 만져봤다. 진흙을 손에 묻히고 바퀴를 돌리며 모양을 잡는 일이 생각보다 쉽지 않았지만, 집중하다 보니 시간 가는 줄 몰랐다. 내 손으로 찻잔 형태를 만들어낸 뒤에는 뿌듯함이 밀려왔다. 완성된 도자기는 며칠 뒤 찾으러 오라고 해서 기대가 된다. 앞으로 종종 새로운 걸 배우는 시간을 가져보고 싶다.",화자는 친구와 함께 어떤 새로운 경험을 했나요?,잘 모르겠음,도자기 물레 체험을 했다.,요리 교실에 다녀왔다.,사진 촬영을 배웠다.,도자기 물레 체험을 했다.,2,155
성장 이야기,최근에 배운 새로운 스킬,170,"지난주에 회사에서 영상 편집 업무를 맡게 되어 처음으로 프리미어 프로라는 프로그램을 배우기 시작했다. 처음엔 인터페이스가 너무 낯설고 단축키도 많아서 헤맸지만, 유튜브 튜토리얼을 참고하며 짧은 영상을 직접 잘라 붙여보았다. 특히 오디오와 영상 싱크를 맞추는 게 생각보다 까다로웠지만, 자막을 넣어보고 효과음도 입혀보면서 점점 재미를 느끼고 있다. 아직은 미숙하지만 내가 만든 영상을 팀원들이 칭찬해줘서 더 열심히 배우고 싶어졌다.",내가 최근에 배우기 시작한 영상 편집 프로그램의 이름은 무엇인가?,잘 모르겠음,포토샵,프리미어 프로,일러스트레이터,프리미어 프로,3,186
성장 이야기,포기하지 않고 꾸준히 한 일,170,"비가 내리던 어느 늦은 오후, 운동화를 신고 동네 공원 트랙을 달렸던 기억이 선명하다. 처음에는 몇 분도 버티지 못하고 숨이 차서 멈췄지만, 매일 조금씩 시간을 늘려가며 달리기를 이어갔다. 친구들이랑 놀고 싶을 때도 있었지만, 목표를 위해 스스로와 약속한 시간을 꼭 지켰다. 어느새 예전보다 훨씬 오래 달릴 수 있게 되었고, 완주 후 느낀 뿌듯함은 그 어떤 보상보다 값졌다.",발화자가 달리기를 하며 포기하고 싶을 때 주로 무엇을 했는지 고르세요.,잘 모르겠음,친구들과 놀러 나갔다,스스로와 한 약속을 지켰다,운동화를 벗고 집에 돌아갔다,스스로와 한 약속을 지켰다,3,155
성장 이야기,포기하지 않고 꾸준히 한 일,170,"며칠 전, 중학교 때부터 꾸준히 해오던 일기 쓰기에 대해 생각해봤다. 처음엔 몇 줄도 채우기 힘들었지만, 포기하지 않고 매일 적다 보니 지금은 하루를 돌아보는 것이 자연스러워졌다. 특히 마음이 힘들 때 일기에 감정을 적으면서 스스로를 위로하는 법도 배웠다. 어느새 일기장도 여러 권이 쌓였고, 예전 기록을 보면 그때의 감정과 생각이 생생하게 떠오른다. 꾸준함이 나에게 큰 힘이 된다는 걸 다시 한 번 느꼈다.",일기장이 여러 권 쌓일 수 있었던 가장 큰 이유는 무엇이었는가?,잘 모르겠음,매일 같은 시간에 일기를 썼기 때문,포기하지 않고 꾸준히 일기를 썼기 때문,감정을 적는 것이 재미있어서,포기하지 않고 꾸준히 일기를 썼기 때문,3,170
성장 이야기,포기하지 않고 꾸준히 한 일,170,"며칠 전부터 매일 저녁마다 동네 공원에서 달리기를 시작했다. 처음엔 다리가 무겁고 숨도 금방 차서 중간에 멈추고 싶었지만, 친구와 약속을 했기에 쉽게 포기할 수 없었다. 날마다 조금씩 거리를 늘려가다 보니, 어느새 예전보다 훨씬 오래 뛸 수 있게 되었다. 덕분에 체력도 좋아졌고, 무엇보다 작은 성취감 덕분에 스스로에게 자신감도 생겼다.",달리기를 끝까지 포기하지 않게 도와준 요소는 무엇이었나요?,잘 모르겠음,공원의 풍경,친구와의 약속,운동화 새로 산 것,친구와의 약속,3,142
성장 이야기,포기하지 않고 꾸준히 한 일,170,"작년 겨울, 처음으로 기타를 배우기 시작했다. 손끝이 아파서 몇 번이고 그만두고 싶었지만, 매일 밤 자기 전에 30분씩 연습하기로 마음먹었다. 시간이 지나면서 손끝에 굳은살이 생기고, 예전에 어려웠던 코드도 자연스럽게 잡을 수 있게 됐다. 어느 날 가족 앞에서 내가 좋아하는 노래를 연주하며 노래까지 부를 수 있었을 때, 포기하지 않고 꾸준히 해온 나 자신이 정말 자랑스러웠다.",기타 연습을 처음 시작했을 때 화자는 어떤 어려움을 겪었나요?,잘 모르겠음,노래 가사를 외우는 것이 어려웠다,손끝이 아파서 힘들었다,악보를 구하는 것이 힘들었다,손끝이 아파서 힘들었다,3,159
소소한 행복,기분 좋아지는 취미 생활,170,"주말 오후에 집 근처 공원에서 수채화 스케치를 해보았다. 처음에는 붓을 쥐는 손이 어색했지만, 점점 나뭇잎의 초록색을 내 방식대로 섞어가며 그리는 재미에 푹 빠졌다. 지나가던 아이가 내 그림을 보고 웃으며 예쁘다고 해줘서 순간 마음이 따뜻해졌다. 그림이 완성된 뒤에는 벤치에 앉아 시원한 바람을 느끼며 그림을 바라보는 시간이 정말 소소하지만 큰 행복으로 다가왔다.",공원에서 취미 활동을 하던 중 지나가던 아이가 해준 말은 무엇이었나요?,잘 모르겠음,멋지다고 했다,예쁘다고 했다,힘내라고 했다,예쁘다고 했다,3,154
소소한 행복,기분 좋아지는 취미 생활,170,"요즘 집 근처 작은 공방에서 도자기 만들기를 배우고 있다. 처음에는 흙이 손에 묻는 느낌이 어색했지만, 점점 모양을 잡아가면서 몰입하게 된다. 지난주에는 직접 만든 머그컵에 이름도 새겼다. 완성된 컵에 따뜻한 차를 따라 마실 때마다 뿌듯함이 밀려온다. 선생님께서 칭찬해주셔서 기분이 한층 좋아졌다. 도자기를 빚는 시간이 이제는 하루 중 가장 기대되는 순간이 되었다.",발화자가 도자기 공방에서 만든 작품에 새긴 것은 무엇이었나요?,잘 모르겠음,꽃 그림,이름,하트 모양,이름,3,155
소소한 행복,기분 좋아지는 취미 생활,170,"며칠 전에는 색연필로 직접 작은 엽서를 그려보았다. 처음엔 단순한 꽃잎으로 시작했는데 점점 색을 더하다 보니 평소보다 시간이 훌쩍 지나 있었다. 완성된 엽서를 친구에게 보내려고 봉투에 담으면서 괜히 뿌듯한 마음이 들었다. 그림을 그리면서 잡생각도 줄고, 알록달록한 색깔을 고르는 과정도 나를 기분 좋게 해 주었다.",화자가 엽서를 그릴 때 느낀 기분에 대한 설명으로 알맞은 것은?,잘 모르겠음,지루함을 느꼈다.,잡생각이 많아졌다.,색을 고르는 과정에서 기분이 좋아졌다.,색을 고르는 과정에서 기분이 좋아졌다.,4,133
소소한 행복,기분 좋아지는 취미 생활,170,"창밖으로 비가 내리는 날이면 왠지 색연필로 그림을 그리고 싶어진다. 그래서 오늘은 좋아하는 초록색 색연필로 몬스테라 잎을 세밀하게 그려봤다. 시간이 어떻게 가는지도 모르게 한 장을 완성하고 나니 마음이 한결 편안해졌다. 완성한 그림을 벽에 붙여두니 그걸 볼 때마다 괜히 뿌듯하고, 내 방도 한층 밝아진 기분이 든다. 이렇게 소소한 취미가 내 일상에 큰 행복을 준다는 걸 다시 한 번 느꼈다.",발화자의 취미 생활로 인해 방에 어떤 변화가 생겼나요?,잘 모르겠음,방이 어두워졌다.,방이 더 어지러워졌다.,방이 한층 밝아진 기분이 들었다.,방이 한층 밝아진 기분이 들었다.,4,162
소소한 행복,독서로 찾아낸 작은 즐거움,170,"창밖에 비가 내리던 날, 평소엔 잘 읽지 않던 에세이집을 펼쳐봤다. 작가가 카페에서 커피를 마시며 느꼈다는 평온함에 대한 글을 읽는데, 마치 내가 그 자리에 앉아 있는 것처럼 마음이 차분해졌다. 그 순간, 빗소리와 책장이 넘겨지는 소리가 어우러져 작은 행복이 스며드는 기분이 들었다. 덕분에 평범한 하루가 특별하게 느껴졌고, 책 속에서 기대하지 않았던 위로를 찾는 기쁨을 새삼 알게 되었다.",비 오는 날 에세이집을 읽으며 화자가 특별함을 느꼈던 이유는 무엇이었는가?,잘 모르겠음,작가의 카페에서의 경험을 상상하며 마음이 차분해졌기 때문이다.,에세이집에서 유명한 시를 발견했기 때문이다.,창밖의 비가 그치고 무지개가 떴기 때문이다.,작가의 카페에서의 경험을 상상하며 마음이 차분해졌기 때문이다.,2,164
소소한 행복,독서로 찾아낸 작은 즐거움,170,"지난 주말, 집 근처 조용한 카페에서 소설 한 권을 들고 시간을 보냈다. 커피 한 잔을 앞에 두고 책장을 넘길 때마다 이야기 속 인물들과 함께 걷는 기분이 들었다. 특히 주인공이 바닷가를 걷는 장면에서 나도 파도 소리가 들리는 듯했다. 오랜만에 핸드폰을 내려놓고 책에만 집중하니 마음이 한결 가벼워졌다. 책을 다 읽고 나올 때는 작은 선물을 받은 것처럼 기분이 좋았다.",발화자가 책을 읽으며 가장 몰입했던 장면은 무엇이었나요?,잘 모르겠음,주인공이 산을 오르는 장면,주인공이 바닷가를 걷는 장면,주인공이 도시에 도착하는 장면,주인공이 바닷가를 걷는 장면,3,151
소소한 행복,독서로 찾아낸 작은 즐거움,170,"도서관에서 우연히 발견한 소설 한 권이 내 하루를 바꿨다. 평소엔 관심 없던 장르였는데, 첫 장을 넘기자마자 빠져들었다. 책 속 주인공이 겪는 작은 기쁨과 고민에 공감하면서 나도 모르게 웃기도 하고, 가끔은 마음이 뭉클해졌다. 책을 읽다 보니 시간 가는 줄도 몰랐고, 마지막 페이지를 덮을 땐 마치 좋은 친구와 오랜 대화를 나눈 듯한 느낌이 들었다. 집으로 돌아가는 길에도 책 내용이 머릿속을 맴돌아 기분이 한결 가벼워졌다.",내가 도서관에서 우연히 발견한 책은 어떤 장르였는가?,잘 모르겠음,평소에 자주 읽던 익숙한 장르,평소엔 관심 없던 새로운 장르,어린이용 그림책,평소엔 관심 없던 새로운 장르,3,176
소소한 행복,독서로 찾아낸 작은 즐거움,170,"며칠 전, 평소 가던 작은 동네 서점에서 우연히 오래된 소설 한 권을 발견했다. 커피 한 잔을 곁에 두고 조용한 오후에 그 책을 펼쳤다. 책장 넘기는 소리와 창밖의 빗소리가 어우러져 시간이 천천히 흐르는 느낌이었다. 주인공의 감정에 공감하며 마음이 차분해졌고, 문장 하나하나가 위로가 되었다. 그렇게 특별한 일 없이도 책 한 권으로 온종일 기분이 좋아졌다.",발화자가 책을 읽을 때 함께한 것은 무엇이었나요?,잘 모르겠음,따뜻한 차 한 잔,커피 한 잔,달콤한 케이크,커피 한 잔,3,148
소소한 행복,사랑받는 기분을 느낀 순간,170,"요즘 따라 기분이 가라앉는 날이 많았는데, 며칠 전 친구가 내가 좋아하는 딸기 케이크를 직접 만들어서 집 앞까지 들고 와줬어요. 특별한 날도 아닌데, 저를 생각하며 만든 선물을 받으니 마음이 따뜻해지고, 정말 사랑받고 있다는 기분이 들었죠. 그날 친구와 함께 케이크를 먹으며 이런 소중한 순간들이 쌓여서 삶이 더 행복해지는 것 같다고 느꼈어요.",화자가 사랑받는 기분을 느낀 계기는 무엇이었나요?,잘 모르겠음,친구가 화자를 위해 직접 만든 딸기 케이크를 집 앞까지 가져다줬기 때문,화자가 친구에게 선물을 주었기 때문,특별한 날이라서 파티를 했기 때문,친구가 화자를 위해 직접 만든 딸기 케이크를 집 앞까지 가져다줬기 때문,2,144
소소한 행복,사랑받는 기분을 느낀 순간,170,"며칠 전 퇴근길에 지하철역 앞에서 갑자기 소나기가 쏟아졌어요. 우산이 없어서 고민하고 있는데, 평소에 인사만 하던 같은 동네 이웃분이 우산을 같이 쓰자고 건네셨어요. 낯선 사람에게서 받은 배려에 마음이 따뜻해졌고, 집까지 함께 걸으며 소소한 이야기를 나누는 동안 오랜만에 누군가에게 사랑받는 느낌이 들었어요. 그날은 정말 작은 친절이 하루를 특별하게 만들어 준 순간이었답니다.",화자가 사랑받는 기분을 느끼게 된 계기는 무엇이었나요?,잘 모르겠음,회사 동료에게서 선물을 받아서,동네 이웃이 우산을 함께 써주어서,지하철에서 친한 친구를 우연히 만나서,동네 이웃이 우산을 함께 써주어서,3,162
소소한 행복,사랑받는 기분을 느낀 순간,170,"며칠 전 친구가 별다른 이유 없이 저녁에 갑자기 집 앞까지 찾아왔어요. 제 최애 빵집에서 빵을 한가득 사서 들고 왔는데, 저를 생각하며 일부러 먼 길을 돌아온 거라며 환하게 웃더라고요. 같이 앉아 빵을 나눠 먹으며 이런 작은 배려가 참 고맙고 따뜻하게 느껴졌어요. 누군가에게 소중하게 여겨진다는 감정이 오랜만에 가슴 깊이 전해졌던 순간이었어요.",화자가 친구에게서 어떤 선물을 받았나요?,잘 모르겠음,최애 빵집에서 산 빵,책 한 권,커피 한 잔,최애 빵집에서 산 빵,2,144
소소한 행복,사랑받는 기분을 느낀 순간,170,"며칠 전 퇴근하고 집에 돌아왔더니, 평소보다 일찍 온 동생이 제일 좋아하는 딸기 케이크를 사서 기다리고 있었어요. 별다른 이유 없이 수고했다고 한 조각 잘라 주는데, 그 순간 괜히 마음이 몽글몽글해지더라고요. 평소엔 서로 장난치기만 했는데, 이렇게 따뜻하게 챙겨주는 모습에 갑자기 사랑받는 느낌이 확 밀려왔어요. 케이크 한 입에 피곤도 풀리고, 그날은 정말 기분 좋게 하루를 마무리했어요.",동생이 케이크를 사온 이유는 무엇이었나요?,잘 모르겠음,특별한 기념일이어서,평소보다 일찍 퇴근해서,별다른 이유 없이 수고했다고,평소보다 일찍 퇴근해서,3,165
소소한 행복,주말 아침의 특별함,170,"최근에는 주말마다 알람을 맞추지 않고 자연스럽게 눈을 떠보는 게 내 작은 기쁨이 되었다. 이번 주에는 평소보다 조금 늦게 일어났더니 창밖에서 새소리가 들려왔다. 평일엔 분주하게 아침을 시작했지만, 오늘은 천천히 주방에서 따뜻한 차를 우려냈다. 그 향을 맡으며 소파에 앉아 좋아하는 책 한 장을 넘기니, 아무 일도 하지 않는 시간이 이렇게 소중하다는 걸 새삼 느꼈다.",화자는 주말 아침에 무엇을 하며 소소한 행복을 느꼈나요?,잘 모르겠음,아침 조깅을 하며,따뜻한 차를 우려내고 책을 읽으며,친구와 통화하며,따뜻한 차를 우려내고 책을 읽으며,3,153
소소한 행복,주말 아침의 특별함,170,"평소에는 바쁜 일상에 쫓겨 아침을 대충 때우는 편이지만, 오늘은 느긋하게 일어나 커피를 내리고, 오랜만에 달콤한 팬케이크를 만들어봤다. 창문을 열어두니 시원한 공기가 들어오고, 식탁에 앉아 천천히 팬케이크 한 조각을 먹으면서 좋아하는 음악을 들으니, 별다른 특별한 일이 없어도 마음이 참 평화로웠다. 이런 소소한 순간들이 쌓여서 결국 나에게 큰 행복을 주는 것 같다는 생각이 들었다.",발화자가 주말 아침에 특별히 한 행동은 무엇이었나요?,잘 모르겠음,아침을 거르고 운동을 했다,팬케이크를 만들고 음악을 들었다,친구와 외식을 했다,팬케이크를 만들고 음악을 들었다,3,163
소소한 행복,주말 아침의 특별함,170,"집안이 조용한 주말, 커튼 사이로 들어오는 햇살을 느끼며 평소보다 느긋하게 침대에 누워 있었다. 창밖에서 들리는 새소리와 커피 향이 어우러지니, 바쁜 평일엔 느끼지 못했던 여유가 마음을 가득 채웠다. 간단하게 토스트를 구워 먹으며 좋아하는 음악을 틀었더니, 혼자지만 충분히 특별한 아침이 되었다. 이런 순간이 쌓여 소소한 행복이 되는 것 같다.",주인공이 주말 아침에 했던 일로 옳은 것은 무엇인가요?,잘 모르겠음,친구와 전화 통화를 했다,토스트를 구워 먹었다,공원에서 산책을 했다,토스트를 구워 먹었다,3,146
소소한 행복,주말 아침의 특별함,170,"평소엔 알람 소리에 억지로 일어나지만, 오늘은 자연스럽게 눈을 떴다. 창문을 열자 시원한 바람이 들어왔고, 고요한 집안에서 커피를 내리는 소리가 유난히 좋았다. 평일엔 바빠서 대충 먹던 아침도 천천히 준비해 오믈렛을 만들었다. 식탁에 앉아 따뜻한 커피와 함께 오믈렛을 먹으니 마음까지 여유로워지는 느낌이었다. 소소한 이런 순간이 주말 아침의 특별함인 것 같다.",화자는 주말 아침에 어떤 음식을 만들어 먹으면서 여유를 느꼈나요?,잘 모르겠음,샌드위치,오믈렛,팬케이크,오믈렛,3,154
소소한 행복,집에 꽃을 놓고 생활하는 이야기,170,"며칠 전 마트에 들렀다가 작은 분홍색 꽃다발을 샀다. 평소엔 꽃을 사는 일이 드물었는데, 그날따라 유난히 꽃이 예뻐 보여서 충동적으로 집어 들었다. 집에 와서 투명한 유리병에 꽃을 꽂아 거실 테이블에 두었더니, 방이 훨씬 밝아진 느낌이 들었다. 아침마다 꽃을 보며 커피를 마시니까 기분이 좋아지고 하루가 한결 상쾌하게 시작된다. 물을 갈아줄 때마다 꽃잎에 맺힌 물방울을 보는 것도 소소한 즐거움이 된다.",내가 꽃을 어디에 두었는지 기억나나요?,잘 모르겠음,침실 책상 위,거실 테이블 위,부엌 선반 위,거실 테이블 위,3,169
소소한 행복,집에 꽃을 놓고 생활하는 이야기,170,"요즘에는 거실 창가에 작은 꽃병을 두고 계절마다 다른 꽃을 사다 꽂아두는 습관이 생겼다. 지난주에는 노란 프리지아를 골랐는데, 집안에 은은하게 퍼지는 향이 하루의 기분을 바꿔주는 느낌이었다. 출근 전, 잠깐 꽃을 바라보며 커피를 마시면 왠지 모르게 마음이 한결 가벼워졌다. 어느 날은 친구가 집에 놀러와서 꽃 향기가 너무 좋다며 어디서 샀는지 물어보기도 했다. 이렇게 꽃 한 송이가 주는 소소한 변화가 꽤 오래도록 내 일상에 잔잔한 행복을 더해준다.",발화자의 집에 최근에 두었던 꽃의 종류는 무엇이었나요?,잘 모르겠음,튤립,프리지아,장미,프리지아,3,188
소소한 행복,집에 꽃을 놓고 생활하는 이야기,170,"며칠 전 퇴근길에 꽃집 앞을 지나가다 연분홍색 카네이션이 눈에 들어와 충동적으로 한 다발을 샀다. 평소에는 꽃을 잘 사지 않지만, 거실 테이블 위에 꽃병을 놓고 바라보니 방 안 분위기가 한결 밝아졌다. 물을 갈아주면서 향긋한 꽃내음을 맡는 것도 소소한 즐거움이었다. 특히 아침 햇살이 비칠 때 꽃잎이 반짝이는 모습이 기분을 좋게 해주었다. 덕분에 집에 들어올 때마다 작은 설렘이 생겼다.",발화자가 꽃을 두고 가장 즐거움을 느낀 순간은 언제였나요?,잘 모르겠음,친구가 방문했을 때,아침 햇살이 비칠 때,꽃을 살 때,아침 햇살이 비칠 때,3,161
소소한 행복,집에 꽃을 놓고 생활하는 이야기,170,"며칠 전 친구가 작은 화분에 담긴 분홍색 꽃을 선물해 주었어요. 원래 집에 식물을 잘 두지 않았는데, 거실 창가에 그 꽃을 두고 나니 분위기가 한결 환해진 느낌이 들었죠. 퇴근하고 집에 들어올 때마다 산뜻한 꽃향기가 미묘하게 퍼져 기분이 좋아지고, 아침마다 꽃잎에 맺힌 물방울을 바라보는 것이 작은 즐거움이 되었어요. 꽃이 조금 시들까 봐 물을 줄 때마다 정성스럽게 살피게 되고, 덕분에 집안에 머무는 시간이 훨씬 따뜻하게 느껴지더라고요.",화분에 담긴 분홍색 꽃을 어디에 두었는지 맞혀보세요.,잘 모르겠음,주방 식탁 위,거실 창가,현관 입구,거실 창가,3,183
숲에서의 일상,새소리에 깨어나는 경험,170,"지난주에 가족과 함께 숲 근처 작은 펜션에서 하룻밤을 보냈다. 평소와 달리 알람 없이 잠이 들었는데, 아침이 되자 창밖에서 들려오는 다양한 새소리로 자연스럽게 눈을 떴다. 부드럽게 퍼지는 소리에 머리가 맑아지고, 잠시 침대에 누워 그 소리를 음미하며 평소 도심에서는 느끼지 못했던 평온함을 온몸으로 느꼈다.",내가 숲 근처 펜션에서 아침에 잠에서 깬 이유는 무엇이었나요?,잘 모르겠음,강한 햇빛이 들어와서,알람 소리에 깨어나서,창밖에서 들려오는 새소리 때문,창밖에서 들려오는 새소리 때문,4,130
숲에서의 일상,새소리에 깨어나는 경험,170,"창문을 열어두고 잠든 날이었는데, 희미하게 들려오는 새소리에 눈이 자연스럽게 떠졌다. 평소 알람 소리에 놀라듯 깨는 것과는 달리, 부드럽고 규칙적인 새들의 지저귐이 머릿속을 맑게 해줬다. 침대에 누운 채로 잠시 눈을 감고 그 소리를 더 듣고 싶어 일부러 몸을 일으키지 않았다. 숲 근처에 산다는 게 이런 소소한 즐거움을 주는구나 새삼 느꼈다.",새소리를 듣고 잠시 어떻게 했는지 맞는 것을 고르세요.,잘 모르겠음,바로 일어나 창문을 닫았다.,눈을 감고 그 소리를 더 들으려 했다.,알람을 끄고 다시 잠들었다.,눈을 감고 그 소리를 더 들으려 했다.,3,143
숲에서의 일상,새소리에 깨어나는 경험,170,"오늘은 평소보다 일찍 눈이 떠졌다. 방 창문을 살짝 열어두었더니 숲에서 들려오는 다양한 새소리가 내 귀를 깨웠다. 가까이에서 짹짹거리는 참새 소리와 멀리서 들려오는 뻐꾸기 울음이 섞여서 묘한 화음을 만들었다. 잠깐 눈을 감은 채로 그 소리들을 들으니 왠지 마음이 차분해지고 상쾌함이 느껴졌다. 알람 소리 대신 자연의 소리로 시작한 하루는 오랜만이라, 기분이 새로웠다.",내가 오늘 아침에 들은 새소리로 옳은 것을 고르세요.,잘 모르겠음,가까이서 까치 소리와 멀리서 까마귀 울음,가까이서 참새 소리와 멀리서 뻐꾸기 울음,가까이서 비둘기 소리와 멀리서 종달새 노래,가까이서 참새 소리와 멀리서 뻐꾸기 울음,3,156
숲에서의 일상,새소리에 깨어나는 경험,170,"휴일이라 평소보다 늦게 일어나고 싶었지만, 창문을 열어둔 채로 자서 그런지 이른 아침에 어디선가 들려오는 새들의 지저귐에 눈이 떠졌다. 잔잔하면서도 리듬감 있는 소리에 기분이 상쾌해졌다. 침대에 누운 채로 귀를 기울이니, 여러 종류의 새소리가 겹쳐지며 숲속에 있는 듯한 착각이 들었다. 그중에서도 유난히 맑은 소리가 들렸는데, 마치 누군가 내 곁에서 조용히 아침 인사를 건네는 듯해 마음이 편안해졌다.",어떤 새소리가 화자의 아침에 특별한 인상을 남겼는가?,잘 모르겠음,가장 우렁찬 소리,유난히 맑은 소리,매우 낮고 굵은 소리,유난히 맑은 소리,3,171
숲에서의 일상,숲속에서의 아침 루틴,170,"햇살이 나뭇잎 사이로 스며드는 조용한 숲에서 눈을 떴다. 일어나자마자 깊게 숨을 들이쉬며 신선한 공기를 가슴 가득 채웠다. 작은 개울가로 천천히 걸어가 얼굴을 씻고, 가져온 보온병에 담긴 따뜻한 차를 마셨다. 나뭇가지에 앉은 새들의 소리를 들으며 가볍게 스트레칭을 하고, 침낭을 정리하며 하루를 시작했다. 자연 속에서만 느낄 수 있는 평온함이 온몸에 퍼졌다.",숲에서의 아침 루틴 중 얼굴을 씻은 장소는 어디였나요?,잘 모르겠음,작은 개울가,숲 입구,텐트 안,작은 개울가,2,152
숲에서의 일상,숲속에서의 아침 루틴,170,"햇살이 나뭇잎 사이로 스며들 때쯤이면 작은 텐트 안이 점점 밝아진다. 침낭에서 조심스럽게 몸을 일으켜 밖으로 나가면, 이슬 맺힌 풀잎을 맨발로 밟는 기분이 상쾌하다. 물을 끓여 따뜻한 차를 만들고, 어제 밤에 주운 도토리와 산딸기를 곁들여 간단하게 아침을 먹는다. 주변에서 새들이 지저귀는 소리를 들으며 오늘 하루를 어떻게 보낼지 천천히 계획해본다.",화자는 숲속 아침에 어떤 음료를 준비했나요?,잘 모르겠음,따뜻한 차,커피,우유,따뜻한 차,2,148
숲에서의 일상,숲속에서의 아침 루틴,170,"새벽 공기가 아직 차가운 시간에 숲속 텐트에서 눈을 떴다. 이슬에 젖은 나뭇잎 냄새가 진하게 느껴져서 한동안 조용히 숨을 들이마셨다. 어제 준비해 온 작은 주전자에 계곡물로 물을 끓여 따뜻한 차를 만들었고, 나뭇가지에 앉은 새들의 소리를 들으며 천천히 스트레칭을 했다. 그렇게 몸과 마음을 깨우는 이른 아침의 루틴 덕분에 하루가 훨씬 상쾌하게 시작되는 것 같다.",발화자가 숲속에서 아침을 맞이하며 한 행동이 아닌 것은 무엇인가요?,잘 모르겠음,차를 끓여 마셨다,스트레칭을 했다,책을 읽었다,책을 읽었다,4,151
숲에서의 일상,숲속에서의 아침 루틴,170,"창문을 열자 신선한 나무 냄새가 퍼져 방 안까지 스며들었다. 양치질을 마치고, 따뜻한 차 한 잔을 들고 베란다에 나가면 멀리서 새들이 지저귀는 소리가 들린다. 가끔은 토끼 한 마리가 풀을 뜯는 모습도 볼 수 있는데, 그럴 땐 조용히 숨을 죽인 채 그 장면을 감상한다. 이렇게 숲속에서의 아침은 도시에서 경험할 수 없는 평온함과 자연의 소리를 가까이 느낄 수 있어 매일이 새롭게 느껴진다.",발화자가 숲속 아침에 베란다에서 차를 마시며 본 동물은 무엇인가요?,잘 모르겠음,사슴,토끼,고양이,토끼,3,158
숲에서의 일상,숲에서 보낸 밤의 기억,170,"한여름 숲속에서 하룻밤을 보내기로 결심했던 날이 아직도 생생하다. 텐트 위로 빗방울이 떨어지기 시작하면서 바깥의 풀내음과 촉촉한 흙냄새가 더 짙어졌다. 평소에는 잘 들리지 않던 작은 곤충들의 소리와 멀리서 들려오는 부엉이 울음이 묘하게 어우러져 밤새 이어졌다. 새벽에는 갑자기 텐트 옆으로 고라니가 지나가는 소리에 살짝 놀라기도 했지만, 숲의 밤공기와 자연의 소리에 푹 빠져들었던 잊지 못할 경험이었다.",발화자가 숲에서 하룻밤을 보낼 때 텐트 옆을 지나간 동물은 무엇이었나요?,잘 모르겠음,여우,고라니,멧돼지,고라니,3,173
숲에서의 일상,숲에서 보낸 밤의 기억,170,"별이 가득한 밤하늘 아래 텐트 안에 누워 있으니 평소와는 다른 소리들이 들려왔다. 멀리서 부엉이가 우는 소리, 바람에 흔들리는 나뭇가지, 그리고 가까이에서 바스락거리는 작은 동물의 움직임까지 생생하게 느껴졌다. 침낭 속에서 살짝 무서웠지만, 한편으로는 도시에서 느낄 수 없는 자연의 숨결이 신기하게 다가왔다. 잠들기 전 조용히 귀 기울이며 숲의 밤을 온몸으로 받아들였던 그 시간이 아직도 기억에 남는다.",내가 숲에서 밤에 들은 소리로 언급하지 않은 것은 무엇인가요?,잘 모르겠음,부엉이의 울음소리,바람에 흔들리는 나뭇가지 소리,빗방울이 떨어지는 소리,빗방울이 떨어지는 소리,4,172
숲에서의 일상,숲에서 보낸 밤의 기억,170,"깜깜한 숲속에서 친구들과 하룻밤을 보내게 된 적이 있다. 텐트 안에 누워 있는데 바깥에서 바람에 흔들리는 나뭇잎 소리와 멀리서 부엉이 울음소리가 섞여 들려왔다. 한밤중에 갑자기 누군가 내 텐트 지퍼를 올리는 소리에 깜짝 놀랐는데, 알고 보니 친구가 화장실을 같이 가자고 조용히 부르는 것이었다. 그 덕분에 두렵던 마음이 조금 가라앉았고, 숲의 밤이 생각보다 평화롭게 느껴졌다.",텐트 지퍼를 올리던 사람은 누구였나요?,잘 모르겠음,동물,낯선 사람,친구,친구,4,159
숲에서의 일상,숲에서 보낸 밤의 기억,170,"몇 년 전 친구들과 함께 숲 속 캠핑을 떠났던 밤이 아직도 기억난다. 해가 완전히 지고 나자 어둠과 고요가 숲을 가득 채웠고, 우리는 모닥불 옆에 둘러앉아 서로의 이야기를 나누었다. 갑자기 바람에 흔들리는 나뭇가지 소리와 어딘가에서 들려오는 부엉이 울음소리가 우리를 잠시 긴장하게 했지만, 동시에 신비로운 느낌도 들었다. 그날 밤 모닥불의 따뜻함과 숲 속의 공기는 잊을 수 없는 추억으로 남았다.",숲에서 보낸 그 밤에 친구들은 어떤 동물 소리를 들었는가?,잘 모르겠음,늑대 울음소리,부엉이 울음소리,사슴 울음소리,부엉이 울음소리,3,165
숲에서의 일상,야생동물과의 뜻밖의 만남,170,"초록빛 나무 사이로 산책을 하던 중 갑자기 바스락거리는 소리에 걸음을 멈췄다. 조심스럽게 고개를 돌려보니 어린 고라니 한 마리가 풀숲에서 나를 지켜보고 있었다. 처음엔 놀라서 뒷걸음질 쳤지만, 고라니도 나와 마찬가지로 겁을 먹은 듯 금세 멀리 도망갔다. 그 순간의 짧은 만남이 신기하고 마음 한편이 따뜻해졌다. 집에 돌아오는 길에는 오늘의 기억이 오래도록 남을 것 같았다.",숲에서 산책하던 중 내가 마주친 동물은 무엇이었나요?,잘 모르겠음,다람쥐,고라니,멧돼지,고라니,3,157
숲에서의 일상,야생동물과의 뜻밖의 만남,170,"산책로를 따라 걷다가 조용한 오솔길로 접어들었을 때였다. 갑자기 나뭇잎이 바스락거리는 소리에 멈춰섰는데, 작은 고라니 한 마리가 내 앞을 가로질러 달려나갔다. 고라니는 나를 잠깐 쳐다보더니, 곧바로 덤불 속으로 숨어버렸다. 그 순간 심장이 두근거렸고, 고라니와 이렇게 가까이 마주칠 줄은 전혀 예상하지 못했다. 이후로는 숲길을 걸을 때마다 어디선가 또 다른 동물이 나타날 것만 같아 괜히 긴장하게 된다.",내가 숲에서 예상치 못하게 마주친 동물은 무엇이었나요?,잘 모르겠음,토끼,고라니,멧돼지,고라니,3,172
숲에서의 일상,야생동물과의 뜻밖의 만남,170,"지난주에 친구와 함께 숲길을 걷다가 갑자기 덤불 사이에서 작은 소리가 들려 잠깐 멈춰섰어. 조심스럽게 다가가 보니 멧토끼 한 마리가 있었는데, 우리를 잠깐 바라보다가 깡충깡충 달아나더라. 그 순간 친구는 갑자기 휴대폰을 꺼내 사진을 찍으려 했지만, 멧토끼는 이미 숲속으로 사라진 뒤였어. 친구와 나는 둘 다 이렇게 가까이에서 야생동물을 본 건 처음이라 서로 신기해하며 한참 동안 그 자리에 서 있었지.",발화에서 친구가 갑자기 꺼낸 것은 무엇이었나요?,잘 모르겠음,물병,휴대폰,간식,휴대폰,3,168
숲에서의 일상,야생동물과의 뜻밖의 만남,170,"숲길을 걷다가 낯선 소리가 들려서 걸음을 멈췄다. 자세히 보니 나무 뒤에서 고라니 한 마리가 조심스럽게 고개를 내밀고 있었다. 갑자기 내 시선을 느꼈는지 고라니는 순식간에 도망치듯 숲속으로 사라졌다. 그 짧은 순간이었지만, 야생동물을 이렇게 가까이에서 본 건 처음이라 심장이 두근거렸다. 이후로는 숲길을 걸을 때마다 혹시 또 다른 동물이 나타날까 기대하게 된다.",발화자가 숲에서 만난 동물이 무엇이었는가?,잘 모르겠음,토끼,고라니,다람쥐,고라니,3,154
숲에서의 일상,포레스트 트레킹 경험,170,"며칠 전, 친구와 함께 근처 국립공원 숲길을 따라 트레킹을 했던 기억이 떠오른다. 처음에는 오르막이 많아 다리가 무겁게 느껴졌지만, 점차 푸른 나무 사이로 스며드는 햇살과 새들의 소리가 기분을 상쾌하게 해주었다. 중간쯤에서 잠시 쉬며 준비해간 귤을 까먹었는데, 시원한 바람과 어우러진 상큼한 맛이 유난히 더 특별하게 느껴졌다. 내려오는 길에 작은 개울을 발견해 잠깐 발을 담갔다가, 예상치 못한 차가움에 깜짝 놀라 웃음이 났다.",트레킹 도중 내가 먹었던 간식은 무엇이었나요?,잘 모르겠음,초콜릿,사과,귤,귤,4,181
숲에서의 일상,포레스트 트레킹 경험,170,"몇 달 만에 친구들과 근처 숲길 트레킹을 다녀왔다. 초록빛 나뭇잎 사이로 햇살이 비추는 풍경이 정말 인상적이었다. 평소보다 경사가 가파른 구간이 있었지만, 중간에 잠시 멈춰 서로 간식을 나눠 먹으며 쉬는 시간이 즐거웠다. 특히, 누군가 작은 다람쥐를 발견해 다 같이 사진을 찍기도 했다. 트레킹을 마치고 나니 다리가 조금 뻐근했지만, 오랜만에 자연 속에서 좋은 추억을 만든 것 같아 기분이 상쾌했다.",숲길 트레킹 도중에 친구들과 무엇을 하며 쉬었나요?,잘 모르겠음,물가에서 발을 담갔다,간식을 나눠 먹었다,즉석에서 노래를 불렀다,간식을 나눠 먹었다,3,167
숲에서의 일상,포레스트 트레킹 경험,170,"몇 달 전, 친구와 함께 근교의 숲길을 따라 트레킹을 다녀온 기억이 아직도 생생하다. 걷는 내내 바닥에 쌓인 낙엽들이 바스락거리는 소리가 발끝을 간질였고, 중간쯤에 갑자기 작은 다람쥐 한 마리가 내 앞을 가로질러 모두가 깜짝 놀랐었다. 목적지에 거의 다다랐을 때 갑작스럽게 소나기가 내리기 시작해서, 우리는 급하게 큰 나무 아래에서 잠깐 비를 피하며 서로 젖은 옷을 보며 웃었다.",트레킹 도중 친구 일행이 깜짝 놀란 이유는 무엇이었나요?,잘 모르겠음,갑자기 소나기가 내렸기 때문,작은 다람쥐가 앞을 지나갔기 때문,낙엽이 미끄러웠기 때문,작은 다람쥐가 앞을 지나갔기 때문,3,158
숲에서의 일상,포레스트 트레킹 경험,170,"새벽에 창문을 열었을 때 맑은 공기가 느껴져서 갑자기 숲길을 걷고 싶어졌다. 평소보다 이른 시간이라 그런지 숲속은 더 고요했고, 나뭇잎 사이로 비치는 햇살이 마치 금빛 물결 같았다. 오솔길을 따라 걷다가 작은 다람쥐가 바닥을 뛰어다니는 모습을 보며 한참을 멈춰 서 있었다. 평소에는 느끼지 못했던 흙냄새와 새소리에 마음이 차분해졌고, 한참을 걷고 난 뒤에는 기분이 한결 상쾌해졌다.",발화자가 숲에서 본 동물은 무엇이었나요?,잘 모르겠음,토끼,다람쥐,사슴,다람쥐,3,161
신혼여행기,갑작스런 일로 계획이 변경된 날,170,"신혼여행 둘째 날, 원래 계획대로라면 유명한 박물관에 가서 오디오 가이드를 들으며 천천히 관람할 예정이었어요. 그런데 갑자기 남편이 새벽부터 배탈이 심하게 나서 일정을 전면 취소하고 호텔 방에서 휴식을 취하게 되었죠. 아침엔 약국에서 약도 사 오고, 저는 혼자 근처 카페에서 테이크아웃 커피랑 죽을 사와 남편과 함께 창밖 풍경을 바라보며 조용히 시간을 보냈어요. 여행지의 바쁜 일정 대신, 뜻밖에 둘만의 느긋한 하루를 보내게 되어 오히려 잊지 못할 추억이 된 것 같아요.","신혼여행 둘째 날, 계획이 변경된 가장 큰 원인은 무엇이었나요?",잘 모르겠음,박물관이 문을 닫아서,남편이 심한 배탈이 났기 때문에,비가 많이 와서,남편이 심한 배탈이 났기 때문에,3,197
신혼여행기,갑작스런 일로 계획이 변경된 날,170,"호텔 조식 후에 바닷가로 산책을 나가려고 했는데, 갑자기 비가 쏟아져서 예정에 없던 실내 수영장에 가게 되었어. 수영복은 챙겨왔지만 수경을 깜빡해서 처음엔 좀 불편했지만, 오히려 맑은 창밖 풍경을 바라보며 따뜻한 물속에서 여유를 즐길 수 있어서 색다른 경험이었어. 수영 후에는 계획에도 없던 로비 카페에서 남편과 따뜻한 커피를 마시며 빗소리를 들었는데, 그 덕분에 한가롭게 대화도 많이 나눌 수 있어서 결과적으로 더 기억에 남는 하루가 되었어.",비가 오는 바람에 발화자가 배우자와 함께 무엇을 하게 되었나요?,잘 모르겠음,야외 산책을 했다,실내 수영장을 이용했다,기념품 가게를 둘러봤다,실내 수영장을 이용했다,3,187
신혼여행기,갑작스런 일로 계획이 변경된 날,170,"기차를 타고 제주도로 신혼여행을 가는 중이었는데, 공항에 도착하자마자 남편이 여권을 집에 두고 왔다는 사실을 알아차렸다. 순간 당황했지만, 급하게 비행기를 취소하고 근처 카페에서 다음 일정을 짜기 시작했다. 결국 우리는 비행기가 아닌 배를 타고 제주에 들어가는 쪽으로 계획을 바꿨고, 덕분에 예상치 못했던 밤바다 풍경을 함께 감상할 수 있었다. 오히려 평생 기억에 남을 추억이 된 것 같다.","신혼여행 계획이 변경된 후, 우리가 이동수단으로 선택한 것은 무엇이었나요?",잘 모르겠음,자동차,배,버스,배,3,165
신혼여행기,갑작스런 일로 계획이 변경된 날,170,"비행기 출발 몇 시간 전, 남편이 여권을 집에 두고 왔다는 사실을 공항에서 알게 되어 당황스러웠다. 급히 택시를 타고 집에 다녀오는 동안 나는 혼자 공항 카페에서 커피를 마시며 마음을 진정시켰다. 원래 가려던 도시로 가는 비행기를 놓쳐서, 대신 당일 저녁에 출발하는 다른 도시로 목적지를 변경했다. 예상치 못한 상황에 둘 다 긴장했지만 새로운 도시에서의 신혼여행도 나름대로 신선한 추억이 되어줬다.",공항에서 남편이 두고 온 것은 무엇이었는가?,잘 모르겠음,지갑,여권,휴대폰,여권,3,167
신혼여행기,"신혼여행 마지막 날, 공항에서의 이별",170,"비행기 출발 시간이 가까워질수록 마음이 점점 무거워졌다. 함께 보낸 신혼여행이 끝나가니 아쉬움이 컸다. 공항 대합실에서 남편과 손을 꼭 잡고 마지막 기념사진을 찍었다. 서로 짐을 챙겨주며 짧은 농담도 주고받았지만, 표정에서는 아쉬움이 숨겨지지 않았다. 드디어 탑승 안내가 나오자 남편이 작게 내 손을 흔들었고, 나는 눈물이 살짝 맺힌 채로 작별인사를 건넸다.",공항에서 마지막으로 한 행동은 무엇이었나요?,잘 모르겠음,함께 기념품을 샀다,기념사진을 찍었다,작별인사를 했다,작별인사를 했다,4,153
신혼여행기,"신혼여행 마지막 날, 공항에서의 이별",170,"비행기 출발 시간이 다가오자 짐을 정리하며 아쉬움이 밀려왔다. 공항에서 마지막으로 남편과 커피를 마시며 지난 며칠을 떠올렸다. 평소엔 잘 느끼지 못했던 서로의 소중함을 이번 여행에서 많이 느꼈다. 탑승 게이트 앞에서 손을 꼭 잡고 한참을 서 있다가, 각자의 일상으로 돌아가야 한다는 사실에 살짝 눈물이 맺혔다. 기내에 들어가서 창밖으로 손을 흔들던 순간, 이별의 아쉬움과 곧 다시 만날 설렘이 교차했다.",공항에서 마지막으로 남편과 무엇을 하며 지난 며칠을 떠올렸는가?,잘 모르겠음,함께 쇼핑을 했다,커피를 마셨다,사진을 찍었다,커피를 마셨다,3,170
신혼여행기,"신혼여행 마지막 날, 공항에서의 이별",170,"신혼여행의 마지막 날, 우리는 일찍 짐을 정리하고 호텔을 나섰다. 공항으로 향하는 택시 안에서 남편과 지난 며칠간의 추억을 조용히 떠올렸다. 출국장 앞에서 마지막 기념사진을 찍었는데, 갑자기 남편이 주머니에서 작은 손편지를 꺼내 건넸다. 비행기 탑승 전까지 편지를 읽으며 웃고 울었던 그 순간이 아직도 생생하다. 짧지만 깊었던 이별의 순간 덕분에 우리의 신혼여행이 더 특별하게 느껴졌다.",공항에서 남편이 아내에게 건넨 특별한 것은 무엇이었나요?,잘 모르겠음,장미꽃 한 송이,손편지,여행 기념품,손편지,3,165
신혼여행기,"신혼여행 마지막 날, 공항에서의 이별",170,"공항에 도착했을 때 아직 신혼여행의 여운이 가시지 않아 짐을 내리면서도 서로 눈을 맞추며 웃었다. 체크인 줄에 서서 남편과 지난 며칠 동안의 추억을 조용히 이야기했다. 출국장 앞에서 마지막 포옹을 나누며 헤어지는 것이 이렇게 아쉬울 줄은 몰랐다. 집으로 돌아가야 한다는 현실이 조금은 서운했지만, 함께한 시간들이 소중하게 느껴졌다.",신혼여행을 마치고 공항에서 두 사람이 마지막으로 함께 했던 행동은 무엇이었나요?,잘 모르겠음,커피를 마셨다,마지막 포옹을 나눴다,쇼핑을 했다,마지막 포옹을 나눴다,3,141
신혼여행기,신혼여행 중 첫날밤의 이야기,170,"기차역에서 내리자마자 갑작스러운 폭우를 만나는 바람에 우산도 없이 뛰어 호텔에 도착했다. 옷이 다 젖어서 난감했지만, 방에 들어가니 창밖으로 번개가 번쩍였다. 우리는 따뜻한 차를 함께 마시며 젖은 옷을 말리고, 서로를 바라보며 웃었다. 여행의 시작이 이렇게 특별할 줄 몰랐는데, 그날 밤 서로의 체온으로 금세 따뜻해져 잊지 못할 추억이 되었다.",신혼여행 첫날밤에 이들이 호텔에 도착하자마자 겪었던 일은 무엇이었나요?,잘 모르겠음,호텔 방이 예약되지 않아 밖에서 기다렸다.,갑작스러운 폭우를 만나 옷이 젖었다.,짐이 분실되어 다시 역으로 돌아갔다.,갑작스러운 폭우를 만나 옷이 젖었다.,3,146
신혼여행기,신혼여행 중 첫날밤의 이야기,170,"결혼식을 마치고 신혼여행지 호텔에 도착하자마자 짐을 풀고 창문을 열었는데, 멀리 보이는 바닷가 야경이 너무 아름다워서 한참을 넋 놓고 바라봤다. 여행 첫날이라 피곤했지만, 둘이서 각자 가져온 작은 선물을 주고받으며 웃음이 끊이지 않았다. 밤늦게 호텔에서 주문한 과일 플래터를 먹으며 신혼부부만의 첫날밤을 오롯이 즐길 수 있었다.",신혼여행 첫날밤에 호텔에서 두 사람이 한 일로 알맞은 것은?,잘 모르겠음,바다에서 수영을 했다,서로 선물을 주고받았다,근처 시장을 구경했다,서로 선물을 주고받았다,3,141
신혼여행기,신혼여행 중 첫날밤의 이야기,170,"창밖으로 바람 소리가 살랑거리던 그날 밤, 우리는 호텔 방에 도착하자마자 짐을 풀고 각자 준비해온 작은 선물을 꺼냈다. 서로를 위해 준비한 초콜릿과 손편지를 주고받으며 피곤함도 잊은 채 한참을 웃었다. 처음 낯선 곳에서 맞는 밤이라 그런지 평소보다 더 긴장되고 설레는 마음이 들었다. 잠들기 전에는 창밖 야경을 같이 바라보며 조용히 하루를 마무리했다.",신혼여행 첫날밤에 우리가 서로에게 준비한 것은 무엇이었나요?,잘 모르겠음,초콜릿과 손편지,와인과 꽃다발,책과 인형,초콜릿과 손편지,2,148
신혼여행기,신혼여행 중 첫날밤의 이야기,170,"호텔 방에 도착하자마자 창밖으로 펼쳐진 바다 풍경에 둘 다 감탄했다. 짐을 풀고 잠시 쉬다가 근처 편의점에서 간단한 야식거리를 사와서 침대에 앉아 도란도란 이야기를 나누었다. 서로의 가족과 친구들 이야기, 결혼식 당시의 소소한 해프닝들을 떠올리며 웃음이 끊이질 않았다. 평소보다 더 솔직하게 서로의 감정을 나누고, 여행지에서만 느낄 수 있는 설렘이 가득했다. 첫날밤에 이런 소소한 행복을 누릴 줄은 미처 몰랐다.",신혼여행 첫날밤에 우리가 한 일에 대한 설명으로 알맞은 것은 무엇인가요?,잘 모르겠음,호텔 방에서 영화를 감상했다.,야식을 사와 서로의 가족과 결혼식 이야기를 나누었다.,바다에서 수영을 하며 첫날밤을 보냈다.,야식을 사와 서로의 가족과 결혼식 이야기를 나누었다.,3,175
신혼여행기,신혼여행을 결정하게 된 배경,170,"결혼식을 준비하면서 가장 기대됐던 것은 신혼여행 계획이었다. 둘 다 바다를 좋아해서 처음엔 동남아 해변을 생각했지만, 친구들이 조용하고 이색적인 여행지를 추천해줘서 마음이 흔들렸다. 결국 남편이 옛날부터 가보고 싶어했던 이탈리아 남부 소도시로 목적지를 바꿨다. 서로의 취향을 조율하는 과정이 생각보다 재미있어서 신혼여행 준비 자체가 좋은 추억이 되었다.",신혼여행지로 처음에 고려했던 곳은 어디였나요?,잘 모르겠음,이탈리아 남부 소도시,동남아 해변,친구가 추천한 산골마을,동남아 해변,3,154
신혼여행기,신혼여행을 결정하게 된 배경,170,"결혼을 준비하면서 서로 어디로 신혼여행을 갈지 고민이 정말 많았어요. 저는 해외여행을 한 번도 가본 적이 없어서 유럽을 가고 싶었는데, 남편은 긴 비행이 부담스럽다고 했죠. 그래서 둘이 각자 가고 싶은 곳을 리스트로 적어 비교했더니, 둘 다 제주도를 공통적으로 적었더라고요. 결국 가까우면서도 특별한 추억을 만들 수 있을 것 같아 제주도로 신혼여행을 결정하게 됐어요.",둘이 신혼여행지로 제주도를 선택한 이유 중 하나는 무엇인가요?,잘 모르겠음,비행기 표가 저렴해서,둘 다 제주도를 공통적으로 원해서,친구가 제주도에 살아서,둘 다 제주도를 공통적으로 원해서,3,155
신혼여행기,신혼여행을 결정하게 된 배경,170,"결혼 준비로 정신없이 바쁜 날들이 이어지던 중, 서로의 스트레스를 풀 겸 짧게라도 여행을 다녀오기로 했어요. 원래는 해외로 나가고 싶었지만, 일정과 예산을 맞추기가 어려워서 고민이 많았죠. 그러던 중 우연히 친구가 보내준 제주도 사진을 보고 둘 다 너무 마음에 들어 바로 결정을 내렸습니다. 자연 경치도 멋지고, 맛있는 음식도 많을 것 같아 기대감에 부풀었던 기억이 생생해요.",신혼여행지를 제주도로 결정하게 된 계기는 무엇이었나요?,잘 모르겠음,항공권 할인 소식을 들어서,친구가 보내준 사진을 보고,가족의 추천이 있어서,친구가 보내준 사진을 보고,3,158
신혼여행기,신혼여행을 결정하게 된 배경,170,"몇 달간 결혼 준비로 정신없이 바쁜 나날을 보냈는데, 어느 날 퇴근 후 남편과 함께 저녁을 먹으며 문득 서로에게 조금 더 집중할 수 있는 시간이 필요하다는 걸 느꼈다. 그래서 우리는 평소에 가지 못했던 곳으로 신혼여행을 떠나기로 자연스럽게 합의했다. 예전부터 남편이 바다를 정말 좋아해서, 처음엔 산과 바다 중 어디로 갈지 고민했지만 결국 맑은 바다와 조용한 휴식이 있는 곳이 서로에게 더 잘 맞을 것 같아 결정하게 되었다.",신혼여행 장소를 결정하는 데 가장 큰 영향을 준 것은 무엇이었나요?,잘 모르겠음,결혼 준비의 피로함,남편의 바다에 대한 선호,친구들의 추천,남편의 바다에 대한 선호,3,174
신혼여행기,추억이 남은 특별한 장소 방문기,170,"작년 봄, 신혼여행 중에 우연히 현지인에게 추천받아 작은 해변 마을에 들르게 되었어. 관광객이 거의 없어서 조용했고, 해 질 무렵 노을이 바다에 비치는 모습이 정말 아름다웠지. 그곳의 카페에서 마신 달콤한 망고 주스와, 남편이랑 모래사장에 앉아 조개껍데기를 주우며 이야기를 나눈 시간이 아직도 선명하게 기억나. 그날의 공기와 소리, 그리고 처음 보는 이국적인 꽃 향기가 모두 합쳐져 그 장소는 우리에게 특별한 추억이 되었어.",신혼여행 중 이 부부가 해변 마을에서 했던 일로 언급되지 않은 것은 무엇인가요?,잘 모르겠음,망고 주스를 마셨다,모래사장에서 조개껍데기를 주웠다,현지 시장에서 쇼핑을 했다,현지 시장에서 쇼핑을 했다,4,179
신혼여행기,추억이 남은 특별한 장소 방문기,170,"지난 여행에서 우리는 우연히 작은 골목길을 따라 걷다가 오래된 벽돌집이 늘어선 동네를 발견했다. 그곳에는 손으로 직접 그린 벽화와 작은 카페가 있어, 현지인들이 조용히 차를 마시고 있었다. 우리는 노란색 문이 인상적이던 카페에 들어가, 창밖으로 골목 풍경을 바라보며 따뜻한 라떼를 마셨다. 사진도 여러 장 찍었고, 그 순간만큼은 마치 시간이 멈춘 듯 평화로웠다.",우리가 특별한 추억을 남긴 장소에서 했던 일로 올바른 것은 무엇인가요?,잘 모르겠음,현지인들과 함께 춤을 췄다,카페에 들어가 라떼를 마셨다,기념품 가게에서 선물을 샀다,카페에 들어가 라떼를 마셨다,3,153
신혼여행기,추억이 남은 특별한 장소 방문기,170,"결혼식을 마친 다음날, 우리는 함께 첫 여행지로 남해의 작은 섬에 갔었다. 아담한 항구 옆에 자리 잡은 카페에서 바다를 바라보며 둘만의 조용한 시간을 보냈던 기억이 아직도 생생하다. 그곳에서는 직접 구운 빵과 신선한 딸기잼을 맛볼 수 있었는데, 평소 잘 먹지 않던 아내도 그날따라 빵을 두 개나 먹어서 놀랐었다. 바람에 머리카락이 흩날리는 모습을 보며 웃기도 했고, 나중에 그곳의 벽에 우리 이름을 조그맣게 남기기도 했다.",우리가 신혼여행지에서 특별히 기억에 남는 행동은 무엇이었나요?,잘 모르겠음,섬에서 직접 배를 탔다,카페 벽에 이름을 남겼다,바다에서 수영을 했다,카페 벽에 이름을 남겼다,3,176
신혼여행기,추억이 남은 특별한 장소 방문기,170,"며칠 전, 신혼여행 중에 들렀던 작은 해변 마을을 다시 방문했다. 그때 남편과 아무런 계획 없이 걷다가 우연히 발견한 조용한 골목길의 작은 카페가 아직도 그대로 남아 있어 신기했다. 그곳에서 마셨던 진한 바닐라라떼 맛과 창밖으로 보이던 파란 바다 풍경이 너무 생생하게 떠올랐다. 이번에는 창가 자리에 앉아 둘이 그때 찍었던 사진을 다시 보며 옛 추억을 이야기했다. 그때도 지금도 같은 자리에서 웃을 수 있어 참 감사한 하루였다.",화자는 신혼여행 때 방문했던 해변 마을에서 남편과 함께 무엇을 하며 추억을 나누었나요?,잘 모르겠음,바닷가에서 조개를 주웠다,카페 창가 자리에 앉아 사진을 보며 이야기를 나눴다,시장 구경을 하며 음식을 샀다,카페 창가 자리에 앉아 사진을 보며 이야기를 나눴다,3,177
아이와 함께하는 일상,아이가 처음으로 말을 배우는 시기,170,"며칠 전 저녁에 아이가 제 품에 안겨 있다가 갑자기 '엄마'라고 또렷하게 불렀어요. 처음 듣는 그 한 마디에 눈물이 핑 돌았죠. 그동안 옹알이만 하던 아이가 제 이름을 부른 게 너무 신기하고 벅찼어요. 남편도 그 순간을 놓치지 않으려고 휴대폰을 꺼내서 동영상을 찍었고, 우리는 아이의 첫 말을 여러 번 돌려보며 함께 웃었답니다. 그날 이후로 아이는 계속 제 뒤를 따라다니며 '엄마'를 반복해서 불러줘서 하루 종일 기분이 정말 좋았어요.","아이의 첫 말을 들은 순간, 남편은 무엇을 했나요?",잘 모르겠음,바로 집을 나갔다.,휴대폰으로 동영상을 찍었다.,조용히 책을 읽었다.,휴대폰으로 동영상을 찍었다.,3,180
아이와 함께하는 일상,아이가 처음으로 말을 배우는 시기,170,"며칠 전 저녁, 거실에서 장난감을 정리하고 있을 때 아이가 갑자기 '엄마'라고 불러서 깜짝 놀랐다. 평소엔 옹알이만 하던 아이가 또렷하게 내 이름을 부르는 소리에 가슴이 벅차올랐다. 이후로도 아이는 밥을 먹을 때마다 '맘마', 강아지를 보며 '멍멍' 등 새로운 단어를 따라 하려는 모습을 보여줘서 하루하루가 신기하고 즐겁다.",아이가 처음 또렷하게 내 이름을 부른 상황은 언제였나요?,잘 모르겠음,아이가 유치원에서 놀 때,거실에서 장난감을 정리할 때,공원에서 산책할 때,거실에서 장난감을 정리할 때,3,138
아이와 함께하는 일상,아이가 처음으로 말을 배우는 시기,170,"며칠 전부터 아이가 처음으로 엄마, 아빠 외에 새로운 단어를 말하기 시작했다. 평소와 다름없이 장난감을 정리하다가 갑자기 아이가 '강아지'라고 말해서 깜짝 놀랐다. 집 근처 공원에 산책을 나갈 때마다 강아지를 자주 보여줬는데, 그때 들은 단어를 기억하고 따라 한 것 같다. 아이가 말한 첫 단어가 엄마, 아빠가 아니라 강아지였다는 게 조금은 서운했지만, 그래도 너무 신기하고 기특해서 아이를 꼭 안아줬다.","발화에서 아이가 엄마, 아빠 다음으로 처음 따라 한 단어는 무엇이었나요?",잘 모르겠음,공원,강아지,장난감,강아지,3,171
아이와 함께하는 일상,아이가 처음으로 말을 배우는 시기,170,"며칠 전, 아이가 갑자기 제 옆에서 '엄마'라고 또렷하게 불러서 깜짝 놀랐어요. 평소에는 옹알이만 하던 아이였는데, 그날 따라 저를 뚫어지게 바라보더니 입을 열었죠. 순간 심장이 두근거리고, 기쁨에 눈물이 핑 돌았어요. 그 이후로 아이가 '엄마'를 여러 번 따라해 주어서 남편에게 자랑도 하고 동영상도 찍었답니다. 집안이 온통 환해진 것 같았어요.",아이가 처음으로 또렷하게 말한 단어는 무엇이었나요?,잘 모르겠음,아빠,엄마,할머니,엄마,3,148
아이와 함께하는 일상,아이와 함께하는 요리 시간,170,"주방에서 아이와 함께 계란말이를 만들기로 했어요. 아이는 계란을 직접 깨보는 게 처음이라 무척 신기해했죠. 계란이 조금 흘러내렸지만 그 모습이 너무 귀여워서 웃음이 났어요. 아이는 당근과 파를 작은 손으로 열심히 섞으면서 색이 예쁘다고 칭찬했어요. 후라이팬에 계란물을 붓고 조심조심 돌돌 말았는데, 모양이 약간 삐뚤어도 아이는 자기 작품이라고 뿌듯해했답니다. 완성된 계란말이를 함께 먹으면서 다음에는 햄도 넣어보자고 약속했어요.",오늘 요리할 때 아이가 계란을 처음 깰 때 어떤 반응을 보였나요?,잘 모르겠음,겁을 내며 도망쳤다,무척 신기해했다,아무런 반응이 없었다,무척 신기해했다,3,186
아이와 함께하는 일상,아이와 함께하는 요리 시간,170,"며칠 전, 아이가 갑자기 쿠키를 만들어보고 싶다고 해서 부엌에서 함께 시간을 보냈다. 밀가루와 버터를 섞는 과정에서 손에 반죽이 많이 묻었지만, 아이는 그게 재미있었는지 계속 만지작거렸다. 초콜릿 칩을 올릴 때마다 모양이 제각각이라 웃음이 나왔다. 오븐에 넣고 굽는 동안 창문 너머로 비가 내렸는데, 따뜻한 쿠키 냄새와 빗소리가 어우러져 평소와는 다른 포근한 기분을 느꼈다.",쿠키를 굽는 동안 창문 너머에서 들려온 소리는 무엇이었나요?,잘 모르겠음,자동차 소리,빗소리,새소리,빗소리,3,159
아이와 함께하는 일상,아이와 함께하는 요리 시간,170,"주말 오후에 아이와 함께 부엌에서 감자전을 만들어보았다. 감자를 강판에 갈 때 아이가 옆에서 신기한 듯 바라보았고, 계란을 풀어 반죽에 넣는 것도 직접 해보고 싶어 했다. 밀가루와 소금을 조금씩 넣으며 손으로 반죽을 섞는 모습을 보니, 어느새 손과 얼굴에 반죽이 묻어 장난을 치기도 했다. 프라이팬에 반죽을 올릴 때에는 조심스럽게 숟가락을 들고, 익어가는 감자전 냄새에 둘 다 배가 고파졌다. 완성된 감자전을 나눠 먹으면서 아이가 직접 만든 게 맛있다며 뿌듯해하는 모습을 보니 즐거운 시간이 되었다.",발화에서 아이가 가장 먼저 직접 해보고 싶어 했던 요리 과정은 무엇인가요?,잘 모르겠음,감자를 강판에 가는 것,계란을 풀어 반죽에 넣는 것,프라이팬에 반죽을 올리는 것,계란을 풀어 반죽에 넣는 것,3,209
아이와 함께하는 일상,아이와 함께하는 요리 시간,170,"비 오는 날 오후, 아이와 함께 부침개를 만들기로 했다. 계란을 풀고 밀가루를 섞는 동안 아이가 반죽을 손에 묻히며 깔깔 웃었다. 부추와 당근을 썰 때는 조심스럽게 작은 칼을 쥔 손이 귀여웠다. 반죽을 프라이팬에 올릴 때마다 지글지글 소리가 나서 신기하다는 듯 눈을 반짝였다. 완성된 부침개를 함께 먹으며 아이가 '내가 만든 거라 더 맛있다'고 말해 흐뭇했다.",아이와 요리를 하면서 아이가 어떤 소리를 듣고 신기해했나요?,잘 모르겠음,계란 깨는 소리,지글지글 부침개 굽는 소리,도마에 야채 써는 소리,지글지글 부침개 굽는 소리,3,149
아이와 함께하는 일상,아이와 함께한 첫 나들이 경험,170,"며칠 전, 가족 모두가 한참 준비해서 아이와 함께 처음으로 동네 공원에 산책을 나갔던 기억이 아직도 생생하다. 처음 바깥바람을 맞아보는 아이라 그런지 벤치에 앉아 있는 비둘기와 뛰어노는 강아지들을 신기하게 바라보았다. 그 모습을 보며 나도 괜히 미소가 나왔고, 아이는 꽃잎 하나를 집어 들어 내 손에 쥐어주기도 했다. 덕분에 간단한 산책이었지만 우리 가족 모두에게 소중한 추억이 되었다.",산책 중에 아이가 무엇을 집어 들어 화자에게 주었는가?,잘 모르겠음,작은 돌멩이,꽃잎,나뭇가지,꽃잎,3,163
아이와 함께하는 일상,아이와 함께한 첫 나들이 경험,170,"며칠 전 가족 모두가 기다리던 날이 찾아왔어요. 아직 어린 우리 아이와 처음으로 공원에 나들이를 다녀왔는데, 평소에는 집안에서만 놀던 아이가 잔디밭에 앉아 두 손 가득 흙을 만지작거리는 모습이 정말 신기했어요. 아이는 작은 꽃을 발견하고 저에게 보여주며 환하게 웃었고, 그 모습을 보고 저도 모르게 따라 웃음이 나왔답니다. 짧은 시간이었지만 아이와 함께 바람도 쐬고, 사진도 많이 찍으며 특별한 추억을 만들 수 있었어요.",처음 아이와 공원에 나갔을 때 아이가 흙을 만지며 발견해 엄마에게 보여준 것은 무엇이었나요?,잘 모르겠음,작은 꽃,조약돌,나뭇잎,작은 꽃,2,177
아이와 함께하는 일상,아이와 함께한 첫 나들이 경험,170,"며칠 전, 비가 오락가락하던 오후에 처음으로 아이와 함께 근처 공원에 나갔어요. 작은 우산을 나눠 쓰며 손을 꼭 잡고 걷는데, 아이가 갑자기 웅덩이에 비친 자기 얼굴을 보고 깔깔 웃더라고요. 평소엔 조용한 편이라 그런 모습을 처음 봤는데, 그 순간이 너무 소중해서 사진도 잊고 한참을 같이 웃었어요. 집에 돌아오는 길에 아이가 나뭇잎을 하나 주워서 엄마에게 보여주겠다고 소중하게 들고 가는 모습도 아직 기억에 남아요.",공원에서 아이가 비에 젖은 웅덩이를 보고 어떤 반응을 보였나요?,잘 모르겠음,울음을 터뜨렸다.,깔깔 웃었다.,조용히 지나쳤다.,깔깔 웃었다.,3,174
아이와 함께하는 일상,아이와 함께한 첫 나들이 경험,170,"며칠 전에는 비가 내릴 것 같았지만 맑게 개어서 아이와 가까운 공원으로 처음 나들이를 나갔어요. 유모차를 밀며 아이가 처음 보는 강아지를 신기해하던 모습이 아직도 기억에 남아요. 벤치에 앉아 간식으로 바나나를 나눠 먹었는데, 아이가 손에 바나나를 쥐고 웃던 순간이 참 사랑스러웠어요. 돌아오는 길에 아이가 피곤해서 유모차에서 금세 잠들었죠. 평범하지만 특별했던 하루였습니다.",발화에서 아이와 함께 먹은 간식은 무엇이었나요?,잘 모르겠음,사과,바나나,딸기,바나나,3,161
아이와 함께하는 일상,아이와 함께한 특별한 축제 경험,170,"지난주에 동네에서 열린 연등 축제에 아이와 함께 다녀왔다. 형형색색의 등이 거리를 밝히는 모습에 아이가 눈을 반짝이며 연신 사진을 찍어달라고 했다. 저녁이 되자 퍼레이드가 시작됐고, 아이는 직접 만든 작은 연등을 들고 친구들과 행진에 참여했다. 집에 돌아오는 길에 아이가 자신이 만든 연등이 가장 예뻤다며 자랑스러워하는 표정이 아직도 기억에 남는다.",축제에서 아이가 직접 만든 연등을 들고 무엇을 했나요?,잘 모르겠음,친구들과 행진에 참여했다,시장 구경을 했다,불꽃놀이를 감상했다,친구들과 행진에 참여했다,2,149
아이와 함께하는 일상,아이와 함께한 특별한 축제 경험,170,"며칠 전, 동네에서 열리는 연등 축제에 아이와 함께 다녀왔다. 집에서 직접 만든 작은 연등을 들고 행진에 참여했는데, 아이가 자신의 연등이 가장 예쁘다며 자랑스러워하는 모습이 인상적이었다. 행진이 끝난 후에는 함께 소원을 적어 연못에 띄우는 시간도 가졌는데, 아이는 강아지를 키우고 싶다는 소원을 적었다. 축제 마지막에는 불꽃놀이가 펼쳐져 아이가 두 손을 머리 위로 올리며 신나게 환호했다. 오랜만에 가족 모두가 한자리에 모여 특별한 추억을 만든 하루였다.",발화자가 아이와 함께 축제에서 한 일로 알맞은 것을 고르세요.,잘 모르겠음,아이와 함께 연등을 팔았다.,아이와 함께 연등을 들고 행진했다.,아이와 함께 무대에서 춤을 췄다.,아이와 함께 연등을 들고 행진했다.,3,194
아이와 함께하는 일상,아이와 함께한 특별한 축제 경험,170,"며칠 전, 동네에서 열린 등불 축제에 아이와 함께 다녀왔다. 아이가 직접 고른 파란색 등불에 소원을 적어 매달 때, 옆에서 두근거리는 표정이 정말 귀여웠다. 퍼레이드가 시작되자 아이는 손을 흔들며 환하게 웃었고, 집으로 돌아오는 길에 오늘이 가장 행복했다고 말했다. 그 순간을 잊지 못할 것 같다.",아이와 함께 축제에서 어떤 색 등불을 골랐는가?,잘 모르겠음,노란색,파란색,초록색,파란색,3,124
아이와 함께하는 일상,아이와 함께한 특별한 축제 경험,170,"지난달 우리 동네에서 열리는 연등 축제에 아이와 처음으로 함께 다녀왔다. 화려하게 빛나는 등불들이 거리를 따라 줄지어 있었고, 아이는 손에 작은 연등을 들고 신나게 걸었다. 중간에 무료로 나눠주는 떡을 받아먹으며 아이가 '이런 축제는 매년 있었으면 좋겠어'라고 말해 웃음이 났다. 마지막에는 작은 소원지를 나무에 걸었는데, 아이가 엄마아빠와 건강하게 오래오래 놀고 싶다는 소원을 적어 뭉클했다.",발화에서 아이가 연등 축제에서 무엇을 손에 들고 신나게 걸었나요?,잘 모르겠음,풍선,작은 연등,팽이,작은 연등,3,169
아이와 함께하는 일상,아이의 첫 학교 라이프,170,"며칠 전, 아이가 처음으로 학교에 다녀온 날이었다. 교문 앞에서 손을 꼭 잡고 긴장된 표정을 지은 아이가 교실에 들어가면서 잠깐 뒤돌아보는 모습이 아직도 선하다. 수업이 끝나고 집에 돌아오자마자 친구랑 나눠 먹은 도시락 이야기를 신나게 들려주었다. 특히 김밥 속에 있던 단무지가 너무 맛있었다며 내일도 같은 도시락을 싸 달라고 부탁했다. 아이가 학교에서 겪은 작은 일상들이 하나씩 쌓여가는 걸 보니 참 뿌듯했다.",아이가 학교에서 특별히 맛있다고 말한 도시락 속 음식은 무엇이었나요?,잘 모르겠음,불고기,단무지,멸치볶음,단무지,3,173
아이와 함께하는 일상,아이의 첫 학교 라이프,170,"며칠 전 아이가 학교에서 처음으로 친구들과 함께 도시락을 먹었다고 집에 와서 신나게 이야기했다. 평소에는 편식이 심해서 걱정했는데, 친구들이랑 먹으니 골고루 먹게 되었다며 좋아했다. 또 체육 시간에는 줄넘기를 배우는데, 아직 잘 못하지만 친구들이 응원해줘서 자신감이 붙었다고 했다. 학교생활이 낯설 줄 알았는데, 오히려 새로운 경험을 통해 아이가 성장하고 있다는 생각이 들어 뿌듯했다.",아이가 학교에서 도시락을 골고루 먹게 된 이유는 무엇인가요?,잘 모르겠음,선생님이 시켜서,친구들과 함께 먹어서,급식이 맛있어서,친구들과 함께 먹어서,3,166
아이와 함께하는 일상,아이의 첫 학교 라이프,170,"며칠 전, 우리 아이가 학교에서 돌아오자마자 가방을 열더니 손수 접은 색종이 비행기를 자랑스럽게 보여줬다. 수업 시간에 선생님과 친구들이랑 각자 비행기를 만들어서 멀리 날리기 대회를 했는데, 우리 아이 비행기가 제일 멀리 날아가서 친구들에게 박수를 많이 받았다고 했다. 그날은 평소보다 더 씩씩하게 숙제도 하고, 저녁엔 비행기 만드는 방법을 가족들에게 하나하나 설명해주며 자신감에 가득 차 보였다.",아이의 비행기가 학교에서 어떤 대회에서 제일 멀리 날아갔나요?,잘 모르겠음,색종이 비행기 날리기 대회,달리기 대회,노래 부르기 대회,색종이 비행기 날리기 대회,2,170
아이와 함께하는 일상,아이의 첫 학교 라이프,170,"새로운 교복을 입고 현관 앞에 서 있는 아이의 모습을 보니 왠지 모르게 뭉클했다. 교실까지 데려다주는 길에 아이는 학교에서 어떤 친구를 사귀고 싶은지, 급식은 맛있을지 계속 질문했다. 교문 앞에서 손을 흔들며 들어가는 뒷모습이 한참 눈에 아른거렸다. 수업이 끝난 후 교실에 찾아가니, 아이는 자신이 직접 색칠한 이름표를 자랑하며 오늘 만난 친구 이야기를 신나게 들려주었다.",오늘 아이가 자랑한 것은 무엇이었나요?,잘 모르겠음,새로 산 필통,직접 색칠한 이름표,맛있는 급식 메뉴,직접 색칠한 이름표,3,157
아침 루틴,아침 산책에 따르는 감정 변화,170,"부드러운 햇살이 방안으로 스며들던 어느 날, 평소와 다르게 이른 시간에 일어나 잠옷 차림으로 동네 공원을 천천히 걸었다. 처음엔 졸음이 채 가시지 않아 무기력했지만, 싱그러운 공기와 나뭇잎 사이로 쏟아지는 빛을 마주하니 마음이 점점 맑아지는 기분이었다. 특히 벤치에 앉아 잠시 숨을 고를 때, 어제의 걱정이 조금은 가벼워진 듯했다. 산책 후 집으로 돌아올 땐 기대하지 않았던 평온함이 밀려왔다.","산책 중 벤치에 앉아 잠시 쉴 때, 화자는 어떤 감정의 변화를 느꼈나요?",잘 모르겠음,점점 화가 났다,걱정이 조금 가벼워졌다,두려움이 커졌다,걱정이 조금 가벼워졌다,3,166
아침 루틴,아침 산책에 따르는 감정 변화,170,"몇 주 전까지만 해도 아침에 일어나면 몸이 무겁고 기분도 가라앉았는데, 최근에는 동네 공원을 걷는 걸 습관처럼 시작했다. 처음 며칠은 귀찮고 졸렸지만, 공기 냄새와 새소리를 듣다 보면 점점 마음이 차분해지면서 하루를 시작하는 기분이 달라진다. 산책 후에는 전에 비해 일상 속 작은 일에도 쉽게 짜증이 나지 않고, 오히려 여유를 느끼게 되었다.",발화자가 아침 산책을 시작한 이후로 달라진 점으로 언급하지 않은 것은 무엇인가요?,잘 모르겠음,일상 속 작은 일에도 짜증이 줄어듦,마음이 차분해짐,식사량이 늘어남,식사량이 늘어남,4,143
아침 루틴,아침 산책에 따르는 감정 변화,170,"몇 주 전부터 매일 같은 시간에 집 근처 공원을 천천히 걷기 시작했다. 처음엔 이른 시간에 억지로 일어나 피곤했지만, 공기 냄새와 새소리를 들으니 점점 기분이 맑아졌다. 특히 오늘은 산책 중에 분홍색 꽃이 활짝 핀 걸 보고 자연스럽게 미소가 지어졌다. 산책을 끝내고 돌아오면 몸과 마음이 한결 가벼워진 느낌이 든다. 예전엔 아침에 우울하고 무기력했는데, 요즘은 산책 덕분에 하루를 기분 좋게 시작하는 일이 많아졌다.",산책 중 어떤 풍경을 보고 자연스럽게 미소를 지었다고 했나요?,잘 모르겠음,푸른 나뭇잎이 바람에 흔들리는 모습,분홍색 꽃이 활짝 핀 모습,호수 위에 떠 있는 오리들,분홍색 꽃이 활짝 핀 모습,3,173
아침 루틴,아침 산책에 따르는 감정 변화,170,"창문을 열었을 때 상쾌한 공기가 느껴져서 갑자기 산책을 나가고 싶어졌다. 평소에는 아침에 일어나면 몸이 무겁고 생각도 많았는데, 오늘은 조용한 골목길을 걷다 보니 마음이 점점 가벼워졌다. 걷는 동안 작은 새소리도 들리고, 멀리서 동네 어르신들이 서로 인사하는 모습도 보였다. 산책을 마치고 집에 돌아왔을 때는 머릿속이 맑아진 느낌이 들어 아침을 준비하는 것도 한결 즐거웠다.",산책을 하면서 느낀 감정 변화에 대한 설명으로 가장 알맞은 것은 무엇인가요?,잘 모르겠음,산책 전에는 기분이 좋았으나 산책 후에는 무거워졌다.,산책을 하면서 점점 마음이 가벼워졌다.,산책 후에 오히려 피곤함이 더 심해졌다.,산책을 하면서 점점 마음이 가벼워졌다.,3,159
아침 루틴,아침 운동 후 조식 준비,170,"집 근처 공원에서 가벼운 조깅을 마치고 돌아오면 온몸에 땀이 맺혀 상쾌한 기분이 들어요. 물 한 컵을 먼저 마신 뒤 냉장고에서 달걀과 방울토마토를 꺼내요. 달걀을 삶으면서 토마토를 반으로 자르고, 바질을 조금 올려 간단한 샐러드를 만들었죠. 그리고 아몬드도 몇 알 곁들이니 영양도 든든하고 입맛도 좋아져서 하루를 기분 좋게 시작할 수 있었답니다.",내가 아침 조깅 후 조식 준비를 할 때 냉장고에서 꺼낸 재료가 아닌 것은 무엇인가요?,잘 모르겠음,달걀,방울토마토,아몬드,아몬드,4,145
아침 루틴,아침 운동 후 조식 준비,170,"주말마다 운동을 마치고 나면 땀도 식힐 겸 바로 주방으로 향하게 된다. 오늘은 달걀프라이와 통밀빵을 준비하면서 냉장고에 남아 있던 방울토마토도 곁들여 보았다. 예전에는 간단히 시리얼로 때웠는데, 요즘은 이렇게 직접 식사를 차리면서 식재료의 신선함도 느끼고 하루를 더 건강하게 시작하는 것 같다. 커피 대신 따뜻한 녹차를 곁들였더니 속도 한결 편했다.","오늘 아침, 발화자가 시리얼 대신 준비한 음료는 무엇이었나요?",잘 모르겠음,커피,우유,녹차,녹차,4,149
아침 루틴,아침 운동 후 조식 준비,170,"늘 하던 대로 운동을 마치고 나서 바로 냉장고 문을 열었다. 전날 미리 준비해 둔 삶은 달걀과 토마토가 눈에 띄었고, 요거트에 바나나를 잘라 넣으니 생각보다 꽤 푸짐한 조식이 완성됐다. 테이블에 앉아 창밖을 바라보며 식사를 하니, 조용한 시간 속에서 몸이 깨어나는 느낌이 들었다. 매일 반복되는 이 소소한 루틴이 내 하루를 한결 안정감 있게 시작하게 해주는 것 같다.",운동 후 어떤 재료로 아침 식사를 준비했는가?,잘 모르겠음,치즈와 사과,"삶은 달걀, 토마토, 바나나와 요거트",시리얼과 우유,"삶은 달걀, 토마토, 바나나와 요거트",3,151
아침 루틴,아침 운동 후 조식 준비,170,"최근에는 눈을 뜨자마자 가볍게 스트레칭을 하고, 근처 공원을 한 바퀴 걷는 것으로 하루를 시작한다. 오늘도 땀이 살짝 맺힐 정도로 걸은 후 집에 돌아와 바로 부엌으로 향했다. 미리 불려둔 오트밀에 바나나와 견과류를 얹고, 요거트를 곁들여 조식을 준비했다. 이런 식단은 속도 편안하고 에너지가 오래가는 느낌이 든다. 식사를 마치고 나면 몸이 한결 가벼워져서 하루를 더욱 활기차게 보낼 수 있는 것 같다.",오늘 아침 내가 조식을 준비할 때 오트밀과 함께 얹은 재료는 무엇이었는가?,잘 모르겠음,사과와 꿀,바나나와 견과류,달걀과 치즈,바나나와 견과류,3,167
아침 루틴,아침 음악 선택,170,"출근 준비를 하면서 무슨 음악을 들을지 잠깐 고민했다. 평소엔 잔잔한 피아노곡을 틀곤 했는데, 오늘은 기분이 가라앉는 것 같아서 평소와 다르게 신나는 팝송을 골랐다. 볼륨을 조금 높여두니 자연스럽게 몸이 따라 움직였고, 부엌에서 토스트를 만들면서 흥얼거리게 되어 기분이 한결 가벼워졌다. 덕분에 아침 시간이 훨씬 활기차게 느껴졌다.",오늘 아침에 내가 선택한 음악 장르는 무엇이었는가?,잘 모르겠음,재즈,신나는 팝송,락 발라드,신나는 팝송,3,142
아침 루틴,아침 음악 선택,170,"며칠 전부터 아침에 일어나자마자 음악을 듣는 습관을 들이고 있다. 오늘은 평소와 다르게 잔잔한 피아노 곡이 아니라 밝고 경쾌한 재즈 음악을 틀어보았다. 그랬더니 준비하는 내내 기분이 훨씬 가벼워졌고, 부엌에서 토스트를 만들 때도 자연스럽게 리듬을 타게 되었다. 특히 출근 준비가 귀찮게 느껴지던 예전과 달리, 음악 덕분에 아침 시간이 한결 빨리 지나가는 듯했다. 앞으로는 날씨나 기분에 따라 다양한 장르를 시도해보고 싶다.",오늘 아침에 내가 선택한 음악 장르는 무엇이었는가?,잘 모르겠음,피아노 곡,재즈 음악,록 음악,재즈 음악,3,179
아침 루틴,아침 음악 선택,170,"평소에는 알람 소리에 겨우 일어나는데, 오늘은 알람 대신 직접 골라둔 재즈 음악을 틀어봤다. 피아노 소리가 은은하게 퍼지니까 침대에서 일어나는 게 훨씬 덜 힘들었다. 갑자기 커피 한 잔이 생각나 부엌으로 갔고, 음악 덕분에 기분 좋게 하루를 시작할 수 있었다. 앞으로는 매일 아침마다 분위기에 맞는 음악을 바꿔 들어볼까 생각 중이다.",발화자가 알람 대신 아침에 들은 음악 장르는 무엇이었나요?,잘 모르겠음,록,재즈,클래식,재즈,3,139
아침 루틴,아침 음악 선택,170,"몇 달 전부터 아침마다 음악을 듣는 습관이 생겼다. 처음에는 무작위로 플레이리스트를 틀었는데, 최근엔 기분에 따라 곡을 고른다. 오늘은 어제 늦게 자서 피곤했기 때문에, 잔잔한 피아노 연주곡을 틀었다. 덕분에 조용히 머리를 깨우며 커피를 마실 수 있었고, 출근 준비도 한결 차분하게 할 수 있었다. 활기찬 팝송보다 이런 잔잔한 곡이 아침에는 더 잘 어울린다는 걸 새삼 느꼈다.",오늘 아침 내가 선택한 음악의 장르는 무엇이었는가?,잘 모르겠음,록 밴드 음악,피아노 연주곡,활기찬 팝송,피아노 연주곡,3,157
아침 루틴,아침에 드는 첫 커피의 감상,170,"창문을 열고 신선한 공기를 들이마신 뒤 주방으로 가서 커피포트를 올렸다. 커피가 추출되는 소리를 들으며 기대감이 점점 커졌다. 막 내린 따뜻한 커피를 머그잔에 따르고, 두 손으로 감싸 쥐었다. 첫 모금을 마시는 순간, 고소한 향이 코끝을 스쳤고, 입안 가득 퍼지는 쌉쌀한 맛에 잠이 서서히 깨는 기분이 들었다. 이렇게 하루의 시작을 커피 한 잔과 함께 보내는 것이 나만의 소중한 시간이라는 생각이 들었다.",나는 커피를 만들 때 어떤 소리를 들으며 기대감이 커졌다고 했나요?,잘 모르겠음,주전자에서 물이 끓는 소리,커피가 추출되는 소리,토스트가 구워지는 소리,커피가 추출되는 소리,3,168
아침 루틴,아침에 드는 첫 커피의 감상,170,"매일 아침 일어나면 창문을 살짝 열어 신선한 공기를 들인 후, 커피 머신을 작동시키는 순간부터 하루가 시작된다는 느낌이 들어요. 커피가 추출되는 소리와 퍼지는 향이 집안 가득 채워질 때면, 전날의 피로도 조금씩 사라지는 것 같아요. 첫 모금을 입에 머금으면 아직 잠이 덜 깬 몸이 서서히 깨어나고, 마음도 차분해져서 오늘 해야 할 일들이 정돈되는 기분을 느끼곤 해요.",화자는 아침에 커피를 마실 때 어떤 변화가 일어난다고 느꼈나요?,잘 모르겠음,집이 시끄러워진다고 느꼈다.,피로가 사라지고 마음이 차분해진다고 느꼈다.,커피 향이 싫어진다고 느꼈다.,피로가 사라지고 마음이 차분해진다고 느꼈다.,3,152
아침 루틴,아침에 드는 첫 커피의 감상,170,"창밖에서 들려오는 새소리에 눈을 뜨자마자 부엌으로 향했다. 커피를 내릴 때 퍼지는 고소한 향이 집안을 가득 채웠다. 첫 모금을 마시는 순간, 입안에 퍼지는 쌉쌀한 맛과 따스한 온기에 잠이 완전히 깼다. 평소엔 설탕을 넣지 않지만 오늘따라 약간의 단맛이 그리워서 한 스푼을 넣어보았다. 달콤함이 더해진 커피를 마시며 창밖을 바라보니, 오늘 하루가 조금 더 부드럽게 시작될 것 같았다.",오늘 커피를 마시며 평소와 달리 추가한 것은 무엇이었나요?,잘 모르겠음,우유,시나몬 가루,설탕,설탕,4,160
아침 루틴,아침에 드는 첫 커피의 감상,170,"평소보다 조금 늦게 일어나 창밖을 보니 잔잔한 빗소리가 들렸다. 부엌에서 커피를 내리면서 퍼지는 향기에 잠이 서서히 깨어났다. 오늘은 평소보다 진하게 커피를 내려 머그잔에 담았는데, 빗소리와 어울려 더욱 깊은 맛이 느껴졌다. 따뜻한 커피 한 모금이 목을 타고 내려가자 어제의 피로가 사라지는 기분이 들었다. 이 조용한 아침에 혼자만의 여유를 즐기며, 오늘 하루를 차분하게 시작할 수 있을 것 같았다.",오늘 커피를 내릴 때 평소와 달랐던 점은 무엇이었나요?,잘 모르겠음,평소보다 연하게 내렸다,평소보다 진하게 내렸다,설탕을 넣었다,평소보다 진하게 내렸다,3,168
아침 루틴,우리집 햇살 맞는 아침 풍경,170,"햇빛이 부엌 창문으로 쏟아질 때면 우리집의 아침은 마치 따뜻한 카페에 온 것처럼 느껴진다. 엄마는 밝은 햇살 아래에서 토스트를 굽고, 나는 식탁에 앉아 노란빛이 번지는 잼을 바르곤 한다. 고양이도 창가에 누워 느긋하게 하품을 하며 빛을 쬔다. 아버지는 오늘따라 조용히 신문을 넘기면서도, 햇살이 얼굴에 닿을 때마다 가끔 미소를 짓는 듯하다. 이런 풍경을 보며 하루를 시작하는 것이 요즘 내게 작은 행복이 되고 있다.",우리집 아침 풍경에서 고양이는 무엇을 하고 있었나요?,잘 모르겠음,창가에 누워 햇살을 쬐고 있었다.,아버지 옆에서 신문을 읽고 있었다.,식탁 위에서 토스트를 먹고 있었다.,창가에 누워 햇살을 쬐고 있었다.,2,173
아침 루틴,우리집 햇살 맞는 아침 풍경,170,"창문을 살짝 열어두고 잠들면 아침에 부엌으로 들어오는 햇살이 참 따뜻하다. 오늘도 부엌 바닥에 빛이 길게 드리워져 있어서, 고양이 미미가 그 위에 몸을 쭉 펴고 누워 있었다. 미미를 피해 조심스럽게 커피포트를 올려놓고, 창밖을 바라보며 빵을 구웠다. 엄마는 식탁에 앉아 신문을 읽고 계셨고, 나는 따뜻한 햇살 속에서 가족들과 함께 시작하는 하루가 왠지 든든하게 느껴졌다.",발화에서 고양이 미미가 햇살이 드리운 부엌에서 한 행동은 무엇이었나요?,잘 모르겠음,신문을 읽었다.,커피포트를 올려놓았다.,몸을 쭉 펴고 누워 있었다.,몸을 쭉 펴고 누워 있었다.,4,156
아침 루틴,우리집 햇살 맞는 아침 풍경,170,"창문을 열자 부엌 식탁까지 따뜻한 햇살이 길게 드리워졌다. 우리 집 고양이 몽실이는 햇빛이 드는 자리로 슬그머니 다가가 몸을 동그랗게 만 채 졸기 시작했다. 나는 그 곁에 앉아 토스트를 구우며 커피를 내렸다. 햇살이 주방 식물을 반짝이게 해주어 괜히 기분이 좋아졌다. 엄마는 화분에 물을 주며 미소를 지었고, 아빠는 신문을 펼친 채 조용히 시간을 즐기셨다.","햇살이 드는 아침, 우리 집 고양이 몽실이는 무엇을 하고 있었나요?",잘 모르겠음,창밖을 바라보고 있었다,식탁 위에서 장난을 쳤다,햇빛이 드는 곳에서 몸을 동그랗게 말고 졸고 있었다,햇빛이 드는 곳에서 몸을 동그랗게 말고 졸고 있었다,4,148
아침 루틴,우리집 햇살 맞는 아침 풍경,170,"창문을 열자마자 거실 바닥에 노란 햇살이 길게 드리워져 있는 모습을 보면 괜스레 기분이 좋아진다. 엄마는 따뜻한 햇살이 들어오는 자리에 화분들을 옮겨놓으시고, 강아지도 그 옆에 누워 졸기 시작한다. 부엌에서는 아빠가 토스트 굽는 냄새가 은은하게 퍼져오고, 나는 햇살을 등지고 책을 읽는 게 이 시간의 작은 행복이다. 조용하지만 각자만의 아침을 보내는 이 풍경이 내게는 참 소중하게 느껴진다.",발화자의 집에서 햇살이 드는 자리에서 무엇이 일어난다고 언급되었나요?,잘 모르겠음,아빠가 신문을 읽는다,강아지가 누워 졸기 시작한다,발화자가 피아노를 친다,강아지가 누워 졸기 시작한다,3,165
펫과의 일상,강아지와 함께한 산책 이야기,170,"공원에서 반려견 초코와 함께 걷다가 갑자기 초코가 풀숲으로 뛰어들었어요. 무슨 일인가 싶어 따라가보니 작은 고양이가 풀숲에 숨어 있더라고요. 초코는 꼬리를 흔들며 고양이에게 다가가고, 고양이는 경계하는 듯하다가 이내 도망쳤어요. 저는 초코가 놀라지 않게 조심스럽게 리드를 잡고 다시 산책로로 돌아왔습니다. 그 뒤로 초코는 자꾸 풀숲 쪽을 흘끔거리며 관심을 보였어요.",초코가 산책 중 풀숲에서 발견한 동물은 무엇이었나요?,잘 모르겠음,토끼,고양이,다람쥐,고양이,3,158
펫과의 일상,강아지와 함께한 산책 이야기,170,"점심시간이 조금 지난 뒤, 창밖으로 햇살이 따뜻하게 내리쬐는 걸 보고 강아지 몽이를 데리고 동네 공원을 한 바퀴 돌았다. 몽이는 오랜만에 바깥 공기를 맡아서인지 꼬리를 힘차게 흔들며 이리저리 뛰어다녔다. 특히 분수대 앞에 가니 갑자기 물소리에 신기한 듯 다가가서 앞발로 물을 툭툭 건드렸다. 그 모습이 너무 귀여워서 급하게 핸드폰을 꺼내 사진을 찍었는데, 그 순간 몽이가 내 신발 위로 물을 튀겨버려서 신발이 다 젖고 말았다.",공원 산책 중 몽이가 분수대 앞에서 한 행동은 무엇이었나요?,잘 모르겠음,분수대 옆에서 앉아 있었다.,분수대 근처에서 짖었다.,앞발로 물을 건드렸다.,앞발로 물을 건드렸다.,4,177
펫과의 일상,강아지와 함께한 산책 이야기,170,"오늘 저녁에는 퇴근하고 집에 도착하자마자 우리 집 강아지 콩이와 함께 근처 하천 산책로를 걸었어. 평소엔 집 앞 공원만 돌곤 했는데, 오늘은 평소보다 조금 더 멀리 나가보기로 했지. 콩이는 새로운 냄새에 신나서 여기저기 킁킁거리며 뛰어다녔고, 나는 그 모습을 보며 자연스럽게 미소가 나왔어. 산책 중에 갑자기 작은 고양이 한 마리가 풀숲에서 튀어나오자 콩이가 잠깐 놀라서 멈춰섰는데, 이내 다시 꼬리를 흔들며 용감하게 다가가더라구. 그렇게 산책을 마치고 집에 돌아오니 콩이가 금세 지쳐서 소파에 누워 잠들었어.",오늘 산책 중에 콩이가 무엇을 보고 잠깐 멈췄나요?,잘 모르겠음,새,고양이,다른 강아지,고양이,3,215
펫과의 일상,강아지와 함께한 산책 이야기,170,"오늘은 평소보다 조금 늦게 퇴근해서 집에 도착하자마자 우리 집 강아지 몽실이와 산책을 나갔어요. 평소에 자주 가던 동네 공원 대신 이번에는 조금 더 멀리 있는 작은 강변 산책로로 갔죠. 몽실이가 잔디밭에서 한참 냄새를 맡다가 갑자기 풀숲에 얼굴을 파묻더니, 조그만 개구리를 발견하고는 깜짝 놀라 뒤로 물러서는 모습이 정말 귀여웠어요. 산책을 마치고 집에 돌아오니 몽실이가 평소보다 더 빨리 지쳐서 금방 잠들었답니다.",오늘 산책 중 몽실이가 풀숲에서 발견한 것은 무엇이었나요?,잘 모르겠음,작은 새,조그만 개구리,노란 공,조그만 개구리,3,175
펫과의 일상,새끼 고양이를 입양하게 된 계기,170,"길거리에서 비를 맞으며 떨고 있던 작은 고양이 한 마리를 만난 날이 있었다. 처음엔 겁이 나서 가까이 다가가지 못했지만, 계속 울음소리가 들려와 결국 우산을 씌워주며 조심스럽게 안아 올렸다. 집에 데려온 뒤 따뜻한 물로 씻기고 밥을 챙겨주니 경계하던 눈빛이 조금 누그러지는 걸 보고 마음이 약해졌다. 그렇게 며칠을 함께 지내다 보니 자연스럽게 가족처럼 느껴졌고, 결국 입양을 결심하게 되었다.",내가 새끼 고양이를 입양하게 된 직접적인 계기는 무엇이었나요?,잘 모르겠음,고양이의 귀여운 외모 때문,비를 맞고 있던 고양이를 도와주면서,친구가 고양이를 선물해서,비를 맞고 있던 고양이를 도와주면서,3,165
펫과의 일상,새끼 고양이를 입양하게 된 계기,170,"몇 달 전 우연히 친구 집에 들렀다가 마당 한켠에서 작고 말라 보이는 새끼 고양이 한 마리를 발견했다. 친구는 이미 고양이를 여러 마리 키우고 있어서 더 이상 돌볼 수 없다고 했다. 처음엔 망설였지만, 고양이가 내 손가락을 살짝 핥고 조용히 눈을 맞추는 순간 마음이 약해졌다. 결국 집에 데려와 따뜻한 이불을 깔아주고, 작은 그릇에 우유를 따라줬던 그 날이 아직도 생생하다.",내가 새끼 고양이를 입양하게 된 가장 큰 계기는 무엇이었나?,잘 모르겠음,친구가 고양이를 주고 싶어했기 때문,고양이가 내 손가락을 핥으며 눈을 맞췄기 때문,고양이가 병에 걸려 있었기 때문,고양이가 내 손가락을 핥으며 눈을 맞췄기 때문,3,153
펫과의 일상,새끼 고양이를 입양하게 된 계기,170,"며칠 전 퇴근길에 비를 피하려고 잠시 편의점 앞에 서 있었는데, 어디선가 아주 작은 고양이 울음소리가 들려왔다. 자세히 찾아보니 우유갑 옆에 털이 다 젖은 새끼 고양이가 떨고 있었다. 그냥 지나칠 수 없어 따뜻한 수건에 싸서 집으로 데려왔다. 처음엔 경계하던 녀석이 내가 손바닥으로 사료를 주자 조심스럽게 다가오더니, 이내 내 무릎 위에서 잠들었다. 이 작은 생명과 함께하게 된 것이 우연 같으면서도 왠지 운명처럼 느껴졌다.",새끼 고양이를 집으로 데려오게 된 계기는 무엇이었나요?,잘 모르겠음,친구가 고양이를 선물로 주어서,비 오는 날 편의점 앞에서 발견해서,동물 보호소에서 입양해서,비 오는 날 편의점 앞에서 발견해서,3,177
펫과의 일상,새끼 고양이를 입양하게 된 계기,170,"며칠 전 친구 집에 잠깐 들렀다가 작은 상자 안에 있는 새끼 고양이를 처음 보게 되었어. 친구가 우연히 골목에서 발견해서 임시로 보호하고 있었는데, 고양이가 내 손가락을 핥으면서 졸졸 따라오는 모습에 마음이 약해졌지. 그날 밤 집에 돌아온 후에도 자꾸 생각나서 결국 친구와 상의해 입양을 결심했어. 집에 데려온 날, 작은 몸으로 이불 위를 구르며 적응하는 모습이 정말 사랑스러웠어.",내가 새끼 고양이를 입양하기로 결심하게 된 계기는 무엇이었나요?,잘 모르겠음,친구가 키워달라고 부탁해서,고양이가 내 손가락을 핥으며 따라와서 마음이 약해졌기 때문에,고양이를 오랫동안 키우고 싶어서,고양이가 내 손가락을 핥으며 따라와서 마음이 약해졌기 때문에,3,159
펫과의 일상,"애완동물과의 이별, 그 후의 감정",170,"며칠 전, 나와 오랜 시간을 함께 보냈던 고양이 미루를 떠나보냈다. 집에 돌아왔을 때 평소라면 현관 앞까지 달려와 반겨주던 미루가 보이지 않으니 집안이 유난히 조용하게 느껴졌다. 식사를 준비할 때마다 미루가 옆에서 조용히 기다리던 모습이 자꾸 생각나고, 밤에는 미루가 내 무릎에 기대 잠들던 감촉이 그리워진다. 미루와의 이별이 아직도 실감나지 않지만, 고양이와 함께 했던 따뜻한 기억을 소중히 간직하려고 한다.",발화자가 고양이 미루와 함께 했던 따뜻한 기억 중 언급하지 않은 것은 무엇인가요?,잘 모르겠음,현관 앞에서 반겨주던 모습,무릎에 기대 잠들던 감촉,정원에서 산책하던 모습,정원에서 산책하던 모습,4,174
펫과의 일상,"애완동물과의 이별, 그 후의 감정",170,"며칠 전 집에 오니 평소처럼 반겨주던 반려견 토리가 보이지 않았다. 방 안 구석에서 조용히 누워 있는 모습을 발견했는데, 이미 숨을 거둔 뒤였다. 처음엔 믿기지 않아 계속 이름을 불러봤지만, 아무런 반응이 없었다. 그 이후로 집이 너무 조용하게 느껴지고, 습관적으로 사료를 챙기려다 멈추곤 한다. 토리와 산책했던 길을 지날 때마다 예전 기억이 떠올라 한동안 울기도 했다. 시간이 지나면서 슬픔이 조금씩 옅어지긴 했지만, 여전히 토리가 그립다.",토리와 이별한 후 작성자가 자주 하게 된 행동은 무엇이었나요?,잘 모르겠음,친구들과 더 자주 만남,습관적으로 사료를 챙기려다 멈춤,새로운 반려동물을 입양함,습관적으로 사료를 챙기려다 멈춤,3,186
펫과의 일상,"애완동물과의 이별, 그 후의 감정",170,"며칠 전, 오랜 시간 함께한 반려견 해리가 무지개다리를 건넜다. 평소에 산책을 나갈 때마다 꼬리를 흔들며 옆을 따라오던 모습이 눈앞에 아른거린다. 해리가 떠난 후 집에 들어오면 반기던 소리가 들리지 않아 왠지 모를 허전함이 밀려온다. 해리가 좋아하던 노란색 인형을 아직도 치우지 못하고 바라보며, 한동안 마음이 먹먹해지는 시간을 보내고 있다.",반려견 해리가 떠난 후 내가 치우지 못하고 있는 물건은 무엇인가요?,잘 모르겠음,빨간색 목줄,노란색 인형,파란색 담요,노란색 인형,3,145
펫과의 일상,"애완동물과의 이별, 그 후의 감정",170,"며칠 전 강아지 몽이가 세상을 떠난 이후로 집 안이 유난히 조용하게 느껴진다. 평소엔 퇴근 후 현관문을 열면 꼬리를 흔들며 달려오던 몽이의 모습이 당연하게 느껴졌는데, 이제는 그 소리조차 들리지 않아 허전함이 커졌다. 몽이가 쓰던 담요와 장난감을 정리하려다 결국 손에 쥔 채로 한참을 멍하니 앉아 있었다. 이런 감정을 어떻게 다뤄야 할지 아직 잘 모르겠다.",몽이가 떠난 후 내가 가장 크게 느낀 변화는 무엇이었나?,잘 모르겠음,집이 더러워진 것,집안이 조용해진 것,몽이의 밥그릇이 바뀐 것,집안이 조용해진 것,3,148
펫과의 일상,애완동물과의 첫 만남 및 적응기,170,"며칠 전 친구가 갑자기 작은 고양이 한 마리를 제게 맡기고 갔어요. 처음엔 고양이가 낯선 환경에 놀랐는지 구석에만 숨어 있더라고요. 저는 너무 다가가면 오히려 더 겁을 줄까봐 멀찍이서 조용히 기다렸어요. 간식이 든 손을 조심스럽게 내밀었더니, 한참 망설이다가 살며시 다가와 냄새를 맡는 모습이 정말 귀여웠습니다. 그날 이후로 조금씩 가까워지더니, 지금은 제 무릎 위에서 편하게 잠들기도 해요.",고양이가 처음 집에 왔을 때 제가 취한 행동은 무엇이었나요?,잘 모르겠음,바로 고양이를 안아주었다,조용히 멀리서 기다리며 다가가지 않았다,고양이를 목욕시켰다,조용히 멀리서 기다리며 다가가지 않았다,3,166
펫과의 일상,애완동물과의 첫 만남 및 적응기,170,"며칠 전, 친구가 갑자기 고양이 한 마리를 맡아달라고 부탁해서 처음으로 반려동물을 집에 들이게 됐다. 고양이는 낯선 환경에 잔뜩 긴장한 모습이었고, 처음엔 침대 밑에서만 숨었다. 조용히 기다려주며 간식도 살짝 가까이에 놔줬더니, 반나절쯤 지나서야 조심스럽게 다가와 내 손을 킁킁거렸다. 그때 손끝에 닿는 부드러운 감촉과 고양이의 신중한 눈빛이 아직도 잊히지 않는다.",고양이가 처음 집에 왔을 때 주로 어디에 숨었는가?,잘 모르겠음,소파 뒤,침대 밑,옷장 안,침대 밑,3,157
펫과의 일상,애완동물과의 첫 만남 및 적응기,170,"며칠 전 친구가 갑자기 작은 고양이를 제게 맡기게 되면서, 저희 집에 새로운 식구가 생겼습니다. 처음엔 낯선 환경에 잔뜩 긴장한 듯 구석에만 숨어 있었는데, 제가 조용히 옆에 앉아 책을 읽으며 시간을 보내자 점차 가까이 다가오기 시작했습니다. 어느 순간 제 발 옆에 살짝 기대 앉아 작은 소리로 야옹거렸을 때, 마음이 한껏 녹는 기분이 들었습니다. 그날 이후로 밥도 조금씩 먹고, 장난감에도 흥미를 보이며 집 안을 천천히 탐색하고 있습니다.",처음에 고양이가 저에게 적응하기 시작한 계기는 무엇이었나요?,잘 모르겠음,제가 고양이에게 간식을 줬기 때문,제가 고양이와 산책을 나갔기 때문,제가 조용히 옆에 앉아 시간을 보내서,제가 조용히 옆에 앉아 시간을 보내서,4,182
펫과의 일상,애완동물과의 첫 만남 및 적응기,170,"며칠 전, 친구가 고양이 한 마리를 맡아달라고 해서 집으로 데려오게 되었어. 처음엔 낯선 환경 때문인지 소파 밑에만 숨어서 나오지 않더라. 간식도 조심스럽게 놓아줬지만 쉽게 다가오지 않았고, 하루 정도 지난 뒤에야 조심스럽게 내 손 냄새를 맡더니 그제서야 조금씩 주변을 탐색하기 시작했어. 이후 장난감을 살랑살랑 흔들어주자 처음으로 꼬리를 살랑이며 내 곁으로 다가왔지. 그 순간의 설렘과 조심스러움이 아직도 생생하게 남아 있어.",고양이가 처음 내 곁으로 다가오게 된 계기는 무엇이었나요?,잘 모르겠음,고양이 밥을 바꿔줬기 때문,장난감을 흔들어줬기 때문,고양이 화장실을 청소해줬기 때문,장난감을 흔들어줬기 때문,3,182
펫과의 일상,애완동물에게 배운 것과 그들이 주는 행복,170,"며칠 전 비가 오던 저녁에 집에 들어오니, 반려견 달이가 현관 앞에서 꼬리를 살랑거리며 기다리고 있었다. 평소엔 바쁜 일상에 지쳐 짜증을 내기도 했는데, 달이가 아무 조건 없이 제 곁에 있어준다는 사실이 새삼 고마웠다. 소파에 앉아 달이를 쓰다듬으니 마음이 금세 편안해졌다. 달이 덕분에 사소한 행복을 느끼는 법과 누군가에게 따뜻함을 주는 것이 얼마나 소중한지 배운 것 같다.","비가 오던 저녁, 화자가 집에 들어갔을 때 달이는 어디에서 기다리고 있었나요?",잘 모르겠음,소파 위에서,현관 앞에서,방 안에서,현관 앞에서,3,157
펫과의 일상,애완동물에게 배운 것과 그들이 주는 행복,170,"창문을 열어두었더니 반려묘 미로가 햇살이 드는 자리에 가만히 누워 있었다. 그 모습을 보며 아무 일도 하지 않아도 그저 평화롭게 시간을 보내는 것도 중요하다는 생각이 들었다. 미로가 옆에 있으면 마음이 한결 느긋해지고, 소소한 행복을 더 자주 느끼게 된다. 바쁜 하루 속에서 미로의 조용한 호흡 소리와 따뜻한 온기는 내게 휴식과 여유를 알려주었다.",창문을 열어둔 후 미로가 한 행동은 무엇이었나요?,잘 모르겠음,창밖을 내다보았다,햇살이 드는 자리에 누워 있었다,방 안을 돌아다녔다,햇살이 드는 자리에 누워 있었다,3,145
펫과의 일상,애완동물에게 배운 것과 그들이 주는 행복,170,"창밖에 비가 내리던 날, 내 고양이 토리가 조용히 내 옆에 다가와서 무릎 위에 올라앉았다. 평소에는 장난꾸러기인데, 내가 힘들어 보였는지 가만히 기대어 있었다. 그 순간 아무 말 없이 서로의 온기를 느끼는 것만으로도 위로가 됐다. 토리와 함께 지내면서 말로 표현하지 않아도 마음을 전할 수 있다는 걸 배웠고, 작은 존재와의 교감이 큰 행복을 줄 수 있다는 사실을 다시 한 번 깨달았다.","비가 오던 날, 토리가 주인에게 어떻게 위로를 전했는가?",잘 모르겠음,조용히 무릎 위에 올라앉아 기대었다.,장난감을 물어다 주었다.,큰 소리로 울었다.,조용히 무릎 위에 올라앉아 기대었다.,2,158
펫과의 일상,애완동물에게 배운 것과 그들이 주는 행복,170,"창밖에 비가 내리던 어느 날, 소파에 앉아 책을 읽고 있는데 반려견 콩이가 조용히 옆에 다가와 제 무릎 위에 머리를 기대더라고요. 콩이의 따뜻한 체온이 전해지면서 괜스레 마음이 차분해지고, 걱정도 조금은 사라지는 기분이 들었어요. 콩이와 함께 있을 때면 작은 일상에서도 행복을 느끼는 법을 자연스럽게 배우게 되는 것 같아요.",비가 내리던 날 콩이가 한 행동은 무엇이었나요?,잘 모르겠음,소파 밑에 숨었다,무릎 위에 머리를 기댔다,창밖을 바라보았다,무릎 위에 머리를 기댔다,3,136
업무 중 상황,오후 회사 분위기 속에서의 커피 한 잔의 여유,170,"점심시간이 지나고 사무실이 약간 조용해질 무렵, 동료 민지와 함께 탕비실에서 커피를 내렸다. 서로 마주보며 오늘 오전에 있었던 작은 실수에 대해 웃으며 이야기했다. 커피 잔을 들고 돌아오는 길에 창밖을 보니, 햇빛이 회색 빛 유리창에 부드럽게 내려앉아 있었다. 바쁜 업무 속에서도 잠시나마 여유를 느낄 수 있었던 순간이 머릿속에 오래 남았다.",탕비실에서 커피를 내린 후 동료와 어떤 이야기를 나누었는가?,잘 모르겠음,최근 본 영화 이야기,오늘 오전에 있었던 실수에 관한 이야기,가족에 관한 이야기,오늘 오전에 있었던 실수에 관한 이야기,3,144
업무 중 상황,오후 회사 분위기 속에서의 커피 한 잔의 여유,170,"점심 시간이 지나고 나서부터 사무실 안이 조금씩 조용해지기 시작했다. 업무가 쌓여있지만, 창밖을 보니 부드러운 햇살이 들어와 잠깐 쉬고 싶어졌다. 그래서 평소에 자주 가던 복도 끝 커피머신 앞에 갔더니 동료 민수가 먼저 와서 커피를 뽑고 있었다. 둘이 나란히 커피를 들고 창가에 서서, 바쁜 일상 속에서도 이런 짧은 여유가 큰 힘이 된다는 이야기를 나누었다. 커피 한 모금에 피로가 조금은 풀리는 듯한 기분이 들었다.",커피를 마시러 갔을 때 발화자가 누구를 만났는가?,잘 모르겠음,지수,민수,영희,민수,3,173
업무 중 상황,오후 회사 분위기 속에서의 커피 한 잔의 여유,170,"점심시간이 지나고 나면 회사 전체가 조금씩 조용해지는 느낌이다. 문득 졸음이 쏟아질 때쯤, 동료 민지가 커피를 사러 나가자고 권유했다. 둘이 함께 건물 1층 카페에 내려가서 아이스 아메리카노를 주문했다. 창가에 앉아 커피를 마시며 쌓였던 업무 스트레스에 대해 이런저런 이야기를 나누다 보니, 머리가 한결 맑아지는 것 같았다. 다시 사무실로 돌아오는 길에 민지가 환하게 웃으며 농담을 던져줘서 기분이 조금 더 가벼워졌다.",화자는 민지와 함께 어디에서 커피를 마셨나요?,잘 모르겠음,사무실 책상,건물 1층 카페 창가,회사 옥상 정원,건물 1층 카페 창가,3,178
업무 중 상황,오후 회사 분위기 속에서의 커피 한 잔의 여유,170,"점심 식사 후 업무가 한창일 때 책상에 앉아있다가 잠시 창밖을 바라보니 따스한 햇살이 쏟아져 들어와서 잠깐이라도 기분이 환기되는 것 같았다. 그때 동료 민수 씨가 커피를 한 잔 타다주며 같이 마시자고 해서, 둘이 조용한 회의실 구석에 앉아 나른한 오후를 커피향과 함께 잠시나마 즐겼다. 짧은 시간이었지만 오랜만에 서로의 취미 이야기도 나누며 기분이 한결 좋아졌다.",화자는 커피를 누구와 함께 마셨나요?,잘 모르겠음,민수 씨와 함께,혼자서,팀장님과 함께,민수 씨와 함께,2,152
업무 중 상황,중요한 프로젝트를 끝내고 느낀 성취감,170,"며칠간 밤늦게까지 팀원들과 함께 머리를 맞대고 준비했던 프로젝트가 드디어 오늘 성공적으로 마무리되었다. 프레젠테이션을 마친 뒤 모두가 박수를 쳐주는데, 그동안의 고생이 한순간에 보상받는 느낌이었다. 동료들과 피곤함도 잊은 채 근처 카페에서 축하 케이크를 나눠 먹으면서 서로의 노력을 칭찬했다. 이 순간을 오랫동안 기억하고 싶다.",프로젝트가 끝난 후 팀원들은 어디에서 축하를 했나요?,잘 모르겠음,사무실,카페,식당,카페,3,143
업무 중 상황,중요한 프로젝트를 끝내고 느낀 성취감,170,"며칠 동안 야근을 반복하며 준비했던 프로젝트가 드디어 마무리되었다. 발표 당일, 팀원들이 하나로 뭉쳐서 차분하게 각자의 역할을 해냈고, 예상치 못한 질문에도 당황하지 않고 답변할 수 있었다. 발표가 끝나고 모두가 박수를 쳐주던 순간, 고생했던 기억이 한꺼번에 떠오르면서 뿌듯함이 밀려왔다. 이번 경험 덕분에 팀워크의 힘을 다시 한 번 실감하게 되었다.",프로젝트 발표에서 팀원들이 겪었던 상황은 무엇이었나요?,잘 모르겠음,질문에 당황해서 답변을 못 했다,각자의 역할을 잘 수행했다,준비가 부족해서 발표가 취소됐다,각자의 역할을 잘 수행했다,3,150
업무 중 상황,중요한 프로젝트를 끝내고 느낀 성취감,170,"며칠간 야근을 반복하며 준비한 프로젝트가 드디어 마무리되어 발표를 했다. 발표 전날에는 긴장 때문에 잠도 제대로 못 잤지만, 동료들과 서로를 격려하며 힘을 냈다. 결과적으로 팀원 모두가 기대 이상의 칭찬을 들었고, 발표가 끝난 뒤에는 오랜만에 마음이 편안해졌다. 집에 돌아가는 길에 평소보다 발걸음이 한결 가벼웠다. 이런 성취감은 오랜 시간의 노력이 결실을 맺었기에 더욱 값지게 느껴진다.",발화에서 발표를 앞두고 발화자가 동료들과 했던 행동은 무엇이었나요?,잘 모르겠음,동료들과 함께 외식했다,서로를 격려했다,팀 회의를 취소했다,서로를 격려했다,3,166
업무 중 상황,중요한 프로젝트를 끝내고 느낀 성취감,170,"며칠 동안 밤늦게까지 회사에서 프로젝트 자료를 정리하고 팀원들과 토론을 거듭했다. 처음엔 막막했지만, 각자 맡은 역할을 충실히 해내며 점점 완성도가 높아졌다. 최종 결과물을 발표하던 날, 상사와 동료들이 박수로 격려해주었고, 그 순간 지난 고생이 모두 보람으로 바뀌는 느낌이었다. 집에 돌아가는 길에 유난히 상쾌한 공기를 마시며 오랜만에 마음껏 웃었다.",프로젝트를 마친 후 집에 돌아가는 길에 나는 무엇을 느꼈는가?,잘 모르겠음,피곤함과 짜증,상쾌함과 기쁨,불안과 걱정,상쾌함과 기쁨,3,152
업무 중 상황,프로모션을 준비하면서 겪은 어려움,170,"프로모션 준비가 한창이던 지난주, 예상치 못한 문제가 생겼다. 협력업체에서 제공하기로 했던 이미지 파일이 약속 날짜를 하루 넘겨도 도착하지 않은 것이다. 덕분에 나와 동료들은 남은 자료를 최대한 활용해 임시 디자인을 만들며 시간에 쫓겼다. 결국 담당자와 통화를 여러 번 한 끝에 마감 2시간 전에 파일을 받아 겨우 완성본을 제출했다. 다음엔 이런 상황에 대비해 더 촘촘하게 일정을 관리해야겠다고 다짐했다.",프로모션 준비 중 나와 동료들이 임시로 만든 것은 무엇이었나요?,잘 모르겠음,프로모션 문구,임시 디자인,이벤트 일정표,임시 디자인,3,171
업무 중 상황,프로모션을 준비하면서 겪은 어려움,170,며칠 전부터 새로운 프로모션을 준비하게 되어 팀원들과 머리를 맞대고 기획서를 작성했다. 예상보다 예산이 적게 책정되어 원하는 아이디어를 다 반영하지 못하는 점이 가장 힘들었다. 디자인 담당자와도 원하는 이미지를 전달하는 데 오해가 생겨 수정 요청이 반복됐다. 마지막에는 일정도 촉박해서 다 같이 늦게까지 남아 자료를 정리하고 수정안을 만들었다. 그래도 서로 의견을 잘 조율해서 마감 전에 겨우 제출할 수 있었다.,발화에서 프로모션 준비 과정에서 발생한 가장 큰 어려움은 무엇이었나요?,잘 모르겠음,예산이 충분하지 않은 점,팀원들이 의견을 내지 않은 점,기한이 너무 넉넉했던 점,예산이 충분하지 않은 점,2,175
업무 중 상황,프로모션을 준비하면서 겪은 어려움,170,"며칠 전부터 새로운 제품 프로모션을 준비했는데, 예상보다 훨씬 복잡한 일이 많았다. 특히, 디자인 시안이 계속 수정되어 디자이너와 밤늦게까지 메일을 주고받았고, 협력사에 전달할 자료가 자꾸 바뀌어서 일정이 꼬이기도 했다. 결국 마감 하루 전날에야 모든 자료를 겨우 맞췄고, 그 과정에서 팀원들과 소통의 중요성을 다시 한 번 깨달았다.",프로모션 준비 과정에서 발화자가 밤늦게까지 주로 연락을 주고받았던 사람은 누구였나요?,잘 모르겠음,디자이너,협력사 담당자,팀장,디자이너,2,142
업무 중 상황,프로모션을 준비하면서 겪은 어려움,170,"최근 회사에서 새로운 상품 프로모션을 맡게 되어 팀원들과 기획안을 준비했는데, 예상과 달리 협력업체에서 시안 수정 요청이 자주 들어와 일정이 계속 밀렸다. 특히 마지막에는 급하게 바뀐 예산안 때문에 우리 팀끼리 여러 번 밤늦게까지 회의를 하며 대안을 찾아야 했다. 그래도 서로 아이디어를 모아 좋은 결과를 만들어냈다는 점에서 뿌듯함을 느꼈다.",프로모션을 준비하는 과정에서 우리 팀이 겪은 가장 큰 어려움은 무엇이었나요?,잘 모르겠음,협력업체의 시안 수정 요청이 많았던 점,사내 홍보 부족,참여 인원 부족,협력업체의 시안 수정 요청이 많았던 점,2,145
업무 중 상황,회사 동료와의 갈등 상황 해결 과정,170,"프로젝트 마감이 다가오던 어느 날, 동료 민수와 의견 충돌이 생겨 서로 말수가 줄었다. 계속 껄끄러운 분위기에서 일하다 보니 효율도 떨어지고 괜히 신경이 쓰였다. 고민 끝에 민수와 따로 커피를 마시며 솔직하게 내 생각을 털어놓고, 민수의 입장도 들었다. 서로의 오해를 풀고 나니 일도 훨씬 수월해지고, 이후엔 작은 불만도 바로 이야기하는 사이가 되었다.",화자는 동료 민수와의 갈등을 해결하기 위해 무엇을 했나요?,잘 모르겠음,민수에게 메일을 보냈다,민수와 따로 커피를 마시며 대화했다,상사에게 민수를 대신 혼내달라고 요청했다,민수와 따로 커피를 마시며 대화했다,3,148
업무 중 상황,회사 동료와의 갈등 상황 해결 과정,170,"며칠 전 프로젝트 마감이 임박했을 때 동료인 선우와 의견 충돌이 있었다. 나는 일정 내에 완성도를 높이려 했지만 선우는 빠른 제출을 원했다. 처음엔 서로 목소리가 커졌지만, 잠시 각자 생각할 시간을 가진 후 다시 대화를 나눴다. 나는 내 입장을 구체적으로 설명했고, 선우 역시 본인의 부담을 털어놨다. 결국 서로의 입장을 조금씩 반영해 최종안을 조율할 수 있었고, 제출 후엔 오히려 더 친밀해진 느낌이 들었다.",동료와의 갈등에서 내가 먼저 취한 행동은 무엇이었는가?,잘 모르겠음,선우에게 사과했다,각자 생각할 시간을 가졌다,바로 상사에게 보고했다,각자 생각할 시간을 가졌다,3,170
업무 중 상황,회사 동료와의 갈등 상황 해결 과정,170,"며칠 전 프로젝트 회의에서 동료인 민수가 제 의견을 제대로 듣지 않고 자신의 주장만 반복하는 바람에 서로 감정이 상했어요. 그날은 대화를 더 이어가지 않고 각자 자리로 돌아갔죠. 하지만 저도 일이 계속 마음에 걸려 다음날 점심시간에 먼저 민수에게 다가가 이야기를 꺼냈어요. 서로 오해했던 부분을 솔직하게 털어놓고 듣다 보니 생각보다 금방 화해할 수 있었고, 이후로는 의견을 제시할 때 한 번 더 상대방 입장에서 생각하려고 노력하고 있어요.",화자는 동료와의 갈등을 해결하기 위해 어떤 행동을 먼저 했나요?,잘 모르겠음,민수에게 메일을 보냈다.,프로젝트에서 빠졌다.,점심시간에 민수에게 먼저 다가가 대화를 시도했다.,점심시간에 민수에게 먼저 다가가 대화를 시도했다.,4,183
업무 중 상황,회사 동료와의 갈등 상황 해결 과정,170,"며칠 전 프로젝트 일정 조율을 두고 같은 팀의 민수와 의견이 크게 엇갈렸다. 처음엔 서로 목소리만 높아지고 대화가 잘 안 되어 답답했다. 그날 저녁 집에 와서도 계속 마음이 불편해서, 다음 날 아침 일찍 민수에게 먼저 커피 한 잔 하자고 연락했다. 대화를 나누며 서로의 입장을 솔직하게 들으니, 오해가 있었던 부분을 풀 수 있었고 각자 맡은 역할에 대해 다시 정리해서 오히려 더 협력적인 분위기가 되었다.",발화자가 회사 동료와 갈등을 해결하기 위해 다음 날 아침에 민수에게 제안한 것은 무엇인가요?,잘 모르겠음,같이 점심을 먹자고 했다.,커피 한 잔 하자고 연락했다.,프로젝트를 다시 나누자고 했다.,커피 한 잔 하자고 연락했다.,3,165
업무 중 상황,회의 중 발표를 맡게 되어서 느낀 불안감,170,"회의실에 들어가서 내 차례를 기다리는 동안 손에 땀이 맺히는 걸 느꼈다. 자료를 여러 번 점검했지만, 막상 발표가 시작되자 목소리가 떨리고 시선이 자꾸 바닥으로 향했다. 동료들이 나를 바라보는 눈빛에 긴장감이 더 커져 머릿속이 순간 하얘졌다. 그래도 준비한 내용을 빠뜨리지 않으려고 애써 집중했고, 마지막엔 동료 한 명이 고개를 끄덕여줘서 조금 안심이 됐다.",발표 도중 나를 어느 동료가 어떻게 반응해서 마음이 조금 놓였는가?,잘 모르겠음,한 동료가 발표 중간에 손을 들었다,한 동료가 발표가 끝난 뒤 박수를 쳤다,한 동료가 고개를 끄덕여줬다,한 동료가 고개를 끄덕여줬다,4,151
업무 중 상황,회의 중 발표를 맡게 되어서 느낀 불안감,170,"며칠 전 팀 프로젝트 중간 점검 회의에서 갑작스럽게 발표를 맡게 되었다. 발표 준비 시간이 부족해 머릿속이 하얘졌고, 목소리가 떨리지 않게 하려고 여러 번 심호흡을 했다. 팀원들의 시선이 부담스럽게 느껴졌지만, 최대한 자연스럽게 설명하려고 노력했다. 발표가 끝난 뒤에는 무사히 마쳤다는 안도감과 동시에, 혹시 실수한 부분이 없었는지 자꾸 떠올라서 마음이 편하지 않았다.","회의에서 발표를 맡게 되었을 때, 발표자는 어떤 점이 가장 부담스럽게 느껴졌나요?",잘 모르겠음,팀장님의 질문,팀원들의 시선,프로젝트 마감 기한,팀원들의 시선,3,158
업무 중 상황,회의 중 발표를 맡게 되어서 느낀 불안감,170,"며칠 전, 팀 프로젝트 중간 점검 회의에서 내가 직접 진행 상황을 발표하게 되었다. 발표 전날에는 잠들기도 어려웠고, 혹시 실수하지 않을까 걱정이 앞섰다. 실제로 회의실에 들어서자 손바닥에 땀이 맺히고 목소리가 떨렸다. 하지만 동료들이 고개를 끄덕이며 경청해주는 모습을 보자 조금씩 긴장이 풀리기 시작했다. 발표를 마치고 나니 안도의 한숨이 나왔고, 앞으로는 이런 경험이 내 자신감을 키우는 데 도움이 될 것 같았다.",회의 중 발표를 하게 된 화자는 어떤 신체적 반응을 경험했나요?,잘 모르겠음,심장이 멈추는 느낌,손바닥에 땀이 남,입이 마르고 졸음이 옴,손바닥에 땀이 남,3,176
업무 중 상황,회의 중 발표를 맡게 되어서 느낀 불안감,170,"며칠 전 팀 프로젝트 진행 상황을 공유하는 자리에서 갑자기 발표를 맡게 되어 심장이 엄청 빨리 뛰기 시작했다. 평소에 발표 경험이 많지 않아서 목소리가 떨릴까 봐 걱정됐고, 혹시 설명이 부족하면 동료들이 이해하지 못할까봐 불안했다. 그래도 동료들이 고개를 끄덕여 주는 걸 보고 점점 안심이 됐고, 발표를 마쳤을 때는 손에 땀이 맺혀 있었지만, 뿌듯함도 느꼈다.",발표 도중 화자는 어떤 동료들의 반응에 안심하게 되었는가?,잘 모르겠음,동료들이 박수를 쳐서,동료들이 질문을 많이 해서,동료들이 고개를 끄덕여 주어서,동료들이 고개를 끄덕여 주어서,4,150
여행 경험,명상 여행지에서의 경험,170,"며칠 전 친구 추천으로 조용한 산속 명상 여행지에 다녀왔다. 휴대폰은 입구에서 맡기고, 정해진 시간마다 명상 프로그램이 진행되었다. 처음엔 잡생각이 많아 집중이 안 됐지만, 오후가 되자 바람 소리와 나뭇잎 흔들리는 소리에 마음이 차분해졌다. 저녁에는 모닥불 앞에서 각자 오늘 느낀 점을 이야기하는 시간을 가졌다. 도시에서의 복잡한 일상과는 다르게, 내 마음을 들여다볼 수 있었던 값진 경험이었다.",이 명상 여행지에서 참가자들이 저녁에 했던 활동은 무엇이었나요?,잘 모르겠음,산책하며 사진 찍기,모닥불 앞에서 느낀 점 나누기,명상 후 영화 관람,모닥불 앞에서 느낀 점 나누기,3,169
여행 경험,명상 여행지에서의 경험,170,"며칠 전, 조용한 산골 마을에서 진행되는 명상 여행 프로그램에 참여하게 됐다. 휴대폰을 잠시 맡기고 자연 속에서 하루를 보내는 경험이 색달랐다. 모닥불 옆에서 처음 만난 사람들과 둘러앉아 각자 짧은 명상 소감을 나누었는데, 나무 냄새와 바람 소리가 묘하게 마음을 차분하게 해줬다. 평소엔 쉽게 느끼지 못했던 고요함이 오히려 낯설고 신기하게 다가왔다.",명상 여행지에서 참가자가 특별히 맡겼던 물건은 무엇이었나요?,잘 모르겠음,지갑,휴대폰,책,휴대폰,3,148
여행 경험,명상 여행지에서의 경험,170,"며칠 전 지인과 함께 강원도 작은 산사에서 진행되는 명상 프로그램에 참여했다. 처음에는 낯선 환경과 고요함에 어색했지만, 산새 소리와 바람에 집중하며 마음이 점차 편안해졌다. 하루에 휴대폰을 모두 맡기고 자연 속에서 산책하며, 이른 새벽에는 스님과 함께 호흡 명상을 했다. 평소엔 쉽게 느끼지 못했던 몸의 긴장도 알아차릴 수 있었고, 돌아오는 길엔 마음이 한결 가벼워진 느낌이었다.",화자가 명상 여행지에서 이른 새벽에 누구와 무엇을 했는가?,잘 모르겠음,스님과 함께 산책을 했다,지인과 차를 마셨다,스님과 함께 호흡 명상을 했다,스님과 함께 호흡 명상을 했다,4,162
여행 경험,명상 여행지에서의 경험,170,"명상 여행지로 알려진 작은 산골 마을에 다녀온 적이 있다. 첫날에는 휴대폰도 꺼두고, 조용한 방에서 하루 종일 창밖 나뭇잎이 흔들리는 소리에만 귀를 기울였다. 저녁이 되니 오랜만에 마음이 아주 가벼워졌다. 다음 날에는 새벽에 일어나 맑은 공기 속에서 천천히 걷기 명상을 했다. 걷는 동안 이슬에 젖은 풀내음이 코끝을 스쳤고, 마음이 차분해지는 게 확실히 느껴졌다. 평소엔 쉽게 지나쳤던 작은 것들에 눈이 가서, 자연 속에서 스스로를 다시 바라보는 특별한 시간이 됐다.",발화자가 명상 여행지에서 두 번째 날 새벽에 한 활동은 무엇이었나요?,잘 모르겠음,조용한 방에서 책을 읽었다,숲속에서 요가를 했다,맑은 공기 속에서 걷기 명상을 했다,맑은 공기 속에서 걷기 명상을 했다,4,196
여행 경험,여행 중 가장 맛있었던 음식과 그 장소,170,"친구들과 함께 제주도로 여행을 갔을 때, 우연히 들른 작은 해산물 식당에서 먹었던 전복 돌솥밥이 아직도 잊혀지지 않는다. 밥 위에 전복이 푸짐하게 올라가 있었고, 돌솥에서 밥이 고슬고슬하게 익어 전복의 고소함과 밥의 담백함이 잘 어우러졌다. 식당 주인 아주머니가 직접 담근 미역국도 함께 내어주셔서 더 특별하게 느껴졌다. 그날 저녁, 식당 창밖으로 보이던 해 질 무렵의 바다 풍경도 음식 맛을 더욱 깊게 해주었다.",발화자가 제주도 여행 중에 먹었던 음식에 포함된 재료는 무엇이었나요?,잘 모르겠음,김치,전복,닭고기,전복,3,173
여행 경험,여행 중 가장 맛있었던 음식과 그 장소,170,"며칠 전 친구와 함께 부산에 다녀왔다. 해운대 근처 작은 골목에서 우연히 발견한 국수집이 있었는데, 그곳에서 먹었던 멸치국수가 아직도 잊혀지지 않는다. 진한 멸치육수에 파와 김가루가 듬뿍 올라가 있었고, 면발이 쫄깃하면서도 부드러워 정말 인상적이었다. 따뜻한 국물 덕분에 쌀쌀한 바닷바람도 금세 잊을 수 있었고, 식사 후에는 사장님이 직접 담근 매실차도 서비스로 주셔서 기분 좋은 기억으로 남았다.",내가 부산에서 친구와 함께 먹었던 음식에 대해 옳게 설명된 것은?,잘 모르겠음,파전과 막걸리를 먹었다.,멸치국수와 매실차를 맛보았다.,회덮밥을 먹고 바닷가 산책을 했다.,멸치국수와 매실차를 맛보았다.,3,170
여행 경험,여행 중 가장 맛있었던 음식과 그 장소,170,"며칠 전 친구와 함께 부산에 갔을 때, 해운대 근처 작은 골목에서 우연히 들어간 식당에서 먹은 곰장어구이가 아직도 기억에 남는다. 사장님이 직접 숯불에 구워주신 곰장어는 겉은 바삭하고 속은 촉촉해서 한입 먹자마자 감탄사가 절로 나왔다. 평소엔 생선요리를 잘 안 먹지만, 그날만큼은 밥 한 공기를 곰장어와 함께 순식간에 비웠다. 친구도 이렇게 맛있는 곰장어는 처음이라며 다음에 또 오자고 약속했다.",발화자가 부산에서 친구와 함께 먹고 감탄했던 음식은 무엇이었나요?,잘 모르겠음,회덮밥,곰장어구이,돼지국밥,곰장어구이,3,167
여행 경험,여행 중 가장 맛있었던 음식과 그 장소,170,"몇 해 전 친구와 부산에 갔을 때 해운대 근처의 작은 횟집에서 저녁을 먹었던 기억이 선명하다. 평소 회를 그다지 좋아하지 않았는데, 그날은 주인아주머니가 추천해주신 광어회를 먹고 감탄했다. 쫄깃하면서도 신선한 맛이 입안에 가득 퍼졌고, 곁들여 나온 초장과 미역국도 완벽하게 어울렸다. 식사를 마치고 바다 소리를 들으며 산책한 것도 잊을 수 없다.",부산 여행 중 기억에 남는 음식으로 화자가 감탄했던 것은 무엇이었나요?,잘 모르겠음,광어회,돼지국밥,물회,광어회,2,146
여행 경험,여행 중 만난 흥미로운 사람들,170,"며칠 전 기차 여행을 하던 중 맞은편에 앉은 중년 부부와 자연스럽게 대화를 나누게 되었다. 그분들은 30년 넘게 세계 곳곳을 자전거로 여행해왔다고 했고, 자전거로 국경을 넘을 때마다 생긴 흥미로운 에피소드를 들려줬다. 특히 몽골 초원에서 길을 잃었을 때 현지인 가족에게 도움을 받아 같이 유목민 텐트에서 하루를 보냈던 이야기가 인상 깊었다. 그 부부와 대화하면서 나도 언젠가 자전거로 긴 여행을 해보고 싶다는 생각이 들었다.",기차에서 만난 부부가 특별히 인상 깊게 이야기한 경험은 무엇이었나요?,잘 모르겠음,몽골 초원에서 현지인 가족과 텐트에서 보낸 경험,파리에서 유명한 레스토랑을 방문한 경험,사막에서 낙타를 탄 경험,몽골 초원에서 현지인 가족과 텐트에서 보낸 경험,2,178
여행 경험,여행 중 만난 흥미로운 사람들,170,"몇 년 전 혼자 제주도를 여행하다가 게스트하우스에서 독일에서 온 대학생을 만났다. 그는 자전거로 제주를 한 바퀴 돌고 있었는데, 그날 저녁에는 함께 근처 시장에 가서 회를 먹었다. 서로의 언어가 익숙하지 않아 손짓과 번역 앱을 사용하며 대화를 나눴다. 그 과정이 어색하면서도 무척 즐거웠고, 각자의 여행 계획을 공유하며 다음 날에는 함께 올레길을 걷기도 했다.",게스트하우스에서 만난 독일인과 함께 무엇을 먹으러 갔는가?,잘 모르겠음,치킨,회,떡볶이,회,3,151
여행 경험,여행 중 만난 흥미로운 사람들,170,"며칠 전 해변 근처 작은 카페에서 우연히 만난 프랑스인 여행자가 기억에 남는다. 그는 스페인에서 자전거로 국경을 넘어 이곳까지 왔는데, 도중에 겪은 폭우와 길을 잃었던 일, 그리고 현지인에게 도움을 받았던 이야기를 들려주었다. 나와는 다른 방식으로 여행을 즐기는 모습이 신선했고, 그날 우리는 각자 여행 중 겪은 가장 당황스러웠던 순간을 이야기하며 시간 가는 줄 몰랐다.",카페에서 만난 프랑스인 여행자가 겪은 일로 언급된 것은 무엇인가요?,잘 모르겠음,기차를 놓침,폭우를 만남,배를 타고 이동함,기차를 놓침,2,156
여행 경험,여행 중 만난 흥미로운 사람들,170,"며칠 전 혼자 부산으로 여행을 갔을 때 게스트하우스에서 같은 방을 쓰게 된 일본인 여행자를 만났다. 그는 카메라로 사진 찍는 걸 좋아해서 저녁에 해운대 바닷가에 함께 나가 사진을 찍으며 이야기를 나눴다. 서로의 여행 경험을 공유하고, 그는 내가 찍은 사진에도 관심을 보이며 직접 포즈도 잡아주었다. 짧은 시간이었지만 덕분에 색다른 추억을 남길 수 있었다.",게스트하우스에서 만난 일본인 여행자는 주로 어떤 취미를 가지고 있었나요?,잘 모르겠음,영화 감상,사진 촬영,요리,사진 촬영,3,148
여행 경험,외국에서 맛본 특색있는 음식들,170,"며칠 전, 스페인 바르셀로나의 작은 시장에서 우연히 발견한 해산물 빠에야를 먹었던 기억이 떠오른다. 노란 쌀밥 위에 신선한 홍합과 새우, 오징어가 듬뿍 올려져 있었고, 레몬을 살짝 뿌려 먹으니 고소함과 상큼함이 어우러져 아주 특별한 맛이었다. 현지 상인이 추천해준 사프란 향도 독특해서 식사 내내 색다른 경험을 했다. 한국에서는 느끼기 힘든 현지의 분위기와 맛에 푹 빠져 하루 종일 기분이 좋았다.",내가 바르셀로나 시장에서 맛본 빠에야에 들어간 해산물이 아닌 것은 무엇이었나?,잘 모르겠음,홍합,새우,조개,조개,4,167
여행 경험,외국에서 맛본 특색있는 음식들,170,"비 내리는 저녁, 프랑스의 작은 골목길에서 현지인 친구가 추천해 준 에스카르고를 처음 맛보게 됐다. 달팽이를 먹는다는 생각에 망설였지만, 마늘과 버터 향이 진하게 퍼져 그 독특한 식감과 조화로운 맛에 놀랐다. 식당 분위기도 아늑해서 특별한 기억으로 남았다.",내가 프랑스에서 현지인 친구의 추천으로 먹어 본 음식은 무엇이었나?,잘 모르겠음,마카롱,에스카르고,크루아상,에스카르고,3,109
여행 경험,외국에서 맛본 특색있는 음식들,170,"기차를 타고 베트남의 작은 마을에 도착했을 때, 현지 친구가 꼭 먹어보라며 거대한 쌀국수 그릇을 건네줬다. 그곳 쌀국수는 서울에서 먹던 것과 다르게 고수 향이 훨씬 강했고, 국물에 라임을 직접 짜 넣어 상큼함이 배가되었다. 처음엔 고수의 향이 너무 강해 낯설었지만, 친구가 직접 준비한 매운 칠리 소스를 조금씩 섞어 먹으니 그 풍미가 신기하게도 입안에 조화롭게 어우러졌다. 결국 한 그릇을 뚝딱 비우고 나니, 평소에는 도전하지 않았던 재료와 맛에 대한 두려움이 조금은 사라진 기분이었다.",발화자가 베트남 쌀국수에서 기존에 익숙하지 않았던 향신료는 무엇이었나요?,잘 모르겠음,고수,마늘,생강,고수,2,204
여행 경험,외국에서 맛본 특색있는 음식들,170,"며칠 전 파리의 작은 골목길을 걷다가 우연히 발견한 현지 식당에서 에스카르고라는 달팽이 요리를 처음 맛보게 되었어. 처음엔 다소 생소하고 망설여졌지만, 식당 주인께서 직접 만든 소스를 곁들여 먹으라고 추천해주셔서 용기를 내어 한 입 먹었지. 생각보다 부드럽고 버터향이 진하게 느껴져서 신기했어. 같이 간 친구는 치즈가 듬뿍 들어간 프랑스식 양파수프를 주문했는데, 그 진한 맛이 아직도 기억에 남아. 이번 여행에서 새로운 음식에 도전할 수 있어서 정말 특별한 경험이었어.",내가 파리에서 처음 먹어본 음식은 무엇이었나요?,잘 모르겠음,에스카르고(달팽이 요리),프랑스식 양파수프,치즈오믈렛,에스카르고(달팽이 요리),2,199
여행 경험,유럽 배낭여행 중 만난 사람들과의 이야기,170,"파리에서 열차를 기다리다가 옆자리에 앉은 이탈리아 학생들과 자연스럽게 대화를 나누게 되었어. 서로의 여행 계획을 공유하다가, 그들은 나에게 베네치아의 작은 카페를 꼭 가보라고 추천해줬지. 그 순간만큼은 언어가 다름에도 불구하고 여행자라는 공통점 덕분에 금세 가까워질 수 있었어. 헤어질 때 연락처를 교환하고 각자의 목적지로 향했는데, 덕분에 이후 이탈리아 일정에서 혼자라는 느낌이 들지 않아 정말 고마웠어.",파리 역에서 만난 이탈리아 학생들이 화자가 꼭 가보라고 추천한 곳은 어디인가요?,잘 모르겠음,로마의 박물관,베네치아의 작은 카페,피렌체의 미술관,베네치아의 작은 카페,3,176
여행 경험,유럽 배낭여행 중 만난 사람들과의 이야기,170,"파리의 작은 호스텔에서 방을 같이 쓰게 된 룸메이트들과 저녁에 서로의 여행 이야기를 나누게 되었다. 브라질에서 온 마르코는 여행 경비를 아끼려고 직접 요리를 해 먹는다고 해서, 그날 저녁은 각자 고향 음식을 만들어 나눠 먹기로 했다. 나는 김치볶음밥을 만들고, 마르코는 검은콩 요리를 준비했다. 서로의 음식을 맛보며 그동안 겪었던 해프닝도 얘기하다가, 덕분에 언어는 달라도 금방 친해질 수 있다는 걸 새삼 느꼈다.",호스텔에서 만난 마르코가 저녁에 준비한 음식은 무엇이었나요?,잘 모르겠음,김치볶음밥,검은콩 요리,스파게티,검은콩 요리,3,174
여행 경험,유럽 배낭여행 중 만난 사람들과의 이야기,170,"프라하의 어느 작은 호스텔에서 방을 같이 쓰게 된 이탈리아 친구 마르코와 밤늦게까지 이야기를 나누었다. 그는 나와 비슷한 시기에 유럽을 여행하고 있었고, 베네치아에서 요리를 배우고 있다는 사실을 들었다. 우리는 서로 여행 중 겪은 웃긴 에피소드를 공유했는데, 특히 내가 스페인에서 길을 잘못 들어 이상한 축제에 끼어들었던 일화를 듣고 마르코가 한참을 웃었던 기억이 난다. 그 날 밤 늦게까지 각자 가져온 간식을 나눠 먹으며 언어 장벽을 넘어 진심으로 소통했던 시간이 인상적이었다.","내가 만난 마르코는 어느 나라 사람이었으며, 그는 어떤 분야를 배우고 있다고 했는가?",잘 모르겠음,"프랑스, 미술","이탈리아, 요리","스페인, 음악","이탈리아, 요리",3,202
여행 경험,유럽 배낭여행 중 만난 사람들과의 이야기,170,"파리의 작은 게스트하우스에서 묵었던 날이 기억난다. 주방에서 우연히 만난 일본인 친구와 함께 저녁을 만들기로 했다. 그는 미소를 지으며 라면을 꺼내 보여주었고, 나는 한국에서 가져온 김치를 꺼냈다. 서로의 음식 문화를 소개하며 영어와 손짓으로 대화를 나누었다. 음식이 완성된 뒤, 옥상에서 야경을 보며 소박한 식사를 즐겼다. 서로의 여행 이야기를 나누면서 뜻밖의 공감대가 생겼고, 헤어질 때 서로의 연락처를 주고받았다.",게스트하우스에서 만난 일본인 친구와 무엇을 하며 친해졌는가?,잘 모르겠음,함께 유적지를 구경했다,같이 저녁을 만들어 먹으며 대화했다,기차를 함께 탔다,같이 저녁을 만들어 먹으며 대화했다,3,180
여행 경험,인생 사진을 찍기 위해 찾아간 대한민국의 명소,170,"몇 주 전, 오랜만에 친구들과 함께 바다 사진을 찍고 싶어서 강릉의 정동진에 다녀왔다. 일출을 배경으로 사진을 남기기 위해 새벽부터 출발했는데, 도착하니 이미 삼각대를 든 사람들이 많았다. 해가 떠오르는 순간 붉게 물든 하늘과 바다, 그리고 기차가 지나가는 장면이 어우러져 정말 인생 사진을 건질 수 있었다. 친구들과 바다를 배경으로 점프샷도 시도했는데, 타이밍 맞추기가 생각보다 어려워 몇 번이나 다시 찍어야 했다.",발화 속 화자는 인생 사진을 찍기 위해 어디에 다녀왔나요?,잘 모르겠음,부산 해운대,강릉 정동진,제주 협재해변,부산 해운대,2,176
여행 경험,인생 사진을 찍기 위해 찾아간 대한민국의 명소,170,"며칠 전 친구와 함께 SNS에서 본 적 있는 제주도의 협재 해수욕장에 다녀왔다. 평소 바닷가에서 사진 찍는 걸 좋아했지만, 이번에는 일출 시간에 맞춰 특별한 인생 사진을 남기고 싶었다. 새벽 공기를 마시며 촉촉한 모래 위를 걷다 보니, 수평선 너머로 붉은 해가 떠올랐다. 파도 소리를 배경 삼아 셔터를 눌렀더니, 오랜만에 만족스러운 사진이 탄생했다. 나중에 그 사진을 인화해 방 한쪽에 걸어두니, 그 순간의 감정이 다시 떠올라 미소가 지어졌다.",발화자가 인생 사진을 남기기 위해 협재 해수욕장에서 선택한 시간대는 언제였나요?,잘 모르겠음,한낮,일몰 시간,일출 시간,일출 시간,4,185
여행 경험,인생 사진을 찍기 위해 찾아간 대한민국의 명소,170,"몇 주 전 친구들과 함께 인생 사진을 남기고 싶어서 경주에 있는 황리단길을 찾았다. 골목마다 아기자기한 카페와 벽화가 가득해서 사진 찍기 딱 좋았다. 특히 노란 은행나무가 늘어진 거리를 배경으로 사진을 찍었는데, 햇살에 빛나는 노란 잎들이 너무 아름다워서 여러 번 셔터를 눌렀다. 사진을 정리하면서 그날의 따뜻한 분위기가 고스란히 담긴 걸 보니, 힘들게 시간 내서 다녀온 보람이 느껴졌다.",발화자가 인생 사진을 찍기 위해 방문한 장소에서 인상 깊게 본 것은 무엇이었나요?,잘 모르겠음,노란 은행나무가 늘어진 거리,높은 산과 맑은 계곡,해변의 일출,노란 은행나무가 늘어진 거리,2,163
여행 경험,인생 사진을 찍기 위해 찾아간 대한민국의 명소,170,"지난달 친구들과 함께 경주에 다녀왔다. 첨성대 근처의 유채꽃밭에서 노란 꽃들이 만개한 풍경을 배경으로 사진을 찍고 싶어 일부러 새벽에 도착했다. 해가 막 떠오르기 시작할 무렵, 이슬에 젖은 꽃들이 햇살에 반짝여 정말 아름다웠다. 삼각대를 세우고 여러 각도에서 사진을 찍었는데, 그중 한 장은 친구 모두가 환하게 웃으며 포즈를 잡은 모습이 담겨 인생 사진이라 부를 만했다. 사진을 찍고 난 뒤에는 근처 카페에서 따뜻한 커피를 마시며 추억을 이야기했다.",인생 사진을 찍은 장소에서 주인공과 친구들은 어떤 시간대에 도착했나요?,잘 모르겠음,한낮,해가 지고 난 후,새벽,새벽,4,189
여행 경험,재미있었던 가족여행 이야기,170,"몇 년 전 겨울, 가족 모두가 한 번도 가보지 않은 강릉으로 여행을 떠났던 기억이 아직도 생생하다. 눈이 펑펑 내리는 날씨 덕분에 바닷가 풍경이 평소와는 또 다르게 느껴졌고, 우리는 모래사장 위에서 눈사람을 만들어보는 신기한 경험을 했다. 저녁에는 작은 횟집에서 싱싱한 회를 먹으며 서로의 일상을 나눴고, 숙소로 돌아오는 길에는 아버지가 갑자기 눈싸움을 제안해 온 가족이 함께 뛰놀았다. 평소에 바쁘던 가족들이 오랜만에 한자리에 모여 잊지 못할 추억을 쌓았던 소중한 시간이었다.",가족이 강릉 여행 중에 저녁 식사로 먹었던 음식은 무엇이었나요?,잘 모르겠음,불고기,싱싱한 회,감자탕,싱싱한 회,3,201
여행 경험,재미있었던 가족여행 이야기,170,"지난봄, 부모님과 동생과 함께 남해로 가족여행을 다녀왔다. 숙소에 도착하자마자 짐을 풀고 근처 해변 산책로를 걸었는데, 바닷바람이 상쾌해서 기분이 정말 좋았다. 저녁에는 근처 횟집에서 싱싱한 해산물을 먹으며 다 함께 웃고 떠들었다. 특히 동생이 게살을 처음 맛보고 너무 맛있다며 연신 감탄해서 모두가 즐겁게 웃었다. 밤에는 숙소 테라스에서 별을 보며 가족끼리 오랜만에 긴 이야기를 나눌 수 있어 특별한 추억으로 남았다.",발화에서 동생이 여행 중 감탄했던 음식은 무엇이었나요?,잘 모르겠음,새우튀김,게살,조개구이,게살,3,178
여행 경험,재미있었던 가족여행 이야기,170,"지난 겨울, 가족과 함께 강릉으로 기차 여행을 다녀온 기억이 생생하다. 도착하자마자 눈이 내리기 시작해 모두 신이 났다. 바닷가에서 눈싸움을 하다가 동생이 장갑을 잃어버렸는데, 아빠가 모래 속에서 직접 찾아주셨다. 저녁에는 횟집에서 신선한 회를 먹으며 다 같이 사진도 찍었고, 숙소로 돌아오는 길에 따뜻한 붕어빵을 사 먹으며 웃었던 순간이 아직도 기억에 남는다.","강릉 여행 중 동생이 무엇을 잃어버렸고, 누가 그것을 찾아주었나요?",잘 모르겠음,"모자, 엄마가 찾아줌","장갑, 아빠가 찾아줌","목도리, 누나가 찾아줌","장갑, 아빠가 찾아줌",3,154
여행 경험,재미있었던 가족여행 이야기,170,"작년에 가족들과 속초로 여행을 갔던 일이 기억난다. 그날은 비가 와서 해수욕은 포기하고 대신 실내 아쿠아리움에 들어갔는데, 동생이 처음으로 직접 물고기에게 먹이를 주며 신기해했다. 엄마는 바닷가 근처에서 파는 오징어순대를 사줬고, 아빠는 즉석에서 사진을 많이 찍어줬다. 돌아오는 길에는 모두 피곤했지만, 차 안에서 서로 본인들이 찍은 사진을 보여주며 한참을 웃었다.",가족여행 중 동생이 가장 신기해했던 활동은 무엇이었나요?,잘 모르겠음,오징어순대 먹기,물고기에게 먹이 주기,해수욕하기,물고기에게 먹이 주기,3,158
여행 경험,제주도에서의 독특한 카페 탐방 경험,170,"친구와 함께 우연히 찾은 제주도의 한 카페는 내부에 작은 온실이 있어 식물들 사이에서 커피를 마실 수 있었어요. 카페 한쪽 벽엔 다양한 손님들이 남긴 메시지 카드가 가득 붙어 있었고, 저도 여행의 추억을 짧게 적어 두고 왔답니다. 창밖으로 보이는 감귤 밭 풍경도 인상적이어서, 평소와는 다른 분위기 속에서 오랜만에 여유로운 시간을 보낼 수 있었어요.",제가 방문한 제주도 카페의 특별한 점으로 언급된 것은 무엇인가요?,잘 모르겠음,바다가 바로 보이는 테라스가 있었다,내부에 작은 온실이 있었다,제주 전통음식을 무료로 제공했다,내부에 작은 온실이 있었다,3,145
여행 경험,제주도에서의 독특한 카페 탐방 경험,170,"며칠 전 제주도 골목을 걷다가 외관이 파란색으로 칠해진 작은 카페를 우연히 발견했어요. 내부에는 직접 만든 도자기 잔과 나무 테이블이 놓여 있었고, 창문 너머로 한라산이 보였죠. 주인장께서 직접 로스팅한 커피를 내어주셨는데, 커피 향과 더불어 감귤청이 들어간 브라우니도 서비스로 주셨어요. 창가에 앉아 제주만의 여유를 느끼며 책을 읽다 보니, 시간 가는 줄 몰랐답니다.",제가 제주도의 카페에서 서비스로 받은 디저트는 무엇이었나요?,잘 모르겠음,치즈케이크,감귤청이 들어간 브라우니,녹차 마들렌,감귤청이 들어간 브라우니,3,157
여행 경험,제주도에서의 독특한 카페 탐방 경험,170,"친구와 제주도 여행 중에 우연히 한라산 자락에 숨겨진 작은 카페를 발견했어요. 외관은 오래된 돌집이었지만 안에 들어가니 커다란 창으로 숲이 한눈에 들어왔죠. 직접 만든 감귤청을 넣은 에이드와 한라봉 케이크가 정말 인상적이었고, 주인분이 제주 방언으로 따뜻하게 인사해줘서 제주만의 정취를 제대로 느낄 수 있었어요.",제가 제주도에서 방문한 카페에서 인상 깊게 먹은 음식은 무엇이었나요?,잘 모르겠음,감귤 파이와 아메리카노,한라봉 케이크와 감귤청 에이드,고구마 케이크와 녹차 라떼,한라봉 케이크와 감귤청 에이드,3,134
여행 경험,제주도에서의 독특한 카페 탐방 경험,170,"제주도에 갔을 때 우연히 작은 골목 안에 숨겨진 돌담 카페를 발견했어. 입구에 감귤나무가 있어서 향긋한 냄새가 퍼졌고, 내부에는 손글씨로 적힌 메뉴판과 다양한 색깔의 빈백 소파가 있었지. 창문 너머로 보이는 푸른 바다 풍경을 바라보며, 제주 특산물로 만든 당근케이크와 감귤차를 주문했어. 주인 아주머니가 직접 재배한 재료라며 설명해주셔서 더 특별하게 느껴졌고, 조용한 분위기 속에서 책도 읽으며 여유로운 시간을 보냈어.",카페에서 내가 주문한 음식과 음료는 무엇이었나요?,잘 모르겠음,초코케이크와 아메리카노,당근케이크와 감귤차,치즈케이크와 우유,당근케이크와 감귤차,3,179
여행 경험,친구와 함께한 캠핑 여행에서 겪은 일,170,"지난 주말, 오랜만에 만난 친구와 근교 산으로 캠핑을 갔다. 텐트를 치는 동안 바람이 너무 세서 천막이 날아갈 뻔했지만, 둘이 힘을 합쳐 겨우 고정했다. 저녁엔 우리가 직접 준비한 고구마와 옥수수를 불에 구워 먹었는데, 고구마가 너무 익어서 일부는 까맣게 타버렸다. 그래도 친구와 웃으며 먹으니 그 탄 고구마조차도 특별하게 느껴졌다. 밤에는 갑자기 비가 내려서 우비를 입고 둘이 텐트 안에서 긴 시간 이야기를 나누며 추억을 쌓았다.",캠핑 중에 친구와 함께 먹었던 음식은 무엇이었나요?,잘 모르겠음,감자와 당근,고구마와 옥수수,떡과 고기,고구마와 옥수수,3,180
여행 경험,친구와 함께한 캠핑 여행에서 겪은 일,170,"지난주 금요일 저녁, 친구 민수와 근교 산으로 캠핑을 갔었다. 텐트를 치고 저녁을 준비하려는데 갑자기 바람이 세게 불어서 바베큐 그릴이 넘어질 뻔했다. 민수가 급히 그릴을 잡아줘서 큰일은 없었지만, 숯이 몇 개 굴러가 버렸다. 다행히 숯을 다시 모아 고기를 구울 수 있었고, 해가 질 무렵엔 둘이서 별을 보며 오랜만에 진솔한 이야기도 나눴다. 그날 밤은 모닥불 옆에서 따뜻한 코코아를 마시며 마무리했다.",캠핑 중 바람 때문에 어떤 일이 벌어졌는지 고르세요.,잘 모르겠음,텐트가 날아갔다,바베큐 그릴이 넘어질 뻔했다,음식이 모두 탔다,바베큐 그릴이 넘어질 뻔했다,3,168
여행 경험,친구와 함께한 캠핑 여행에서 겪은 일,170,"며칠 전 친구와 함께 근처 산으로 캠핑을 다녀왔다. 텐트 치는 건 서로 처음이라 한참을 헤맸지만, 결국 힘을 합쳐 완성했다. 밤이 되자 바람이 점점 세졌고, 갑자기 텐트 고정끈이 풀려 한쪽이 휘청였다. 손전등을 들고 둘이서 바람을 맞으며 고정끈을 다시 묶었는데, 그 과정에서 친구가 넘어져 흙투성이가 됐다. 힘들었지만, 그 뒤 모닥불 앞에서 컵라면을 먹으며 서로를 놀리다 한참을 웃었다.",캠핑 중 바람 때문에 발생한 문제를 해결하는 과정에서 친구에게 어떤 일이 있었는가?,잘 모르겠음,친구가 고정끈을 잃어버렸다,친구가 넘어져 흙투성이가 되었다,친구가 모닥불을 끄고 말았다,친구가 넘어져 흙투성이가 되었다,3,162
여행 경험,친구와 함께한 캠핑 여행에서 겪은 일,170,"지난달 주말에 친구 민수와 함께 계곡 근처 캠핑장에 다녀왔다. 텐트를 치는 데 처음이라 둘이서 땀을 뻘뻘 흘리며 설명서를 여러 번 확인했다. 해가 지고 나서야 겨우 텐트를 완성했는데, 저녁 식사로 라면을 끓이다가 바람에 불이 꺼져버려 고생을 좀 했다. 결국 헤드랜턴 불빛 아래에서 라면을 먹었는데, 오히려 그런 불편함 덕분에 더 오래 기억에 남을 것 같다.",캠핑장에서 라면을 끓일 때 어떤 일이 발생했나요?,잘 모르겠음,물이 부족해서 라면을 못 끓였다.,바람에 불이 꺼져 고생했다.,라면을 쏟아서 새로 끓였다.,바람에 불이 꺼져 고생했다.,3,147
여행 경험,해외여행 중 겪었던 위기 상황,170,"몇 년 전 친구와 이탈리아 로마를 여행할 때, 지하철에서 갑자기 소매치기를 당할 뻔한 적이 있다. 사람들로 붐비는 객차에서 누군가 내 가방을 살짝 잡아당기는 느낌이 들었고, 바로 뒤돌아보니 낯선 남자가 서 있었다. 다행히 신속하게 가방을 가슴 쪽으로 옮겨 안고, 친구가 소리를 질러 그 사람이 도망쳤다. 그 이후로 도심에서는 항상 가방을 앞으로 메고 다니며, 특히 혼잡한 곳에서는 한 번 더 주위를 살피는 습관이 생겼다.",발화자가 로마에서 소매치기를 당할 뻔했을 때 친구가 한 행동은 무엇인가요?,잘 모르겠음,경찰에게 바로 신고했다,가방을 대신 들어주었다,소리를 질러 소매치기가 도망치게 했다,소리를 질러 소매치기가 도망치게 했다,4,174
여행 경험,해외여행 중 겪었던 위기 상황,170,"비행기에서 내리자마자 가방이 사라져버려서 당황했던 기억이 있다. 공항 직원에게 영어로 상황을 설명해야 했는데, 긴장한 탓에 단어가 잘 떠오르지 않아 한참을 버벅였다. 결국 친절한 직원이 천천히 질문해줘서 내가 머물던 숙소 주소와 가방 특징을 어렵게 전달했다. 다행히 다음날 아침에 가방을 찾았고, 그 덕분에 여행 내내 귀중품을 항상 손에 들고 다니게 되었다.","공항에서 가방이 사라졌을 때, 발화자가 가장 먼저 했던 행동은 무엇이었나요?",잘 모르겠음,가족에게 전화했다,공항 직원에게 상황을 설명했다,현지 경찰서에 바로 신고했다,공항 직원에게 상황을 설명했다,3,152
여행 경험,해외여행 중 겪었던 위기 상황,170,"며칠 전, 프라하에서 숙소로 돌아가려던 중 갑자기 휴대폰 배터리가 모두 닳아서 구글 지도를 볼 수 없게 되었다. 어두워지는 골목에서 길을 잃고 잠시 당황했지만, 근처 카페에 들어가 간단한 체코어로 도와달라고 부탁했다. 친절한 직원이 휴대폰 충전을 도와주고, 숙소 위치도 직접 지도에 표시해 주어서 무사히 돌아올 수 있었다. 그날 이후, 보조 배터리를 항상 들고 다니게 되었다.",프라하에서 길을 잃은 뒤 발화자가 숙소로 돌아갈 수 있었던 주된 이유는 무엇인가요?,잘 모르겠음,카페에서 무료 와이파이를 사용했기 때문에,체코어로 도움을 요청해 직원의 도움을 받았기 때문에,택시를 이용했기 때문에,체코어로 도움을 요청해 직원의 도움을 받았기 때문에,3,158
여행 경험,해외여행 중 겪었던 위기 상황,170,"파리에서 지하철을 탔을 때 갑자기 모든 불이 꺼지고 열차가 멈춰 섰다. 주변 승객들도 놀라 웅성거렸고, 프랑스어를 잘 못해서 안내 방송이 무슨 말인지 알아듣지 못했다. 처음엔 당황했지만, 옆에 있던 현지인이 영어로 상황을 설명해줘서 겨우 안심할 수 있었다. 그 사람 덕분에 당황하지 않고 30분쯤 기다렸다가 무사히 목적지에 도착했다.",발화자가 지하철 안에서 안내 방송 내용을 이해하지 못했던 이유는 무엇인가?,잘 모르겠음,스피커가 고장나서,프랑스어를 잘 몰라서,방송이 너무 작게 들려서,프랑스어를 잘 몰라서,3,141
여행 경험,가장 기억에 남는 여행지에서의 경험,170,"몇 해 전 늦가을에 친구들과 강릉으로 여행을 갔던 기억이 아직도 생생하다. 평소에 바다를 자주 보지 못해서 경포대 해변에 도착했을 때 설렘이 컸다. 바닷바람을 맞으며 모래사장 위에서 사진도 찍고, 근처 카페에서 따뜻한 커피를 마시며 파도 소리를 들었던 시간이 정말 소중했다. 저녁에는 오죽헌 근처를 산책하다가 우연히 지역 축제를 만났고, 그곳에서 강릉 특산물로 만든 떡을 처음 맛봤다. 여행 내내 소소한 즐거움이 가득해서 잊을 수 없는 추억으로 남아 있다.",화자가 강릉에서 처음 먹어 본 음식은 무엇이었나요?,잘 모르겠음,강릉 특산물로 만든 떡,해산물 요리,붕어빵,강릉 특산물로 만든 떡,2,191
여행 경험,가장 기억에 남는 여행지에서의 경험,170,"친구들과 제주도에서 렌터카를 빌려서 해안 도로를 달린 기억이 아직도 생생하다. 그날은 갑자기 비가 쏟아져서 계획했던 바다 수영 대신 근처 작은 카페에 들어가 따뜻한 감귤차를 마셨다. 창밖으로 보이는 빗속의 야자수와 조용한 해변이 정말 이국적이었고, 평소와 다른 여행의 매력을 느끼게 해준 순간이었다.",발화자가 제주도에서 비가 와서 친구들과 함께 대신 방문한 장소는 어디였나요?,잘 모르겠음,산책로,작은 카페,박물관,작은 카페,3,128
여행 경험,가장 기억에 남는 여행지에서의 경험,170,"며칠 전, 경주의 한적한 골목길을 산책하다가 우연히 작은 찻집을 발견했다. 창밖에는 은행나무가 노랗게 물들어 있었고, 그 풍경을 바라보며 따뜻한 유자차를 마셨다. 사장님과 잠시 대화를 나누었는데, 직접 손수 만든 유자청이라며 한 잔 더 권해주셔서 특별한 기분이 들었다. 그날의 향기와 고요함이 아직도 마음에 남아 있다.",찻집에서 주인이 주인공에게 무엇을 권해주었나요?,잘 모르겠음,따뜻한 커피,직접 만든 유자청,호두과자,직접 만든 유자청,3,136
여행 경험,가장 기억에 남는 여행지에서의 경험,170,"부산에 갔을 때 해운대 해변에서 우연히 현지 음악 동호회 분들을 만났던 경험이 잊혀지지 않는다. 그분들은 즉석에서 작은 연주회를 열었고, 나도 기타를 빌려 한 곡을 같이 연주하게 되었다. 노을이 지는 바다를 배경으로 모르는 사람들과 함께 음악을 나누며 웃고 박수를 치던 순간이 아직도 생생하다. 여행에서 가장 뜻밖의 인연과 특별한 추억이 만들어졌던 날이다.",부산 여행 중 해운대에서 화자가 현지인들과 함께 하게 된 활동은 무엇이었나요?,잘 모르겠음,바닷가 청소,음악 연주회,사진 촬영 대회,음악 연주회,3,150
여행 경험,가장 기억에 남는 여행지와 그 이유,170,"며칠 전 친구와 단둘이 간 남해 여행이 아직도 머릿속에 선명하다. 바닷가 근처 작은 게스트하우스에 묵으며 저녁엔 바비큐 파티에 참여했다. 그곳에서 만난 다른 여행객들과 함께 바다를 바라보며 서로의 여행 이야기를 나눴는데, 평소 소극적이던 내가 낯선 이들과 자연스럽게 어울릴 수 있었던 경험이 가장 인상 깊었다.",발화자가 남해 여행에서 특별히 기억에 남는 이유는 무엇인가요?,잘 모르겠음,게스트하우스가 아주 고급스러워서,낯선 사람들과 자연스럽게 어울릴 수 있어서,해변에서 혼자 산책을 많이 해서,낯선 사람들과 자연스럽게 어울릴 수 있어서,3,131
여행 경험,가장 기억에 남는 여행지와 그 이유,170,"몇 년 전 친구들과 함께 강릉으로 여행을 다녀온 기억이 아직도 생생하다. 바닷가 근처 숙소에서 하루를 보내고, 다음 날 아침 해돋이를 보려고 일찍 일어났는데, 잔잔한 파도 소리와 붉게 물든 하늘이 너무 인상적이었다. 그 순간을 사진으로 남기기도 했지만, 무엇보다도 친구들과 함께 따뜻한 커피를 나눠 마시며 조용히 풍경을 감상한 시간이 가장 소중하게 느껴졌다.",발화자가 여행 중에 해돋이를 감상할 때 친구들과 함께 했던 활동은 무엇이었나요?,잘 모르겠음,사진을 찍으며 노래를 부름,따뜻한 커피를 나눠 마심,모래사장에서 축구를 함,따뜻한 커피를 나눠 마심,3,151
여행 경험,가장 기억에 남는 여행지와 그 이유,170,"며칠 전 친구들과 함께 제주도의 작은 마을을 찾았던 경험이 아직도 선명하게 떠오른다. 그곳에서 우리는 바닷가 근처에 있는 게스트하우스에 묵었는데, 저녁 무렵 마당에 모여 바비큐를 해 먹으며 서로의 이야기를 나눴던 시간이 정말 특별했다. 시원한 바람과 함께 먹는 고기 맛이 유난히 좋았고, 평소에는 듣지 못하던 파도 소리와 매미 소리가 어우러져 평화로움을 느꼈다.",발화자가 친구들과 함께 제주도에서 저녁에 무엇을 하며 특별한 시간을 보냈나요?,잘 모르겠음,게스트하우스 마당에서 바비큐를 해 먹으며 이야기를 나눴다.,제주도 카페에서 커피를 마셨다.,오름을 등반하며 경치를 감상했다.,게스트하우스 마당에서 바비큐를 해 먹으며 이야기를 나눴다.,2,153
여행 경험,가장 기억에 남는 여행지와 그 이유,170,"몇 해 전, 친구들과 경주에 갔던 기억이 여전히 선명하다. 첨성대 근처를 산책하다가 갑자기 내린 소나기 덕분에 우산도 없이 한참을 뛰었고, 비를 피하려 들어간 작은 찻집에서 사장님이 직접 끓여주신 생강차를 마시며 몸을 녹였다. 그날의 따뜻함과 낯선 도시에서 만난 친절함이 나에게 경주를 특별한 곳으로 남겼다. 여행 내내 비 때문에 불편했지만 오히려 그런 예상치 못한 순간들이 더 깊게 기억에 남는다.",경주 여행 중 비를 피하며 우연히 들어간 찻집에서 마신 음료는 무엇이었나요?,잘 모르겠음,생강차,커피,녹차,생강차,2,167
여행 경험,가장 인상 깊었던 여행 경험,170,"얼마 전 친구들과 제주도에서 자전거 여행을 했는데, 그때의 바닷바람과 노을이 아직도 생생하다. 중간에 갑자기 비가 쏟아져서 근처 해녀 할머니가 운영하는 작은 해물라면집으로 뛰어 들어갔다. 젖은 옷을 말리며 먹던 따끈한 해물라면은 그 어떤 고급 음식보다 맛있었고, 할머니께서 들려주시던 해녀로서의 삶 이야기도 인상 깊었다. 그 경험 덕분에 여행의 뜻밖의 순간들이 얼마나 소중한지 알게 되었다.",비가 쏟아졌을 때 여행자는 어디에서 비를 피했나요?,잘 모르겠음,해녀 할머니가 운영하는 해물라면집,우체국,자동차 안,해녀 할머니가 운영하는 해물라면집,2,167
여행 경험,가장 인상 깊었던 여행 경험,170,친구들과 함께 제주도에 갔을 때 비가 내렸지만 우비를 입고 오름을 올랐던 순간이 아직도 기억에 남는다. 비에 젖은 풀내음과 흐릿하게 깔린 안개 덕분에 오히려 평소와는 다른 신비로운 풍경을 만날 수 있었다. 정상에 도착해서 비를 맞으며 먹었던 김밥 맛도 잊을 수 없다.,발화자가 제주도 오름 정상에서 먹은 음식은 무엇인가요?,잘 모르겠음,샌드위치,김밥,떡볶이,김밥,3,110
여행 경험,가장 인상 깊었던 여행 경험,170,"며칠 전, 친구들과 강릉에 다녀온 경험이 아직도 생생하다. 우리는 기차를 타고 바닷가 근처 작은 펜션에 묵었는데, 저녁에는 해변 산책을 하며 파도 소리를 들었다. 특히 새벽에 모두 일어나 동해 일출을 함께 본 순간이 가장 기억에 남는다. 차가운 바람을 맞으며 커피를 나눠 마셨고, 그때 찍은 사진들은 아직도 휴대폰 배경화면으로 쓰고 있다. 이런 평범한 순간들이 여행의 진짜 추억이 되는 것 같다.",강릉 여행 중 친구들이 새벽에 함께 한 특별한 활동은 무엇이었나요?,잘 모르겠음,해변에서 모래성 쌓기,동해 일출 감상,펜션에서 영화 시청,동해 일출 감상,3,164
여행 경험,가장 인상 깊었던 여행 경험,170,"가을이 되자 친구들과 계획 없이 기차를 타고 강릉으로 떠난 적이 있다. 바닷가에 도착하자마자 맑은 바람과 파도 소리에 기분이 상쾌해졌다. 우리는 즉흥적으로 서핑 강습을 신청해 처음 보드를 타고 파도 위에 올라섰다. 넘어지기도 여러 번 했지만, 친구들과 서로를 응원하며 웃고 떠드는 시간이 정말 소중하게 느껴졌다. 해 질 무렵 모래사장에 앉아 붉게 물든 하늘을 보며 각자의 고민을 나누던 순간이 아직도 가장 인상 깊게 남아 있다.",발화자가 강릉에서 친구들과 함께 처음으로 시도한 활동은 무엇인가요?,잘 모르겠음,모래사장 산책,서핑 강습,바다낚시,서핑 강습,3,178
여행 경험,가족과 함께한 하와이 여행,170,"몇 해 전 부모님과 동생과 함께 하와이로 여행을 떠난 기억이 있다. 도착하자마자 알로하 셔츠를 맞춰 입고 와이키키 해변에서 바닷물에 발을 담갔는데, 동생이 파도에 휩쓸려 모래 위로 넘어져 한참을 웃었다. 저녁에는 현지에서 유명한 파인애플 피자를 먹었고, 호텔로 돌아가는 길에 노을이 지는 바다를 바라보며 가족끼리 사진도 찍었다. 모두가 바쁜 일상 속에서 모처럼 느긋하게 보냈던 그 하루가 아직도 선명하게 기억난다.",발화에서 동생이 해변에서 겪은 일은 무엇이었나요?,잘 모르겠음,파인애플을 먹었다.,파도에 휩쓸려 모래 위로 넘어졌다.,노을을 바라보며 산책했다.,파도에 휩쓸려 모래 위로 넘어졌다.,3,175
여행 경험,가족과 함께한 하와이 여행,170,"며칠 전 가족들과 하와이에서 잊지 못할 추억을 만들었다. 해변에서 작은 조개껍데기를 모으다가 동생이 파도에 넘어져 다 함께 크게 웃었고, 엄마는 직접 만든 레이 꽃목걸이를 내게 걸어주었다. 저녁에는 야자수 아래에서 하와이안 음악을 들으며 파인애플 피자를 먹었는데, 그 맛이 지금도 생생하다. 다음엔 가족 모두와 스노클링도 해보고 싶다.",발화자가 하와이에서 가족과 함께 했던 활동이 아닌 것은 무엇인가요?,잘 모르겠음,해변에서 조개껍데기 모으기,스노클링,야자수 아래에서 하와이안 음악 감상,스노클링,3,143
여행 경험,가족과 함께한 하와이 여행,170,"작년 겨울방학 때 가족들과 하와이로 여행을 다녀왔다. 처음 도착했을 때 공항에서 따뜻한 바람이 불어와서 모두가 기분이 좋아졌다. 둘째 날에는 와이키키 해변에서 수영도 하고, 아버지는 해변 근처에서 사진 찍는 걸 좋아하셔서 가족사진을 많이 남겼다. 저녁에는 로컬 음식점에서 하와이안 피자와 파인애플 주스를 먹었는데, 동생은 파인애플이 듬뿍 들어간 피자를 특히 좋아했다. 돌아오는 길에 하와이 전통 춤 공연도 봤는데, 어머니가 그 춤을 따라 하시다가 모두 크게 웃었던 기억이 난다.",하와이 여행 중 동생이 가장 좋아한 음식은 무엇이었나요?,잘 모르겠음,하와이안 피자,파인애플 주스,전통 음식,하와이안 피자,2,203
여행 경험,가족과 함께한 하와이 여행,170,"하와이에서 가족과 함께 머물렀던 작은 민박집의 아침이 아직도 기억에 남는다. 숙소 주인분이 손수 구워 주신 파인애플 팬케이크 덕분에 모두가 일찍부터 상에 둘러앉았는데, 동생이 처음 맛보는 신기한 소스 때문에 한참을 웃었던 장면이 떠오른다. 식사 후에는 근처 해변으로 산책을 나가 모래 위에 이름을 써보기도 하고, 부모님과 같이 사진을 찍으며 평소보다 훨씬 많은 대화를 나눴다.",가족이 하와이 숙소에서 아침에 먹은 음식은 무엇이었나요?,잘 모르겠음,코코넛 스무디,파인애플 팬케이크,바나나 토스트,파인애플 팬케이크,3,159
여행 경험,낯선 도시에서의 재밌는 황당 사건,170,"몇 년 전 혼자 유럽 배낭여행을 갔을 때 일이다. 지도를 들고 길을 찾다가 갑자기 비가 쏟아져 근처 카페로 뛰어들었다. 그런데 그곳이 현지 예술 동호회의 정기 모임 장소였던 것 같다. 어색하게 앉아있는데, 주최자가 나에게도 붓과 캔버스를 건네주며 함께 그리자고 해서, 갑자기 즉석에서 그림을 그리게 되었다. 내 그림 실력에 모두가 웃었고, 뜻밖에 현지인 친구도 사귀게 되어 참 황당하면서도 즐거운 경험이었다.",발화자가 비를 피하다 들어간 곳에서 갑자기 하게 된 활동은 무엇이었나요?,잘 모르겠음,음악 연주,그림 그리기,보드게임,그림 그리기,3,171
여행 경험,낯선 도시에서의 재밌는 황당 사건,170,"며칠 전 혼자 떠난 부산 여행에서 정말 황당한 경험을 했다. 지도를 보며 유명한 밀면집을 찾아가다가 골목을 잘못 들어섰는데, 갑자기 앞에 있던 고양이 무리가 내 신발끈을 가지고 장난을 치기 시작했다. 고양이 한 마리가 신발끈을 입에 물고 도망가서, 나는 신발 한 쪽이 풀린 채로 그 고양이를 따라 좁은 골목을 몇 분간 쫓아다녔다. 결국 근처 상점 주인분이 웃으면서 도와주셔서 겨우 신발끈을 되찾을 수 있었다. 그렇게 해프닝 끝에 밀면도 무사히 맛볼 수 있었다.",부산 여행 중 신발끈을 되찾는 데 도움을 준 사람은 누구였나요?,잘 모르겠음,밀면집 사장님,근처 상점 주인,같이 여행 간 친구,근처 상점 주인,3,189
여행 경험,낯선 도시에서의 재밌는 황당 사건,170,"낯선 도시에 도착하자마자 길을 잃고 말았다. 지도를 보며 한참 헤매다가 어떤 현지인 아주머니께 길을 물었는데, 아주머니가 갑자기 내 손에 파란색 풍선을 쥐여주며 따라오라고 하셨다. 풍선을 든 채로 시장 골목을 지나고, 신기한 과일가게 앞에서 아주머니가 풍선을 손에 묶어주시더니, 이걸 들고 있으면 가게 주인이 나를 도와줄 거라며 씩 웃으셨다. 결국 과일가게 주인 아저씨가 내게 길을 친절히 알려줬고, 덕분에 무사히 목적지에 도착했다. 풍선은 여행 내내 좋은 추억이 되었다.",길을 잃은 후 내가 아주머니에게 받은 특별한 물건은 무엇이었나요?,잘 모르겠음,파란색 풍선,빨간 모자,노란색 가방,파란색 풍선,2,200
여행 경험,낯선 도시에서의 재밌는 황당 사건,170,"며칠 전 혼자 여행 중이던 작은 도시에서 길을 잃어버렸다. 지도를 보며 걷다가 동네 시장에 들어섰는데, 갑자기 시장 상인들이 나를 둘러싸더니 오늘이 그 도시의 특산물 시식 행사라며 여러 음식을 권했다. 고개를 끄덕이며 이것저것 맛보다가 결국 수박 모자를 쓰고 기념사진까지 찍게 되었는데, 그 모습이 그 도시 공식 SNS에 올라가서 호텔 직원이 나를 알아보고 인사까지 해 당황스러우면서도 유쾌한 하루였다.",여행 중 어떤 모자를 쓰고 기념사진을 찍게 되었나요?,잘 모르겠음,딸기 모자,수박 모자,고구마 모자,수박 모자,3,170
여행 경험,다시 가고 싶은 여행지와 그 이유,170,"며칠 전 친구와 여행 사진을 정리하다가 작년에 다녀온 제주도 생각이 났다. 그때 우연히 들른 작은 해변에서 노을을 보며 조용히 산책했던 순간이 아직도 선명하다. 맛집을 찾아다니는 재미도 있었지만, 무엇보다 현지 주민분들과 나눈 짧은 대화에서 느낀 따뜻함이 인상적이었다. 그래서 기회가 된다면 꼭 다시 제주도를 찾고 싶다는 생각이 들었다.",발화자가 제주도에서 가장 인상 깊게 느낀 것은 무엇이었나요?,잘 모르겠음,맛집을 찾아다닌 경험,노을을 본 해변 산책,현지 주민들과 나눈 따뜻한 대화,현지 주민들과 나눈 따뜻한 대화,4,143
여행 경험,다시 가고 싶은 여행지와 그 이유,170,"며칠 전 친구들과 여행 이야기를 하다가, 예전에 혼자 갔던 통영이 떠올랐다. 통영의 바다 내음과 낮은 언덕길을 따라 걸었던 시간이 여전히 생생하다. 시장에서 먹었던 따끈한 충무김밥과 오징어무침, 그리고 해 질 무렵 바라본 노을 진 바다가 지금도 그리울 만큼 인상 깊었다. 조용히 책을 읽거나, 천천히 산책할 수 있었던 그 평화로운 분위기가 다시 한번 느끼고 싶어서 언젠가 꼭 다시 가보고 싶다는 생각이 들었다.",내가 다시 가고 싶은 여행지에서 가장 인상 깊었던 먹거리는 무엇이었나요?,잘 모르겠음,해물파전과 막걸리,충무김밥과 오징어무침,회와 매운탕,충무김밥과 오징어무침,3,170
여행 경험,다시 가고 싶은 여행지와 그 이유,170,몇 년 전 친구들과 부산으로 여행을 갔던 기억이 아직도 생생하다. 해운대 바닷가에서 파도 소리를 들으며 밤늦게까지 이야기 나누던 시간이 정말 소중하게 느껴졌다. 특히 작은 골목길에 숨어 있던 전통 찻집에서 마신 따뜻한 유자차의 향이 너무 좋아서 그곳을 다시 꼭 찾아가고 싶다. 그때 찍었던 사진들을 다시 보면 그곳의 분위기와 그때의 기분이 떠올라 마음이 편안해진다.,발화자가 부산 여행 중에 특별히 기억에 남는 장소는 어디인가요?,잘 모르겠음,해운대 바닷가,전통 찻집,대형 쇼핑몰,전통 찻집,3,153
여행 경험,다시 가고 싶은 여행지와 그 이유,170,"며칠 전 친구들과 모임에서 예전에 다녀온 통영 이야기가 나와서 그때의 기억이 떠올랐다. 통영에서는 작은 배를 타고 바다 위를 달리며 바람을 맞았고, 해질 무렵에는 붉게 물든 하늘을 바라보며 조용히 산책을 했었다. 특히 현지 시장에서 먹었던 따끈한 충무김밥과 오징어무침이 아직도 생각난다. 그곳의 한적한 분위기와 맛있는 음식, 그리고 바다 내음이 어우러져서 다시 꼭 가보고 싶다는 생각이 든다.",화자가 통영에서 특히 기억에 남는 음식은 무엇이었나요?,잘 모르겠음,회덮밥과 갈비탕,충무김밥과 오징어무침,해물파전과 감자전,충무김밥과 오징어무침,3,166
여행 경험,라오스에서의 봉사활동 여행,170,"며칠 전 라오스의 작은 마을에서 봉사활동을 하면서 현지 아이들과 학교 벽화를 그리는 시간을 가졌어. 그림을 그리자고 먼저 제안한 친구가 있었는데, 그 친구 덕분에 아이들도 참여에 적극적이었지. 아이들이 좋아하는 동물이나 식물을 물어보며 벽에 다 같이 색칠을 했더니, 마을 어른들도 구경을 오셔서 간식도 챙겨주셨어. 그날 저녁에는 현지 가족이 초대한 저녁 식사에 가서 라오스 전통 음식도 맛볼 수 있었는데, 새로운 맛이 신기해서 몇 번이나 레시피를 물어봤던 기억이 난다.",벽화 그리기를 먼저 제안한 사람은 누구였나요?,잘 모르겠음,현지 아이들,봉사단 친구,마을 어른들,봉사단 친구,3,198
여행 경험,라오스에서의 봉사활동 여행,170,"며칠 전 라오스의 작은 마을에서 봉사활동을 하며 아이들과 함께 학교 벽화를 그렸던 기억이 떠올랐다. 현지 아이들이 내게 다가와 색칠하는 법을 묻기도 하고, 점심시간에는 손수 만든 쌀국수를 나눠주며 고마움을 표현했다. 처음엔 언어가 달라 대화가 어려웠지만, 함께 그림을 그리며 자연스럽게 웃음이 오갔다. 낯선 곳이었지만 그날만큼은 가족처럼 따뜻한 분위기를 느꼈다.",발화에서 내가 라오스 아이들과 함께 했던 활동은 무엇이었나?,잘 모르겠음,학교 벽화 그리기,강가에서 낚시,시장 구경,학교 벽화 그리기,2,156
여행 경험,라오스에서의 봉사활동 여행,170,"며칠 전, 라오스의 작은 마을에서 봉사활동을 하며 아이들과 함께 놀이터를 만드는 작업을 했다. 처음엔 언어 장벽 때문에 서먹했지만, 아이들이 손을 잡고 웃으며 도와주는 모습에 마음이 금세 열렸다. 점심시간에는 현지 어머니께서 손수 만들어주신 라오스 전통 음식인 카오삐약을 먹었는데, 쫄깃한 면발과 향긋한 국물 맛이 잊혀지지 않는다. 그날 저녁, 아이들과 함께 만든 그네에 앉아 노을을 바라보며 행복한 시간을 보냈다.",발화자가 라오스에서 봉사활동 중 점심시간에 먹었던 음식은 무엇이었나요?,잘 모르겠음,라오스식 볶음밥,카오삐약,쏨땀(파파야 샐러드),카오삐약,3,177
여행 경험,라오스에서의 봉사활동 여행,170,"며칠 전 친구들과 라오스 시골 마을에서 봉사활동을 했다. 처음엔 언어도 통하지 않고 낯선 환경에 긴장됐지만, 아이들과 손으로 간단한 게임을 하며 금세 가까워졌다. 특히 벽화를 그릴 때 현지 아이들이 붓을 나눠 들고 자기들만의 색을 입히는 모습이 인상적이었다. 그림을 완성한 후, 아이들이 고마움의 표시로 작은 팔찌를 선물해줘 감동받았다.",발화자가 라오스에서 봉사활동 중 인상 깊게 느낀 순간은 무엇이었나요?,잘 모르겠음,아이들과 노래를 부른 순간,벽화를 그릴 때 아이들이 함께 색칠한 순간,시장 구경을 한 순간,벽화를 그릴 때 아이들이 함께 색칠한 순간,3,143
여행 경험,망했던 여행 경험,170,"얼마 전 친구들과 바닷가로 여행을 갔는데, 출발 전부터 비가 내리기 시작하더니 도착하자마자 폭우로 바뀌었어요. 원래는 해변에서 바비큐 파티를 하려고 했는데, 결국 비를 피해 차 안에서 김밥만 먹으면서 시간을 보냈죠. 우비도 준비하지 않아서 옷이 다 젖었고, 숙소로 돌아와서야 겨우 말릴 수 있었어요. 그래도 다 같이 웃으면서 사진을 찍었던 기억이 남아있어요.",여행 중에 친구들과 무엇을 먹었다고 했나요?,잘 모르겠음,바비큐,김밥,라면,김밥,3,152
여행 경험,망했던 여행 경험,170,"며칠 전 친구들과 바닷가로 여행을 갔는데, 도착하자마자 갑작스럽게 비가 쏟아지기 시작했다. 우산도 챙기지 않았고 숙소에 도착해서야 젖은 짐들을 정리할 수 있었다. 밖에 나가 놀 생각이었지만 계속된 비 때문에 방 안에서 카드 게임만 하며 하루를 보내야 했다. 그래도 다 같이 웃으며 서로 젖은 옷을 말리는 모습이 나름 기억에 남았다.",여행 중 예상치 못한 문제로 인해 친구들과 주로 무엇을 하며 시간을 보냈나요?,잘 모르겠음,해변에서 수영을 했다,카드 게임을 했다,맛집을 찾아다녔다,카드 게임을 했다,3,138
여행 경험,망했던 여행 경험,170,"친구들과 계획했던 제주도 여행에서 큰 실수를 했던 기억이 아직도 생생하다. 숙소를 예약했다고 믿고 있었는데, 공항에 도착해서야 예약이 제대로 완료되지 않았다는 사실을 알게 되었다. 당황한 우리는 급하게 근처 게스트하우스를 찾느라 몇 시간을 보냈고, 결국에는 세 명이서 작은 방 하나를 겨우 구했다. 여행 내내 일정이 꼬여서 유명한 오름도 제대로 못 가보고, 비가 갑자기 쏟아져서 해변 산책도 포기해야 했다.",제주도 여행에서 화자가 가장 처음 겪었던 문제는 무엇이었나요?,잘 모르겠음,숙소 예약이 안 된 사실을 늦게 안 것,비가 와서 해변 산책을 못한 것,유명한 오름을 못 간 것,숙소 예약이 안 된 사실을 늦게 안 것,2,172
여행 경험,망했던 여행 경험,170,"며칠 전 친구들과 바닷가로 여행을 갔는데, 출발할 때부터 비가 내리기 시작했다. 그래도 다 같이 우산을 들고 해변 산책을 시도했지만, 갑작스럽게 바람이 강해져 우산이 뒤집히고 옷도 다 젖어버렸다. 결국 근처 카페로 들어가 몸을 녹였지만, 우리가 기대했던 해산물 식당은 휴일이라 문도 닫혀 있었다. 아쉬운 마음에 편의점에서 컵라면을 사 먹으며 서로 위로해줬던 기억이 아직도 생생하다.",여행 중에 해산물 식당이 문을 닫자 이 사람들이 대신 먹은 것은 무엇이었나요?,잘 모르겠음,삼겹살,컵라면,치킨,컵라면,3,162
여행 경험,여행 중 만난 특별한 사람,170,"며칠 전 혼자 강릉 해변을 산책하다가 우연히 바닷가에서 그림을 그리고 있는 아주머니를 만났어요. 제가 다가가서 그림이 멋지다고 인사하자, 아주머니는 미소를 지으며 여행 중에 만난 풍경을 캔버스에 남기는 게 취미라고 하셨어요. 그 자리에서 잠깐 붓을 잡아보라고 권유해주셔서, 처음으로 바닷가를 배경으로 작은 물고기를 그려봤는데, 생각보다 재미있어서 시간 가는 줄 몰랐습니다. 아주머니가 직접 그린 엽서를 선물로 주셔서 기분 좋은 추억이 남았어요.",해변에서 만난 아주머니가 저에게 어떤 선물을 주셨나요?,잘 모르겠음,직접 만든 조개목걸이,직접 그린 엽서,바닷가에서 주운 작은 돌,직접 그린 엽서,3,191
여행 경험,여행 중 만난 특별한 사람,170,"며칠 전 제주도 올레길을 걷다가 길을 잘못 들어 조그만 마을에 도착했는데, 거기서 자전거를 타고 다니던 할머니를 만났다. 할머니께서는 내가 길을 헤매는 걸 보시곤 직접 집에서 귤도 내어주시고, 마을 옆 해변까지 안내해주셨다. 할머니와 나란히 걷는 동안 평소엔 듣기 힘든 제주 사투리 이야기도 들을 수 있었고, 여행에서 느낀 외로움이 갑자기 사라지는 특별한 하루였다.",길을 헤매던 내가 마을에서 만난 할머니가 내게 해준 일은 무엇이었는가?,잘 모르겠음,나에게 책을 빌려주셨다,집에서 귤을 내어주시고 해변까지 안내해주셨다,자전거를 고쳐주셨다,집에서 귤을 내어주시고 해변까지 안내해주셨다,3,154
여행 경험,여행 중 만난 특별한 사람,170,"며칠 전 낯선 도시의 작은 카페에서 혼자 앉아 여행 일지를 정리하고 있었는데, 옆자리의 할아버지가 조용히 말을 걸어왔다. 그는 평생 그 도시에서 살아온 분이었고, 나에게 자신이 어릴 적 뛰놀던 강가와 숨겨진 골목길 이야기를 들려주었다. 그 덕분에 가이드북에 없는 아기자기한 장소를 직접 찾아가볼 수 있었고, 여행이 한층 더 특별해졌다.",화자는 여행 중 어디에서 특별한 사람을 만났나요?,잘 모르겠음,기차역,작은 카페,호텔 로비,작은 카페,3,141
여행 경험,여행 중 만난 특별한 사람,170,"부산 해운대 해변에서 사진을 찍고 있을 때 낯선 중년 신사가 다가와 먼저 말을 걸었다. 그는 어릴 적부터 그 근처에 살았으며, 매일 아침마다 바다를 산책하는 것이 일상이라고 했다. 나에게 자신만 아는 조용한 포인트를 알려주겠다며 직접 안내해 주었고, 덕분에 인파를 피해 고즈넉한 분위기에서 여유롭게 풍경을 감상할 수 있었다. 돌아오는 길엔 그가 자주 들른다는 작은 카페에서 함께 커피도 한 잔 나누며, 부산의 숨은 명소에 대한 이야기까지 들을 수 있었다.",해운대에서 만난 신사가 나를 어디로 안내해 주었는가?,잘 모르겠음,유명한 해산물 식당,조용한 포인트,해운대 수족관,유명한 해산물 식당,2,189
여행 경험,여행 중 만난 특별한 사람 이야기,170,"비 내리던 어느 저녁, 오사카의 작은 이자카야에 혼자 들어갔다. 좌석이 가득해 바에서 낯선 일본인 할아버지 옆에 앉게 되었는데, 그분이 직접 만든 도자기잔을 보여주며 이야기를 건네주셨다. 그분은 내게 간단한 일본어를 알려주시고, 내가 한국에서 왔다 하니 손녀가 한류 팬이라며 사진을 보여주시기도 했다. 덕분에 뜻밖의 따뜻한 추억을 만들었다.",이자카야에서 만난 일본인 할아버지가 여행자에게 직접 보여준 것은 무엇이었나요?,잘 모르겠음,손녀의 사진첩,직접 만든 도자기잔,한국 여행 기념품,직접 만든 도자기잔,3,146
여행 경험,여행 중 만난 특별한 사람 이야기,170,지난달 혼자 부산을 여행하던 중 해운대 근처 작은 카페에서 우연히 만난 할머니와 오랫동안 대화를 나누었다. 그분은 젊었을 때 직접 만든 카메라로 전국을 여행하며 사진을 찍으셨다고 하셨다. 할머니가 보여주신 오래된 흑백사진에는 어린 시절 부산의 모습과 그때 만난 사람들의 이야기가 담겨 있었다. 나는 그 사진들을 보며 여행의 또 다른 의미를 느낄 수 있었다.,부산 여행 중 화자가 만난 할머니가 젊었을 때 즐겨 하셨던 일은 무엇이었나요?,잘 모르겠음,직접 만든 카메라로 사진 찍으며 전국 여행하기,카페에서 직접 커피 내리기,부산에서 음식점 운영하기,직접 만든 카메라로 사진 찍으며 전국 여행하기,2,149
여행 경험,여행 중 만난 특별한 사람 이야기,170,"도쿄의 작은 카페에서 혼자 앉아있을 때, 옆자리에 앉은 일본인 할아버지가 먼저 말을 걸어왔다. 그는 젊었을 때 한국을 여행한 적이 있다며, 그때 본 풍경과 음식을 세세하게 떠올리며 이야기해 주었다. 서로 각자의 언어로 소통했지만, 손짓과 미소로 마음이 잘 전해졌다. 그 덕분에 혼자하는 여행이 외롭지 않고 오히려 따뜻하게 느껴졌다.",카페에서 만난 일본인 할아버지는 어떤 경험을 이야기해주었나요?,잘 모르겠음,한국에서 일한 경험,한국을 여행한 경험,한국에서 공부한 경험,한국을 여행한 경험,3,140
여행 경험,여행 중 만난 특별한 사람 이야기,170,"서울에서 부산으로 가는 기차 안에서 우연히 옆자리에 앉은 할머니와 대화를 나누게 되었다. 할머니께서는 젊은 시절 자주 전국을 여행하며 다양한 풍경을 사진으로 남겼다고 하셨다. 스마트폰 속에는 최근 다녀온 경주의 벚꽃 사진도 보여주셨고, 그 덕분에 긴 이동 시간이 지루하지 않게 흘러갔다. 기차가 종착역에 도착했을 때, 할머니께서 손수 만드신 작은 자개 브로치를 선물해주셔서 정말 뜻깊은 추억이 되었다.",기차에서 만난 할머니가 선물한 것은 무엇이었나요?,잘 모르겠음,벚꽃 사진,자개 브로치,기차표,자개 브로치,3,171
여행 경험,여행 중 생긴 특별한 일,170,"며칠 전 친구들과 강릉으로 여행을 갔을 때, 해변에서 갑자기 비가 쏟아져 모두 우산 없이 뛰어다녔던 기억이 있다. 우산을 챙기지 않아 옷이 다 젖었지만, 오히려 그 덕분에 근처 작은 카페에 들어가게 되었다. 그곳에서 사장님이 우리가 너무 젖어 있어서 따뜻한 수건과 직접 만든 생강차를 내주셨다. 비에 젖은 불편함도 잠시였고, 예상치 못한 친절 덕분에 여행이 더욱 특별하게 느껴졌다.",강릉 여행 중 비를 피하다가 우연히 들어간 카페에서 사장님이 우리에게 무엇을 내주었나요?,잘 모르겠음,따뜻한 수건과 생강차,아이스커피와 케이크,샌드위치와 홍차,따뜻한 수건과 생강차,2,159
여행 경험,여행 중 생긴 특별한 일,170,"친구들과 제주도에서 자전거를 타고 해안도로를 달리던 중 갑자기 도로 옆에 방울토마토 농장이 보여서 잠시 멈췄다. 주인 아주머니께서 우리에게 직접 키운 방울토마토를 맛보라며 건네주셨다. 그 자리에서 먹은 방울토마토가 정말 달고 신선해서, 친구들 모두 감탄을 금치 못했다. 그 덕분에 평소엔 별로 좋아하지 않던 방울토마토를 여행 이후로 자주 먹게 되었다.",내가 제주도 해안도로에서 친구들과 만난 분이 우리에게 무엇을 건네주셨나요?,잘 모르겠음,귤,방울토마토,옥수수,방울토마토,3,150
여행 경험,여행 중 생긴 특별한 일,170,"바닷가 근처 작은 마을에서 숙소를 잡았을 때였다. 저녁 무렵 갑자기 큰 소나기가 쏟아졌고, 숙소 주인 할머니께서 마당에 있던 저를 안으로 불러 따뜻한 고구마를 나눠주셨다. 모르는 이와 비를 피해 나눠 먹는 고구마 맛은 지금도 잊을 수 없다. 그날 밤엔 빗소리를 들으며 할머니와 여행 이야기를 나누다가 자연스럽게 지역 사투리 몇 마디도 배웠다.",숙소 주인 할머니가 비를 피해 들어온 저에게 무엇을 나눠주셨나요?,잘 모르겠음,군밤,고구마,찐 옥수수,고구마,3,142
여행 경험,여행 중 생긴 특별한 일,170,"며칠 전 친구와 부산 해운대 근처 작은 골목을 걷다가 우연히 현지인만 아는 조그만 분식집을 발견했다. 메뉴판에는 오징어튀김과 어묵이 적혀 있었는데, 사장님이 직접 만든 매운 양념을 서비스로 주셔서 평소보다 훨씬 매운맛을 느낄 수 있었다. 친구는 너무 맵다며 물을 찾았고, 나는 매운맛이 좋아서 오히려 더 많이 먹었다. 그날 이후로 우리는 그 집을 부산 여행의 숨은 명소로 기억하게 되었다.",분식집에서 특별히 서비스로 제공된 것은 무엇이었나요?,잘 모르겠음,오징어튀김,직접 만든 매운 양념,물,직접 만든 매운 양념,3,162
여행 경험,여행을 통해 배운 것,170,"며칠 전 혼자 부산에 다녀왔다. 숙소를 직접 예약하고 대중교통도 혼자 타봤는데, 길을 잘못 들어 낯선 골목에 들어섰던 기억이 가장 인상 깊다. 평소에는 누군가와 같이 다니면 금방 해결됐겠지만, 이번엔 스스로 길을 물어보고 침착하게 목적지를 찾았다. 덕분에 스스로를 믿고 낯선 상황도 두려워하지 않는 용기를 조금이나마 얻게 되었다.",부산 여행에서 내가 얻게 된 가장 큰 깨달음은 무엇이었나요?,잘 모르겠음,부산의 음식이 매우 맛있다는 것,스스로를 믿고 낯선 상황에서도 용기를 가지는 법,숙소 예약이 항상 어렵다는 것,스스로를 믿고 낯선 상황에서도 용기를 가지는 법,3,140
여행 경험,여행을 통해 배운 것,170,"여행을 떠나기 전에는 항상 완벽한 계획을 세우려고 애썼는데, 이번에 친구와 전혀 가보지 않은 작은 도시를 방문하면서 계획대로 되지 않는 상황을 많이 겪었다. 식당이 갑자기 문을 닫거나, 길을 잘못 들어 새로운 골목을 발견하는 등 예상 밖의 일들이 오히려 더 특별한 추억이 되었다. 결국, 여행에서 중요한 것은 완벽한 계획이 아니라 그 순간의 경험을 즐기고 유연하게 대처하는 태도라는 것을 느끼게 되었다.",발화자가 여행 중 예상치 못하게 겪은 일에 대해 어떻게 느꼈는가?,잘 모르겠음,짜증을 많이 냈다,예상 밖의 일이 특별한 추억이 되었다고 느꼈다,계획을 완전히 포기했다,예상 밖의 일이 특별한 추억이 되었다고 느꼈다,3,168
여행 경험,여행을 통해 배운 것,170,"며칠 전 혼자 부산으로 여행을 다녀왔는데, 지도 앱이 갑자기 먹통이 되어 길을 잃었던 순간이 있었다. 당황했지만 근처 카페에 들어가 직원분께 길을 물어보니, 친절하게 목적지까지 가는 길을 손수 종이에 그려 설명해주셨다. 그 경험 덕분에 사람에게 직접 도움을 청하는 용기도 얻었고, 예상치 못한 친절에 여행의 즐거움이 더해졌다.","부산 여행 중 길을 잃었을 때, 화자는 어떻게 문제를 해결했나요?",잘 모르겠음,직원에게 직접 길을 물어 도움을 받았다.,지도 앱이 다시 작동할 때까지 기다렸다.,근처 경찰서에 찾아가 도움을 청했다.,직원에게 직접 길을 물어 도움을 받았다.,2,138
여행 경험,여행을 통해 배운 것,170,"며칠 전 친구와 함께 부산에 다녀왔는데, 역에서 길을 잃어 한참을 헤맸던 일이 떠오른다. 당황스러웠지만 근처 카페에서 일하던 분에게 조심스럽게 길을 물으니 친절하게 지도를 그려주셨다. 그 경험 덕분에 모르는 곳에서도 용기를 내어 도움을 청하는 것이 중요하다는 사실을 새삼 깨달았다. 앞으로 다른 여행지에서도 낯선 상황에 부딪히면 주저하지 않고 현지인에게 먼저 말을 걸어볼 생각이다.","부산 여행 중 길을 잃었을 때, 발화자가 처음에 길을 찾기 위해 한 행동은 무엇이었나요?",잘 모르겠음,근처 경찰서에 들어갔다,친구와 인터넷 지도를 봤다,카페에서 일하는 분에게 길을 물었다,카페에서 일하는 분에게 길을 물었다,4,163
여행 경험,여행할 때 반드시 가지고 가는 것과 그 이유,170,"가방을 챙길 때마다 항상 작은 손수건을 꼭 넣는다. 예전에 여행지에서 갑자기 소나기를 만났던 적이 있는데, 급하게 우산도 못 펴고 우왕좌왕하다가 손수건 덕분에 안경과 얼굴을 닦을 수 있었다. 그때 이후로는 더운 날 땀을 닦거나, 예상치 못한 상황이 생겼을 때 유용하게 쓰여서 빠뜨린 적이 없다. 작고 가벼운데다 여러 상황에서 쓸모가 많아서, 이제는 여행 짐을 쌀 때 손수건이 없으면 뭔가 허전한 기분이 들 정도다.","여행을 갈 때마다 내가 반드시 챙기는 물건은 무엇이며, 그 이유로 언급된 상황은?",잘 모르겠음,물티슈와 더운 날씨 대비,모자와 햇빛 차단,손수건과 소나기 및 땀 닦기,손수건과 소나기 및 땀 닦기,4,171
여행 경험,여행할 때 반드시 가지고 가는 것과 그 이유,170,"항상 여행을 준비할 때마다 제일 먼저 챙기는 것은 작은 수첩과 펜이에요. 휴대폰 메모장도 있지만, 낯선 도시의 카페에 앉아 직접 글씨를 적는 기분이 너무 좋아서 꼭 가지고 다니죠. 예전에 프라하에서 길을 헤맸을 때, 현지인에게 직접 지도를 그려달라고 부탁했던 경험도 있어서 수첩이 정말 요긴하게 쓰였던 기억이 있어요. 여행지에서 만난 사람들의 연락처나 그날의 감정, 식당 이름 같은 소소한 것들을 적으면서 제 여행이 더 풍성해지는 느낌을 받아요.","발화자가 여행할 때 반드시 챙기는 물건은 무엇이며, 그 이유 중 하나는 무엇인가요?",잘 모르겠음,여행 사진을 찍기 위해 카메라를 챙긴다.,"수첩과 펜을 챙기며, 손글씨로 기록하는 느낌을 좋아해서다.",현지 음식을 먹기 위해 젓가락을 챙긴다.,"수첩과 펜을 챙기며, 손글씨로 기록하는 느낌을 좋아해서다.",3,187
여행 경험,여행할 때 반드시 가지고 가는 것과 그 이유,170,"나는 여행을 준비할 때마다 항상 작은 손거울을 챙긴다. 예전에는 거울이 필요하다고 생각해 본 적이 없었는데, 몇 년 전 어느 시골 마을에서 사진을 찍다가 머리 모양이 엉망인 줄도 모르고 하루 종일 다녔던 일이 있다. 그 뒤로부터는 숙소에 거울이 없을 수도 있다는 생각에 불안해져서, 여행 가방에 손거울을 꼭 넣게 되었다. 친구들은 내 습관을 이상하게 여기지만, 내겐 여행에서 작은 불편을 줄여주는 필수품이 되어버렸다.",발화자의 여행 필수품이 된 물건은 무엇인가요?,잘 모르겠음,작은 손거울,여행용 베개,스마트폰 충전기,작은 손거울,2,174
여행 경험,여행할 때 반드시 가지고 가는 것과 그 이유,170,"여행을 갈 때마다 항상 챙기는 물건이 있는데, 바로 작은 손거울이다. 예전에는 필요 없을 거라 생각했지만, 몇 년 전 한 번은 급하게 사진을 찍어야 하는 상황에서 얼굴에 묻은 음식을 발견하지 못해 당황한 적이 있었다. 그 이후로 손거울은 가방에 꼭 넣고 다닌다. 여행지에서 햇빛이 강할 때 선크림을 바를 때도 유용하고, 예상치 못한 상황에서 깔끔하게 정리할 수 있어 든든하다.","화자가 여행 시 꼭 챙기는 물건은 무엇이며, 그 이유 중 하나는 무엇인가?",잘 모르겠음,"손거울, 지도를 확인하려고","손거울, 갑자기 사진 찍을 때 얼굴을 확인하려고","손수건, 땀을 닦으려고","손거울, 갑자기 사진 찍을 때 얼굴을 확인하려고",3,155
여행 경험,외국에서 맛본 최고의 음식과 그 경험,170,"프랑스 남부의 작은 마을을 방문했을 때, 현지 시장에서 만난 할머니가 직접 만든 라따뚜이를 먹어본 기억이 아직도 생생하다. 평소 채소 요리를 즐기지 않았던 나였지만, 그날따라 신선한 토마토와 허브 향이 어우러진 맛이 너무 인상적이었다. 할머니가 내게 요리의 재료와 손수 재배한 허브 이야기를 들려주며 한 그릇을 더 권해주셨고, 그 따뜻한 환대와 특별한 맛이 여행의 가장 소중한 추억이 되었다.",프랑스 남부의 시장에서 만난 할머니가 내게 권해준 음식은 무엇이었나요?,잘 모르겠음,스파게티,라따뚜이,타코,라따뚜이,3,165
여행 경험,외국에서 맛본 최고의 음식과 그 경험,170,"친구와 함께 이탈리아의 작은 시골 마을을 여행하던 중, 우연히 현지인들이 추천한 작은 식당에 들어가게 되었어요. 그곳에서 먹은 트러플 파스타는 아직도 잊을 수 없어요. 셰프가 직접 채취한 신선한 트러플을 아낌없이 올려 주셨는데, 한 입 먹는 순간 고소하고 깊은 풍미에 감탄이 절로 나왔죠. 식당 주인과 셰프가 저희 테이블에 와서 파스타에 얽힌 이야기도 들려주셔서 더욱 특별한 경험이었답니다.",발화자가 이탈리아 시골 식당에서 특별하게 느꼈던 점은 무엇이었나요?,잘 모르겠음,식당이 매우 현대적이어서,트러플 파스타의 풍미와 셰프의 이야기 덕분에,식당에서 라이브 음악 공연이 있어서,트러플 파스타의 풍미와 셰프의 이야기 덕분에,3,165
여행 경험,외국에서 맛본 최고의 음식과 그 경험,170,"낯선 나라의 작은 골목길을 걷다가 우연히 발견한 현지 식당에서 먹었던 해산물 파에야가 아직도 잊혀지지 않는다. 노란 쌀밥 위에 홍합, 새우, 오징어가 푸짐하게 올려져 있었고, 신선한 레몬을 살짝 뿌려 먹으니 바다 내음이 입안 가득 퍼졌다. 식당 주인 아주머니가 직접 만든 올리브유 소스와 함께 곁들여 주셔서 감동이 더했다. 그때의 따스한 분위기와 음식의 맛 덕분에 여행의 피로가 싹 가시는 기분이었다.",화자가 현지 식당에서 먹었던 해산물 파에야에 곁들여 먹은 것은 무엇이었나요?,잘 모르겠음,매운 고추 소스,올리브유 소스,초콜릿 소스,올리브유 소스,3,168
여행 경험,외국에서 맛본 최고의 음식과 그 경험,170,"프랑스 파리에 갔을 때 작은 골목에 있는 현지 식당에서 크림소스가 듬뿍 올라간 송아지 스튜를 먹었던 기억이 아직도 생생하다. 주문할 때 프랑스어를 거의 못해서 손짓과 미소로 소통했는데, 주인아주머니가 친절하게 추천해준 그 음식은 부드럽고 고소해서 정말 감탄했다. 식사 내내 창밖으로 비가 내렸고, 그 분위기 덕분에 음식 맛이 더 특별하게 느껴졌다.",프랑스 파리의 작은 식당에서 내가 주인아주머니의 추천으로 먹었던 음식은 무엇이었나요?,잘 모르겠음,바게트 샌드위치,송아지 스튜,오믈렛,송아지 스튜,3,147
여행 경험,유럽 배낭여행 중 생긴 일,170,"파리에서 지하철을 타다가 갑자기 지갑이 없어진 걸 깨달았던 기억이 선명하다. 당황해서 역무원에게 도움을 청했더니, 영어가 서툴렀지만 친절하게 분실물 센터 위치를 알려줬다. 결국 지갑은 찾지 못했지만, 낯선 도시에서 누군가의 작은 친절이 얼마나 힘이 되는지 새삼 느끼게 된 날이었다.",파리에서 지하철을 타던 중 화자가 겪었던 일은 무엇이었나요?,잘 모르겠음,분실물 센터에서 가방을 찾았다,지갑이 사라진 것을 알게 되었다,역무원이 표를 검사했다,지갑이 사라진 것을 알게 되었다,3,121
여행 경험,유럽 배낭여행 중 생긴 일,170,"파리에서 새벽 첫 지하철을 타고 몽마르뜨 언덕을 오르던 기억이 떠오른다. 언덕을 오르다 길을 잘못 들어 잠깐 헤맸는데, 현지 할머니 한 분이 프랑스어로 말을 걸며 길을 안내해 주셨다. 덕분에 해 뜨기 직전 사크레쾨르 성당 앞에 도착해 붉게 물든 도시 풍경을 감상할 수 있었다. 낯선 곳에서의 작은 친절이 오래도록 마음에 남았다.",프랑스 파리에서 길을 잃었을 때 도움을 준 사람은 누구였나요?,잘 모르겠음,경찰관,현지 할머니,같이 여행한 친구,현지 할머니,3,135
여행 경험,유럽 배낭여행 중 생긴 일,170,"비가 부슬부슬 내리던 어느 날, 파리의 작은 골목길을 걷다가 우연히 현지인 커플이 운영하는 작은 빵집을 발견했다. 여행 예산이 빠듯해서 크루아상 하나만 샀는데, 주인아저씨가 내 젖은 옷을 보고 따뜻한 코코아를 한 잔 공짜로 내주셨다. 그 따스함에 피곤함이 다 풀렸고, 빵집 구석에서 잠시 쉬면서 창밖을 바라보던 그 순간이 아직도 마음에 남아 있다.",파리의 빵집 주인이 내게 해준 친절은 무엇이었나요?,잘 모르겠음,무료로 크루아상을 주었다,따뜻한 코코아를 내주었다,우산을 빌려주었다,따뜻한 코코아를 내주었다,3,145
여행 경험,유럽 배낭여행 중 생긴 일,170,"파리에서 기차를 타고 브뤼셀로 이동하던 날, 갑자기 기차가 멈추고 안내방송이 들렸다. 처음엔 불안했지만, 옆자리 벨기에 할머니가 친절하게 설명해주셔서 안심할 수 있었다. 그분이 직접 싸온 쿠키도 나눠 주셔서 덕분에 생각보다 빨리 시간이 지나갔다. 낯선 곳에서 누군가의 작은 친절이 얼마나 큰 힘이 되는지 새삼 느낀 하루였다.",기차가 멈췄을 때 나를 안심시켜준 사람은 누구였나요?,잘 모르겠음,옆자리 벨기에 할머니,기차 승무원,다른 한국인 여행객,옆자리 벨기에 할머니,2,138
여행 경험,유럽 자유여행 동안의 에피소드,170,"여행 중에 파리의 작은 빵집에서 길을 잃고 우연히 들어갔던 기억이 있다. 프랑스어를 전혀 몰라 당황했지만, 빵집 아주머니가 손짓과 미소로 친절하게 메뉴를 설명해주셨다. 결국 추천해주신 크루아상을 먹었는데, 바삭하고 고소한 맛에 감탄하며 그날 하루 종일 기분이 좋았다.",내가 파리의 빵집에서 아주머니가 추천해준 음식은 무엇이었나요?,잘 모르겠음,바게트,크루아상,마카롱,크루아상,3,115
여행 경험,유럽 자유여행 동안의 에피소드,170,"비 내리던 어느 날 파리에서 우산이 갑자기 부러져 난감했던 기억이 있다. 근처 카페로 뛰어 들어갔는데, 그곳에서 현지인 아주머니가 따뜻한 차와 파이 한 조각을 건네주셨다. 예상치 못한 친절 덕분에 외로움이 녹아내렸고, 오히려 그 비 오는 오후가 여행 중 가장 따뜻한 기억으로 남았다.",파리에서 우산이 부러졌을 때 내가 가장 먼저 한 행동은 무엇이었나요?,잘 모르겠음,우산을 고쳤다,근처 카페로 뛰어 들어갔다,바로 숙소로 돌아갔다,근처 카페로 뛰어 들어갔다,3,118
여행 경험,유럽 자유여행 동안의 에피소드,170,"파리에서 지하철을 타고 몽마르트 언덕으로 가던 중, 노선이 갑자기 변경된다는 안내방송이 나와 당황했었다. 주변 승객들에게 영어로 길을 물었더니, 한 프랑스 할머니가 친절하게 자신의 목적지와 비슷하다며 함께 내려서 길을 안내해주셨다. 덕분에 헤매지 않고 무사히 목적지에 도착할 수 있었고, 마지막에는 서로 사진도 찍어주며 짧은 추억을 남겼다.",발화자가 파리에서 도움을 받은 사람은 어떤 사람이었나요?,잘 모르겠음,어린 소년,프랑스 할머니,여행 중인 한국인,어린 소년,2,147
여행 경험,유럽 자유여행 동안의 에피소드,170,"파리에서 지내던 어느 날, 길을 걷다가 우연히 작은 빵집을 발견했다. 들어가자마자 진한 버터 향이 퍼져서 그냥 지나칠 수 없었다. 프랑스어는 서툴지만 용기를 내어 크루아상 하나를 주문했다. 주인 할아버지가 환하게 웃으며 직접 구운 빵을 건네주셨는데, 그 따뜻한 온기와 고소함이 아직도 잊히지 않는다. 그날 빵집에서 만난 현지인 가족과 잠깐 대화를 나누었는데, 서로의 여행 이야기를 공유하며 짧지만 특별한 인연을 쌓았다.","프랑스 파리의 어느 날, 내가 작은 빵집에서 주문한 것은 무엇이었나요?",잘 모르겠음,바게트,마카롱,크루아상,크루아상,4,178
여행 경험,작은 섬에서의 천천히 흘러가는 시간,170,"한적한 작은 섬에 도착한 날, 배에서 내리자마자 마을 사람들이 느긋하게 모여 이야기를 나누고 있었고, 나는 그런 분위기에 금세 적응했다. 평소 도시에서는 시계만 자꾸 보게 되는데, 이곳에서는 해가 천천히 지는 모습만 바라보며 걷기도 하고, 작은 카페에서 책 한 권을 다 읽기도 했다. 시간이 느리게 흘러간다는 느낌이 이렇게 마음을 편안하게 해줄 줄은 몰랐다.",섬에서 느꼈던 시간의 흐름에 대한 화자의 느낌으로 알맞은 것은?,잘 모르겠음,분주하고 바쁘다고 느꼈다,시간이 천천히 흘러 마음이 편안했다,계속 시계를 보며 지냈다,분주하고 바쁘다고 느꼈다,2,150
여행 경험,작은 섬에서의 천천히 흘러가는 시간,170,"햇살이 부드럽게 내리쬐던 그 섬에서 자전거를 빌려 천천히 해안길을 달렸다. 바람 소리와 파도 소리가 섞여 마음이 편안해졌고, 작은 카페에서 직접 만든 귤차를 마시며 창밖을 오래 바라보았다. 시간이 느리게 흘러가 마치 다른 세상에 온 듯한 기분이 들었다. 해가 질 무렵에는 부두에 앉아 노을을 보며 손에 남은 귤향을 맡았다. 조용한 그곳에서의 하루가 아직도 기억에 오래 남는다.",이 발화에서 화자는 섬에서 어떤 음료를 마셨나요?,잘 모르겠음,아이스커피,귤차,딸기주스,귤차,3,157
여행 경험,작은 섬에서의 천천히 흘러가는 시간,170,"한참 도시 생활에 지쳐서 친구와 둘이 작은 섬으로 떠났던 기억이 또렷하다. 그곳에서는 핸드폰 신호도 약하고, 배는 하루에 두 번만 들어왔다. 우리는 파도 소리 들으며 바닷가 산책을 했고, 작은 슈퍼에서 과자를 사서 방파제에 앉아 먹기도 했다. 시간이 느리게 흘러가서, 평소 같으면 신경 쓸 일들도 잠시 잊게 되었다. 저녁에는 해가 바다로 천천히 져서, 노을을 오래 바라볼 수 있었다.",화자는 섬에서 친구와 무엇을 하며 시간을 보냈는가?,잘 모르겠음,산에서 등산을 했다,방파제에 앉아 과자를 먹었다,카페에서 커피를 마셨다,방파제에 앉아 과자를 먹었다,3,159
여행 경험,작은 섬에서의 천천히 흘러가는 시간,170,"며칠 전 친구와 함께 배를 타고 조용한 작은 섬에 다녀왔다. 이곳에서는 바닷가에 앉아 파도 소리를 들으며 천천히 흘러가는 시간을 온전히 느낄 수 있었다. 마을 어르신들이 직접 말린 생선을 나눠주셨고, 우리는 급할 것 없이 골목길을 산책했다. 도시에서 늘 시간에 쫓기던 나는 이곳의 느린 일상이 신기하게 느껴졌다. 해 질 무렵, 해안가에서 붉게 물드는 하늘을 보며 오늘 하루를 천천히 정리했다.",발화자가 작은 섬에서 경험한 느린 일상을 가장 잘 보여주는 장면은 무엇이었나요?,잘 모르겠음,바닷가에서 모래성을 쌓은 장면,해안가에서 붉게 물드는 하늘을 바라본 장면,섬에서 자전거를 타고 빠르게 달린 장면,해안가에서 붉게 물드는 하늘을 바라본 장면,3,163
여행 경험,지인과의 친밀감을 높여준 여행 이야기,170,"주말에 친구 민수와 기차를 타고 강릉 바닷가에 다녀온 적이 있다. 여행 전에는 민수와 그리 가까운 사이는 아니었지만, 모래사장에서 축구를 하다가 둘 다 신발을 잃어버리는 해프닝을 겪으면서 서로를 더 잘 이해하게 되었다. 저녁에는 작은 횟집에서 우연히 옆 테이블과 합석해 민수의 노래 실력을 처음 듣게 됐는데, 그 모습에 나도 모르게 박수를 쳤다. 이 여행 덕분에 민수와 단순한 친구에서 마음을 터놓는 사이가 될 수 있었다.",민수와 친해지는 계기가 된 일은 무엇이었나요?,잘 모르겠음,횟집에서 생선회를 먹은 것,모래사장에서 신발을 잃어버린 것,기차 안에서 노래를 부른 것,모래사장에서 신발을 잃어버린 것,3,175
여행 경험,지인과의 친밀감을 높여준 여행 이야기,170,"지난주에 은주와 갑작스럽게 떠난 속초 여행이 아직도 생생하다. 둘 다 바쁜 일정에 치여 자주 못 만났는데, 바닷가에서 모래성을 쌓으면서 오랜만에 유치하게 웃기도 하고, 속마음 이야기도 자연스럽게 꺼낼 수 있었다. 특히 저녁에 함께 먹은 오징어순대와 맥주 한잔이 우리 사이를 더 가깝게 만든 것 같아 기분이 좋았다. 그날 찍은 사진을 볼 때마다 은주와의 우정이 더 돈독해진 느낌이다.",속초 여행에서 발화자가 은주와 함께 한 특별한 활동은 무엇이었나요?,잘 모르겠음,둘이서 산책만 했다,오징어순대와 맥주를 마셨다,모래성을 쌓았다,모래성을 쌓았다,4,159
여행 경험,지인과의 친밀감을 높여준 여행 이야기,170,"며칠 전, 대학 동아리 친구들과 함께 강릉 바닷가로 여행을 다녀왔다. 평소에는 서로 바빠서 깊은 대화를 나눌 시간이 거의 없었는데, 해변에서 모래성을 쌓으며 어릴 적 추억을 이야기하고, 밤에는 숙소에서 보드게임을 하면서 서로의 고민을 털어놓았다. 특히 한 친구가 직접 준비한 따뜻한 코코아를 나눠 마시며 진심 어린 얘기를 나눴던 순간이 가장 기억에 남는다. 이 여행을 통해 서로를 더 이해하게 되었고, 앞으로도 힘든 일이 있을 때 곁에 있어줄 수 있을 것 같다는 든든함을 느꼈다.",여행 중 친구들과 더욱 친밀해졌던 계기로 언급된 활동은 무엇인가요?,잘 모르겠음,함께 바닷가에서 사진을 찍은 것,숙소에서 보드게임을 하며 고민을 나눈 것,현지 식당에서 저녁 식사를 한 것,숙소에서 보드게임을 하며 고민을 나눈 것,3,199
여행 경험,지인과의 친밀감을 높여준 여행 이야기,170,"며칠 전, 대학 동기인 민수와 처음으로 단둘이 강릉으로 여행을 다녀왔다. 해질 무렵 바닷가를 걷다가 갑작스럽게 비가 내리기 시작해서 우산 하나를 함께 쓰고 근처 작은 카페로 뛰어 들어갔다. 그곳에서 민수가 예전엔 나에게 말하지 않았던 고민을 털어놓았고, 나도 자연스럽게 내 이야기를 하게 되었다. 평소보다 훨씬 솔직한 대화를 나누면서 서로를 더 이해하게 된 것 같아 이번 여행이 특별하게 느껴졌다.",발화에서 화자와 민수가 더욱 친밀해지게 된 계기는 무엇이었나요?,잘 모르겠음,바닷가에서 같이 사진을 찍어서,비를 피해 카페에서 솔직한 대화를 나눠서,강릉에서 맛집을 함께 찾아다녀서,비를 피해 카페에서 솔직한 대화를 나눠서,3,167
여행 경험,첫 해외여행 경험,170,"몇 년 전, 친구와 함께 처음으로 일본 오사카로 해외여행을 떠났던 기억이 아직도 생생하다. 비행기를 타는 것조차 처음이어서 출국 심사대에서 꽤 긴장했지만, 친구가 옆에서 농담을 해주며 마음을 풀 수 있었다. 숙소에 도착하자마자 주변 편의점에서 신기한 간식들을 잔뜩 사 와 방에서 나눠 먹으며 사진을 찍기도 했다. 특히 도톤보리 강가를 산책하며 먹었던 타코야키 맛은 아직도 잊을 수 없다.",발화에서 친구와 함께 오사카에서 처음 먹었던 음식은 무엇이었나요?,잘 모르겠음,스시,타코야키,라멘,타코야키,3,162
여행 경험,첫 해외여행 경험,170,"비행기를 타고 처음으로 일본 오사카에 갔던 날이 아직도 생생하다. 공항에서 길을 헤매다가 현지인에게 영어로 물었는데, 그분이 친절하게 일본어로 대답해주셨다. 언어가 잘 통하지 않아 조금 당황했지만, 손짓과 표정으로 결국 길을 찾았다. 숙소에 도착하자마자 짐을 풀고 근처 편의점에 가서 신기한 간식들을 잔뜩 샀다. 특히 맛있었던 건 녹차맛 아이스크림이었다. 그날 밤에는 오사카성을 조용히 산책하며 여행의 설렘을 오래도록 느꼈다.","내가 오사카에서 길을 찾으려고 했을 때, 현지인은 어떤 언어로 나에게 답변해줬나요?",잘 모르겠음,영어,일본어,한국어,일본어,3,184
여행 경험,첫 해외여행 경험,170,"비행기에 처음 탔을 때 창문 밖으로 펼쳐진 구름 바다를 보고 한참을 넋 놓고 바라봤던 기억이 생생하다. 목적지에 도착하자마자 공항에서 길을 잃어서 한참을 헤매다가 우연히 만난 현지인이 친절하게 길을 안내해줬다. 덕분에 무사히 숙소에 도착해서 처음으로 현지 음식을 맛볼 수 있었고, 익숙하지 않은 향신료 냄새에 잠깐 당황했지만 금세 적응해서 맛있게 먹었다.",발화자가 공항에서 길을 잃었을 때 도움을 준 사람은 누구였나요?,잘 모르겠음,같이 간 친구,현지인,공항 직원,현지인,3,150
여행 경험,첫 해외여행 경험,170,"며칠 전, 드디어 첫 해외여행으로 일본 오사카에 다녀왔다. 비행기를 처음 타는 거라 출국장에 들어서기 전부터 긴장됐다. 공항에서 길을 헤매다 겨우 탑승구를 찾았고, 비행기 창밖 구름을 보며 설렘을 느꼈다. 도착 후에는 일본어가 서툴러 편의점에서 원하는 음식을 고르기 어려웠지만, 직원이 친절하게 추천해준 도시락을 먹고 기분이 좋아졌다.",해외여행 중 편의점에서 화자가 겪은 일은 무엇이었나요?,잘 모르겠음,직원이 영어로 길을 안내해줬다,원하는 음식을 고르지 못했다가 추천을 받았다,직원이 계산을 도와주지 않았다,원하는 음식을 고르지 못했다가 추천을 받았다,3,144
여행 경험,첫 해외여행에서 겪은 문화 충격,170,"비행기를 처음 타고 도착한 외국 공항에서 무심코 자동문 앞에 서 있었는데, 주변 사람들이 줄을 서지 않고 각자 알아서 문 앞으로 가는 모습에 적잖이 놀랐다. 한국에서는 늘 질서정연하게 줄을 서서 기다리는 것이 익숙했기 때문에, 처음엔 어디에 줄을 서야 할지 몰라 잠시 당황했다. 게다가 현지인들이 나를 쳐다보며 미소를 지었는데, 그 미소가 인사라는 사실도 한참 후에야 알게 되었다.",발화자가 외국 공항에서 당황했던 가장 큰 이유는 무엇이었나요?,잘 모르겠음,짐을 잃어버려서,현지 언어를 못 해서,사람들이 줄을 서지 않고 문 앞으로 가는 모습 때문,사람들이 줄을 서지 않고 문 앞으로 가는 모습 때문,4,159
여행 경험,첫 해외여행에서 겪은 문화 충격,170,"공항에 도착하자마자 사람들이 인사를 할 때 볼에 뽀뽀를 하는 모습을 처음 보고 무척 당황했던 기억이 아직도 생생하다. 한국에서는 어색한 행동이라서 처음엔 몸을 피하게 되었지만, 현지 친구가 이건 이 나라의 인사법이라고 친절하게 설명해주어서 그제야 조금 익숙해질 수 있었다. 며칠 뒤엔 나도 자연스럽게 뺨을 맞대며 인사하는 내 모습을 발견하고 스스로도 놀랐던 하루였다.",해외여행 중 화자가 처음 당황했던 현지 인사법은 무엇이었나요?,잘 모르겠음,손을 흔드는 것,볼에 뽀뽀를 하는 것,고개를 깊이 숙이는 것,볼에 뽀뽀를 하는 것,3,156
여행 경험,첫 해외여행에서 겪은 문화 충격,170,"지하철을 타고 숙소로 돌아가던 중 갑자기 한 무리의 사람들이 큰 소리로 노래를 부르기 시작해서 깜짝 놀랐다. 한국에서는 대중교통에서 조용히 있는 게 익숙했는데, 이곳에선 다들 자연스럽게 그 노래에 박수를 치거나 같이 따라 부르기도 했다. 처음엔 당황스러웠지만, 점점 그 자유로운 분위기가 신기하고 부러워지기도 했다. 그날 이후로 나도 조금씩 어울려보려고 노력했다.",발화자가 문화 충격을 느낀 이유는 무엇이었나요?,잘 모르겠음,사람들이 지하철에서 춤을 췄기 때문에,사람들이 지하철에서 큰 소리로 노래를 불렀기 때문에,사람들이 지하철에서 음식을 먹었기 때문에,사람들이 지하철에서 큰 소리로 노래를 불렀기 때문에,3,156
여행 경험,첫 해외여행에서 겪은 문화 충격,170,"대학생 때 처음으로 프랑스 파리에 갔던 기억이 아직도 생생하다. 공항에서 지하철을 타고 숙소로 이동했는데, 지하철 안에서 모르는 사람들이 서로 자연스럽게 인사하며 눈을 마주치는 모습이 굉장히 낯설었다. 한국에서는 모르는 사람과 눈을 마주치면 피하거나 어색한 표정을 짓게 되는데, 파리에서는 오히려 인사를 하지 않으면 예의가 없는 것처럼 느껴졌다. 처음엔 어색했지만 점차 익숙해지면서 나도 작은 미소와 인사로 하루를 시작하게 되었다.",파리 지하철에서 내가 가장 문화 충격을 받았던 것은 무엇이었나요?,잘 모르겠음,사람들이 큰 소리로 전화하는 것,모르는 사람끼리 자연스럽게 인사하는 것,표를 자동판매기에서만 살 수 있는 것,모르는 사람끼리 자연스럽게 인사하는 것,3,186
여행 경험,첫 해외여행의 추억,170,"비행기에 처음 올라탔을 때 창밖으로 펼쳐진 구름 바다는 정말 신기했다. 일본에 도착하자마자 길을 잃었지만, 친절하게 길을 알려준 현지 아주머니 덕분에 무사히 숙소에 도착할 수 있었다. 저녁에는 작은 이자카야에서 처음으로 일본식 오코노미야키를 맛봤는데, 익숙하지 않은 맛이었지만 특유의 소스와 부드러운 식감이 인상 깊었다. 돌아오는 길에 길거리에서 사먹은 녹차 아이스크림의 쌉쌀한 맛도 잊을 수 없다.",일본에서 숙소를 찾는 데 도움을 준 사람은 누구였나요?,잘 모르겠음,현지 아주머니,길거리 상인,숙소 직원,현지 아주머니,2,172
여행 경험,첫 해외여행의 추억,170,"며칠 전, 가족과 함께 태국 방콕으로 생애 첫 해외여행을 다녀왔다. 처음에는 공항에서 길을 헤매기도 하고, 입국심사대에서 서툰 영어로 대화하느라 땀을 흘렸다. 하지만 호텔에 도착하자마자 현지 직원이 밝게 인사해 주어서 긴장이 조금 풀렸다. 저녁엔 야시장에 들러 색다른 음식도 맛보고, 수상버스를 타고 사원도 구경했다. 그날 밤, 낯선 나라에서 가족과 함께 모여 서로의 실수담을 웃으며 이야기한 시간이 가장 인상적이었다.",발화자가 가족과 함께 낯선 나라에서 가장 인상 깊었다고 느낀 순간은 언제였나요?,잘 모르겠음,야시장에서 음식을 먹던 순간,호텔에 처음 도착했을 때,가족끼리 실수담을 나누며 웃던 밤,가족끼리 실수담을 나누며 웃던 밤,4,179
여행 경험,첫 해외여행의 추억,170,"비행기 안에서 처음으로 창가 자리에 앉았던 기억이 아직도 생생하다. 구름 위로 해가 지는 장면을 바라보며 괜히 설렜고, 옆자리 외국인 승객과 어설프게 영어로 대화를 시도했었다. 도착 후에는 공항에서 환전하는 방법을 몰라 한참을 헤맸는데, 친절한 직원 덕분에 무사히 현지 통화를 손에 넣을 수 있었다. 그날 저녁엔 현지 식당에서 우연히 만난 여행자와 함께 식사를 하며 서로의 여행 이야기를 나눴던 시간이 특히 기억에 남는다.",발화자가 해외여행을 하며 환전하는 데 도움을 준 사람은 누구였나요?,잘 모르겠음,외국인 승객,공항 직원,현지 식당 주인,공항 직원,3,177
여행 경험,첫 해외여행의 추억,170,"며칠 전, 부모님과 함께 처음으로 일본 오사카로 해외여행을 다녀왔다. 공항에서 출입국 심사를 받을 때 긴장해서 여권을 반대로 내밀 뻔했지만, 직원분이 웃으면서 알려주셔서 덕분에 분위기가 풀렸다. 도톤보리 강 근처에서 타코야키를 먹었는데, 겉은 바삭하고 속은 엄청 뜨거워서 입천장이 데일 뻔했다. 돌아오는 길에는 기념품 가게에서 친구들에게 줄 키링을 고르느라 한참을 고민했다.",여행 중 입천장이 데일 뻔한 음식을 어디에서 먹었나요?,잘 모르겠음,공항 내 식당,도톤보리 강 근처,기념품 가게,도톤보리 강 근처,3,162
여행 경험,친구와의 국내 여행 경험,170,"비오는 날, 친구 민지와 함께 부산의 감천문화마을을 천천히 걸었다. 알록달록한 벽화 골목을 구경하며 서로 사진도 많이 찍었고, 골목 어귀에서 파는 따뜻한 어묵을 먹으며 비를 피했다. 평소엔 잘 안 하던 우산을 함께 쓰고 다녀서인지, 비에 젖은 골목 풍경이 오히려 더 인상 깊게 남았다. 돌아오는 길엔 우산을 접고 바닷바람을 맞으며 웃었던 순간이 특히 오래 기억에 남았다.",발화에서 친구와 함께 했던 활동으로 올바른 것은 무엇인가요?,잘 모르겠음,감천문화마을에서 사진을 찍었다.,해운대에서 해수욕을 했다.,한강공원에서 자전거를 탔다.,감천문화마을에서 사진을 찍었다.,2,154
여행 경험,친구와의 국내 여행 경험,170,"며칠 전 친구와 부산에 다녀왔다. 둘 다 바다를 좋아해서 해운대 해변을 가장 먼저 찾았다. 해변을 걷다가 즉석에서 그림을 그려주는 화가를 만나 내 얼굴을 만화처럼 그려주셨는데, 친구가 그 모습을 보며 웃다가 사진을 잔뜩 찍었다. 그림을 받고 근처 시장에서 회와 떡볶이를 사 먹으며 여행의 소소한 즐거움을 만끽했다. 친구와 함께한 부산 여행은 오랜만에 정말 유쾌한 추억이 되었다.",발화자가 부산 여행 중 해운대 해변에서 만난 사람은 누구였나요?,잘 모르겠음,즉석에서 그림을 그려주는 화가,해변에서 노래하는 가수,시장에서 음식을 파는 상인,즉석에서 그림을 그려주는 화가,2,158
여행 경험,친구와의 국내 여행 경험,170,"며칠 전 친구와 강릉으로 기차여행을 다녀왔다. 바닷가 근처 숙소를 잡아 바로 앞 해변을 산책했는데, 파도 소리와 함께 걷는 시간이 정말 힐링이었다. 친구가 추천한 유명한 카페에서 바다를 바라보며 커피를 마셨고, 저녁에는 회를 사 와 숙소에서 둘이 도란도란 이야기를 나누며 식사를 했다. 오랜만에 친구와 함께 보내는 시간이 소중하게 느껴졌고, 다음엔 다른 도시로도 여행을 가자고 약속했다.",발화에서 친구와 강릉에서 무엇을 하며 저녁을 보냈는지 올바르게 고른 것은?,잘 모르겠음,카페에서 저녁을 먹었다,숙소에서 회를 먹으며 이야기했다,해변에서 바베큐를 했다,숙소에서 회를 먹으며 이야기했다,3,164
여행 경험,친구와의 국내 여행 경험,170,"며칠 전, 평소에 바쁘다는 핑계로 자주 만나지 못했던 고등학교 친구와 함께 전주로 짧은 여행을 다녀왔다. 한옥마을 골목을 걷다가 우연히 작은 찻집을 발견해서 들어갔는데, 그곳에서 우리는 유자차와 팥죽을 시켜놓고 오랜만에 진지한 이야기를 나누었다. 창밖으로 보이는 비오는 풍경과 은은한 조명 덕분에 더 깊은 대화가 오갔고, 소소하지만 따뜻한 시간을 보냈다.",발화에서 친구와 함께 찻집에서 주문한 음식과 음료 조합으로 알맞은 것은 무엇인가요?,잘 모르겠음,녹차와 인절미,유자차와 팥죽,아메리카노와 와플,유자차와 팥죽,3,152
여행 경험,혼자서 떠난 일본 여행,170,"일본에 혼자 갔을 때, 오사카의 골목길을 걷다가 우연히 조용한 작은 카페를 발견했다. 낯선 곳에서 혼자 앉아 창밖을 바라보며 현지인이 추천해 준 말차 케이크와 따뜻한 라떼를 먹었는데, 내 옆 테이블에 앉은 할머니가 일본어로 말을 걸어주셨다. 서툰 일본어로 대화를 나누면서 예상치 못한 따뜻함을 느꼈고, 그 짧은 만남 덕분에 혼자 여행하는 외로움이 조금은 사라진 기분이었다.",여행 중에 내가 카페에서 어떤 디저트를 먹었는가?,잘 모르겠음,초콜릿 케이크,치즈 케이크,말차 케이크,말차 케이크,4,157
여행 경험,혼자서 떠난 일본 여행,170,"최근에 혼자 일본 오사카로 여행을 다녀왔다. 처음에는 혼자라는 점이 조금 두려웠지만, 덴덴타운에서 우연히 만난 일본인과 피규어 가게를 함께 둘러보며 금세 친해질 수 있었다. 서로 좋아하는 애니메이션 이야기를 하며 시간 가는 줄 몰랐다. 그 친구가 추천해준 작은 라멘집에서 먹었던 진한 육수의 라멘 맛도 아직 잊히지 않는다. 혼자 떠났지만, 덕분에 예기치 못한 소중한 인연과 추억을 쌓을 수 있어 정말 특별한 시간이었다.",일본 여행 중 우연히 알게 된 일본인과 무엇을 함께 했는가?,잘 모르겠음,피규어 가게를 함께 둘러보았다,공원에서 산책을 했다,바닷가에서 사진을 찍었다,피규어 가게를 함께 둘러보았다,2,176
여행 경험,혼자서 떠난 일본 여행,170,"몇 달 전, 혼자 일본의 후쿠오카로 여행을 다녀왔다. 첫날에는 낯선 골목길을 따라 걷다가 작은 우동집을 발견했는데, 현지인들만 가득해서 처음엔 망설였지만 용기 내서 들어갔다. 주문한 우동이 생각보다 훨씬 진하고 깊은 맛이어서 놀랐다. 식사를 마치고 나올 때 주인 아주머니께서 내 일본어 발음이 귀엽다고 칭찬해주셔서 기분이 참 좋았다. 혼자였지만, 따뜻한 경험 덕분에 외롭지 않았다.",내가 후쿠오카에서 처음 들어간 식당은 어떤 종류의 음식점이었나요?,잘 모르겠음,초밥집,우동집,라멘집,우동집,3,163
여행 경험,혼자서 떠난 일본 여행,170,"여행을 좋아하지만 이번엔 처음으로 혼자 일본에 가보기로 결심했다. 나리타 공항에 도착하자마자 약간 긴장됐지만, 공항에서 우동을 먹으면서 조금씩 긴장이 풀렸다. 도쿄 시내로 이동해 작은 게스트하우스에 묵었고, 저녁엔 혼자 하라주쿠 거리 산책을 하면서 여러 상점과 거리 공연을 구경했다. 영어가 잘 통하지 않아 손짓 발짓으로 대화하며 가벼운 소소한 에피소드도 생겼고, 오히려 혼자라서 내 속도대로 천천히 여행을 즐길 수 있었다.",발화자가 일본에서 공항에 도착한 후 가장 먼저 한 일은 무엇인가요?,잘 모르겠음,게스트하우스에 체크인했다,하라주쿠 거리를 산책했다,공항에서 우동을 먹었다,공항에서 우동을 먹었다,4,182
여행 경험,혼자서 떠난 제주도 여행에서의 경험,170,"작년 늦가을, 갑자기 마음이 복잡해져서 혼자 제주도로 떠난 적이 있다. 서귀포에 도착하자마자 계획 없이 버스를 타고 우연히 내린 작은 마을에서 따뜻한 감귤차를 마셨는데, 할머니께서 직접 따온 감귤로 만든 거라며 이야기해주셨다. 그때 마신 감귤차의 달콤함과 창밖의 한적한 풍경, 그리고 처음 보는 사람과 나눈 짧은 대화가 오래도록 기억에 남는다.",발화자가 제주도의 작은 마을에서 처음 본 할머니와 나눈 경험에 대해 언급한 것은 무엇인가요?,잘 모르겠음,할머니와 바닷가를 산책했다.,할머니가 직접 딴 감귤로 만든 감귤차를 마셨다.,할머니에게서 감귤을 선물 받았다.,할머니가 직접 딴 감귤로 만든 감귤차를 마셨다.,3,146
여행 경험,혼자서 떠난 제주도 여행에서의 경험,170,"며칠 전, 갑자기 바다가 보고 싶어져서 혼자 제주도로 떠났다. 숙소에 짐을 풀고 근처 오름을 올랐는데, 정상에서 불어오는 바람과 멀리 보이는 푸른 바다가 너무 인상적이었다. 내려오는 길에는 우연히 만난 동네 식당에서 고등어구이를 시켰는데, 사장님이 직접 담근 귤청을 서비스로 주셔서 혼자서도 따뜻함을 느꼈다. 저녁에는 게스트하우스에서 만난 여행자들과 이야기하며 하루를 마무리했다.",발화자가 제주도 오름을 내려온 뒤 식당에서 받은 서비스는 무엇이었나요?,잘 모르겠음,제주 감자전,귤청,한라봉 아이스크림,귤청,3,165
여행 경험,혼자서 떠난 제주도 여행에서의 경험,170,"몇 달 전, 갑자기 일상에서 벗어나고 싶어서 혼자 제주도로 떠났다. 공항에 도착하자마자 따뜻한 바람이 반겨주었고, 렌트카를 빌려 서쪽 해안도로를 달렸다. 중간에 우연히 작은 해변 마을을 발견해, 근처 카페에서 감귤 주스를 마시며 바다를 바라보았다. 노을이 질 무렵, 현지 어르신이 추천해준 해산물 식당에서 성게비빔밥을 먹었는데, 신선한 바다 내음이 가득해서 아직도 그 맛이 생각난다.",내가 제주도에서 우연히 들른 해변 마을 근처 카페에서 마신 음료는 무엇이었나요?,잘 모르겠음,아메리카노,감귤 주스,녹차 라떼,감귤 주스,3,164
여행 경험,혼자서 떠난 제주도 여행에서의 경험,170,"며칠 전 혼자 제주도에 다녀왔는데, 첫날에는 계획 없이 우연히 들어간 작은 카페에서 창밖으로 펼쳐진 바다를 바라보며 따뜻한 유자차를 마셨다. 카페 사장님과 잠깐 대화를 나누었는데, 혼자 여행하는 사람들도 많다고 하셔서 왠지 마음이 놓였다. 그날은 해가 질 무렵 근처 해변을 산책하다가 검은 모래 사이에서 조개껍데기를 주워서 소중하게 지갑에 넣어두었다.",발화자가 제주도에서 소중하게 지갑에 넣어둔 것은 무엇이었나요?,잘 모르겠음,유자차,카페 명함,조개껍데기,조개껍데기,4,150
여행 경험,가족과 함께 떠난 제주도 여행기,170,"며칠 전 가족들과 제주도에서 특별한 추억을 만들었다. 비가 내리는 날이었지만 우린 우산을 나눠 쓰며 한라산 둘레길을 걷기로 했다. 중간에 길을 잃을 뻔했지만, 엄마가 미리 챙겨온 지도 덕분에 무사히 목적지에 도착할 수 있었다. 걷는 내내 동생이 힘들다고 투덜거렸지만, 정상에 올라가자 모두 감탄하며 사진을 찍었다. 하산 후에는 근처 식당에서 고등어조림을 맛있게 먹고, 서로 오늘 하루를 돌아보며 웃으며 이야기 나눴다.",가족이 제주도에서 길을 잃을 뻔했을 때 도움이 된 것은 무엇이었나요?,잘 모르겠음,동생의 스마트폰,엄마가 준비한 지도,현지인의 안내,엄마가 준비한 지도,3,177
여행 경험,가족과 함께 떠난 제주도 여행기,170,"며칠 전 가족들과 제주도에 다녀왔다. 비가 올까 걱정했지만 다행히 날씨가 좋아서 계획대로 움직일 수 있었다. 오름을 오를 때 막내가 힘들다고 투정을 부렸지만, 정상에 올라가 모두 함께 사진을 찍으니 금세 기분이 좋아졌다. 바닷가에서는 아빠가 직접 잡은 소라를 구워줬는데, 평소 해산물을 좋아하지 않는 엄마도 신기하게 잘 먹었다. 여행 마지막 날엔 노을 지는 해변을 산책하며 다음엔 더 오래 머물기로 약속했다.",제주도 여행에서 가족들이 오름 정상에서 한 일은 무엇이었나요?,잘 모르겠음,모래성을 쌓았다,함께 사진을 찍었다,연을 날렸다,함께 사진을 찍었다,3,172
여행 경험,가족과 함께 떠난 제주도 여행기,170,"가족들과 제주도에 도착하자마자 비가 내리기 시작해서 처음엔 조금 실망했었다. 하지만 엄마가 갑자기 우산을 들고 모두를 이끌더니, 근처 카페에서 따뜻한 귤차를 주문해줬다. 창밖으로 빗방울을 보며 귤차를 마시던 그 순간이 오히려 제주도의 운치를 더해줬던 것 같다. 비가 그친 후엔 근처 해안가를 산책하며 바닷바람을 맞았고, 아빠가 즉석에서 찍어준 가족사진이 정말 소중한 추억이 되었다.",비가 오자 가족들이 처음으로 찾은 장소는 어디였나요?,잘 모르겠음,근처 해안가,근처 카페,기념품 가게,근처 카페,3,164
여행 경험,가족과 함께 떠난 제주도 여행기,170,"작년 늦가을, 가족들과 함께 제주도로 여행을 다녀왔다. 공항에 도착하자마자 따뜻한 바람이 불어서 기분이 좋았다. 첫날은 협재 해수욕장에서 아이들과 모래성을 쌓으며 시간을 보냈고, 둘째 날에는 한라산 중턱까지 등산했다. 아버지는 평소보다 많이 걸었지만 가족과 함께라서 힘든 줄 몰랐다고 하셨다. 저녁에는 흑돼지구이를 먹었는데, 어머니가 고기가 정말 부드럽고 맛있다고 연신 감탄하셨다. 여행 마지막 날에는 서귀포 매일올레시장에 들러 한라봉을 한 박스 샀다.",제주도 여행 둘째 날에 가족들이 했던 활동은 무엇인가요?,잘 모르겠음,협재 해수욕장에서 모래성 쌓기,한라산 중턱까지 등산,서귀포 매일올레시장 방문,한라산 중턱까지 등산,3,197
여행 경험,"드라이브 중 만난 풍경들, 전국 닭갈비 맛집 탐방",170,"부산에서 강원도까지 친구와 함께 차를 타고 이동한 날이 생각난다. 창밖으로 펼쳐진 푸른 바다와 해안도로를 따라 이어진 소나무 숲이 인상적이었다. 점심시간쯤에는 닭갈비로 유명한 작은 마을에 들렀다. 숯불에 구운 닭갈비의 매콤한 향이 잊히지 않는다. 주인아주머니가 직접 재배한 깻잎을 주셨는데, 그 향긋함이 닭갈비와 정말 잘 어울렸다. 식사 후 잠시 근처 산책로를 걷기도 했는데, 바람이 솔솔 불어와서 기분이 한결 상쾌해졌다.",발화자가 닭갈비를 먹으며 함께 먹은 재료는 무엇이었나요?,잘 모르겠음,파김치,깻잎,상추,깻잎,3,181
여행 경험,"드라이브 중 만난 풍경들, 전국 닭갈비 맛집 탐방",170,"한가로운 주말, 친구와 함께 강원도로 드라이브를 떠났다. 창밖으로 펼쳐진 푸른 산과 계곡을 따라 달리며 평소에는 볼 수 없던 풍경에 감탄했다. 도착한 작은 마을에서 현지인 추천을 받아 닭갈비 집에 들어갔다. 숯불에 구운 닭갈비가 매콤하면서도 달콤해서 자꾸만 젓가락이 갔다. 식당 벽에는 여러 지역에서 온 손님들의 흔적이 남아 있었고, 사장님이 직접 재배한 채소를 내어주셔서 더욱 특별하게 느껴졌다.",드라이브 중 찾은 닭갈비 식당에서 특별하게 느껴졌던 이유는 무엇이었나요?,잘 모르겠음,식당이 매우 넓었기 때문,사장님이 직접 재배한 채소를 내어주셨기 때문,닭갈비가 전혀 맵지 않았기 때문,사장님이 직접 재배한 채소를 내어주셨기 때문,3,169
여행 경험,"드라이브 중 만난 풍경들, 전국 닭갈비 맛집 탐방",170,"며칠 전, 친구와 함께 차를 몰고 강원도 쪽으로 드라이브를 다녀왔다. 창밖으로 펼쳐지는 산과 강, 그리고 들판이 어우러져 정말 그림 같은 풍경이 계속 이어졌다. 점심시간쯤 되자 갑자기 닭갈비가 먹고 싶어져서 근처에 있는 닭갈비 맛집을 찾아갔다. 그곳은 숯불에 구워주는 방식이었는데, 평소에 먹던 철판 닭갈비와는 또 다른 고소한 향이 입안에 퍼졌다. 특히 함께 나온 감자와 떡이 바삭하게 익어 친구와 둘이서 순식간에 한 팬을 비웠다.",발화자의 친구와 함께 먹은 닭갈비는 어떤 방식으로 조리되었나요?,잘 모르겠음,철판에 볶았다,프라이팬에 튀겼다,숯불에 구웠다,숯불에 구웠다,4,181
여행 경험,"드라이브 중 만난 풍경들, 전국 닭갈비 맛집 탐방",170,"운전을 하며 강원도 쪽으로 향하던 중, 길가에 흐드러지게 핀 유채꽃밭을 발견했다. 잠깐 차를 세우고 창문을 내리니 꽃향기와 시원한 바람이 어우러져 기분이 상쾌해졌다. 그 풍경을 사진으로 남긴 뒤, 근처에 닭갈비로 유명한 식당이 있다고 해서 찾아갔다. 매콤한 양념에 야채와 떡이 푸짐하게 들어가 있었고, 사장님이 직접 불판에서 닭갈비를 구워주셔서 특별한 맛을 느낄 수 있었다. 여행길에 만난 풍경과 음식이 하루를 더욱 특별하게 만들어주었다.",발화자의 여행 중에 찍은 사진의 주된 피사체는 무엇이었나요?,잘 모르겠음,닭갈비 요리,유채꽃밭,식당 내부,유채꽃밭,3,187
여행 경험,비행기에서 보이는 아름다운 일출 이야기,170,"창가 자리에 앉아 비행기가 구름 위를 날 때, 멀리 수평선 너머로 붉은 빛이 퍼지는 걸 처음 봤다. 어두운 기내에서 나만 몰래 감탄하며 창밖을 바라봤는데, 구름이 오렌지색으로 물드는 모습이 정말 그림 같았다. 그 순간 옆자리 승객도 나와 같은 광경을 보고 미소를 지었다. 두 사람 모두 아무 말 없이 창밖을 바라보다가, 결국 짧게 인사를 나누고 다시 각자의 생각에 잠겼던 게 기억에 남는다.","비행기에서 일출을 감상할 때, 나와 함께 창밖을 바라본 사람은 누구였나요?",잘 모르겠음,옆자리 승객,기내 승무원,파일럿,옆자리 승객,2,159
여행 경험,비행기에서 보이는 아름다운 일출 이야기,170,"창가 자리에 앉아 있던 중 구름 위를 비행하던 비행기 안에서 붉은빛과 주황빛이 어우러진 일출을 보게 되었다. 처음에는 어두웠던 하늘이 점차 환해지면서 구름이 황금빛으로 물들었고, 그 순간 주변 승객들도 창밖을 바라보며 감탄했다. 사진으로 남기려고 했지만, 직접 눈으로 본 그 장면이 훨씬 인상 깊게 남아 있다.","비행기에서 일출을 본 후, 화자는 무엇을 하려고 했나요?",잘 모르겠음,음식을 주문했다,사진으로 남기려고 했다,책을 읽으려고 했다,사진으로 남기려고 했다,3,130
여행 경험,비행기에서 보이는 아름다운 일출 이야기,170,"비행기를 타고 해외로 가는 중, 창밖으로 서서히 밝아오는 하늘을 바라보았다. 해가 구름 위로 천천히 떠오르며 붉은빛과 주황빛이 점점 퍼지는 모습이 정말 장관이었다. 옆자리에 앉은 아이도 창밖을 보며 감탄하는데, 그 순간만큼은 피곤함도 모두 잊혔다. 승무원이 조용히 지나가며 커피를 건네주었고, 따뜻한 커피와 함께 일출을 감상하니 마치 새로운 하루가 시작되는 느낌이 들었다.","비행기에서 일출을 감상할 때, 승무원이 발화자에게 건넨 음료는 무엇이었나요?",잘 모르겠음,오렌지 주스,커피,생수,커피,3,160
여행 경험,비행기에서 보이는 아름다운 일출 이야기,170,"비행기 창가 자리에 앉아 있던 그날, 구름 위를 날던 중 갑자기 창밖이 붉게 물들기 시작했다. 수평선 너머로 해가 떠오르며 하늘 전체가 분홍빛과 주황빛으로 바뀌었고, 구름 위로 퍼지는 빛을 한참 동안 넋 놓고 바라봤다. 옆자리에 앉은 아주머니도 감탄하며 사진을 찍으셨고, 그 순간만큼은 모두가 말없이 창밖을 바라보며 같은 감동을 느꼈다.",비행기 안에서 일출을 보며 옆자리에 앉아 있던 사람이 무엇을 했나요?,잘 모르겠음,창문을 닫았다,사진을 찍었다,음식을 주문했다,사진을 찍었다,3,141
여행 경험,최애 친구들과의 경주 밤벚꽃 축제 이야기,170,"벚꽃이 한창일 때 친구들과 경주에서 열리는 밤벚꽃 축제에 갔던 기억이 아직도 생생하다. 낮에는 분홍빛 꽃길을 걸었고, 해가 지자 조명이 켜져 꽃잎들이 환하게 빛났다. 우리는 포장마차에서 어묵과 달콤한 딸기라떼를 사 먹으며 강가를 따라 천천히 걸었다. 노래하는 버스커 앞에 잠시 멈춰 서로 사진도 찍어주고, 벚꽃잎이 머리 위로 떨어질 때마다 다 같이 웃었다. 축제 분위기 때문인지 평소보다 친구들과 더 많은 이야기를 나누고, 오랜만에 진심으로 행복함을 느꼈던 날이었다.",축제에서 친구들과 함께 강가를 걸으며 먹었던 음식과 음료는 무엇이었나요?,잘 모르겠음,떡볶이와 탄산음료,어묵과 딸기라떼,치킨과 맥주,떡볶이와 탄산음료,2,198
여행 경험,최애 친구들과의 경주 밤벚꽃 축제 이야기,170,"벚꽃이 만개했던 어느 봄밤, 오랜만에 최애 친구들과 경주 밤벚꽃 축제에 갔던 기억이 떠오른다. 우리는 황리단길에서 만나 노점에서 파는 딸기떡을 사 먹으며, 불빛 아래 흩날리는 꽃잎 사이를 걷고 사진도 많이 찍었다. 축제장 한쪽에서는 작은 버스킹 공연이 열려 다 같이 박수를 치며 노래를 따라 불렀다. 다리가 아플 때쯤 벤치에 앉아 따뜻한 커피를 나눠 마시며, 오랜만에 진솔한 이야기도 나누었다.",우리가 경주 밤벚꽃 축제에서 함께 먹은 간식은 무엇이었나요?,잘 모르겠음,붕어빵,딸기떡,호떡,딸기떡,3,165
여행 경험,최애 친구들과의 경주 밤벚꽃 축제 이야기,170,"경주에서 밤벚꽃 축제가 열린다는 소식에 친구들과 함께 기차를 탔던 날이 생각난다. 도착하자마자 벚꽃길을 따라 걷는데, 가로등 불빛 아래 흩날리는 꽃잎이 마치 영화 한 장면 같았다. 우리는 사진을 찍으려고 경쟁하듯 포즈를 취했고, 길거리 음식 중에서 딸기 찹쌀떡이 제일 맛있었다며 서로 한입씩 나눠먹었다. 마지막에는 음악 공연까지 보고 돌아오는 기차 안에서 서로 찍은 사진을 보며 한참을 웃었다.",친구들과 벚꽃 축제에서 가장 맛있게 먹었다고 서로 얘기한 길거리 음식은 무엇이었나요?,잘 모르겠음,옥수수구이,딸기 찹쌀떡,호두과자,딸기 찹쌀떡,3,167
여행 경험,최애 친구들과의 경주 밤벚꽃 축제 이야기,170,"며칠 전 친구들과 경주에 다녀온 기억이 아직도 선명하다. 벚꽃이 만개한 밤, 우리는 형산강 변을 따라 천천히 걸었고, 불빛 아래 흩날리는 꽃잎들이 마치 눈처럼 느껴졌다. 축제 현장에서는 라이브 밴드가 노래를 부르고 있었는데, 우리는 잠시 멈춰 함께 춤도 췄다. 그중 민수가 갑자기 벚꽃잎을 모아 내 머리 위에 올려줘서 다 같이 크게 웃었고, 그 순간이 정말 행복했다. 집으로 돌아오는 길에는 지친 몸에도 불구하고 벚꽃 향기가 계속 코끝에 맴돌았다.",발화에서 친구들이 벚꽃 축제 현장에서 잠시 멈춰 함께 한 일은 무엇이었나요?,잘 모르겠음,야시장 음식 먹기,라이브 밴드와 춤추기,불꽃놀이 감상하기,라이브 밴드와 춤추기,3,186
여행 경험,"혼자서 첫 해외여행, 뉴질랜드의 추억",170,"창밖으로 보이는 푸른 초원과 양떼들이 아직도 생생하게 떠오른다. 처음 혼자 뉴질랜드에 도착했을 때는 낯선 공항 풍경에 조금 긴장했지만, 호스텔에서 만난 독일인 룸메이트가 저녁에 직접 만든 파스타를 나눠줘서 금세 마음이 풀렸다. 그날 밤, 작은 공원 벤치에 앉아 별을 바라보며 가족에게 영상통화를 했던 기억이 특별하게 남아 있다.","뉴질랜드에서 혼자 여행하던 중, 화자가 룸메이트와 함께 먹은 음식은 무엇이었나요?",잘 모르겠음,피자,파스타,샐러드,파스타,3,139
여행 경험,"혼자서 첫 해외여행, 뉴질랜드의 추억",170,"창밖으로 펼쳐진 뉴질랜드의 끝없는 초원과 양떼들을 바라보며 버스를 타고 이동하던 순간이 아직도 생생하다. 영어가 서툴러 식당에서 메뉴를 주문할 때 손짓으로 겨우 의사소통을 했던 기억이 난다. 작은 마을의 현지인 카페에서 따뜻한 파블로바를 처음 맛보았는데, 달콤함과 부드러운 식감이 여행의 피로를 잊게 해주었다. 혼자라 조금은 두려웠지만, 그 낯섦 속에서 오히려 자유로움을 느꼈던 나 자신이 떠오른다.",내가 뉴질랜드 여행 중 처음 맛본 디저트는 무엇이었나요?,잘 모르겠음,치즈케이크,파블로바,애플파이,파블로바,3,172
여행 경험,"혼자서 첫 해외여행, 뉴질랜드의 추억",170,"혼자 비행기를 타고 뉴질랜드에 도착했던 날이 아직도 생생하다. 공항에서 길을 헤매다가 친절한 현지인이 직접 버스 정류장까지 안내해 주셨는데, 덕분에 숙소까지 무사히 갈 수 있었다. 그날 저녁에는 작은 마트에서 라면과 사과를 사서 낯선 방에서 조용히 끓여 먹었다. 새로운 곳에서 혼자 모든 것을 해결했다는 뿌듯함과 약간의 외로움이 묘하게 섞여 기억에 남는다.",뉴질랜드에 도착한 후 숙소에 가는 과정에서 발화자가 겪은 일로 알맞은 것은?,잘 모르겠음,현지인에게 안내를 받아 버스 정류장에 갈 수 있었다.,택시를 타고 곧바로 숙소로 갔다.,공항에서 바로 숙소까지 걸어갔다.,현지인에게 안내를 받아 버스 정류장에 갈 수 있었다.,2,151
여행 경험,"혼자서 첫 해외여행, 뉴질랜드의 추억",170,비행기를 처음 혼자 타고 뉴질랜드에 도착했을 때 낯선 공항의 냄새와 조용한 분위기가 아직도 또렷하게 떠오른다. 숙소를 찾아가며 작은 지도 하나만 들고 길을 물어볼 때마다 현지인들이 미소 지으며 친절하게 도와줘서 정말 안심이 됐다. 특히 호수 근처 작은 카페에서 라떼 한 잔을 마시며 창밖 풍경을 바라보던 그 순간이 내겐 가장 평화로웠던 기억으로 남아 있다.,내가 뉴질랜드에서 가장 평화로웠다고 느낀 장소는 어디였나요?,잘 모르겠음,공항 대합실,호수 근처 작은 카페,숙소 방,호수 근처 작은 카페,3,148
여행 경험,동남아에서 느낀 문화 충격,170,"몇 년 전 친구와 베트남 하노이에 도착해 처음으로 거리 음식을 먹으러 갔을 때가 떠오른다. 노점상에서 파는 쌀국수와 신선한 허브는 색다른 맛이었지만, 길거리에서 플라스틱 의자에 앉아 식사하는 풍경이 매우 신기했다. 그곳에서는 사람들이 식사를 하면서 주변 사람들과 자연스럽게 대화를 나누거나 노점 주인과 농담을 주고받는 모습이 인상 깊었다. 우리나라에서는 식당 안에서 조용히 식사하는 데 익숙해서 처음엔 어색했지만, 점차 그 자유로운 분위기에 매료되어 즐겁게 음식을 즐겼다.",베트남 하노이에서 길거리 음식을 먹을 때 필자가 인상 깊게 느낀 점은 무엇이었나요?,잘 모르겠음,노점상이 모두 실내에 있었다.,식사 중 자연스럽게 주변과 대화하는 분위기였다.,플라스틱 의자가 매우 불편했다.,식사 중 자연스럽게 주변과 대화하는 분위기였다.,3,203
여행 경험,동남아에서 느낀 문화 충격,170,"처음으로 동남아시아를 방문했을 때, 길거리 음식 노점에서 현지인들과 함께 작은 플라스틱 의자에 앉아 식사한 경험이 인상적이었다. 식당이 아니라 야외에서 현지인들과 어울리며 망고와 볶음밥을 먹다 보니 한국에서 느낄 수 없던 자유로운 분위기가 낯설면서도 신선하게 다가왔다. 특히 길거리에서 음식을 먹으면서 자연스럽게 옆자리 사람과 대화를 나누는 모습이 참 인상 깊었다.",길거리 음식 노점에서 발화자가 먹은 음식은 무엇이었나요?,잘 모르겠음,샌드위치와 국수,망고와 볶음밥,치킨과 감자튀김,망고와 볶음밥,3,158
여행 경험,동남아에서 느낀 문화 충격,170,"처음 태국에 도착했을 때 길거리에서 파는 다양한 음식 냄새에 놀랐다. 특히 점심시간이 되자 현지인들이 작은 플라스틱 의자에 앉아 반바지 차림으로 쌀국수를 먹는 모습이 인상적이었다. 한국에선 식당에서만 식사하는 게 익숙했는데, 여기선 거리 어디서든 식사가 자연스러워서 신기함을 느꼈다.",태국에서 내가 인상적으로 느낀 식사 풍경은 무엇이었나요?,잘 모르겠음,현지인들이 식당에서만 식사하는 모습,현지인들이 길거리에서 작은 의자에 앉아 식사하는 모습,현지인들이 집에서만 식사하는 모습,현지인들이 길거리에서 작은 의자에 앉아 식사하는 모습,3,123
여행 경험,동남아에서 느낀 문화 충격,170,"방콕의 한 재래시장에서 점심을 먹으려고 현지인 식당에 들어갔을 때, 식당 주인께서 신발을 벗고 들어오라고 하셔서 당황했던 기억이 생생하다. 평소 식당에서는 신발을 신고 다녔기에 순간 멈칫했지만, 주변을 보니 모두 맨발이었다. 음식이 나왔을 때 고수 향이 너무 강해서 적응하기 힘들었지만, 친절하게 주인 아주머니께서 고수를 빼는 방법을 알려주셔서 조금은 덜 당황할 수 있었다.",방콕의 재래시장 식당에서 화자가 당황했던 주된 이유는 무엇이었나요?,잘 모르겠음,음식이 너무 맵게 나와서,신발을 벗고 들어가야 해서,현지인이 모두 영어로만 이야기해서,신발을 벗고 들어가야 해서,3,160
여행 경험,로컬 푸드 마켓 탐방 이야기,170,"이번에는 친구와 함께 낯선 도시의 로컬 푸드 마켓을 방문했다. 시장 입구에 들어서자마자 과일 냄새와 여러 가지 향신료 향이 코를 자극했다. 특히 노란빛이 도는 작은 만두를 파는 할머니가 인상적이었는데, 한 입 먹으니 안에 감자가 가득 들어 있어 고소했다. 시식 후 직접 그 만두를 두 봉지 사서 돌아오는 길에 버스 안에서 또 하나를 꺼내 먹으며 친구와 그 맛에 대해 이야기를 나눴다.",발화에서 화자가 시장에서 시식 후 구입한 음식은 무엇이었나요?,잘 모르겠음,노란빛이 도는 감자 만두,사과 파이,딸기잼이 든 크레이프,노란빛이 도는 감자 만두,2,156
여행 경험,로컬 푸드 마켓 탐방 이야기,170,"며칠 전 친구와 함께 새로운 동네를 구경하다가 우연히 로컬 푸드 마켓을 발견했어요. 시장 한편에서 직접 키운 토마토와 각종 채소를 파는 할머니가 계셔서 잠깐 이야기를 나눴죠. 할머니께서 직접 만든 딸기잼을 시식하게 해주셨는데, 인공적인 단맛이 아니라 과일 본연의 상큼함이 살아 있어서 정말 감동했답니다. 결국 잼 한 병과 갓 수확한 방울토마토도 사서 돌아왔어요.",시장에서 할머니가 시식하게 해준 음식은 무엇이었나요?,잘 모르겠음,방울토마토,딸기잼,고구마,딸기잼,3,153
여행 경험,로컬 푸드 마켓 탐방 이야기,170,"주말에 친구와 함께 근처에 새로 생긴 로컬 푸드 마켓을 다녀왔다. 처음 보는 제철 채소와 직접 만든 치즈를 맛볼 수 있어서 신기했다. 특히 현장에서 구운 고구마를 시식했는데, 달콤한 냄새가 시장 전체를 감쌌다. 마켓 중앙에는 작은 공연 무대도 마련되어 있었고, 우리가 간 시간에는 기타를 연주하는 청년이 조용하게 노래를 불러서 분위기가 한층 더 따뜻해졌다. 나는 그곳에서 토마토와 치즈를 구입했는데, 집에 와서 샐러드로 만들어 먹으니 신선한 맛이 정말 인상적이었다.",마켓 중앙에 있었던 것은 무엇이었나요?,잘 모르겠음,작은 공연 무대,고구마 판매대,야채 직거래 부스,작은 공연 무대,2,196
여행 경험,로컬 푸드 마켓 탐방 이야기,170,"며칠 전, 현지인 친구의 추천을 받아 작은 골목에 숨어있는 로컬 푸드 마켓에 다녀왔다. 입구부터 각종 향신료 냄새가 진하게 풍겨와서 처음엔 조금 어색했다. 시장 한복판에서 직접 만든 두부를 시식해보았는데, 고소한 맛과 부드러운 식감이 인상적이었다. 특히 할머니가 직접 구운 고구마빵은 따뜻함이 손에 닿는 순간부터 달콤한 향이 퍼져 기분이 좋아졌다. 덕분에 여행 중 잊지 못할 특별한 추억이 하나 더 생긴 것 같다.",내가 푸드 마켓에서 시식해본 음식은 무엇이었나요?,잘 모르겠음,직접 만든 두부와 고구마빵,만두와 딸기잼,치즈와 바나나빵,직접 만든 두부와 고구마빵,2,173
여행 경험,유럽 자유여행에서 겪은 사건,170,"파리에서 지하철을 타다가 표를 잃어버려서 한참 동안 역 안을 헤매야 했다. 처음에는 당황했지만, 근처에 있던 친절한 현지인 아주머니가 영어로 도와주셔서 역무원에게 상황을 설명할 수 있었다. 결국 추가 요금을 내고 무사히 출구를 찾았고, 덕분에 예상치 못한 경험을 하게 되어 긴장도 했지만 한편으론 유럽 사람들의 친절함을 느낄 수 있어 기억에 오래 남았다.",파리에서 표를 잃어버린 뒤 도움을 준 사람은 누구였나요?,잘 모르겠음,현지인 아주머니,역무원,친구,현지인 아주머니,2,149
여행 경험,유럽 자유여행에서 겪은 사건,170,"파리에서 지하철을 타다가 갑자기 안내방송이 나와서 모두가 내리길래 저도 따라 내렸어요. 이유를 몰라 주변 사람에게 물어보니 노선에 문제가 생겼다는 거였죠. 영어가 잘 안 통해서 손짓으로 겨우 상황을 파악하고, 현지인 아주머니가 친절하게 다른 노선을 알려주셔서 겨우 목적지에 도착할 수 있었어요. 이런 우여곡절 덕분에 계획에 없던 작은 동네도 구경하게 되었고, 예상치 못한 친절에 감동받은 하루였어요.",파리 지하철에서 안내방송이 나오고 모두가 내렸던 이유는 무엇이었나요?,잘 모르겠음,파업 때문,노선에 문제가 생겨서,목적지에 도착해서,노선에 문제가 생겨서,3,171
여행 경험,유럽 자유여행에서 겪은 사건,170,"파리에서 지하철을 타고 숙소로 돌아오던 중 표를 잘못 구매해서 개찰구에 막혔던 기억이 생생하다. 주변에 있던 현지인 아주머니가 다가와 영어로 도와주겠다고 했고, 그 덕분에 올바른 티켓을 다시 사서 무사히 빠져나올 수 있었다. 그때 작은 친절이 얼마나 큰 힘이 되는지 실감하며, 이후 여행에서는 항상 표 종류를 꼼꼼히 확인하게 되었다.",발화자가 파리 지하철에서 도움을 받은 사람은 누구였나요?,잘 모르겠음,현지인 아주머니,지하철 직원,여행 동행자,현지인 아주머니,2,140
여행 경험,유럽 자유여행에서 겪은 사건,170,"몇 년 전 프랑스 남부의 작은 마을을 여행할 때, 현지 시장에서 처음 보는 과일을 샀다가 상인과 가격 흥정에 실패했던 기억이 있다. 프랑스어가 서툴러서 손짓과 미소로 대화를 이어갔지만, 결국 제값보다 비싸게 구입한 것 같았다. 그래도 시장 골목을 걷다 보니 상인이 맛보라고 작은 과일 조각을 건네줘서 덕분에 현지인들과 조금 더 가까워진 느낌을 받았다. 낯선 곳에서의 이런 소소한 경험들이 여행의 진짜 재미인 것 같다.",프랑스 남부의 시장에서 어떤 일이 있었는지에 대해 올바르게 설명한 것은 무엇인가요?,잘 모르겠음,상인과 흥정에 성공하여 과일을 싸게 샀다.,처음 보는 과일을 사며 상인과 가격 흥정에 실패했다.,프랑스어가 능숙해서 대화가 술술 풀렸다.,처음 보는 과일을 사며 상인과 가격 흥정에 실패했다.,3,173
여행 경험,제주도에서의 미스터리한 경험,170,"평소와 다름없이 제주시 외곽의 한적한 길을 걷던 중, 갑자기 바람이 멈추고 주위가 조용해졌던 순간이 있었다. 그때 바닷가 방향에서 희미한 종소리가 들려왔는데, 주변에 종이 있을 만한 절이나 건물은 전혀 보이지 않았다. 소리를 따라가 보려 했지만, 걸을수록 점점 멀어지는 느낌만 들었다. 결국 소리는 사라졌고, 남은 건 살짝 등골이 서늘해지는 묘한 기분뿐이었다.",길을 걷던 중 들렸던 미스터리한 소리는 무엇이었나요?,잘 모르겠음,바람 소리,종소리,파도 소리,종소리,3,153
여행 경험,제주도에서의 미스터리한 경험,170,"며칠 전 제주도에 있는 오래된 오름 근처 산책로를 걷다가 길을 잠시 잃은 적이 있었다. 분명히 지도에 나온 대로 따라가고 있었는데, 갑자기 안개가 자욱하게 껴서 주변이 온통 희뿌옇게 변했다. 잠시 멈춰서 방향을 가늠하고 있는데 어디선가 낯선 강아지가 나타나 나를 이끌듯 앞장서기 시작했다. 강아지를 따라가자 안개가 걷히면서 길이 다시 보였고, 마치 꿈처럼 강아지는 어느새 사라져버렸다. 그 후로 제주도 여행이 한층 더 신비롭게 느껴진다.",제주도 산책로에서 길을 찾는 데 도움을 준 동물은 무엇이었나요?,잘 모르겠음,고양이,강아지,말,강아지,3,184
여행 경험,제주도에서의 미스터리한 경험,170,"며칠 전 친구들과 제주도 숲길을 걷다가 갑자기 안개가 짙게 끼기 시작했다. 방향 감각을 잃고 잠시 멈춰 있었는데, 어디선가 종소리가 들려와 그 소리를 따라가다 보니 원래 오던 길로 되돌아올 수 있었다. 돌아와서 다들 신기해하며 누가 종을 울렸는지 궁금해했지만, 근처엔 사람이 전혀 없었고 종소리의 정체도 끝내 알 수 없었다. 그날 이후로 숲길에 대한 인상이 완전히 달라졌다.",제주도 숲길에서 길을 찾는 데 도움이 된 것은 무엇이었나요?,잘 모르겠음,바람 소리,종소리,휴대폰 지도,종소리,3,156
여행 경험,제주도에서의 미스터리한 경험,170,"며칠 전 제주도에서 혼자 자전거를 타다가 작은 오솔길을 발견했는데, 길을 따라가다 보니 갑자기 바람이 멎고 모든 소리가 사라지는 듯한 기분이 들었어. 주변을 둘러보니 평소엔 볼 수 없는 커다란 바위가 눈에 들어왔고, 그 위에 앉아 있던 고양이가 나를 한참 동안 바라보다가 갑자기 사라져 버렸어. 그 순간 괜히 등골이 오싹해져서 서둘러 길을 빠져나왔는데, 나중에 다시 가보니 그 바위가 아예 보이지 않아서 아직도 그 일이 꿈인지 현실인지 헷갈려.",발화자가 제주도 오솔길에서 겪은 미스터리한 일과 관련된 설명으로 알맞은 것은?,잘 모르겠음,고양이가 바위 위에서 노래를 불렀다.,바위가 사라진 것 같았다.,자전거가 고장 났다.,바위가 사라진 것 같았다.,3,184
여행 경험,해외에서 만난 한국인의 베풀기,170,"파리의 작은 카페에서 길을 헤매던 중 우연히 만난 한국인 유학생이 큰 도움을 줬다. 낯선 도시에서 길을 묻자 자신의 일정도 바쁜데 직접 목적지까지 안내해주고, 카페에서 따뜻한 커피까지 사주었다. 덕분에 불안했던 마음이 한결 편안해졌고, 그날은 그 친절함 덕분에 여행의 특별한 추억이 되었다.",파리에서 만난 한국인 유학생이 나에게 어떤 도움을 주었는가?,잘 모르겠음,함께 사진을 찍어주었다.,목적지까지 안내해주고 커피를 사주었다.,현지 음식을 추천해주었다.,목적지까지 안내해주고 커피를 사주었다.,3,123
여행 경험,해외에서 만난 한국인의 베풀기,170,"지난달 파리의 작은 골목에서 길을 잃었을 때, 우연히 만난 한국인 유학생이 큰 도움이 되어주었다. 그분은 바쁜 일정에도 불구하고 지도를 함께 보며 목적지까지 직접 안내해줬고, 도중에 근처 맛집도 추천해줬다. 덕분에 낯선 도시에서 따뜻함을 느낄 수 있었고, 나중에 감사 인사를 전하고자 카페에서 차를 대접했다. 이런 친절 덕분에 여행이 더욱 특별하게 기억된다.","파리에서 길을 잃었을 때, 만난 한국인 유학생이 해준 일로 옳은 것은?",잘 모르겠음,같이 쇼핑을 해줬다,지도를 보며 목적지까지 안내해줬다,현지 투어를 예약해줬다,지도를 보며 목적지까지 안내해줬다,3,152
여행 경험,해외에서 만난 한국인의 베풀기,170,"파리에서 길을 잃고 헤매던 중 우연히 한국어로 통화하는 소리를 듣게 되었다. 용기를 내 말을 걸었더니, 그분이 친절하게 목적지까지 직접 안내해 주셨다. 게다가 근처 맛집도 소개해 주고, 여행 팁까지 챙겨주셨다. 낯선 나라에서 한국인을 만나 큰 도움을 받으니 마음이 한결 놓였다. 그날 받은 친절 덕분에 여행의 기억이 훨씬 따뜻해졌다.",파리에서 길을 잃은 작성자는 어떤 도움을 받았는가?,잘 모르겠음,현지 지도를 선물 받았다.,한국인에게 직접 안내를 받았다.,현지 경찰이 도와주었다.,한국인에게 직접 안내를 받았다.,3,140
여행 경험,해외에서 만난 한국인의 베풀기,170,"파리의 작은 골목길에서 길을 잃고 당황하던 중, 우연히 한인 식당 앞을 지나게 되었어요. 마침 가게 앞에 있던 한국인 아주머니가 제 표정을 보고 먼저 다가와 말을 걸어주셨죠. 지도도 꺼내 보여주며 친절하게 목적지까지 가는 길을 상세하게 설명해주셨어요. 심지어 따뜻한 차 한 잔도 내어주셔서 덕분에 긴장이 많이 풀렸답니다. 해외에서 같은 한국인을 만나 도움을 받으니 정말 든든하고 감사했어요.",해외에서 길을 잃었을 때 발화자가 도움을 받은 방법으로 옳은 것은 무엇인가요?,잘 모르겠음,영어를 잘하는 친구에게 전화했다,현지인에게 무작정 길을 물었다,한국인 아주머니가 길을 알려주고 차도 대접했다,한국인 아주머니가 길을 알려주고 차도 대접했다,4,165
여행 경험,가장 인상 깊었던 여행 경험,170,"며칠 전 친구들과 강릉으로 기차여행을 다녀왔다. 기차에서 창밖으로 펼쳐지는 동해 바다를 바라보며 먹던 도시락이 아직도 생각난다. 바다에 도착하자마자 신나게 모래사장에서 뛰어놀고, 해가 질 무렵엔 노란색 카페에서 커피 한 잔을 마셨다. 친구들과 바다 앞에서 사진을 찍으며 웃었던 순간이 특히 기억에 남는다. 돌아오는 길에 모두 피곤해 조용히 잠들었던 것도 여행의 여운처럼 느껴졌다.",화자는 강릉에서 무엇을 마셨다고 했나요?,잘 모르겠음,오렌지 주스,커피,탄산음료,커피,3,163
여행 경험,가장 인상 깊었던 여행 경험,170,"지난가을에 친구들과 전라도 담양을 다녀온 기억이 아직도 선명하다. 특히 대나무 숲길을 걷던 순간이 인상적이었다. 바람에 흔들리는 대나무 소리와 푸른 빛이 마음을 평온하게 해주었다. 걷는 동안 친구들과 어린 시절 이야기도 나누고, 대나무로 만든 아이스크림도 먹었는데, 독특한 맛이 아직도 생각난다. 돌아오는 길에는 담양 호수에 들러 노을을 감상했는데, 붉게 물든 하늘이 여행의 마무리를 더 특별하게 해주었다.",발화자가 담양에서 특별하게 느낀 순간으로 언급한 것은 무엇인가요?,잘 모르겠음,대나무로 만든 아이스크림을 먹은 순간,대나무 숲길을 걷던 순간,담양 호수에서 노을을 감상한 순간,대나무 숲길을 걷던 순간,3,175
여행 경험,가장 인상 깊었던 여행 경험,170,"작년 늦가을, 친구와 단둘이 경주로 여행을 떠났던 기억이 가장 인상 깊다. 첨성대 근처를 산책하다가 예상치 못한 소나기를 만났는데, 우산이 없어서 둘이 비를 맞으며 황리단길의 작은 카페로 뛰어들었다. 그곳에서 마신 따뜻한 유자차 한 잔이 유난히 달콤하게 느껴졌고, 비가 내리는 창밖을 바라보며 이런 소소한 순간이 오래 기억에 남는다는 걸 새삼 깨달았다.",발화자가 경주 여행 중 갑자기 비를 맞고 들어간 장소에서 마신 음료는 무엇이었나요?,잘 모르겠음,아메리카노,유자차,녹차,유자차,3,149
여행 경험,가장 인상 깊었던 여행 경험,170,"몇 해 전 친구들과 제주도에서 자전거 일주를 한 적이 있다. 첫날은 한림에서 시작해 서귀포까지 해안길을 따라 달렸다. 중간에 갑자기 소나기가 내려 모두 비에 흠뻑 젖었지만, 다 같이 비를 맞으며 웃었던 기억이 지금도 선명하다. 비가 그친 뒤엔 무지개가 떴고, 우연히 만난 동네 분이 따뜻한 고구마를 건네주셔서 감동받았다. 고된 일정이었지만 그때의 따스함과 풍경이 내겐 잊지 못할 추억으로 남아 있다.",발화자가 제주도 자전거 여행 중 만난 동네 분이 건네준 음식은 무엇이었나요?,잘 모르겠음,따뜻한 고구마,제주 감귤,옥수수,따뜻한 고구마,2,167
여행 경험,가장 인상 깊었던 자연 경치,170,"몇 해 전, 친구들과 강원도에 위치한 설악산으로 등산을 갔던 기억이 아직도 생생하다. 가을 단풍이 절정을 이룬 시기여서 산 전체가 붉은빛과 노란빛으로 물들어 있었다. 정상에 오르기까지 힘들었지만, 정상에 서서 아래로 펼쳐진 울긋불긋한 산자락과 맑은 하늘, 멀리 보이는 동해 바다를 한눈에 담았을 때 그 아름다움에 숨이 멎을 뻔했다. 특히 정상에서 먹은 김밥 한 조각이 평소보다 훨씬 더 맛있게 느껴졌다.",발화자가 설악산 정상에서 가장 인상 깊게 본 것은 무엇이었나요?,잘 모르겠음,도시의 야경,단풍으로 물든 산과 동해 바다,폭포수 소리,단풍으로 물든 산과 동해 바다,3,169
여행 경험,가장 인상 깊었던 자연 경치,170,"몇 해 전, 친구와 함께 제주도의 비자림을 걷던 기억이 아직도 생생하다. 숲길을 따라가며 비자나무 사이로 들어오는 햇살이 마치 작은 별빛처럼 느껴졌고, 바람이 불 때마다 나뭇잎이 사각거리는 소리에 마음이 편안해졌다. 특히 숲 중앙에 있는 오래된 비자나무 아래에서 잠시 멈춰 사진을 찍었던 순간은 지금 생각해도 가장 인상 깊었다.",발화자가 숲에서 가장 인상 깊었던 순간은 무엇이었나요?,잘 모르겠음,비자림 입구에서 사진을 찍은 순간,비자나무 아래에서 사진을 찍은 순간,숲길에서 바람을 맞은 순간,비자나무 아래에서 사진을 찍은 순간,3,138
여행 경험,가장 인상 깊었던 자연 경치,170,"지난봄, 친구와 함께 제주도의 한라산을 등반했던 기억이 아직도 생생하다. 정상에 오르기 전 숲길을 따라 걷는데, 진달래가 만개해서 온 세상이 분홍빛으로 물들었다. 힘들게 올라가다 잠시 쉬면서 바라본 그 광경은 마치 다른 세상 같았다. 정상에서 본 푸른 바다와 섬의 전경이 너무 아름다워 한참을 말없이 바라봤다. 사진을 많이 찍었지만, 직접 본 그 느낌을 온전히 담을 수는 없었다.",발화자가 한라산 등반 중 가장 인상 깊게 본 꽃의 종류는 무엇인가요?,잘 모르겠음,벚꽃,진달래,해바라기,진달래,3,159
여행 경험,가장 인상 깊었던 자연 경치,170,"주말에 친구들과 함께 설악산에 다녀온 기억이 아직도 생생하다. 산길을 따라 오르면서 땀도 많이 흘렸지만, 정상 근처에 다다랐을 때 펼쳐진 구름 바다와 파란 하늘, 그리고 멀리 보이는 산맥의 모습에 모두가 감탄했다. 특히 그날은 일출 시간이었는데, 붉게 물든 하늘과 햇살이 구름을 뚫고 퍼질 때의 광경이 너무 아름다워서 한참을 아무 말 없이 바라봤다. 그때 찍은 사진들은 아직도 내 휴대폰 배경화면으로 쓰고 있다.",화자가 설악산에서 가장 인상 깊게 본 자연 경치는 어떤 시간이었나요?,잘 모르겠음,비가 오는 오후,일출 시간,해가 진 저녁,일출 시간,3,172
여행 경험,가장 인상깊었던 여행지와 그 이유,170,"얼마 전 친구들과 함께 부산의 감천문화마을을 방문했던 기억이 또렷하다. 알록달록한 집들이 언덕을 따라 이어져 있고, 골목마다 숨은 벽화와 조형물이 곳곳에 있어 걷는 내내 새로운 풍경을 만나는 재미가 있었다. 특히 해 질 무렵 노란 조명 아래서 바라본 마을의 모습이 너무 아름다워서 휴대폰 카메라로 수십 장을 찍었던 것 같다. 그곳 특유의 활기찬 분위기와 따뜻한 주민들의 인사도 인상 깊게 남았다.",발화자가 감천문화마을에서 특히 인상 깊게 느낀 시간대는 언제였나요?,잘 모르겠음,이른 아침,해 질 무렵,한낮,해 질 무렵,3,165
여행 경험,가장 인상깊었던 여행지와 그 이유,170,"며칠 전 친구와 부산을 다녀온 기억이 아직도 생생하다. 해운대 해변에서 바다 내음을 맡으며 모래사장을 걷던 순간이 정말 인상적이었다. 저녁에는 광안대교 근처 카페에 앉아 야경을 감상했는데, 불빛이 바다에 반사되어 황홀한 분위기를 자아냈다. 신선한 해산물도 맛보고, 시장 골목에서 다양한 먹거리를 즐겼던 시간 덕분에 부산이 내게 특별한 여행지로 남았다.",발화자가 부산에서 가장 인상적으로 느꼈던 순간은 무엇과 관련이 있나요?,잘 모르겠음,해운대 해변에서 산책하던 순간,카페에서 책을 읽던 순간,호텔에서 쉬던 순간,해운대 해변에서 산책하던 순간,2,151
여행 경험,가장 인상깊었던 여행지와 그 이유,170,"친구들과 함께 떠난 제주도 여행이 아직도 기억에 남는다. 한라산을 오르다가 정상 부근에서 갑자기 안개가 몰려와 길을 잃을 뻔했는데, 지나가던 등산객이 친절하게 방향을 알려줘 무사히 정상에 도착할 수 있었다. 정상에서 본 바다가 정말 인상적이었고, 힘들게 오른 만큼 뿌듯함도 컸다. 여행이 끝난 뒤에도 그 때 만난 등산객의 도움과 한라산 정상에서 느꼈던 감동이 자주 떠오른다.",발화자가 제주도 한라산을 등반하던 중에 도움을 준 사람은 누구였나요?,잘 모르겠음,함께 간 친구,지나가던 등산객,현지 가이드,지나가던 등산객,3,158
여행 경험,가장 인상깊었던 여행지와 그 이유,170,"부산에 다녀온 기억이 아직도 선명하다. 해운대 해변에서 모래사장에 발을 담그고 친구들과 밤바다를 바라보며 이야기를 나눈 시간이 정말 특별했다. 특히 자갈치 시장에서 맛본 회는 신선함이 남달랐고, 길거리에서 우연히 만난 버스킹 공연을 보며 노래를 따라 부른 경험이 오랫동안 마음에 남았다. 복잡한 일상에서 벗어나 자유롭게 걷고 웃었던 그 순간들이 부산을 내게 가장 인상 깊은 여행지로 만들었다.",화자가 부산에서 친구들과 밤바다를 바라보며 한 활동은 무엇이었나요?,잘 모르겠음,모래사장에서 달리기,이야기를 나눔,해수욕을 즐김,이야기를 나눔,3,167
여행 경험,갑작스럽게 시작된 로드트립,170,"지난주 금요일 저녁, 친구에게서 갑작스럽게 전화가 왔다. 집에서 쉬려던 참이었지만, 즉흥적으로 차를 몰고 강릉으로 떠나자는 제안에 덥석 응했다. 급하게 짐을 챙기고 밤늦게 출발해 고속도로를 달리며 창밖 야경을 감상했다. 휴게소에서 컵라면으로 허기를 달래며 예상치 못한 여행이 주는 설렘을 만끽했다.",화자는 친구의 제안으로 로드트립을 떠나며 어디에서 허기를 달랬나요?,잘 모르겠음,카페에서,휴게소에서,식당에서,휴게소에서,3,129
여행 경험,갑작스럽게 시작된 로드트립,170,"친구에게서 갑자기 전화가 와서, 아무 계획 없이 차를 끌고 바닷가로 떠나자는 제안을 받았다. 평소엔 신중하게 일정을 짜는 편이지만, 그날따라 이상하게 모든 게 즉흥적으로 흘러갔다. 간단히 옷과 간식만 챙기고 출발했는데, 도중에 길을 잘못 들어 예상치 못한 시골 마을에서 현지 분들이 추천해준 작은 식당에서 맛있는 칼국수를 먹었다. 계획대로라면 경험하지 못했을 특별한 기억이 되었다.",발화자의 로드트립 도중 예상치 못하게 방문한 곳에서 어떤 음식을 먹었나요?,잘 모르겠음,햄버거,칼국수,김밥,칼국수,3,163
여행 경험,갑작스럽게 시작된 로드트립,170,"친구에게서 갑자기 전화가 와서 아무런 계획도 없이 차를 몰고 근교로 로드트립을 떠난 적이 있다. 평소에는 꼼꼼하게 일정을 짜는 편이지만, 그날은 지도도 제대로 보지 않고 그냥 눈에 띄는 작은 시골 마을로 향했다. 우연히 들른 카페에서 직접 만든 레몬 파이를 맛보았는데, 예상외로 그 맛이 너무 인상적이어서 아직도 기억에 남는다. 돌아오는 길엔 비가 내렸지만, 차 안에서 음악을 들으며 빗소리를 감상하니 오히려 더 특별하게 느껴졌다.",발화자가 로드트립 중에 우연히 들른 곳에서 인상 깊게 먹은 음식은 무엇이었나요?,잘 모르겠음,초콜릿 케이크,레몬 파이,치즈 샌드위치,레몬 파이,3,181
여행 경험,갑작스럽게 시작된 로드트립,170,"친구 민수가 갑자기 전화를 해서 바람 쐬러 멀리 가자고 했던 날이 떠오른다. 별다른 계획도 없이 배낭에 옷 몇 벌만 챙겨서 그의 낡은 자동차를 탔다. 도중에 들른 작은 휴게소에서 우리는 우연히 만난 강아지와 잠깐 놀기도 했다. 해질 무렵에는 바닷가 근처에 차를 세우고, 바다 냄새를 맡으며 컵라면을 나눠 먹었던 순간이 유난히 기억에 남는다.",발화에서 친구와 갑작스럽게 떠난 로드트립 도중 만난 동물은 무엇이었나요?,잘 모르겠음,고양이,강아지,새,강아지,3,140
여행 경험,기차를 타고 떠난 여행 이야기,170,"지난달에 친구와 함께 기차를 타고 바다 근처 작은 도시로 여행을 다녀왔다. 창밖 풍경이 빠르게 스쳐 지나가는 걸 보며 이런 여유가 오랜만이라는 생각이 들었다. 도착하자마자 근처 시장에서 유명한 해산물 파전을 먹었는데, 고소한 맛과 바삭한 식감이 아직도 기억에 남는다. 돌아오는 길에는 피곤해서 서로 기대 잠들었고, 덕분에 더 가까워진 느낌이 들어 뿌듯했다.",여행 중 친구와 무엇을 먹었다고 했나요?,잘 모르겠음,떡볶이,해산물 파전,칼국수,해산물 파전,3,151
여행 경험,기차를 타고 떠난 여행 이야기,170,"기차역에서 우연히 만난 대학 동창과 함께 여행을 시작했다. 창밖으로 펼쳐지는 논밭과 멀리 보이는 산들이 신기해 사진을 찍었고, 간식으로 준비한 귤을 나눠 먹으며 웃음이 끊이질 않았다. 중간 정차역에서 내린 뒤 기념품 가게에 들러 자개가 박힌 열쇠고리를 샀는데, 동창은 직접 만든 엽서를 골랐다. 잠깐의 시간 동안 많은 추억이 쌓여 기차여행의 매력을 다시 한 번 느꼈다.",기차여행 중 동창이 기념품 가게에서 고른 물건은 무엇이었나요?,잘 모르겠음,자개가 박힌 열쇠고리,직접 만든 엽서,여행지 사진이 담긴 컵,직접 만든 엽서,3,154
여행 경험,기차를 타고 떠난 여행 이야기,170,"지난주 금요일에는 오랜만에 기차를 타고 바닷가 도시로 떠났다. 좌석 옆 창문으로 들어오는 햇살과 시골 풍경을 보는 게 정말 좋았다. 옆자리에 앉은 아주머니와 자연스럽게 대화를 나누게 되었는데, 그녀가 직접 만든 도시락을 나눠주셔서 덕분에 점심을 푸짐하게 먹을 수 있었다. 목적지에 도착하기 전, 아주머니와 연락처를 주고받으며 다음에도 같이 여행하자고 약속했다.",기차 여행 중 화자가 옆자리에 앉은 아주머니에게서 어떤 특별한 경험을 했나요?,잘 모르겠음,아주머니가 직접 만든 도시락을 나눠주셨다.,아주머니가 기차표를 사주셨다.,아주머니가 노래를 불러주셨다.,아주머니가 직접 만든 도시락을 나눠주셨다.,2,155
여행 경험,기차를 타고 떠난 여행 이야기,170,"며칠 전, 친구와 함께 무작정 기차역에서 표를 끊고 동해안 쪽으로 여행을 떠났다. 창밖으로 펼쳐진 논밭과 산, 바다가 번갈아가며 보여서 지루할 틈이 없었다. 차창 너머로 보이는 해가 천천히 저물 때쯤, 기차 안에서 도시락을 먹으며 서로 여행 계획을 세우기도 했다. 기차가 느릿하게 역에 멈출 때마다 승객들의 다양한 표정도 인상 깊었다.",기차 여행 중에 친구와 무엇을 하며 시간을 보냈는가?,잘 모르겠음,창밖 풍경을 스케치했다,도시락을 먹으며 여행 계획을 세웠다,노래를 크게 부르며 놀았다,도시락을 먹으며 여행 계획을 세웠다,3,140
여행 경험,내 생애 가장 행복했던 여행,170,"몇 년 전, 친구들과 제주도로 여행을 떠난 기억이 아직도 생생하다. 도착하자마자 해변에서 파도 소리를 들으며 사진을 찍었고, 그날 저녁엔 시장에서 먹은 흑돼지와 함께 소소한 이야기꽃을 피웠다. 여행 내내 날씨도 좋아서 오름에 올라 한라산을 바라보며 감탄했다. 무엇보다 평소 바빠서 자주 못 보던 친구들과 오랜만에 웃으며 시간을 보내 행복감이 오래도록 남았다.",발화자가 제주도 여행에서 친구들과 함께 무엇을 먹으며 이야기꽃을 피웠나요?,잘 모르겠음,갈치구이,흑돼지,전복죽,흑돼지,3,152
여행 경험,내 생애 가장 행복했던 여행,170,"며칠 전, 오랜만에 부모님과 함께 바닷가로 여행을 다녀왔다. 도착하자마자 파란 바다를 보며 모래사장을 맨발로 걸었고, 저녁에는 해가 지는 풍경을 바라보며 다 같이 회를 먹었다. 부모님이 내 어릴 적 이야기를 들려주시며 모두 크게 웃었고, 그 순간만큼은 모든 걱정을 잊고 정말 행복하다고 느꼈다. 평소에는 바쁜 일상에 쫓겨 대화가 부족했는데, 이번 여행에서는 서로 마음을 나눌 수 있어 오래도록 기억에 남을 것 같다.",여행 중 가족이 함께 하며 특별히 행복함을 느낀 이유는 무엇이었나요?,잘 모르겠음,해변에서 사진을 많이 찍었기 때문,오랜만에 회를 먹어서,평소에 부족했던 대화를 나누며 마음을 나눌 수 있었기 때문,평소에 부족했던 대화를 나누며 마음을 나눌 수 있었기 때문,4,174
여행 경험,내 생애 가장 행복했던 여행,170,"몇 년 전 친구들과 제주도로 여행을 갔던 기억이 아직도 생생하다. 그때 우리는 우연히 동네 어르신께 추천받은 작은 해변에 갔는데, 사람들이 거의 없어 조용히 파도 소리를 들으며 모래사장에 누워 있었다. 저녁에는 직접 잡은 해산물로 바비큐를 해 먹었고, 모닥불을 피워 서로의 고민도 나누었다. 그날의 따뜻한 바람과 웃음소리가 아직도 마음을 편안하게 만든다.",발화자가 친구들과 함께 저녁에 무엇을 했는지 올바르게 고른 것은?,잘 모르겠음,야시장에 다녀왔다,직접 잡은 해산물로 바비큐를 해 먹었다,관광지에서 쇼핑을 했다,직접 잡은 해산물로 바비큐를 해 먹었다,3,150
여행 경험,내 생애 가장 행복했던 여행,170,"작년에 친구들과 제주도로 떠난 여행이 아직도 생생하다. 평소 바다를 좋아하지만 이렇게 깨끗한 바다는 처음 봤다. 우린 해변에서 모래성을 쌓고, 현지 식당에서 갈치조림을 먹으며 밤늦게까지 이야기를 나눴다. 특히 한라산 정상에 올라서 본 일출은 정말 말로 표현할 수 없을 만큼 아름다웠다. 그 순간 모두가 손을 잡고 소리치며 기뻐했던 기억이 내 인생에서 가장 행복했던 순간으로 남았다.",화자가 친구들과 제주도 여행에서 가장 감동받았던 순간은 언제였나요?,잘 모르겠음,갈치조림을 먹을 때,해변에서 모래성을 쌓을 때,한라산 정상에서 일출을 볼 때,한라산 정상에서 일출을 볼 때,4,161
여행 경험,내 생애 최고의 여행,170,"몇 해 전, 부모님과 함께 제주도로 여행을 갔던 기억이 아직도 생생하다. 평소에는 가족 모두가 바빠 모이기 힘들었지만, 그때만큼은 각자 휴가를 내어 오랜만에 여유로운 시간을 보냈다. 저녁에는 해변을 산책하며 조개껍데기를 주웠고, 작은 카페에서 한라봉차를 마시며 도란도란 이야기를 나눴다. 가족과 함께 보낸 그 소중한 추억 덕분에 그 여행이 내 생애 최고의 여행으로 남아 있다.",화자가 제주도에서 가족과 함께 저녁에 했던 활동은 무엇이었나요?,잘 모르겠음,한라봉 농장 방문,해변 산책과 조개껍데기 줍기,오름 등반,해변 산책과 조개껍데기 줍기,3,159
여행 경험,내 생애 최고의 여행,170,"작년에 친구들과 함께 제주도로 여행을 다녀온 기억이 아직도 생생하다. 평소보다 훨씬 일찍 일어나 공항에서 만난 우리는 첫 비행기의 설렘을 감추지 못했다. 도착하자마자 한라산 등반을 시작했는데, 중간에 갑자기 비가 내려 우비를 급하게 샀던 일이 떠오른다. 정상에 올랐을 때 본 구름 너머의 풍경은 정말 환상적이어서 모두가 감탄했다. 그날 저녁엔 근처 해산물 식당에서 전복죽을 먹으며 하루를 마무리했는데, 그 맛이 아직도 잊히지 않는다.",제주도 여행 중 한라산을 오르던 중 어떤 일이 발생했나요?,잘 모르겠음,갑자기 비가 내렸다.,정상에서 눈이 내렸다.,갑자기 길을 잃었다.,갑자기 비가 내렸다.,2,184
여행 경험,내 생애 최고의 여행,170,"몇 해 전 늦가을에 친구와 단둘이 전주로 여행을 떠났던 기억이 아직도 생생하다. 한옥마을 골목을 따라 걷다가 우연히 작은 찻집을 발견했는데, 그곳에서 따뜻한 대추차와 직접 구운 전통 과자를 맛보았다. 찻집 주인 할머니께서 여행 온 사연을 묻고는 오래된 사진첩을 보여주셨다. 덕분에 잠시나마 그 마을의 오랜 이야기를 함께 나눌 수 있어 정말 소중한 추억으로 남았다.",전주 여행 중 화자가 특별한 경험을 했던 장소에서 마신 차는 무엇이었나요?,잘 모르겠음,유자차,대추차,녹차,대추차,3,152
여행 경험,내 생애 최고의 여행,170,"두 달 전, 친구들과 제주도에 다녀온 기억이 아직도 생생하다. 우연히 비가 내리는 날 오름에 올랐는데, 정상에 도착하자 구름 사이로 무지개가 피어났다. 우리는 갑자기 빗속에서 신나게 사진을 찍고, 서로 장난치며 크게 웃었다. 저녁에는 작은 펜션에서 바비큐를 구워 먹으며 평소 못 나눴던 고민도 털어놓았다. 짧았지만 오랜만에 마음이 완전히 편안해지는 시간을 보내 정말 특별하게 느껴졌던 여행이었다.",발화자의 제주도 여행 중에 정상에 올랐을 때 어떤 특별한 일이 있었나요?,잘 모르겠음,갑자기 눈이 내렸다.,무지개가 나타났다.,펜션 주인이 선물을 줬다.,무지개가 나타났다.,3,169
여행 경험,다시 가고 싶은 그 장소에서의 하루,170,"친구와 제주도 협재해변을 찾았던 날이 아직도 생생하다. 해질 무렵 바다를 바라보며 모래사장에 앉아 서로의 고민을 털어놓았다. 바닷바람에 머리가 헝클어졌지만, 오히려 그런 모습이 더 자유로워 보여 좋았다. 근처 작은 카페에 들어가 따뜻한 귤차를 마시며 창밖의 노을을 바라봤다. 그 순간만큼은 모든 걱정이 사라진 듯한 기분이었다. 그래서 언젠가 꼭 다시 그곳에 가고 싶다는 생각이 자주 든다.",발화에서 화자는 친구와 어떤 음료를 마시며 창밖의 노을을 바라보았나요?,잘 모르겠음,아메리카노,귤차,녹차,귤차,3,165
여행 경험,다시 가고 싶은 그 장소에서의 하루,170,"며칠 전 친구와 함께 제주도 협재 해변을 다녀왔던 기억이 떠올랐다. 파란 바다와 고운 모래가 어우러진 풍경에 감탄하면서, 작은 카페에서 직접 만든 감귤 주스를 마셨다. 오후에는 자전거를 빌려 해안도로를 달리며 시원한 바람을 맞았고, 해질 무렵에는 붉게 물든 하늘 아래에서 사진도 많이 찍었다. 그곳의 여유로운 분위기와 친절한 사람들 덕분에 마음이 한결 가벼워져서, 꼭 다시 가고 싶다는 생각이 들었다.",협재 해변에서 친구와 무엇을 마셨는지 올바르게 고른 것은?,잘 모르겠음,아이스 아메리카노,감귤 주스,복숭아 스무디,감귤 주스,3,169
여행 경험,다시 가고 싶은 그 장소에서의 하루,170,"몇 해 전, 우연히 친구들과 제주도 성산 일출봉 근처 작은 게스트하우스에 묵었을 때가 생각난다. 아침에 창문을 열자 바람에 실려온 바다 내음이 코끝을 간질였다. 우리는 자전거를 빌려 해안도로를 따라 달리며, 길가에 핀 노란 유채꽃을 배경으로 사진을 찍었다. 점심에는 인근 시장에서 갓 잡은 해산물로 만든 회덮밥을 먹고, 해 질 무렵에는 일출봉이 붉게 물드는 풍경을 감상했다. 하루가 짧게 느껴질 만큼 행복했던 그곳, 꼭 다시 가고 싶다.",게스트하우스에 머무는 동안 내가 점심으로 먹은 음식은 무엇이었나요?,잘 모르겠음,해물파전,회덮밥,갈치조림,회덮밥,3,182
여행 경험,다시 가고 싶은 그 장소에서의 하루,170,"작년 초여름, 친구와 함께 남해 작은 어촌마을에 다녀온 기억이 아직도 선명하다. 그날은 유난히 하늘이 맑았고, 바다도 고요했다. 우리는 마을 앞 갯벌에서 조개를 캤고, 그 자리에서 바로 구워먹는 신선한 맛에 감탄했다. 마을 할머니께서 직접 담근 매실차를 건네주셨는데, 짙은 향과 새콤달콤한 맛이 피로를 싹 씻어줬다. 해질녘, 바닷가 벤치에 앉아 서로의 하루를 이야기하며 붉게 물든 하늘을 바라보던 순간이 자꾸 떠오른다.",마을 할머니가 건네주신 음료는 무엇이었나요?,잘 모르겠음,유자차,매실차,녹차,매실차,3,178
여행 경험,비행기에서 겪은 긴장감 넘치는 순간들,170,"창가 자리에 앉아 구름을 감상하던 중 갑자기 비행기가 심하게 흔들리기 시작했다. 승무원들도 자리에 앉으라는 안내 방송을 하면서 표정이 다소 굳어 보였다. 옆자리 승객이 불안한 듯 손잡이를 꽉 쥐고 있었고, 나 역시 자연스럽게 안전벨트를 한 번 더 확인했다. 잠시 후 기내가 조용해지면서 흔들림도 점점 잦아들었고, 모두 안도하는 듯한 분위기가 감돌았다. 그 경험 이후로 나는 비행기 탈 때마다 항상 안전벨트를 단단히 매는 습관이 생겼다.","비행기에서 흔들림이 심해졌을 때, 발화자가 취한 행동은 무엇이었나요?",잘 모르겠음,승무원에게 물을 부탁했다,안전벨트를 한 번 더 확인했다,자리에서 일어나 창밖을 봤다,안전벨트를 한 번 더 확인했다,3,182
여행 경험,비행기에서 겪은 긴장감 넘치는 순간들,170,"비행기로 해외에 처음 떠나던 날, 구름 위를 날다가 갑자기 기체가 심하게 흔들리기 시작했다. 좌석에 앉아있던 사람들이 서로 불안한 눈빛을 주고받았고, 나는 두 손으로 의자를 꽉 잡았다. 승무원 안내방송이 들렸지만 심장이 너무 뛰어서 제대로 들리지 않았다. 그 짧은 몇 분이 마치 한 시간처럼 느껴졌다. 다행히 기체가 곧 안정되고, 옆자리에 앉은 아주머니께서 조용히 괜찮다고 손을 꼭 잡아주셨다. 그때 느꼈던 안도감이 아직도 기억난다.",비행기에서 긴장되는 순간에 옆자리에 앉은 아주머니가 화자에게 해준 행동은 무엇이었나요?,잘 모르겠음,물 한 잔을 건넸다,손을 꼭 잡아주었다,조용히 말을 걸어주었다,손을 꼭 잡아주었다,3,183
여행 경험,비행기에서 겪은 긴장감 넘치는 순간들,170,"창밖으로 끝없이 펼쳐진 구름을 바라보며 조금씩 졸리던 중 갑자기 기내 방송이 울렸다. 예상치 못한 기류 변화로 비행기가 크게 흔들리기 시작했다. 안전벨트 사인이 켜지고 승무원들도 자리에 앉으라는 안내가 나왔다. 옆자리에 앉은 분이 긴장한 표정으로 창문을 꽉 붙잡고 있었고, 나도 모르게 손에 땀이 났다. 몇 분간 심장이 쿵쾅거렸지만 곧 흔들림이 잦아들고 방송으로 안정되었다는 안내가 들리자 주변 사람들이 안도의 한숨을 내쉬었다.",기내 방송 후 승무원들은 승객들에게 어떤 행동을 요청했나요?,잘 모르겠음,자리에서 일어나 걷도록 요청했다.,자리에 앉아서 안전벨트를 매도록 요청했다.,음식을 나누어 주도록 요청했다.,자리에 앉아서 안전벨트를 매도록 요청했다.,3,182
여행 경험,비행기에서 겪은 긴장감 넘치는 순간들,170,"며칠 전 해외 출장을 위해 비행기를 탔을 때 일이었다. 착륙을 얼마 남기지 않은 시점에 갑자기 기체가 심하게 흔들리기 시작했다. 승무원들은 서둘러 자리에 앉으라는 방송을 했고, 나는 창밖을 보며 혹시나 하는 불안한 마음에 손에 힘이 들어갔다. 다행히 몇 분 후 흔들림이 멈췄고, 곧 안전하게 착륙했다. 그 짧은 순간이 정말 길게 느껴졌고, 무사히 내릴 때 안도의 한숨이 절로 나왔다.",비행기에서 흔들림이 시작된 후 내가 가장 먼저 한 행동은 무엇이었나요?,잘 모르겠음,창밖을 바라보았다,승무원에게 도움을 요청했다,자리에서 일어났다,창밖을 바라보았다,2,158
여행 경험,언젠가 꼭 가보고 싶은 여행지에 대한 상상,170,"친구가 아이슬란드에 다녀온 이야기를 들으며 나도 언젠가는 그곳을 꼭 가보고 싶다는 생각이 들었다. 끝없이 펼쳐진 푸른 초원과 밤하늘에 춤추는 오로라, 따뜻한 온천에 몸을 담그고 조용히 눈을 감는 상상을 하니 마음이 설레었다. 사진으로만 봤던 폭포와 검은 모래 해변에서 직접 바람을 맞으며 걷고 싶다는 생각이 요즘 부쩍 자주 든다.",내가 상상하며 가보고 싶다고 생각한 여행지에서 꼭 해보고 싶은 활동은 무엇이었나요?,잘 모르겠음,산 정상에서 하이킹,따뜻한 온천에 몸을 담그기,도시에서 쇼핑하기,산 정상에서 하이킹,2,138
여행 경험,언젠가 꼭 가보고 싶은 여행지에 대한 상상,170,"인터넷에서 아이슬란드의 오로라 사진을 처음 봤을 때부터 언젠가 그 신비로운 빛을 직접 보고 싶다는 생각이 자주 들었다. 따뜻한 온천에 몸을 담그고 밤하늘을 올려다보면 형형색색의 오로라가 춤추는 모습을 상상하곤 한다. 특히 차가운 바람이 부는 겨울밤, 조용한 시골 마을에 머물면서 오로라를 기다리는 그 설렘이 얼마나 특별할지 생각만 해도 가슴이 뛴다. 언젠가 그 풍경을 실제로 마주하게 되면 사진으로 남기는 것보다 마음속에 오래 간직하고 싶을 것 같다.",내가 상상하는 아이슬란드 여행에서 특별히 하고 싶은 일은 무엇인가?,잘 모르겠음,수도에서 쇼핑하기,온천에 들어가며 오로라를 감상하기,빙하 위에서 하이킹하기,온천에 들어가며 오로라를 감상하기,3,190
여행 경험,언젠가 꼭 가보고 싶은 여행지에 대한 상상,170,"가끔 창밖을 바라볼 때마다 스위스의 푸른 초원과 만년설 덮인 산들을 상상하게 된다. 아직 한 번도 유럽을 가본 적은 없지만, 언젠가 인터라켄에서 기차를 타고 설산 사이를 달리는 내 모습을 꿈꾼다. 그곳에서 직접 찍은 사진으로 가족들에게 아름다운 풍경을 자랑하는 상상만으로도 마음이 설렌다. 스위스의 신선한 공기와 투명한 호수, 그리고 아침마다 베이커리에서 갓 구운 빵을 사 먹는 일상을 꼭 경험해 보고 싶다.",내가 여행을 상상하며 특히 해보고 싶다고 말한 아침 일상은 무엇인가요?,잘 모르겠음,호수에서 수영하기,베이커리에서 빵을 사 먹기,산에서 하이킹하기,베이커리에서 빵을 사 먹기,3,171
여행 경험,언젠가 꼭 가보고 싶은 여행지에 대한 상상,170,"며칠 전 우연히 티베트의 사진을 본 이후로, 푸른 하늘 아래 펼쳐진 광활한 평원과 설산이 계속 머릿속에 맴돈다. 현지인들과 직접 차를 마시며 그들의 이야기를 듣고 싶다는 생각도 들고, 라마 사원에서 울려 퍼지는 종소리를 실제로 듣는 상상에 설레기도 했다. 아직 직접 가본 적은 없지만, 책이나 다큐멘터리로만 접한 그 풍경과 문화가 언젠가 내 눈앞에 펼쳐질 날을 기대하게 된다.",내가 상상 속에서 직접 들어보고 싶다고 언급한 소리는 무엇이었나요?,잘 모르겠음,시장 상인의 목소리,라마 사원의 종소리,폭포 소리,라마 사원의 종소리,3,156
여행 경험,여행 중 만난 사람들과의 에피소드,170,"서울에서 부산으로 혼자 기차 여행을 하던 중, 옆자리에 앉은 대학생과 자연스럽게 대화를 나누게 되었다. 그는 부산에서 열리는 음악 축제를 보러 간다며, 자신이 직접 만든 악보와 공연 계획을 보여주었다. 나도 음악을 좋아한다는 얘기를 하며 서로 좋아하는 밴드와 최근 들은 노래에 대해 이야기했고, 덕분에 지루할 틈 없이 목적지에 도착했다. 도착 후 연락처를 교환하고, 다음에 서울에서 공연할 때 꼭 오라고 약속했다.",기차에서 만난 대학생이 부산에 간 목적은 무엇이었나요?,잘 모르겠음,친구를 만나기 위해,음악 축제에 참가하기 위해,가족을 방문하기 위해,음악 축제에 참가하기 위해,3,174
여행 경험,여행 중 만난 사람들과의 에피소드,170,"몇 년 전 혼자 부산에 여행을 갔을 때 게스트하우스에서 만난 일본인 친구가 아직도 기억에 남는다. 처음에는 어색했지만 서로 여행 계획을 공유하다가 어느새 자갈치시장에서 회를 함께 먹게 됐다. 회를 먹으며 각자의 나라 이야기와 좋아하는 음악을 나누다가, 다음 날 해운대 해변을 같이 산책하기로 약속했다. 그날 이후로도 가끔 연락하며 지내는데, 여행 중 우연히 만난 인연이 이렇게 오래 이어질 줄은 몰랐다.",게스트하우스에서 만난 일본인 친구와 화자가 처음 함께 했던 활동은 무엇이었나요?,잘 모르겠음,해운대 해변 산책,음악 감상,자갈치시장에서 회 먹기,자갈치시장에서 회 먹기,4,169
여행 경험,여행 중 만난 사람들과의 에피소드,170,"파리의 작은 카페에서 길을 물어볼 겸 옆자리에 앉아 있던 현지인에게 말을 걸었는데, 그분이 자기가 추천하는 숨겨진 명소들을 지도에 표시해 주셔서 정말 고마웠다. 덕분에 관광객이 많지 않은 작은 미술관도 방문했고, 그곳에서 우연히 그림을 그리는 대학생들과 어울려 그림을 함께 그려보는 특별한 시간을 가졌다. 여행의 마지막 날, 그 현지인과 다시 만나 저녁 식사까지 하게 되어 더욱 잊지 못할 추억이 되었다.",파리에서 만난 현지인이 도와준 덕분에 화자가 경험한 특별한 활동은 무엇이었나요?,잘 모르겠음,유명 박물관 투어,대학생들과 그림 그리기,고급 레스토랑 식사,대학생들과 그림 그리기,3,170
여행 경험,여행 중 만난 사람들과의 에피소드,170,"한적한 시골 마을로 여행을 떠났을 때 작은 카페에서 우연히 만난 현지 할아버지와 오랫동안 이야기를 나눈 기억이 있다. 그분은 젊었을 때 기차 기관사였다고 하시면서, 직접 찍은 오래된 흑백 사진들을 보여주셨다. 그 중에는 예전 역 앞에서 친구들과 찍은 사진도 있었고, 예전엔 마을에 사람이 훨씬 많았다며 웃으셨다. 나중에는 직접 만든 호두파이도 한 조각 나눠주셔서, 따뜻하고 정겨운 시간을 보냈다.",여행 중 만난 현지 할아버지가 나에게 보여준 것은 무엇이었나요?,잘 모르겠음,기차 표,오래된 흑백 사진,기념 우표,오래된 흑백 사진,3,167
여행 경험,여행 중 만난 사람들과의 우정 이야기,170,"평소 혼자 여행하는 걸 좋아했지만, 작년 부산 해운대 게스트하우스에서 만난 일본인 룸메이트와의 우정이 특별하게 남았다. 처음에는 서로 어색했지만, 밤에 함께 바닷가를 산책하며 각자의 나라 이야기를 나누다 보니 금방 가까워졌다. 그는 일본에서 가져온 간식을 나눠주기도 했고, 나는 그에게 한국 길거리 음식을 소개해줬다. 여행이 끝난 후에도 우리는 종종 메시지를 주고받으며 서로의 일상을 응원하고 있다.",게스트하우스에서 만난 일본인 룸메이트와 가까워진 계기는 무엇이었나요?,잘 모르겠음,함께 기념품을 샀기 때문,밤에 바닷가를 산책하며 대화를 나눴기 때문,같이 요리를 했기 때문,밤에 바닷가를 산책하며 대화를 나눴기 때문,3,172
여행 경험,여행 중 만난 사람들과의 우정 이야기,170,"기차를 타고 부산으로 가던 날, 옆자리에 앉은 분이 먼저 말을 걸어왔다. 서로 좋아하는 음악을 공유하다가 자연스럽게 여행지 추천도 받았고, 점심도 함께 먹게 되었다. 낯선 곳에서 만난 인연이 이렇게 따뜻하게 느껴질 줄 몰랐다. 여행이 끝난 후에도 연락하며 각자의 도시 소식을 전하고 있다. 타지에서 느꼈던 작은 친절과 그날의 대화가 오래 기억에 남는다.",발화자가 부산행 기차에서 만난 사람과 함께 했던 일은 무엇이었나요?,잘 모르겠음,기차에서 사진을 찍었다,같이 점심을 먹었다,함께 해수욕장에 갔다,같이 점심을 먹었다,3,148
여행 경험,여행 중 만난 사람들과의 우정 이야기,170,"파리의 작은 카페에서 혼자 앉아 있었을 때, 옆자리에서 그림을 그리고 있던 일본인 유학생이 먼저 말을 걸어왔다. 우리는 서로 여행에서 겪은 해프닝을 공유하며 금세 친해졌다. 다음 날엔 루브르 박물관을 함께 둘러보고, 각자 좋아하는 작품에 대해 이야기하며 한참 웃기도 했다. 여행이 끝난 후에도 메신저로 안부를 주고받으며, 다시 만날 날을 약속했다. 낯선 곳에서 우연히 만난 인연이 이렇게 소중해질 줄은 정말 몰랐다.",카페에서 화자가 처음 만난 사람은 어떤 사람이었나요?,잘 모르겠음,프랑스 현지인,일본인 유학생,미국인 직장인,일본인 유학생,3,175
여행 경험,여행 중 만난 사람들과의 우정 이야기,170,"서울에서 기차를 타고 부산에 갔을 때, 게스트하우스에서 우연히 만난 일본인 친구와 금방 친해졌다. 서로 서툰 영어로 대화하며 해운대 해변을 산책했고, 그는 내게 일본 전통 간식도 나눠줬다. 그날 밤 우리는 옥상에서 부산 야경을 바라보며 여행지에서만 느낄 수 있는 자유로움에 대해 이야기했다. 헤어질 때는 각자의 나라로 돌아가면 꼭 다시 만나자고 약속했고, 아직도 SNS로 가끔 안부를 주고받는다.",게스트하우스에서 만난 일본인 친구와 함께 무엇을 했는가?,잘 모르겠음,한강에서 산책했다,해운대 해변을 산책했다,부산에서 쇼핑을 했다,해운대 해변을 산책했다,3,168
여행 경험,여행 중 힘들었던 순간,170,"몇 년 전, 친구와 제주도로 여행을 갔을 때였다. 렌터카 예약을 깜빡해서 공항에서부터 대중교통을 이용해야 했다. 버스 시간도 맞지 않고, 짐이 무거워서 중간에 땀을 뻘뻘 흘렸다. 특히 숙소를 잘못 찾아서 한참을 헤맸는데, 그날따라 비도 내려 신발이 다 젖고 지쳐버렸다. 그래도 숙소에 도착하자마자 따뜻한 샤워를 하니 그나마 피로가 조금 풀렸다.",발화에서 여행 중 힘들었던 주된 이유는 무엇이었나요?,잘 모르겠음,숙소 예약이 취소되어서,렌터카를 예약하지 않아서 대중교통을 이용해야 했기 때문에,비행기 시간이 늦어져서,렌터카를 예약하지 않아서 대중교통을 이용해야 했기 때문에,3,145
여행 경험,여행 중 힘들었던 순간,170,"새벽부터 기차를 타고 이동했더니 잠을 거의 못 자서 피곤함이 몰려왔다. 도착하자마자 비까지 내리기 시작해 우산도 없이 숙소를 찾아 헤맸는데, 구글 지도가 오작동해서 반대 방향으로 한참이나 걸었다. 짐도 무거웠고, 배는 고픈데 주변에 식당도 보이지 않아 그때가 이번 여행에서 가장 힘든 순간이었다.",여행 중 숙소를 찾으러 갈 때 겪은 문제로 옳은 것은 무엇인가요?,잘 모르겠음,숙소 위치가 너무 멀었다,구글 지도가 오작동했다,숙소에 우산이 없었다,구글 지도가 오작동했다,3,126
여행 경험,여행 중 힘들었던 순간,170,"여행을 갔을 때 갑작스럽게 비가 쏟아져서 우산도 없이 짐을 들고 한참을 걸어야 했던 기억이 있다. 길을 잘못 들어 인적 드문 골목을 헤매다가 신발까지 젖어버렸고, 가방 속 옷도 거의 다 젖어버렸다. 그래도 근처 작은 카페에 겨우 들어가 따뜻한 차 한 잔을 마시며 조금씩 기운을 차릴 수 있었다.",발화자가 비를 피해서 들어간 곳은 어디였나요?,잘 모르겠음,작은 서점,편의점,작은 카페,작은 카페,4,119
여행 경험,여행 중 힘들었던 순간,170,"며칠 전 혼자 부산에 여행을 갔을 때, 지도 앱이 갑자기 멈추는 바람에 낯선 골목에서 길을 잃은 적이 있었다. 주변에 물어볼 사람도 없고 휴대전화 배터리도 얼마 남지 않아 순간 당황했다. 결국 잠시 멈춰서 심호흡을 하고 지나가던 택시 기사님께 조심스럽게 길을 물었더니 친절하게 역까지 태워주셨다. 그때 마음이 정말 놓였고, 그 경험 덕분에 길을 잃어도 너무 겁내지 않게 되었다.","부산 여행 중에 길을 잃은 후, 화자가 어떻게 역까지 갈 수 있었는가?",잘 모르겠음,지나가던 행인에게 물어봄,택시 기사님의 도움을 받음,스마트폰으로 길을 다시 찾음,택시 기사님의 도움을 받음,3,156
여행 경험,여행으로 얻은 깊은 교훈,170,"비행기 연착으로 계획했던 일정이 모두 틀어져 처음에는 당황했지만, 그 덕분에 현지 시장에서 혼자 시간을 보내게 되었어요. 시장에서 만난 현지인이 제가 길을 헤매는 걸 보고 친절하게 도와주며 함께 간식도 나누었죠. 예정에 없던 경험이었지만, 예측할 수 없는 상황에서 누군가의 친절이 얼마나 큰 힘이 되는지 깨닫게 되었고, 여행의 진짜 의미는 계획이 아니라 순간순간의 만남과 배움에 있다는 걸 깊이 느꼈답니다.",시장에 혼자 있게 된 계기는 무엇이었나요?,잘 모르겠음,길을 잘못 들어서,비행기 연착으로 일정이 틀어져서,현지인의 초대로 시장에 가서,비행기 연착으로 일정이 틀어져서,3,172
여행 경험,여행으로 얻은 깊은 교훈,170,"몇 년 전, 친구와 계획 없이 떠난 부산 여행에서 큰 교훈을 얻었다. 첫날 숙소를 미리 예약하지 않아 저녁 늦게까지 방을 찾아 헤매야 했고, 결국 작은 게스트하우스에서 낯선 사람들과 방을 나눠 자게 되었다. 불편할 줄 알았지만, 그곳에서 만난 여행자들과의 대화가 오히려 잊지 못할 추억이 되었다. 즉흥적인 선택도 때로는 좋은 인연과 경험을 가져다줄 수 있다는 걸 그때 처음 알게 되었다.",부산 여행 중 예상치 못한 상황에서 발화자가 얻게 된 중요한 깨달음은 무엇이었나요?,잘 모르겠음,미리 계획하지 않으면 여행이 망친다는 것,즉흥적인 선택이 좋은 인연과 경험을 줄 수 있다는 것,게스트하우스는 항상 불편하다는 것,즉흥적인 선택이 좋은 인연과 경험을 줄 수 있다는 것,3,159
여행 경험,여행으로 얻은 깊은 교훈,170,"며칠 전 친구들과 낯선 도시를 여행하면서 길을 잃는 바람에 처음엔 모두 당황했지만, 우연히 만난 동네 할머니께서 친절하게 길을 안내해주셨다. 그 경험을 통해 낯선 곳에서도 누군가의 작은 친절이 큰 힘이 될 수 있다는 걸 깨달았다. 이제는 나도 누군가 도움이 필요해 보이면 먼저 다가가려고 노력한다. 여행은 새로운 풍경뿐만 아니라, 사람들의 따뜻함과 배려를 직접 체험할 수 있는 소중한 기회라는 생각이 들었다.",길을 잃었을 때 어떤 사람이 도움을 주었는지 고르세요.,잘 모르겠음,동네 할머니,경찰관,택시 기사,동네 할머니,2,171
여행 경험,여행으로 얻은 깊은 교훈,170,"비가 내리던 어느 날, 우산 없이 작은 시골 마을을 걷다가 친절한 아주머니를 만난 적이 있다. 모르는 사람에게 우산을 내어주며 웃던 그 모습이 아직도 잊히지 않는다. 그 덕분에 나는 낯선 곳에서도 따뜻함을 느낄 수 있었고, 여행이 단순히 새로운 장소를 보는 것뿐 아니라 사람들과의 소소한 만남에서 깊은 감동과 교훈을 얻을 수 있다는 사실을 깨달았다.",발화에서 화자가 낯선 시골 마을에서 경험한 가장 인상 깊은 일은 무엇이었나요?,잘 모르겠음,비가 내리던 날 혼자 길을 걸은 것,현지 아주머니가 우산을 내어준 것,새로운 장소를 구경한 것,현지 아주머니가 우산을 내어준 것,3,144
여행 경험,여행으로 인해 변화된 나,170,"몇 해 전 혼자 제주도를 여행했을 때, 처음에는 낯선 환경과 혼자라는 사실에 적잖이 긴장했다. 하지만 한라산을 오르며 만난 사람들과 자연스럽게 대화를 나누고, 길을 헤맸을 때 현지인에게 도움을 받으며 점점 자신감이 생겼다. 그 경험 이후 낯선 상황에서도 두려움보다는 호기심이 먼저 드는 성격으로 변했고, 새로운 도전을 주저하지 않게 되었다.",제주도 여행을 통해 내가 가장 크게 변화한 점은 무엇이었나요?,잘 모르겠음,음식 취향이 바뀌었다,두려움 대신 호기심이 생겼다,사진 찍는 법을 배웠다,두려움 대신 호기심이 생겼다,3,144
여행 경험,여행으로 인해 변화된 나,170,"평소에는 새로운 사람과 어울리는 걸 조금 불편해했었는데, 부산에서 혼자 여행하던 중에 게스트하우스에서 만난 친구들과 밤바다 산책을 하면서 자연스럽게 대화를 나눌 수 있었다. 그 이후로 낯선 환경에서 먼저 인사하고 이야기를 시작하는 게 익숙해졌고, 여행 이후에는 직장에서도 새로운 동료와 어색함 없이 친해질 수 있었다. 예전의 나였다면 상상도 못 할 변화였다.",부산 여행을 계기로 발화자가 얻은 변화는 무엇이었나요?,잘 모르겠음,여행을 자주 다니게 되었다.,새로운 사람과 친해지는 데 자신감이 생겼다.,음식 취향이 바뀌었다.,새로운 사람과 친해지는 데 자신감이 생겼다.,3,153
여행 경험,여행으로 인해 변화된 나,170,"작년에 혼자 제주도를 다녀온 뒤로, 낯선 곳에서 혼자 시간을 보내는 것이 더 이상 두렵지 않게 되었다. 처음에는 길을 헤매고 버스를 놓쳐 당황했지만, 지나고 보니 그때 스스로 문제를 해결한 경험이 자신감을 키워주었다. 지금은 새로운 도전 앞에서도 망설임이 줄고, 혼자만의 시간을 즐기는 법도 자연스럽게 익히게 되었다.",제주도 여행을 통해 내가 얻게 된 가장 큰 변화는 무엇이었는가?,잘 모르겠음,맛집을 더 잘 찾게 된 것,스스로 문제를 해결하며 자신감이 생긴 것,사진 촬영 실력이 늘어난 것,스스로 문제를 해결하며 자신감이 생긴 것,3,134
여행 경험,여행으로 인해 변화된 나,170,"며칠 전, 혼자 부산으로 여행을 다녀왔다. 평소에는 낯선 사람과 대화하는 것이 어색해서 피하는 편이었는데, 게스트하우스에서 만난 여행자들과 자연스럽게 어울리게 됐다. 함께 해운대 해변을 걷기도 하고, 맛집을 찾아다니면서 서로의 여행 이야기를 들으며 웃었다. 이 경험 덕분에 사람들과 어울리는 것에 자신감이 생겼고, 이전보다 훨씬 더 적극적인 성격으로 바뀐 내 모습을 발견했다.",부산 여행에서 게스트하우스에서 만난 사람들과 어떤 변화를 경험했는가?,잘 모르겠음,게스트하우스에서 혼자 시간을 보냈다,사람들과 어울리며 자신감이 생겼다,해운대 해변에서 혼자 산책만 했다,사람들과 어울리며 자신감이 생겼다,3,162
여행 경험,여행지에서 겪었던 위기상황과 그 해결방법,170,"며칠 전 친구들과 부산으로 여행을 갔을 때 일이었다. 저녁에 해운대에서 숙소로 돌아가려는데 갑자기 지갑이 없어진 걸 알게 됐다. 당황했지만, 곧장 해변 근처 카페에 들렀던 기억이 나서 급히 전화를 걸었다. 다행히 카페 직원이 친절하게 지갑을 보관하고 있다고 알려줘서, 택시를 타고 다시 카페로 가서 지갑을 무사히 찾을 수 있었다. 그때 정말 안도감이 밀려와서, 앞으로는 물건을 더 잘 챙겨야겠다고 다짐했다.",발화자가 지갑을 잃어버린 후 가장 먼저 취한 행동은 무엇이었나요?,잘 모르겠음,경찰서에 신고했다,카페에 전화를 걸었다,친구들과 숙소를 뒤졌다,카페에 전화를 걸었다,3,171
여행 경험,여행지에서 겪었던 위기상황과 그 해결방법,170,"늦은 오후에 혼자 낯선 도시의 골목을 걷다가 휴대폰 배터리가 완전히 방전돼버려 숙소 위치를 알 수 없게 된 적이 있었다. 당황했지만, 근처 작은 카페에 들어가 간단한 영어로 사정을 설명했고, 카페 직원이 친절하게 충전기를 빌려주었다. 덕분에 숙소 위치를 다시 확인할 수 있었고, 직원이 근처 지도를 그려주며 방향도 안내해줘서 무사히 숙소로 돌아갈 수 있었다.",발화자가 낯선 도시에서 숙소 위치를 다시 알 수 있었던 가장 큰 이유는 무엇이었나요?,잘 모르겠음,근처 경찰서에 도움을 요청해서,카페 직원이 충전기와 지도를 제공해서,현지인에게 길을 물어서,카페 직원이 충전기와 지도를 제공해서,3,150
여행 경험,여행지에서 겪었던 위기상황과 그 해결방법,170,"며칠 전 친구와 부산 해운대를 여행하던 중 갑자기 소나기가 쏟아져서 길가 작은 카페로 급히 피신했다. 우산도 없고 짐은 다 젖을까 걱정이 컸다. 카페에서 주인 아주머니가 무료로 비닐봉지를 나눠주셔서 가방을 감싸고, 옷은 화장실에서 휴지로 물기를 닦았다. 우산은 근처 편의점에서 하나만 사서 친구와 나눠 썼더니 둘 다 많이 젖지 않고 숙소까지 무사히 돌아올 수 있었다.","비가 쏟아졌을 때, 발화자가 가방을 젖지 않게 하기 위해 사용한 것은 무엇이었나요?",잘 모르겠음,카페에서 빌린 우산,비닐봉지,신문지,비닐봉지,3,153
여행 경험,여행지에서 겪었던 위기상황과 그 해결방법,170,"갑작스럽게 스페인의 작은 마을에서 길을 잃었던 적이 있다. 휴대폰 배터리도 거의 없고, 영어도 잘 통하지 않아 당황했지만, 근처 카페에 들어가서 손짓과 간단한 스페인어로 길을 물었다. 다행히 카페 직원이 친절하게 지도에 표시해주며 목적지까지 가는 버스 번호도 알려줬고, 결국 무사히 숙소에 도착할 수 있었다. 그때의 긴장감과 안도감이 아직도 생생하다.",길을 잃은 상황에서 내가 도움을 받았던 장소는 어디였나요?,잘 모르겠음,근처 슈퍼마켓,근처 카페,택시 승강장,근처 카페,3,150
여행 경험,여행지에서 즐겼던 음식 이야기,170,"며칠 전 가족과 제주도로 여행을 갔을 때, 우연히 작은 해변 근처에 있는 현지 식당에 들어가게 되었어요. 메뉴판을 보다가 갈치조림이 눈에 띄어 주문했는데, 부드러운 갈치와 감칠맛 나는 양념이 정말 일품이었어요. 특히 식당 사장님이 직접 담갔다는 갓김치와 함께 먹으니 매콤한 맛이 더해져서 평소 먹던 것과는 전혀 다른 특별한 경험이었답니다. 그날 이후로 갈치조림을 생각하면 그곳의 바람과 소리까지 함께 떠오르는 것 같아요.",발화자가 식당에서 갈치조림을 먹을 때 곁들여 먹은 특별한 음식은 무엇이었나요?,잘 모르겠음,갓김치,멸치젓,콩나물무침,갓김치,2,178
여행 경험,여행지에서 즐겼던 음식 이야기,170,"며칠 전, 제주도에 있는 작은 해산물 식당에 갔었어. 메뉴판에서 전복 돌솥밥을 처음 보고 호기심에 주문했는데, 뜨거운 돌솥에 담긴 밥 위에 전복이 통째로 올려져 있어서 정말 신기했어. 전복의 쫄깃한 식감과 고소한 참기름 향이 어우러져서 한 입 먹을 때마다 바다 내음이 느껴졌고, 같이 나온 미역국도 깊은 맛이 인상적이었어. 친구는 갈치조림을 시켰는데, 내 요리와는 또 다른 매력이 있어서 서로 한 입씩 나눠 먹으며 제주에서만 맛볼 수 있는 특별한 한 끼를 즐겼지.",내가 제주도 식당에서 주문한 음식은 무엇이었나요?,잘 모르겠음,갈치조림,전복 돌솥밥,미역국,전복 돌솥밥,3,192
여행 경험,여행지에서 즐겼던 음식 이야기,170,"며칠 전, 부산에 사는 친구를 만나러 갔을 때 해운대 근처 작은 골목에서 우연히 발견한 조그만 분식집에 들어갔어요. 친구가 추천한 오징어튀김과 떡볶이를 시켰는데, 오징어가 아주 두툼하고 쫄깃해서 감탄이 절로 나왔죠. 떡볶이는 맵지 않고 달큰해서 평소 매운 걸 잘 못 먹는 저에게 딱 맞았어요. 그날 이후로 부산에 가면 꼭 다시 들르고 싶은 맛집이 되었답니다.",부산 여행 중 분식집에서 주문한 음식으로 맞는 것을 고르세요.,잘 모르겠음,김밥과 순대,오징어튀김과 떡볶이,라면과 어묵,오징어튀김과 떡볶이,3,149
여행 경험,여행지에서 즐겼던 음식 이야기,170,"며칠 전 친구들과 부산에 놀러 갔을 때, 광안리 해변 근처의 작은 포장마차에서 오징어 통찜을 처음 먹어봤다. 매콤한 양념이 잘 배어 있어서 한입 먹자마자 입안이 얼얼했지만, 쫄깃한 오징어 식감과 고소한 참기름 향이 너무 잘 어울려서 젓가락을 멈출 수가 없었다. 친구들은 매운 걸 잘 못 먹어서 물을 계속 찾았지만, 나는 끝까지 남은 양념까지 싹싹 긁어먹고 왔다.",광안리 해변 근처 포장마차에서 내가 먹은 음식에 대해 맞는 설명은 무엇인가요?,잘 모르겠음,매콤한 양념과 쫄깃한 오징어가 어우러진 음식이었다.,친구들과 함께 해산물 라면을 먹었다.,나는 매운 음식을 잘 못 먹어서 조금만 먹었다.,매콤한 양념과 쫄깃한 오징어가 어우러진 음식이었다.,2,149
여행 경험,외국에서 겪은 문화충격,170,"도쿄의 작은 음식점에서 식사를 하던 중, 가게 주인분이 갑자기 계산을 먼저 해달라고 하셔서 조금 당황했다. 한국에서는 보통 식사 후에 계산하는 게 익숙한데, 일본의 일부 식당에선 주문할 때나 식사 도중에 계산을 요구하는 경우가 있다는 걸 그날 처음 알았다. 그래서 일행과 둘이 어색하게 지갑을 꺼냈던 기억이 있다.",도쿄 음식점에서 내가 당황한 이유는 무엇이었나요?,잘 모르겠음,음식이 너무 매워서,계산을 식사 전에 요구받아서,자리 배치가 달라서,계산을 식사 전에 요구받아서,3,131
여행 경험,외국에서 겪은 문화충격,170,"프랑스 파리에서 지하철을 탔을 때의 일이 아직도 기억난다. 사람들은 주변에 누가 있든 전혀 신경 쓰지 않고 통화하거나 큰 소리로 대화를 나눴다. 특히 한 할머니께서 손주와 영상통화를 하시며 모두가 볼 수 있게 휴대폰 화면을 들어 보이셨는데, 그 모습이 자연스럽게 받아들여지는 분위기가 무척 신기했다. 한국에서는 보통 조용히 통화하거나 눈치를 보곤 했던 내게는 꽤 놀라운 경험이었다.",프랑스 파리 지하철에서 화자가 놀랐던 이유는 무엇이었나요?,잘 모르겠음,지하철이 매우 혼잡해서,사람들이 아무렇지 않게 통화하거나 큰 소리로 대화해서,지하철 내부가 매우 깨끗해서,지하철이 매우 혼잡해서,2,161
여행 경험,외국에서 겪은 문화충격,170,"작년 봄, 독일에 갔을 때 저녁 식사를 하려고 레스토랑에 들어갔어요. 자리에 앉아도 직원이 메뉴판을 가져다주지 않아서 한참을 기다렸죠. 나중에야 독일에서는 손님이 먼저 불러야 직원이 오거나, 메뉴판을 직접 가지러 가는 게 자연스럽다는 사실을 알게 되었어요. 우리나라처럼 종업원이 먼저 다가오는 것이 아니라서 처음엔 당황했지만, 그만큼 사생활을 존중하는 문화라는 걸 이해하게 됐답니다.",독일 레스토랑에서 메뉴판을 받기 위해 화자가 해야 했던 행동은 무엇이었나요?,잘 모르겠음,직접 직원에게 요청하거나 메뉴판을 가지러 갔다.,테이블에 가만히 앉아 있었다.,음식점 밖에서 줄을 섰다.,직접 직원에게 요청하거나 메뉴판을 가지러 갔다.,2,166
여행 경험,외국에서 겪은 문화충격,170,"이탈리아에서 머무르던 어느 날, 현지 친구와 점심을 먹으러 갔는데 식사가 끝나자마자 종업원이 우리 테이블을 바로 치우지 않더라고요. 오히려 우리가 자리에서 더 오래 머무르기를 권하는 듯한 분위기였어요. 한국에서는 식사가 끝나면 빨리 자리를 비워줘야 한다는 생각이 익숙한데, 이곳에선 식사 후에도 여유롭게 대화를 이어가는 게 자연스럽더라고요. 처음엔 어색했지만 점차 그 느긋한 분위기가 마음에 들었고, 식사 자체보단 함께하는 시간이 더 중요하다는 걸 배웠던 경험이었어요.",이탈리아에서 필자가 식사 후에 느꼈던 문화적 차이는 무엇이었나요?,잘 모르겠음,식사가 끝나면 바로 자리를 비워야 하는 분위기였다.,식사 후에도 여유롭게 대화하며 오래 머무는 분위기였다.,식사 중에 대화를 하면 안 되는 분위기였다.,식사 후에도 여유롭게 대화하며 오래 머무는 분위기였다.,3,203
여행 경험,첫 해외여행 경험담,170,"비행기를 처음 타본 날의 설렘이 아직도 생생하다. 여권을 손에 꼭 쥐고 공항에 들어설 때부터 모든 것이 신기하게 느껴졌다. 이탈리아 로마에 도착하니 낯선 언어와 풍경에 살짝 긴장도 됐지만, 현지 시장에서 직접 파스타를 사 먹으며 길을 헤매던 경험이 지금은 소중한 추억이 되었다. 그날 저녁에는 숙소 테라스에서 노을을 바라보며 하루를 정리했는데, 여행의 자유로움이 이런 것임을 처음 실감했다.",발화에서 화자가 첫 해외여행 중 직접 파스타를 사 먹은 장소는 어디였나요?,잘 모르겠음,공항 내 식당,현지 시장,숙소 테라스,현지 시장,3,165
여행 경험,첫 해외여행 경험담,170,"비행기를 타고 처음으로 일본 오사카에 갔던 기억이 또렷하다. 공항에서 지하철 노선을 읽는 데 어려움을 겪었지만, 지나가던 현지인 분이 친절하게 영어로 설명해줘서 겨우 호텔까지 도착할 수 있었다. 첫날에는 도톤보리에서 타코야키를 사 먹었는데, 너무 뜨거워서 입천장을 데일 뻔했다. 그날 밤에는 숙소 창문 너머로 반짝이는 도시 불빛을 보며 설레는 마음으로 여행 일정을 다시 확인했다.",발화자가 오사카에서 처음 먹어 본 음식은 무엇이었나요?,잘 모르겠음,스시,타코야키,라멘,타코야키,3,162
여행 경험,첫 해외여행 경험담,170,"대학교 친구들과 처음으로 태국 방콕에 갔던 기억이 생생하다. 공항에서 숙소로 이동하는 택시를 잡다가 영어가 잘 통하지 않아 당황했지만, 기사님이 휴대폰 번역기를 꺼내 주셔서 겨우 목적지에 도착할 수 있었다. 덕분에 여행 내내 번역 앱을 적극적으로 활용하며 언어 장벽을 극복할 수 있었다.",숙소로 이동할 때 택시 기사님이 도와주신 방법은 무엇이었나요?,잘 모르겠음,지도 앱을 보여주셨다,휴대폰 번역기를 사용하셨다,친구에게 전화하셨다,휴대폰 번역기를 사용하셨다,3,121
여행 경험,첫 해외여행 경험담,170,"며칠 전, 대학 친구들과 함께 처음으로 일본 오사카로 해외여행을 다녀왔다. 비행기를 타는 순간부터 모든 것이 새로웠고, 특히 도톤보리에서 먹었던 타코야키의 맛이 아직도 잊혀지지 않는다. 길거리마다 화려한 간판과 낯선 소리가 가득해 설렘과 긴장이 동시에 밀려왔다. 숙소에 도착해선 모두가 피곤했지만, 서로 여행 계획을 다시 점검하며 내일은 유니버설 스튜디오에 꼭 가자고 약속했다.",내가 해외여행에서 친구들과 함께 먹었던 음식은 무엇이었나요?,잘 모르겠음,스시,타코야키,라멘,타코야키,3,163
여행 경험,첫 해외여행의 기억,170,이국적인 공항에 발을 디딘 순간 공기가 다르게 느껴졌던 기억이 아직도 생생하다. 현지 시장에서 언어가 잘 통하지 않아 손짓 발짓으로 겨우 과일을 샀던 일이 있었다. 그때 만난 상인이 친절하게 웃으며 작은 과일을 덤으로 챙겨줘서 고마웠다. 그 경험 덕분에 낯선 곳에서도 용기를 내어 말을 걸 수 있게 되었다.,발화자가 현지 시장에서 겪은 일로 알맞은 것은 무엇인가요?,잘 모르겠음,시장 상인과 영어로 대화했다.,과일을 사면서 덤을 받았다.,과일을 사지 못하고 돌아섰다.,과일을 사면서 덤을 받았다.,3,126
여행 경험,첫 해외여행의 기억,170,"비행기에 처음 올랐던 날이 아직도 생생하다. 창가 자리에 앉아 구름 위를 나는 기분이 어색하면서도 신기했다. 도착한 공항에서 길을 헤매던 중 현지인에게 길을 물었는데, 서툰 영어로 대화하다보니 서로 웃으며 소통했던 기억이 난다. 호텔에 들어서서 창밖으로 보이던 도시의 야경이 마음을 설레게 했고, 그날 일기를 쓰면서 스스로가 한층 더 성장했다는 기분이 들었다.","해외여행지에서 길을 헤맸을 때, 발화자는 어떻게 문제를 해결했나요?",잘 모르겠음,지도를 보며 스스로 해결했다,현지인에게 영어로 물어봤다,가이드의 도움을 받았다,현지인에게 영어로 물어봤다,3,153
여행 경험,첫 해외여행의 기억,170,"몇 년 전, 친구들과 처음으로 일본 오사카로 해외여행을 갔던 기억이 아직도 생생하다. 공항에서 출국 수속을 처음으로 혼자 해보는 것부터 긴장했지만, 친구들이 서로 도와가며 문제를 해결했다. 도톤보리 거리를 걸으며 길거리 음식도 먹고, 작은 가게에서 산 기념품을 아직도 방에 두고 있다. 특히 호텔에서 처음 보는 일본 TV 프로그램을 보며 각자 해석한 내용을 맞춰보던 시간이 제일 즐거웠다.",화자는 오사카에서 친구들과 호텔에서 무엇을 하며 즐거워했나요?,잘 모르겠음,함께 수영을 했다,일본 TV 프로그램을 보며 해석을 맞춰봤다,기념품을 샀다,일본 TV 프로그램을 보며 해석을 맞춰봤다,3,164
여행 경험,첫 해외여행의 기억,170,"비행기를 처음 탔던 날의 설렘이 아직도 생생하다. 창밖으로 구름이 펼쳐진 모습에 한참을 넋 놓고 바라봤다. 도착한 후 공항에서 환전하는 방법을 몰라 잠시 당황했지만, 친절한 직원 덕분에 무사히 현지 화폐를 손에 쥘 수 있었다. 숙소로 이동하는 택시 안에서는 낯선 풍경과 언어가 가득해 어색하면서도 신기했다. 짐을 풀고 근처 시장에 갔더니 음식 냄새가 진동했고, 나는 모험심에 이끌려 익숙하지 않은 길거리 음식을 시도해 보았다.",내가 해외에 도착하자마자 공항에서 겪은 일은 무엇이었나요?,잘 모르겠음,짐이 분실되어 당황했다.,환전하는 방법을 몰라 잠시 당황했다.,현지 친구를 공항에서 만났다.,환전하는 방법을 몰라 잠시 당황했다.,3,179
여행 경험,첫번째로 혼자 다녀온 여행,170,"친구들이 모두 바빠서 혼자 부산으로 여행을 떠나게 됐다. 혼자 기차 타는 게 처음이라 긴장됐지만, 창밖 풍경을 보며 금세 마음이 편안해졌다. 광안리 해변을 걷다가 우연히 만난 작은 카페에 들어갔는데, 사장님이 직접 내려주신 커피 맛이 참 특별했다. 혼자라서 오히려 더 자유롭게 이곳저곳 둘러볼 수 있었고, 예상치 못한 소소한 즐거움도 느꼈다.",혼자 여행 중에 우연히 들어간 카페에서 어떤 특별한 경험을 했나요?,잘 모르겠음,사장님이 직접 만든 디저트를 맛봤다,사장님이 직접 내려준 커피를 마셨다,사장님이 무료로 음료를 제공했다,사장님이 직접 내려준 커피를 마셨다,3,144
여행 경험,첫번째로 혼자 다녀온 여행,170,"최근에 부모님의 걱정 어린 시선을 뒤로 하고 처음으로 혼자 부산으로 여행을 다녀왔다. 기차에서 창밖을 바라보며 혼자만의 시간을 갖는 게 이렇게 특별할 줄 몰랐다. 해운대 해변을 천천히 걷다가 근처 카페에서 바다를 보며 커피 한 잔을 마셨다. 처음엔 조금 두려웠지만, 스스로 길을 찾고 맛집을 찾아다니며 자유롭게 움직일 수 있다는 것이 정말 뿌듯했다. 돌아오는 길에는 다음엔 어디를 가볼지 설레는 마음으로 여행을 마무리했다.",내가 여행 중에 카페에서 무엇을 하며 시간을 보냈는가?,잘 모르겠음,책을 읽었다,커피를 마시며 바다를 보았다,친구와 통화를 했다,커피를 마시며 바다를 보았다,3,178
여행 경험,첫번째로 혼자 다녀온 여행,170,"몇 달 전, 혼자 기차를 타고 강릉에 다녀온 일이 떠오른다. 처음에는 낯선 곳에서 혼자 밥을 먹고, 숙소를 찾는 게 걱정됐지만, 도착하자마자 바다를 보며 설렘이 더 커졌다. 특히 해질 무렵 안목해변에서 마신 따뜻한 커피 한 잔은 아직도 잊을 수 없다. 혼자 걷는 시간이 오히려 마음을 편안하게 해주었다. 그날 나는 한 카페에서 그림을 그리고 있는 주인아저씨와 짧게 이야기를 나누기도 했다.",내가 강릉 여행 중 해질 무렵에 했던 일은 무엇이었나?,잘 모르겠음,바다에서 수영을 했다,따뜻한 커피를 마셨다,자전거를 탔다,따뜻한 커피를 마셨다,3,160
여행 경험,첫번째로 혼자 다녀온 여행,170,"기차를 타고 강릉에 처음 혼자 여행을 갔던 날이 아직도 선명하다. 역에 도착하자마자 바닷바람이 얼굴을 스치고, 조금 두렵기도 했지만 설렘이 더 컸다. 숙소에 짐을 풀고 근처 카페에 들어가 바다를 바라보며 따뜻한 커피를 마셨다. 혼자 사진도 찍고, 해변을 따라 걷다 우연히 현지에서 만난 강아지와 잠깐 놀기도 했다. 가족 없이 오롯이 나에게 집중했던 그 시간이 참 소중하게 느껴진다.",강릉 여행에서 혼자 카페에 앉아 무엇을 하며 시간을 보냈나요?,잘 모르겠음,책을 읽었다,따뜻한 커피를 마시며 바다를 바라보았다,강아지와 산책했다,따뜻한 커피를 마시며 바다를 바라보았다,3,159
여행 경험,최고의 여름휴가 이야기,170,"무더운 여름, 친구 셋과 함께 강원도의 한 조용한 해변 마을로 여행을 떠났던 기억이 생생하다. 도착하자마자 우리는 바다에 뛰어들었고, 파도가 무척 높아 금방 온몸이 젖었다. 밤에는 바닷가에서 모닥불을 피우고, 즉석에서 구운 옥수수와 감자를 나눠 먹으며 서로의 일상 이야기를 나눴다. 바람이 시원해서 잠시 모래 위에 누워 별을 세다가, 갑자기 내 휴대폰이 바닷물에 빠져버리는 해프닝도 있었다.",여행 중 밤에 바닷가에서 친구들과 함께 구워 먹은 음식은 무엇이었나요?,잘 모르겠음,고구마와 치킨,옥수수와 감자,소시지와 떡볶이,옥수수와 감자,3,166
여행 경험,최고의 여름휴가 이야기,170,"작년 여름, 친구들과 제주도 서귀포에 있는 작은 펜션에서 머물렀던 기억이 아직도 생생하다. 첫날 밤엔 갑자기 내린 소나기 때문에 바비큐 파티가 잠시 중단됐지만, 모두 우비를 입고 바깥 테라스에 모여 웃으며 고기를 구웠다. 빗소리와 함께 듣는 친구들의 농담에 유난히 더운 여름밤도 시원하게 느껴졌던 그 순간이 아직도 가장 행복한 여름휴가로 남아있다.",발화자가 여름휴가 중 친구들과 비를 피하며 했던 활동은 무엇인가요?,잘 모르겠음,바다 수영,바비큐 파티,낚시,바비큐 파티,3,147
여행 경험,최고의 여름휴가 이야기,170,"작년 여름, 친구들과 함께 제주도에서 보낸 휴가가 아직도 생생하다. 해변에서 파도 소리를 들으며 모래 위에 텐트를 치고, 근처 시장에서 막 구운 옥수수와 회를 사 먹었던 기억이 난다. 밤에는 캠프파이어를 하며 각자 여행 중 가장 즐거웠던 순간을 이야기했다. 나는 별이 가득한 하늘 아래서 친구들과 웃으며 노래를 부른 그 순간이 가장 행복했다고 말했다. 비록 모기에게 많이 물렸지만, 그조차도 추억으로 남아 있다.",화자가 제주도 여행에서 밤에 친구들과 함께 무엇을 하며 즐거운 순간을 보냈는가?,잘 모르겠음,야시장 구경을 했다,캠프파이어를 하며 노래를 불렀다,서핑을 배우러 갔다,캠프파이어를 하며 노래를 불렀다,3,172
여행 경험,최고의 여름휴가 이야기,170,"지난 여름에 친구들과 동해안으로 여행을 다녀왔다. 바닷가 근처 작은 펜션에서 묵었는데, 저녁에는 모래사장에서 직접 바비큐를 구워 먹었다. 파도 소리를 들으며 밤하늘의 별을 바라보던 순간이 정말 잊을 수 없었다. 특히 아침에 일어나서 숙소 앞 작은 카페에서 마신 시원한 아이스라떼가 너무 맛있었고, 그날 찍은 사진들을 아직도 자주 꺼내 보곤 한다.",여행 중 숙소 앞에서 마신 음료는 무엇이었나요?,잘 모르겠음,따뜻한 아메리카노,시원한 아이스라떼,과일 주스,시원한 아이스라떼,3,146
여행 경험,최악의 여행 경험 재현,170,"비행기 연착 때문에 공항에서 밤을 꼬박 새우게 된 적이 있다. 주변에 카페나 쉴 곳도 거의 없어서 의자에 앉아 계속 졸았다. 그날따라 캐리어 바퀴도 고장 나서 이동할 때마다 소음이 심해 민망했다. 결국 새벽에 겨우 숙소에 도착했는데, 예약했던 방이 준비되지 않아 한참 대기해야 했던 기억이 난다. 힘들었지만 지금은 친구들과 이 이야기를 웃으면서 종종 떠올린다.",여행 중 어떤 문제로 인해 화자가 공항에서 밤을 새우게 되었는가?,잘 모르겠음,비행기 연착,숙소 예약 문제,짐 분실,비행기 연착,2,150
여행 경험,최악의 여행 경험 재현,170,"며칠 전 친구들과 계획했던 제주도 여행이 생각보다 고생스러웠다. 도착하자마자 갑작스런 폭우가 쏟아져 예약했던 야외 액티비티는 모두 취소됐고, 숙소 근처 식당도 휴무라 저녁을 편의점 도시락으로 때웠다. 다음 날엔 렌터카 배터리가 방전되어 한참을 기다린 끝에 겨우 이동할 수 있었고, 우여곡절 끝에 갔던 해변에서는 갑자기 신발 한 짝을 잃어버려 맨발로 돌아와야 했다. 덕분에 모두 웃으며 다음엔 무계획 여행은 피하자고 다짐했다.",여행 중 편의점 도시락을 먹게 된 이유는 무엇이었나요?,잘 모르겠음,갑자기 비가 와서,식당이 모두 휴무여서,도시락이 먹고 싶어서,식당이 모두 휴무여서,3,181
여행 경험,최악의 여행 경험 재현,170,"이탈리아 베네치아에 갔을 때, 기대했던 곤돌라 투어를 위해 일찍부터 줄을 섰지만 갑자기 비가 쏟아져 곤돌라가 운행을 멈췄다. 우산도 없어서 카페로 달려갔더니, 그곳은 이미 사람들로 가득 차 자리가 없었다. 젖은 채로 한참을 서성이다가 결국 아무 데서나 비를 피해야 했고, 가져온 지갑도 빗물에 젖어 돈이 눅눅해져 난감했다. 그날 이후로 여행 갈 때는 꼭 작은 우산을 챙기기로 다짐했다.","베네치아에서 비가 쏟아졌을 때, 화자가 겪은 불편함이 아닌 것은 무엇인가요?",잘 모르겠음,카페에 자리가 없어서 들어가지 못했다,지갑이 빗물에 젖어 돈이 눅눅해졌다,우산이 망가져서 버려야 했다,우산이 망가져서 버려야 했다,4,161
여행 경험,최악의 여행 경험 재현,170,"지난번 친구와 함께 떠난 제주도 여행에서 정말 당황스러운 일을 겪었다. 렌터카를 빌렸는데 도착하자마자 갑자기 비가 쏟아지기 시작했다. 우산을 챙기지 않아 비를 맞으며 숙소를 찾아가다가, 네비게이션 오류로 엉뚱한 산길로 들어섰다. 결국 진흙길에서 차가 미끄러져 바퀴가 빠졌고, 한참을 기다린 끝에 겨우 구조 요청을 할 수 있었다. 그날 저녁은 젖은 옷을 말리며 컵라면으로 끼니를 때웠다.",제주도 여행 중에 내가 겪은 문제로 옳은 것을 고르세요.,잘 모르겠음,네비게이션 오류로 산길에 들어섰다.,렌터카 타이어가 펑크났다.,숙소 예약이 취소되었다.,네비게이션 오류로 산길에 들어섰다.,2,164
여행 경험,친구와 함께한 캠핑 경험,170,"며칠 전 친구와 둘이서 근교 산으로 캠핑을 다녀왔다. 텐트 치는 게 익숙하지 않아 한참 헤맸는데, 결국 둘이 웃으면서 협동해서 해결했다. 저녁에는 준비해 간 고구마를 모닥불에 구워 먹었는데, 겉은 까맣게 탔지만 속은 달콤했다. 밤에는 별이 가득한 하늘을 보며 이런 시간이 자주 있으면 좋겠다고 생각했다. 다음에는 캠핑장에서 빌릴 수 있는 랜턴도 챙겨보자고 약속했다.",캠핑 중에 친구와 모닥불에서 구워 먹은 음식은 무엇이었나요?,잘 모르겠음,감자,고구마,옥수수,고구마,3,154
여행 경험,친구와 함께한 캠핑 경험,170,"며칠 전, 대학 시절 친했던 친구와 오랜만에 캠핑을 다녀왔다. 도착하자마자 텐트를 치는데 바람이 세서 애를 좀 먹었지만, 힘을 합쳐 금세 해결했다. 저녁에는 우리가 직접 만든 불멍 옆에서 고구마와 마시멜로를 구워 먹었는데, 친구가 갑자기 기타를 꺼내 연주를 시작해 그 순간이 정말 특별하게 느껴졌다. 오랜만에 별이 가득한 밤하늘을 보며 이런 시간이 자주 있었으면 좋겠다는 생각을 했다.",발화에서 친구가 캠핑장에서 한 특별한 행동은 무엇이었나요?,잘 모르겠음,불을 피웠다,기타를 연주했다,고구마를 구웠다,기타를 연주했다,3,162
여행 경험,친구와 함께한 캠핑 경험,170,"며칠 전 친구와 근교 산으로 캠핑을 다녀왔다. 텐트를 치는 동안 갑자기 바람이 세차게 불어서 텐트가 날아갈 뻔해 둘이서 필사적으로 잡았다. 덕분에 평소엔 별로 신경 쓰지 않았던 팩 박는 방법을 친구에게 배울 수 있었다. 저녁엔 같이 라면을 끓여 먹었는데, 친구가 고추참치를 넣어주어서 평소 먹던 라면보다 훨씬 맛있었다. 캠프파이어를 하며 별을 바라보던 그 시간이 오래 기억에 남을 것 같다.",캠핑 중 라면을 더욱 맛있게 만들어준 친구의 재료는 무엇이었나요?,잘 모르겠음,김치,고추참치,계란,고추참치,3,162
여행 경험,친구와 함께한 캠핑 경험,170,"며칠 전 친구와 근처 산으로 캠핑을 다녀왔다. 저녁에는 둘이서 직접 장작을 주워 모아 불을 피웠고, 그 위에 고구마를 구워 먹었다. 밤이 깊어지자 텐트 안에서 손전등을 켜고 예전 학교 다닐 때의 추억을 나누며 한참을 웃었다. 새벽에는 갑자기 빗소리가 들려와 걱정했지만, 다행히 텐트가 튼튼해서 아무 문제 없이 아침까지 푹 잘 수 있었다.",캠핑 중에 친구와 저녁에 먹은 음식은 무엇이었나요?,잘 모르겠음,라면,고구마,치킨,고구마,3,139
여행 경험,현지에서 만난 사람들과의 경험,170,"기차역에서 길을 헤매다가 우연히 만난 현지인 아줌마가 영어는 잘 못하시지만 손짓과 미소로 친절하게 길을 안내해주셨다. 그분이 자주 가는 작은 빵집에도 데려가 주셔서, 그곳에서 직접 구운 따뜻한 빵을 먹으며 잠시 이야기를 나눴다. 언어는 달랐지만 마음이 잘 통했던 그 경험이 여행에서 가장 기억에 남는다.",현지인 아줌마가 나를 어디에 데려가 주었는가?,잘 모르겠음,기차역 매점,작은 빵집,박물관,작은 빵집,3,128
여행 경험,현지에서 만난 사람들과의 경험,170,"파리의 작은 골목길을 걷다가 길을 헤매고 있을 때, 현지인 할머니께서 다가와 영어로 어디를 찾고 있는지 물어보셨다. 프랑스어가 서툴러 답답했지만 할머니가 친절하게 손짓과 간단한 단어로 방향을 설명해 주셔서 무사히 목적지인 작은 카페를 찾을 수 있었다. 그 카페에서 할머니가 추천해준 디저트까지 맛보게 되어 여행의 즐거움이 두 배가 된 하루였다.",내가 파리에서 길을 찾는 데 도움을 준 사람은 누구였나요?,잘 모르겠음,젊은 남성,현지인 할머니,카페 점원,현지인 할머니,3,146
여행 경험,현지에서 만난 사람들과의 경험,170,"비엔나에서 지하철을 타고 길을 잃었을 때, 옆자리에 앉은 현지인 마르코가 먼저 말을 걸어줬다. 영어가 서툴렀지만 서로 번역기를 사용하며 목적지까지 가는 방법을 알려주었다. 그는 자신이 오스트리아에서 태어났지만 몇 년간 한국에서 공부한 적이 있다며, 한국 음식 중 비빔밥을 좋아한다고 했다. 덕분에 혼자였던 여행이 한층 더 따뜻하게 느껴졌고, 낯선 도시에서의 두려움이 사라지는 순간이었다.","지하철에서 만난 마르코가 한국에서 공부한 경험이 있다고 말한 뒤, 그가 좋아한다고 언급한 한국 음식은 무엇이었나요?",잘 모르겠음,김치찌개,비빔밥,불고기,비빔밥,3,167
여행 경험,현지에서 만난 사람들과의 경험,170,"프랑스의 작은 마을을 걷다가 우연히 현지 서점에 들어갔는데, 주인 할아버지께서 한국에서 왔냐며 반갑게 인사를 건네셨다. 짧은 영어로 서로 소통했는데, 할아버지는 옛날에 한국인을 만난 적이 있다고 하시며 자신이 좋아하는 프랑스 소설을 추천해 주셨다. 그날 그 서점에서 할아버지와 함께 책 이야기를 나누며 따뜻한 차를 마셨던 기억이 아직도 마음에 남아 있다.",프랑스 마을의 서점 주인이 여행자에게 추천해 준 것은 무엇이었나요?,잘 모르겠음,프랑스 소설,프랑스 와인,한국 요리책,프랑스 소설,2,151
여행 경험,갑작스러운 비로 인한 캠핑 체험,170,"지난주 친구들과 산속 캠핑을 갔는데, 텐트를 치고 고기를 굽기 시작하자 갑자기 소나기가 쏟아지기 시작했다. 우리는 허둥지둥 텐트 안으로 들어가 비에 젖지 않으려 애썼다. 다행히 준비해 간 보드게임 덕분에 좁은 텐트 안에서 오히려 더 많은 이야기를 나누며 웃을 수 있었다. 평소라면 밖에서만 놀 생각을 했을 텐데, 예상치 못한 비 때문에 색다른 추억이 생겼다.",갑자기 비가 쏟아졌을 때 캠핑을 하던 사람들은 어떻게 시간을 보냈나요?,잘 모르겠음,바깥에서 불을 피우며 버텼다,보드게임을 하며 대화를 나눴다,근처 마을로 대피했다,보드게임을 하며 대화를 나눴다,3,149
여행 경험,갑작스러운 비로 인한 캠핑 체험,170,"친구들과 함께 오랜만에 산속 캠핑을 떠났는데, 갑자기 굵은 빗방울이 떨어지기 시작했다. 미리 확인한 일기예보와 달리 비가 쏟아져 텐트 안으로 서둘러 들어갔다. 텐트 안에서 빗소리를 들으며 카드게임을 하다가, 저녁으로 준비했던 바비큐는 결국 취사장으로 옮겨 조리했다. 모두 처음 겪는 상황이라 당황했지만, 오히려 비 덕분에 평소보다 더 많은 이야기를 나누고 색다른 추억이 남았다.",캠핑 중 갑작스러운 비 때문에 바비큐를 어디에서 조리하게 되었나요?,잘 모르겠음,텐트 밖 잔디밭,차 안,취사장,취사장,4,162
여행 경험,갑작스러운 비로 인한 캠핑 체험,170,"친구들과 함께 산속 캠핑장에 도착했을 때까지만 해도 하늘은 맑았어요. 그런데 저녁 준비를 막 시작하려던 찰나 갑자기 소나기가 쏟아지기 시작했죠. 급하게 텐트 안으로 들어가려다 바닥에 미끄러져 옷이 흙투성이가 되었고, 미리 챙겨둔 우비가 한 벌밖에 없어서 서로 빌려가며 입었어요. 결국, 준비한 바비큐는 텐트 안에서 작은 버너로 조리했는데, 평소보다 훨씬 더 재미있고 기억에 남는 저녁이 되었답니다.",캠핑 중 갑작스럽게 비가 왔을 때 텐트 안에서 어떤 방식으로 저녁을 조리했나요?,잘 모르겠음,숯불로 조리했다,작은 버너로 조리했다,아예 저녁을 먹지 않았다,작은 버너로 조리했다,3,170
여행 경험,갑작스러운 비로 인한 캠핑 체험,170,"캠핑을 하려고 친구들과 산 근처에 도착했을 때까지만 해도 날씨가 맑아서 안심했는데, 텐트를 거의 다 치고 나니 갑자기 비가 쏟아지기 시작했다. 다들 당황해서 우왕좌왕하다가 급하게 우비를 꺼내 입고, 음식 재료와 전자기기부터 비닐로 감싸기 시작했다. 덕분에 바닥에 깔던 매트가 축축해져서 밤에는 조금 불편했지만, 텐트 안에서 빗소리를 들으며 도란도란 이야기를 나누는 것도 색다른 추억이 되었다.","비가 오기 시작했을 때, 발화자가 친구들과 가장 먼저 한 행동은 무엇인가요?",잘 모르겠음,불을 피웠다,우비를 꺼내 입었다,음식 재료를 요리했다,우비를 꺼내 입었다,3,168
여행 경험,여행지에서 잃어버린 지갑 찾기,170,"며칠 전 친구들과 부산에 여행을 갔을 때 일이었다. 해운대 해변에서 사진을 찍으며 신나게 놀다가 잠시 벤치에 앉아 쉬었는데, 일어나고 나서야 지갑이 없어진 걸 알았다. 순간 심장이 철렁 내려앉았지만, 혹시나 싶어 우리가 앉았던 벤치로 돌아가보니, 어떤 아주머니께서 내 지갑을 주워두고 계셨다. 다행히 안에 현금도 카드도 그대로여서 정말 감사하다고 인사드리고, 친구들과 한참동안 안도의 한숨을 내쉬었다.",내가 여행지에서 지갑을 되찾을 수 있었던 이유는 무엇이었나요?,잘 모르겠음,경찰에 신고했기 때문에,친구가 먼저 찾아줬기 때문에,어떤 아주머니께서 주워두고 계셔서,어떤 아주머니께서 주워두고 계셔서,4,172
여행 경험,여행지에서 잃어버린 지갑 찾기,170,"며칠 전 혼자 부산에 여행을 갔을 때 일이었다. 해운대 해변 근처 작은 카페에 들러 커피를 마시고 있었는데, 계산을 하려고 보니 지갑이 없어진 걸 깨달았다. 순간 당황했지만 마음을 가다듬고, 앉았던 자리를 다시 살펴보고 카페 직원에게 도움을 요청했다. 다행히 친절한 직원분이 카운터에 누군가가 맡겼다며 내 지갑을 찾아주셔서 정말 안도했다. 여행 중의 작은 해프닝이었지만, 덕분에 부산 사람들의 친절함을 다시 한 번 느낄 수 있었다.",부산 여행 중 지갑을 찾게 된 결정적인 계기는 무엇이었나요?,잘 모르겠음,경찰서에 신고해서,카페 직원이 맡아둬서,다른 손님이 돌려줘서,카페 직원이 맡아둬서,3,181
여행 경험,여행지에서 잃어버린 지갑 찾기,170,"친구와 부산 해운대 해변을 산책하던 중 가방에서 지갑이 사라진 것을 알아차렸다. 순간 당황했지만 곧 침착하게 카페, 식당 등 들렀던 곳을 하나씩 떠올리며 역추적했다. 결국 마지막으로 머물렀던 작은 서점에 연락했더니, 친절한 주인분이 카운터에서 내 지갑을 보관하고 있다는 답을 들었다. 지갑을 돌려받고 감사 인사를 전하니 마음이 후련해졌다.",내가 지갑을 되찾게 된 계기는 무엇이었나요?,잘 모르겠음,경찰서에 신고해서,길거리에서 우연히 발견해서,들렀던 서점에 연락했더니 주인이 보관하고 있다고 해서,들렀던 서점에 연락했더니 주인이 보관하고 있다고 해서,4,145
여행 경험,여행지에서 잃어버린 지갑 찾기,170,"며칠 전 여행 중에 버스에서 내려서 기념품 가게를 구경하다가 지갑이 없어진 걸 알아차렸다. 순간 당황해서 가게 직원에게 혹시 주운 지갑이 있냐고 물었더니, 조금 전에 한 남성분이 검은색 지갑을 맡겼다고 했다. 신분증을 확인한 뒤 다행히 내 지갑임이 확인되어 다시 돌려받을 수 있었다. 그 직원과 지갑을 맡긴 분께 감사 인사를 전하며 다음부터는 물건을 더 잘 챙기기로 다짐했다.",지갑을 잃어버린 뒤 어떻게 다시 찾을 수 있었는가?,잘 모르겠음,경찰서에 신고해서,기념품 가게 직원이 맡아둬서,길에서 우연히 발견해서,기념품 가게 직원이 맡아둬서,3,156
여행 경험,지역 명물로 인한 식중독,170,"며칠 전 친구와 부산 여행을 갔을 때 해운대 근처에서 유명하다는 회덮밥 집을 방문했다. 평소 날생선을 좋아하지 않지만 현지에서 꼭 먹어봐야 한다는 추천에 이끌려 한 그릇을 비웠다. 그런데 저녁쯤부터 배가 심하게 아프고 열이 나기 시작했다. 결국 응급실에 가게 되었는데, 의사 선생님께서 지역 특산물인 회덮밥에 들어간 생선이 원인일 수 있다고 하셨다. 다음부턴 새로운 음식을 먹을 때 더 조심해야겠다고 다짐했다.",내가 부산에서 식중독을 겪은 이유로 의사가 의심한 음식은 무엇이었나요?,잘 모르겠음,회덮밥,된장찌개,불고기,회덮밥,2,173
여행 경험,지역 명물로 인한 식중독,170,"며칠 전 친구와 제주도 여행을 갔을 때, 현지 시장에서 유명하다는 말에 갈치회를 처음 먹어봤다. 신선하고 쫄깃한 식감이 인상적이었지만, 저녁쯤부터 배가 아프기 시작했다. 처음엔 별일 아니라고 생각했는데 점점 복통이 심해져 결국 밤에 약국까지 다녀왔다. 친구는 같은 음식을 먹고도 멀쩡해서 괜히 억울한 기분이 들었다. 다음엔 아무리 유명해도 내 몸 상태를 잘 살펴보고 도전해야겠다고 다짐했다.",발화자에게 식중독 증상이 나타난 시점은 언제였나요?,잘 모르겠음,갈치회를 먹는 도중,저녁쯤,여행을 마치고 집에 돌아온 후,저녁쯤,3,167
여행 경험,지역 명물로 인한 식중독,170,"지난달 친구들과 부산에 놀러 갔을 때, 해운대 근처 시장에서 유명하다는 회덮밥을 먹었다. 평소 생선을 좋아해 기대가 컸지만, 저녁쯤부터 갑자기 배가 아프기 시작했다. 속이 울렁거려서 숙소에서 쉬다가 결국 병원에 갔더니 경미한 식중독 진단을 받았다. 친구들은 멀쩡했는데 나만 아팠던 게 억울하기도 했지만, 다음엔 조심해서 신선한 음식을 고르기로 다짐했다.",부산 여행 중 화자가 식중독에 걸린 원인으로 언급된 음식은 무엇인가요?,잘 모르겠음,돼지고기 김치찌개,회덮밥,떡볶이,회덮밥,3,152
여행 경험,지역 명물로 인한 식중독,170,"몇 년 전 친구들과 부산에 놀러가서 광안리 근처의 작은 횟집에서 지역 명물이라는 멍게비빔밥을 먹었다. 평소 해산물을 즐기는 편이라 기대가 컸는데, 먹고 난 뒤부터 속이 더부룩하고 점점 메스꺼워졌다. 밤새 복통과 구토로 고생하다 결국 새벽에 가까운 응급실을 찾았다. 의사 선생님께서 멍게에 들어있던 세균 때문일 수 있다고 하셨고, 그 뒤로는 생해산물 먹을 때 훨씬 조심하게 되었다.",부산 여행에서 식중독을 일으킨 음식은 무엇이었나요?,잘 모르겠음,멍게비빔밥,돼지국밥,오징어볶음,멍게비빔밥,2,160
여행 경험,해변에서의 로맨틱한 추억,170,"며칠 전, 친구의 추천으로 찾은 작은 해변 마을에서 특별한 저녁을 보냈다. 해가 뉘엿뉘엿 질 무렵, 파도 소리를 들으며 함께 산책하던 그 순간이 아직도 생생하다. 모래에 발자국을 남기며 조용히 걷다가, 갑자기 그가 가져온 작은 블루투스 스피커에서 좋아하는 노래가 흘러나와 깜짝 놀랐다. 둘이 모래사장에 앉아 손을 잡고 음악을 들으며 오렌지색 하늘을 바라본 그 시간이 내게 아주 소중한 추억이 되었다.",해변에서 상대방이 준비해온 것으로 인해 화자가 놀란 이유는 무엇이었나요?,잘 모르겠음,맛있는 간식을 준비해서,모래성 장난감을 꺼내서,블루투스 스피커로 음악을 틀어서,블루투스 스피커로 음악을 틀어서,4,167
여행 경험,해변에서의 로맨틱한 추억,170,"몇 해 전 늦여름, 갑작스럽게 바다를 보러 가고 싶다는 친구의 제안에 따라 해변으로 떠난 적이 있었다. 해가 질 무렵, 모래사장을 맨발로 걷다가 조개껍데기를 주웠고, 우리는 모닥불을 피워 놓고 서로의 소원을 조심스럽게 이야기했다. 바람에 머리카락이 흩날리고 파도 소리가 잔잔하게 들리던 그 순간, 친구가 건넨 조개껍데기를 서로의 추억 상자에 넣기로 약속했던 기억이 아직도 마음 한 켠에 남아 있다.",해변에서 친구와 함께 했던 특별한 약속은 무엇이었나요?,잘 모르겠음,같이 수영을 하기로 한 것,조개껍데기를 서로의 추억 상자에 넣기로 한 것,바다에서 사진을 찍기로 한 것,조개껍데기를 서로의 추억 상자에 넣기로 한 것,3,167
여행 경험,해변에서의 로맨틱한 추억,170,해변에 도착했을 때 하늘이 붉게 물들던 기억이 또렷하다. 모래사장 위에 작은 돗자리를 펴고 둘이 앉아 파도 소리를 들으며 서로의 손을 잡았다. 바람이 부드럽게 불어와 머리카락이 살짝 흩날릴 때 상대가 갑자기 내 귀에 조용히 속삭였던 말이 아직도 귓가에 남아 있다. 그 순간을 기념하며 조개껍데기로 하트 모양을 만들어 사진도 찍었다. 해가 완전히 지고 난 뒤에는 바닷가 근처 작은 카페에서 달콤한 케이크를 함께 나눠 먹으며 하루를 마무리했다.,해변에서 두 사람이 함께 만든 것은 무엇이었나요?,잘 모르겠음,모래성,하트 모양의 조개껍데기,등대 모형,하트 모양의 조개껍데기,3,183
여행 경험,해변에서의 로맨틱한 추억,170,"파란 하늘과 따뜻한 햇살이 가득했던 어느 여름날, 연인과 함께 작은 해변 마을을 찾았다. 조용한 해변을 맨발로 거닐다가 우연히 조개껍데기를 주웠고, 그걸로 서로에게 팔찌를 만들어주며 웃음이 끊이질 않았다. 해가 질 무렵에는 모래 위에 앉아 서로의 이야기를 들으며 노을을 감상했다. 그 순간이 너무 소중해서 휴대폰으로 사진을 찍었지만, 결국 사진보다 기억이 더 선명하게 남았다.",해변에서 연인과 함께 무엇을 만들며 웃음을 나누었나요?,잘 모르겠음,모래성,조개껍데기 팔찌,연,조개껍데기 팔찌,3,160
여행 경험,해외여행 중 이룬 친구,170,"일본 오사카의 작은 카페에서 우연히 옆자리에 앉은 유키라는 또래 일본인과 이야기를 나누게 되었다. 처음에는 간단한 인사와 여행 계획만 나눴지만, 서로의 취미가 만화와 사진이라는 공통점을 발견하고 금세 친해졌다. 유키가 자신의 단골 서점에 데려가 주겠다고 해서 즉흥적으로 따라갔고, 그곳에서 일본 만화책을 선물로 받았다. 이후에도 SNS로 연락하며 서로의 일상 사진을 공유하고 있다.",화자는 오사카에서 만난 유키와 어떤 공통 취미를 통해 가까워졌나요?,잘 모르겠음,요리와 영화 감상,만화와 사진,등산과 음악 감상,요리와 영화 감상,2,165
여행 경험,해외여행 중 이룬 친구,170,"몇 년 전 일본 오사카를 혼자 여행할 때, 한적한 골목에서 길을 헤매고 있었는데 비슷한 또래의 현지인이 다가와 영어로 말을 걸어왔다. 덕분에 함께 맛있는 오코노미야끼 가게를 찾아갔고, 서로의 취미와 여행 계획에 대해 얘기하며 금방 가까워졌다. 그 친구는 오사카의 숨은 명소와 사진 찍기 좋은 장소도 알려줬다. 여행 마지막 날엔 연락처를 주고받으며 언젠가 한국에 오면 꼭 다시 만나자고 약속했다. 그때의 따뜻한 인연 덕분에 혼자 떠난 여행이 전혀 외롭지 않았다.",발화자가 오사카에서 새로 사귄 친구와 함께 한 활동으로 옳은 것은?,잘 모르겠음,유명한 박물관 관람,오코노미야끼 가게 방문,쇼핑몰에서 쇼핑,유명한 박물관 관람,2,192
여행 경험,해외여행 중 이룬 친구,170,"몇 해 전 혼자 스페인 세비야를 여행하던 중, 숙소 공용 주방에서 우연히 만난 이탈리아인 마르코와 자연스럽게 이야기를 나누게 됐다. 그는 직접 만든 파스타를 나눠주었고, 나는 한국의 김치를 조금 나눠주며 각자의 나라 이야기를 들려줬다. 영어로 소통하며 서로의 여행 일정도 공유하고, 다음 날은 함께 알카사르 궁전을 둘러보았다. 그렇게 짧은 만남이었지만 서로 사진을 찍어주고, 여행 팁을 교환하며 특별한 추억을 만들었다.",내가 마르코와 처음 만난 장소는 어디였나요?,잘 모르겠음,알카사르 궁전,숙소 공용 주방,기차역,숙소 공용 주방,3,178
여행 경험,해외여행 중 이룬 친구,170,"낯선 나라의 작은 카페에서 우연히 옆자리에 앉은 프랑스인 루카를 만났다. 서로 여행 계획을 이야기하다 보니 비슷한 일정이 겹쳐 다음날 함께 미술관을 가기로 했다. 루카는 영어를 잘하지 못했지만, 손짓과 간단한 단어로도 충분히 소통할 수 있었다. 미술관에서 그림을 감상한 뒤, 근처 시장에서 길거리 음식을 먹으며 서로의 나라에 대해 이야기를 나눴다. 며칠 뒤 헤어질 때는 연락처를 주고받고, 다음에 다시 만나자고 약속했다.",발화자의 여행 중 만난 친구 루카와 함께 했던 활동으로 알맞은 것은 무엇인가요?,잘 모르겠음,루카와 함께 등산을 했다.,루카와 함께 미술관을 관람했다.,루카와 함께 바다에서 수영을 했다.,루카와 함께 미술관을 관람했다.,3,178
여행 경험,도쿄 타워에서 보는 밤 풍경,170,"지난주에 친구와 도쿄 타워를 찾았던 순간이 떠오른다. 엘리베이터를 타고 전망대에 올라가니 유리창 너머로 도쿄 시내의 반짝이는 불빛들이 한눈에 펼쳐졌다. 특히 레인보우 브릿지가 멀리서 조명에 비쳐 은은하게 빛나는 모습이 인상적이었다. 우리는 전망대 한쪽 벤치에 앉아 서로 사진도 찍고, 야경을 배경으로 도시의 분위기를 느끼며 한참을 이야기를 나누었다. 그곳에서만 느낄 수 있는 설렘과 아늑함이 아직도 마음에 남아있다.",발화자가 도쿄 타워 전망대에서 가장 인상적이었다고 느낀 것은 무엇이었나요?,잘 모르겠음,도쿄 타워의 내부 조명,레인보우 브릿지가 조명에 비친 모습,전망대에 있는 카페,레인보우 브릿지가 조명에 비친 모습,3,179
여행 경험,도쿄 타워에서 보는 밤 풍경,170,"며칠 전 저녁, 친구와 도쿄 타워 전망대에 올랐다. 엘리베이터 문이 열리자마자 바로 펼쳐지는 화려한 도심 불빛에 감탄이 절로 나왔다. 아래로는 자동차 불빛이 이어졌고, 멀리에서는 스카이트리가 눈에 띄었다. 전망대 한쪽에서는 유리 바닥 위에 올라가는 체험도 했는데, 처음엔 다리가 후들거릴 정도로 무서웠지만 이내 아래 도로 풍경에 빠져들었다. 사진을 여러 장 찍었지만, 실제로 본 밤 도쿄의 분위기는 사진으로는 다 담을 수 없었다.",화자가 도쿄 타워 전망대에서 경험한 특별한 체험은 무엇이었나요?,잘 모르겠음,스카이트리 전망대에 올라가는 체험,유리 바닥 위에 올라가는 체험,도쿄 타워에서 식사하는 체험,유리 바닥 위에 올라가는 체험,3,182
여행 경험,도쿄 타워에서 보는 밤 풍경,170,"몇 달 전, 친구와 함께 도쿄 타워에 올랐던 기억이 아직도 생생하다. 저녁 무렵 엘리베이터를 타고 전망대에 도착하니 도쿄 시내가 점점 어둑해지고, 건물마다 불빛이 하나둘 켜지기 시작했다. 유리창 너머로 펼쳐진 밤 풍경은 마치 반짝이는 보석을 흩뿌려놓은 듯해서 한참 동안 넋을 잃고 바라봤다. 사진을 찍으려 했지만, 눈으로 직접 보는 게 더 감동적이어서 결국 핸드폰을 잠시 내려놓았다. 친구와 조용히 그 순간을 공유하며, 다음엔 낮에도 와보자고 약속했다.",화자가 도쿄 타워에서 밤 풍경을 볼 때 결국 어떻게 했나요?,잘 모르겠음,사진만 계속 찍었다,핸드폰을 잠시 내려놓고 직접 봤다,전망대에서 바로 내려왔다,핸드폰을 잠시 내려놓고 직접 봤다,3,191
여행 경험,도쿄 타워에서 보는 밤 풍경,170,"평소에 야경을 좋아해서 이번에 도쿄 여행을 갔을 때는 꼭 도쿄 타워에 올라가 보고 싶었다. 저녁이 되어 타워 전망대에 도착하니, 아래로는 반짝이는 자동차 불빛과 건물들이 펼쳐져 있었다. 바람은 조금 차가웠지만, 도시 전체가 조명에 물든 모습은 정말 잊을 수 없을 만큼 아름다웠다. 특히 도쿄역 방향으로 붉은색 불빛이 이어져 있어서, 잠시 멍하니 그 풍경을 바라보다가 사진도 여러 장 찍었다.",도쿄 타워 전망대에서 화자가 특히 인상 깊게 본 풍경의 방향은 어디였나요?,잘 모르겠음,신주쿠 방향,도쿄역 방향,오다이바 방향,도쿄역 방향,3,163
여행 경험,로마의 거리에서 맛본 젤라또,170,"친구와 로마의 좁은 골목길을 걷다가 우연히 현지인들이 북적이는 작은 젤라또 가게를 발견했다. 다양한 맛 중에서 사장님 추천으로 피스타치오와 레몬맛을 골랐는데, 젤라또가 너무 진하고 부드러워서 놀랐다. 특히 피스타치오 맛은 고소하고 달지 않아서, 평소에 먹던 아이스크림과는 확실히 달랐다. 거리에 앉아 젤라또를 먹으며 지나가는 사람들과 관광객을 구경하는 시간도 로마에서의 특별한 추억이 되었다.",화자가 로마의 젤라또 가게에서 고른 맛 조합은 무엇이었나요?,잘 모르겠음,초콜릿과 딸기,피스타치오와 레몬,바닐라와 헤이즐넛,피스타치오와 레몬,3,171
여행 경험,로마의 거리에서 맛본 젤라또,170,"해질 무렵 콜로세움 근처 골목을 걷다가 작은 젤라또 가게를 발견했다. 가게 주인이 추천해준 피스타치오와 라즈베리 맛을 한 스쿱씩 골라 먹었는데, 고소함과 상큼함이 입안에서 어우러지는 느낌이 정말 인상적이었다. 길거리 뮤지션의 연주를 들으며 앉아서 천천히 먹으니, 여행의 피로가 사르르 녹는 기분이 들어 잠시 그 자리에 머무르게 되었다.",내가 로마 골목에서 먹은 젤라또의 맛 조합으로 맞는 것은?,잘 모르겠음,초콜릿과 바닐라,피스타치오와 라즈베리,레몬과 망고,피스타치오와 라즈베리,3,143
여행 경험,로마의 거리에서 맛본 젤라또,170,"이탈리아 여행 중 갑작스레 소나기가 내리던 오후, 길을 걷다가 작은 젤라또 가게를 발견했다. 알록달록한 젤라또들이 유리 진열장에 가득했고, 나는 망고와 피스타치오 맛을 골랐다. 쫀득하고 진한 맛이 입안 가득 퍼지면서 비 내리는 로마의 거리 풍경과 묘하게 어울렸다. 주변엔 현지인들도 삼삼오오 모여 젤라또를 즐기고 있었고, 잠깐이지만 그들과 같은 일상을 공유하는 기분이 들어 특별하게 느껴졌다.",로마에서 내가 고른 젤라또의 맛은 무엇이었나요?,잘 모르겠음,초콜릿과 바닐라,딸기와 레몬,망고와 피스타치오,망고와 피스타치오,4,168
여행 경험,로마의 거리에서 맛본 젤라또,170,"산책하던 중에 갑작스럽게 소나기가 쏟아져 근처 작은 젤라또 가게로 들어갔다. 비에 젖은 길거리를 바라보며 고른 피스타치오 젤라또는 고소함과 부드러움이 어우러져서 정말 인상적이었다. 주인 할아버지는 내가 한국인인 걸 알고 반갑게 인사해주셨고, 덕분에 잠시나마 로마의 일상 속에 녹아든 기분을 느꼈다.",발화자가 로마 거리에서 젤라또를 먹게 된 계기는 무엇이었나요?,잘 모르겠음,친구의 추천 때문임,길을 잃어서임,갑자기 내린 소나기 때문임,갑자기 내린 소나기 때문임,4,129
여행 경험,발리에서의 새벽 서핑,170,"해가 뜨기 전 어둑한 시간에 호텔을 나와 발리 해변으로 향했다. 모래를 밟으며 파도 소리를 들으니 잠이 확 달아났다. 현지 강사와 서핑 보드를 들고 바다로 들어갔는데, 처음에는 파도를 잡기 어려워 여러 번 넘어졌다. 점점 감을 익혀가자 작은 파도를 타는 데 성공했고, 그 순간 바다와 하나가 된 기분이 들었다. 서핑 후에는 근처 카페에서 따뜻한 커피와 함께 바나나 팬케이크를 먹으며 아침을 맞았다.","발화자의 발리 새벽 서핑 경험에서, 서핑을 마친 후 어떤 음식을 먹었나요?",잘 모르겠음,망고 샐러드,바나나 팬케이크,치킨 나시고랭,바나나 팬케이크,3,164
여행 경험,발리에서의 새벽 서핑,170,"새벽에 숙소에서 일어나 조용히 준비를 마치고 해변으로 향했다. 해가 뜨기 전이라 공기는 서늘했고, 바다엔 아직 서퍼들이 거의 없었다. 파도 소리만 들리는 고요한 순간, 처음으로 큰 파도를 제대로 타는 데 성공했다. 그 짜릿함에 심장이 빨리 뛰었고, 옆에 있던 현지 서퍼가 엄지손가락을 들어 보여줬을 때 괜히 뿌듯했다. 서핑을 마친 뒤 해변가 작은 카페에서 갓 내린 커피를 마시며, 파도 위에서의 떨림을 다시 곱씹었다.",발화자가 서핑 후 마신 음료는 무엇이었나요?,잘 모르겠음,차,주스,커피,커피,4,174
여행 경험,발리에서의 새벽 서핑,170,"이른 새벽, 숙소 앞 바닷가에 나가 보니 하늘이 어둑한데도 벌써 파도 소리가 힘차게 들려왔다. 현지에서 만난 친구들과 약속해둔 대로 보드를 들고 모래 위에 모여 준비운동을 했다. 처음엔 물이 생각보다 차가워 잠시 망설였지만, 이내 모두 함께 파도를 향해 달려들었다. 서핑을 하다 넘어지기도 하고, 파도를 제대로 타기도 하면서 시간이 어떻게 가는지도 모를 정도로 몰입했다. 파도 위에 떠 있을 때 붉게 물든 하늘과 시원한 바닷바람이 정말 잊지 못할 순간이었다.",발화자가 서핑을 시작하기 전에 한 일은 무엇이었나요?,잘 모르겠음,바닷물에 먼저 들어갔다,친구들과 준비운동을 했다,혼자 사진을 찍었다,친구들과 준비운동을 했다,3,191
여행 경험,발리에서의 새벽 서핑,170,"파도 소리에 잠이 깬 후, 해가 막 떠오르기 시작하는 시간에 서핑 보드를 들고 발리 해변으로 향했다. 아직 사람도 적고 공기가 서늘해 마음이 차분해졌다. 처음엔 보드 위에서 몇 번이나 미끄러졌지만, 어느 순간 파도를 타고 나아가는 기분이 너무 짜릿했다. 현지 강사와 함께 웃으면서 넘어지고, 이른 아침 바닷물의 차가움을 온몸으로 느꼈다. 서핑을 마치고 나니 손이 떨릴 만큼 에너지가 소진됐지만, 햇살 아래 바다를 바라보며 마신 코코넛 주스 한 잔이 그렇게 달콤할 수 없었다.","서핑을 마친 후, 나는 무엇을 마시며 바다를 바라보았는가?",잘 모르겠음,카페라떼,코코넛 주스,생수,코코넛 주스,3,197
여행 경험,제주도 올레길 걷기,170,"며칠 전, 친구와 제주도 올레길 7코스를 걷기로 약속했어요. 아침부터 바람이 많이 불어서 조금 걱정했지만, 걷다 보니 파도 소리와 귤 밭 사이로 퍼지는 향기가 정말 상쾌했어요. 중간쯤 작은 카페에 들러 귤차를 마시며 잠시 쉬었고, 근처에 고양이 한 마리가 다가와서 간식도 나눠줬죠. 그때 찍은 사진이 아직도 휴대폰에 남아 있어 볼 때마다 기분이 좋아져요.",올레길 7코스를 걷던 중 화자가 잠시 쉬었던 장소에서 마신 음료는 무엇이었나요?,잘 모르겠음,아메리카노,귤차,보리차,귤차,3,148
여행 경험,제주도 올레길 걷기,170,며칠 전 친구와 함께 제주도에 있는 올레길 7코스를 걸었다. 중간에 갑자기 소나기가 쏟아졌지만 우리는 준비해 간 우비를 꺼내 입고 계속 걸었다. 바닷가를 따라 걷다가 작은 카페를 발견해 따뜻한 귤차를 마시며 잠시 쉴 수 있었다. 길을 걷는 동안 만난 고양이 한 마리가 우리 곁을 따라와서 사진도 찍고 재밌는 추억을 남겼다.,발화자가 올레길을 걷던 중에 어떤 동물과 잠시 함께했다는 내용이 나옵니다. 이 동물은 무엇이었나요?,잘 모르겠음,강아지,고양이,토끼,고양이,3,132
여행 경험,제주도 올레길 걷기,170,"며칠 전 친구들과 함께 제주도 올레길 7코스를 걸었다. 출발할 때는 날씨가 흐려 걱정했는데, 중간쯤 도착하니 갑자기 햇살이 퍼지면서 바닷물이 더 푸르게 보여 감탄했다. 길가에는 이름 모를 들꽃이 피어 있었고, 바람이 불 때마다 꽃향기가 살짝 코끝을 스쳤다. 우리는 바닷가에 앉아 준비해온 귤을 나눠 먹으며, 파도 소리를 들으며 잠시 휴식을 취했다. 사진도 많이 찍고, 길을 걷는 내내 웃음이 끊이지 않아 정말 특별한 하루로 기억된다.",발화자가 제주도 올레길을 걷던 중 친구들과 바닷가에서 먹은 것은 무엇인가요?,잘 모르겠음,김밥,귤,샌드위치,귤,3,181
여행 경험,제주도 올레길 걷기,170,"며칠 전 친구와 제주도 올레길 7코스를 걸었는데, 처음엔 햇살이 강해서 모자를 꼭 써야 했어요. 중간에 바닷가가 보이는 구간에 도착하니 파도 소리가 들려서 잠시 멈춰 쉬었죠. 길가에는 노란 유채꽃이 아직 남아있어서 사진을 찍기도 했어요. 걷는 동안 현지에서 만난 강아지가 우리를 따라와 귀여운 추억도 남았고, 마지막엔 작은 카페에서 귤차를 마시며 피로를 풀었어요.",올레길을 걷는 동안 친구와 함께 무엇을 마셨나요?,잘 모르겠음,아이스커피,귤차,녹차,귤차,3,154
여행 경험,프랑스 여행 중 우연히 만난 미술작가,170,"파리의 작은 골목을 걷다가 조용한 카페에서 커피를 마시고 있었는데, 옆 테이블에 앉은 남자가 스케치북에 무언가를 그리고 있더라구요. 용기를 내어 말을 걸었더니, 그분은 프랑스 남부에서 온 젊은 미술작가라고 했어요. 잠깐 대화를 나누는 동안 그는 파리의 풍경을 그리며 영감을 얻는다고 했고, 저에게 직접 그린 작은 엽서를 선물해 주셨어요. 그 엽서는 지금도 제 책상 위에 소중히 올려져 있답니다.",프랑스 여행 중 화자가 만난 미술작가가 선물한 것은 무엇인가요?,잘 모르겠음,자신이 쓴 시집,직접 그린 엽서,프랑스 남부 사진,직접 그린 엽서,3,166
여행 경험,프랑스 여행 중 우연히 만난 미술작가,170,"파리의 작은 골목을 걷다가 비 오는 오후, 우산을 들고 가던 중 우연히 그림을 그리고 있는 현지 미술작가를 만났어요. 그는 나에게 프랑스에서 가장 좋아하는 색이 무엇이냐고 묻더니, 본인이 만든 파란색 물감으로 즉석에서 작은 엽서를 그려 선물해줬죠. 덕분에 미술관이 아닌 거리에서 그림이 완성되는 과정을 바로 앞에서 볼 수 있었고, 그 따뜻한 친절 덕분에 낯선 도시가 한결 가까워졌던 기억이 남아있어요.",프랑스에서 만난 미술작가는 화자에게 어떤 물건을 만들어 선물했나요?,잘 모르겠음,직접 그린 엽서,도자기 인형,프랑스 빵,직접 그린 엽서,2,168
여행 경험,프랑스 여행 중 우연히 만난 미술작가,170,"파리의 작은 골목을 걷다가 우연히 길거리에서 그림을 그리고 있는 한 미술작가를 만났다. 그는 밝게 웃으며 다가와 내게 자신의 작품을 보여주었고, 그림에 얽힌 이야기를 들려주었다. 나는 그의 따뜻한 태도와 그림에서 느껴지는 감성에 매료되어 즉석에서 작은 풍경화를 구입했다. 짧은 만남이었지만 덕분에 여행의 특별한 추억이 하나 더 생겼다.",내가 파리 골목에서 만난 미술작가는 내게 어떤 행동을 했는가?,잘 모르겠음,자신의 그림을 그만 그리라고 했다,자신의 작품을 보여주며 이야기를 들려주었다,내가 그린 그림을 칭찬해주었다,자신의 작품을 보여주며 이야기를 들려주었다,3,143
여행 경험,프랑스 여행 중 우연히 만난 미술작가,170,"파리의 작은 골목을 걷다가 비가 내리기 시작했을 때, 우산도 없이 급히 들어간 카페에서 혼자 스케치북에 그림을 그리고 있던 한 프랑스인과 자연스럽게 대화를 나누게 되었다. 그는 자신을 르네라고 소개했는데, 평소에는 조용한 시골 마을에 살면서 풍경화를 그린다고 했다. 갑자기 내 앞에 펼쳐진 작은 스케치북을 보여주며, 방금 비 내리는 거리를 즉석에서 그린 그림을 선물로 주었다. 뜻밖의 인연 덕분에 파리의 추억이 한층 더 특별하게 남았다.",발화에서 프랑스인 르네가 평소 주로 그리고 있다고 언급한 그림의 종류는 무엇인가요?,잘 모르겠음,인물화,풍경화,추상화,풍경화,3,184
외국에서의 생활 경험,문화 충격을 받았던 순간,170,"공원에서 산책하다가 사람들이 잔디밭 위에 돗자리도 없이 바로 누워 있는 모습을 처음 봤을 때 정말 놀랐던 기억이 떠오른다. 한국에서는 잔디에 직접 누우면 더럽다고 생각해서 좀처럼 보기 힘든 장면인데, 여기는 어른들도 아이들도 신경 쓰지 않고 자유롭게 잔디를 즐기는 모습이 인상 깊었다. 그래서 나도 며칠 후에는 조심스럽게 신발을 벗고 잔디 위에 누워 봤는데, 생각보다 기분이 상쾌해서 그 이후로는 자주 하게 됐다.",발화자가 처음 문화 충격을 느꼈던 장면은 무엇이었나요?,잘 모르겠음,공원에서 사람들이 돗자리 없이 잔디밭에 누워 있는 모습,사람들이 공원에서 큰 소리로 노래를 부르는 모습,공원에서 모두 신발을 신고 다니는 모습,공원에서 사람들이 돗자리 없이 잔디밭에 누워 있는 모습,2,173
외국에서의 생활 경험,문화 충격을 받았던 순간,170,"외국에 처음 도착해서 가장 놀랐던 순간은 현지 친구 집에 초대받았을 때였다. 식사 중에 갑자기 신발을 신은 채로 거실에 들어가고, 식탁에도 발을 올리는 모습을 보고 적잖이 당황했다. 우리나라에서는 상상할 수 없는 일이지만, 그들은 그게 자연스러운 모습이라며 오히려 내 반응에 신기해했다. 그 후로는 나도 조금씩 그 문화에 적응하려고 노력했는데, 여전히 신발을 신고 실내를 다니는 건 어색하게 느껴진다.",필자가 문화 충격을 받았던 가장 큰 이유는 무엇이었는가?,잘 모르겠음,현지 음식의 독특한 맛 때문,식사 중에 큰 소리로 이야기하는 모습 때문,신발을 신은 채로 실내를 다니는 모습 때문,신발을 신은 채로 실내를 다니는 모습 때문,4,170
외국에서의 생활 경험,문화 충격을 받았던 순간,170,"현지 친구의 초대로 그들의 가족 모임에 참석하게 된 날, 식사 자리에서 모두가 음식을 손으로 먹기 시작하는 모습을 보고 당황했던 기억이 생생하다. 처음엔 어떻게 해야 할지 몰라 어색했지만, 친구 어머니께서 직접 손 씻는 방법과 올바른 식사 예절을 알려주셔서 점차 긴장이 풀렸다. 그날 이후로 손으로 음식을 나눠 먹는 것이 그들에겐 가족과의 소중한 유대감을 의미한다는 걸 이해하게 되었다.",발화자의 친구 어머니가 발화자에게 알려준 것은 무엇이었나요?,잘 모르겠음,손으로 음식을 조리하는 방법,손 씻는 방법과 식사 예절,다른 나라의 전통 음식,손 씻는 방법과 식사 예절,3,162
외국에서의 생활 경험,문화 충격을 받았던 순간,170,"도쿄에서 처음 친구 집에 초대받았을 때, 신발을 벗는 건 비슷했지만, 현관에서 슬리퍼로 갈아신고, 화장실에 들어갈 때는 또 다른 전용 슬리퍼로 바꿔 신는 모습을 보고 꽤 놀랐다. 게다가 화장실 슬리퍼를 신고 밖으로 나가지 않게 가족 모두가 철저히 신경 쓰는 모습이 인상 깊었다.",화자가 일본 친구 집에서 놀랐던 점은 무엇이었나요?,잘 모르겠음,음식을 먹기 전 손을 씻는 것,화장실 전용 슬리퍼를 따로 신는 것,현관에서 인사를 크게 하는 것,화장실 전용 슬리퍼를 따로 신는 것,3,115
외국에서의 생활 경험,새로운 친구들과의 만남,170,"몇 주 전, 현지에서 참가한 작은 요가 클래스에서 우연히 세 명의 다른 나라 친구들을 만났다. 수업이 끝난 뒤 자연스럽게 근처 카페에 가서 각자 좋아하는 차를 시키고 자기 나라의 요리와 명절에 대해 이야기했다. 나는 떡국을 설명했고, 한 친구는 인도에서 먹는 사모사를, 또 다른 친구는 독일에서 크리스마스마다 굴뚝에 양말을 거는 풍습을 이야기했다. 다양한 문화 이야기를 나누며 처음 만난 어색함이 금세 사라졌다.",요가 클래스 이후 사람들이 함께 이야기했던 장소는 어디였나요?,잘 모르겠음,공원,카페,도서관,카페,3,172
외국에서의 생활 경험,새로운 친구들과의 만남,170,"며칠 전, 현지인 친구가 추천한 작은 카페에서 우연히 옆자리에 앉은 두 명의 외국인과 자연스럽게 대화를 시작하게 되었다. 각자 자신이 좋아하는 음악에 대해 이야기하다가, 한 친구가 자신의 플레이리스트를 공유해주었고, 내가 한국에서 가져온 간식을 나눠주며 서로의 문화를 조금 더 이해할 수 있었다. 그날 이후로 우리는 매주 번갈아가며 각자의 나라 음식을 준비해 작은 파티를 열기로 약속했다.",화자가 새로운 친구들과의 첫 만남에서 나눈 것은 무엇이었나요?,잘 모르겠음,같이 사진을 찍었다,각자의 플레이리스트와 한국에서 가져온 간식,함께 요리를 했다,각자의 플레이리스트와 한국에서 가져온 간식,3,165
외국에서의 생활 경험,새로운 친구들과의 만남,170,"며칠 전 도서관에서 혼자 공부하고 있는데, 옆자리에 앉은 루카가 먼저 말을 걸어줬다. 그는 이탈리아에서 온 교환학생이었고, 나와 비슷하게 낯선 도시에서 적응 중이라고 했다. 루카는 커피를 좋아한다고 해서, 점심시간에 학교 근처 카페에서 함께 커피를 마시기로 약속했다. 그 자리에는 그의 룸메이트인 스페인 친구 마리아도 같이 왔다. 셋이서 서로의 나라 음식, 가족 이야기, 그리고 각자 느낀 외국 생활의 어려움에 대해 이야기하며 금방 가까워졌다.",도서관에서 만난 루카와의 첫 만남 이후 점심에 함께한 인물은 누구였나요?,잘 모르겠음,루카의 동생,루카의 룸메이트 마리아,도서관 사서,루카의 룸메이트 마리아,3,189
외국에서의 생활 경험,새로운 친구들과의 만남,170,"몇 주 전, 현지 대학에서 주최한 언어 교환 모임에 참석하게 되었다. 처음에는 낯선 환경에 긴장했지만, 우연히 같은 취미를 가진 일본인 유학생과 스페인에서 온 학생을 만나게 되어 금세 분위기가 편해졌다. 함께 근처 카페에서 각자 좋아하는 음식을 추천하며 맛있는 점심을 먹었고, 그 뒤로 서로 자주 연락하며 주말마다 새로운 곳을 탐방하고 있다. 그날의 만남 덕분에 외국 생활이 훨씬 즐거워진 것 같다.",언어 교환 모임에서 만난 친구들과 처음 함께 했던 활동은 무엇이었나요?,잘 모르겠음,공원 산책을 했다,근처 카페에서 음식을 먹었다,영화관에 갔다,근처 카페에서 음식을 먹었다,3,166
외국에서의 생활 경험,외국 생활을 마치고 돌아온 후의 반응,170,"몇 년 만에 한국에 돌아오자마자 친구들이 모여서 환영 파티를 열어줬다. 오랜만에 만나는 사람들과 한국 음식을 먹으니 익숙하면서도 낯설었다. 특히 김치찌개와 떡볶이 냄새가 코끝을 자극해서 외국에서 종종 그리워하던 기억이 떠올랐다. 가족들도 내 발음이 조금 어색해졌다고 놀리며 웃었고, 공항에서부터 길거리까지 모든 것이 새롭게 느껴져서 한동안 적응이 필요했다.",한국에 돌아온 뒤 가족들이 화자가 어떻게 변했다고 놀렸나요?,잘 모르겠음,머리 모양이 변했다고 했다,발음이 어색해졌다고 했다,외모가 달라졌다고 했다,발음이 어색해졌다고 했다,3,155
외국에서의 생활 경험,외국 생활을 마치고 돌아온 후의 반응,170,"공항에서 가족을 다시 만난 순간, 모두가 환하게 웃으며 저를 반겨줘서 뭉클했어요. 집에 오니 엄마가 직접 만든 된장찌개 냄새가 가득했고, 아빠는 제가 외국에서 찍은 사진들을 보며 궁금한 게 많으신지 질문을 쏟아내셨어요. 동생은 어색한 듯하면서도 선물에 관심을 보였고, 친구들은 모임을 준비해줬어요. 그동안 외국에서 익숙해진 생활과는 다르게, 익숙한 집 분위기와 가족의 따뜻함에 다시 적응하는 시간이 필요하다고 느꼈어요.",발화에서 가족들이 공항에서 저를 만났을 때 어떤 반응을 보였나요?,잘 모르겠음,무관심하게 대했다.,환하게 웃으며 반겨줬다.,갑자기 선물을 요구했다.,환하게 웃으며 반겨줬다.,3,181
외국에서의 생활 경험,외국 생활을 마치고 돌아온 후의 반응,170,"지방에서 공부를 마치고 한국으로 돌아온 날, 오랜만에 만난 가족들이 공항까지 마중 나와줘서 정말 반가웠다. 특히 여동생이 직접 만든 간단한 환영 팻말을 들고 있어서 깜짝 놀랐다. 집에 도착하자마자 엄마가 준비한 된장찌개와 김치전을 먹었는데, 오랜만에 익숙한 집밥 냄새에 마음이 편안해졌다. 식사 중에 아버지께서 외국에서 있었던 에피소드들을 자세히 물어보셨고, 나는 친구들과의 소소한 해프닝부터 언어 실수까지 다양한 이야기를 들려드렸다.",공항에서 화자가 가장 먼저 마주친 가족의 행동은 무엇이었나요?,잘 모르겠음,여동생이 간단한 환영 팻말을 들고 있었다.,아버지가 된장찌개를 준비했다.,엄마가 직접 공항에서 노래를 불러줬다.,여동생이 간단한 환영 팻말을 들고 있었다.,2,189
외국에서의 생활 경험,외국 생활을 마치고 돌아온 후의 반응,170,"며칠 전, 오랜만에 한국에 돌아오니 가족과 친구들이 모두 모여 환영해줬다. 처음에는 한국 음식이 너무 그리워서 김치찌개와 잡채를 연달아 먹었다. 외국에서는 이런 음식을 쉽게 구할 수 없어서 매번 집에서 비슷하게 만들어 먹으려 애썼던 기억이 났다. 그리고 친구들이 내 외국 생활 이야기를 듣고 싶어 했는데, 언어 실수로 겪은 웃긴 사건을 얘기하니 다들 크게 웃었다. 돌아온 뒤에는 주변의 익숙한 풍경과 냄새, 사람들의 빠른 걸음걸이도 새롭게 느껴졌다.",발화에서 화자가 한국에 돌아온 후 가장 먼저 한 일은 무엇이었나요?,잘 모르겠음,친구들과 영화 보기,한국 음식을 먹기,여행 사진 정리하기,한국 음식을 먹기,3,189
외국에서의 생활 경험,외국으로 건너가게 된 계기,170,"몇 년 전, 우연히 참가하게 된 국제 봉사활동에서 만난 다양한 나라 친구들과의 대화가 내 인생을 바꿨다. 그때까지는 한 번도 외국에서 살아볼 생각이 없었는데, 그 친구들과 소통하며 나의 시야가 넓어지는 걸 느꼈다. 특히 프랑스에서 온 마리와 매일 밤늦게까지 각국의 음식과 문화를 이야기하며, 나도 언젠가는 다른 나라에서 일상적인 삶을 경험해보고 싶다는 생각이 점점 강해졌다. 그렇게 1년 뒤, 나는 짐을 싸서 독일로 향했다.",화자가 외국에서 살아보고 싶다는 생각을 하게 된 데 가장 큰 영향을 준 사람은 누구였나요?,잘 모르겠음,프랑스에서 온 마리,자신의 가족,독일 친구,프랑스에서 온 마리,2,178
외국에서의 생활 경험,외국으로 건너가게 된 계기,170,"몇 년 전, 우연히 인터넷에서 프랑스에서 미술을 공부하는 친구의 블로그를 읽고 큰 자극을 받았다. 평소 유럽 문화에 관심이 많았던 나는 그 글을 읽으면서 내 삶에도 변화가 필요하다는 생각이 들어, 결국 파리로 교환학생 지원서를 제출했다. 부모님은 걱정했지만, 나 자신을 위해 새로운 도전을 선택했다.",내가 외국으로 건너가게 된 계기는 무엇이었나요?,잘 모르겠음,프랑스 음식에 대한 호기심 때문,미술을 공부하는 친구의 블로그를 보고 자극받아서,부모님의 권유로 인해,미술을 공부하는 친구의 블로그를 보고 자극받아서,3,126
외국에서의 생활 경험,외국으로 건너가게 된 계기,170,"늘 같은 일상에 지루함을 느끼던 어느 날, 친구가 외국에서 지내는 자신의 경험을 들려주었다. 그 이야기를 듣고 나니 나도 새로운 환경에서 살아보고 싶다는 생각이 강하게 들었다. 결국 직장에 휴직계를 내고, 한 달 뒤에 비행기 표를 예매했다. 부모님은 걱정했지만, 내 결심이 확고하다는 걸 알고 응원해주셨다. 그렇게 나는 긴장과 설렘을 안고 외국 생활을 시작하게 되었다.",외국으로 건너가기로 결심하게 된 계기는 무엇이었나요?,잘 모르겠음,부모님의 권유로,친구의 외국 생활 이야기를 듣고,직장 동료의 추천으로,친구의 외국 생활 이야기를 듣고,3,155
외국에서의 생활 경험,외국으로 건너가게 된 계기,170,"며칠 전, 친구가 보내온 사진을 보며 유럽 여행을 꿈꾸던 시절이 떠올랐다. 그때 우연히 참가한 교환학생 설명회에서 다양한 나라의 학생들이 각자 경험을 나누는 모습을 보고 큰 자극을 받았다. 처음엔 언어에 대한 두려움도 있었지만, 새로운 문화를 직접 경험하고 싶다는 생각이 점점 커져서 결국 지원서를 냈다. 합격 소식을 받았을 땐 실감이 잘 나지 않았지만, 그 순간이 내 인생의 방향을 바꾼 계기가 되었다.",화자가 외국으로 건너가기로 결심하게 된 주요 계기는 무엇이었나요?,잘 모르겠음,여행을 좋아해서,교환학생 설명회에서 자극을 받아서,친구의 권유로,교환학생 설명회에서 자극을 받아서,3,168
외국에서의 생활 경험,체크인부터 숙소까지의 이야기,170,"낯선 공항에 도착해서 짐을 찾고 택시를 잡으려는데, 기사님이 영어를 거의 못하셔서 숙소 주소를 번역기 화면으로 보여드렸다. 택시 안에서 창밖 풍경을 구경하다 보니 어느새 도착했고, 프론트 직원이 친절하게 체크인 절차를 안내해주었다. 방 키를 받기 전 신분증을 두 번 확인하는 게 특이했다.",택시 기사님께 숙소 위치를 어떻게 전달했나요?,잘 모르겠음,지도로 설명했다,번역기 화면을 보여줬다,직접 말로 설명했다,번역기 화면을 보여줬다,3,122
외국에서의 생활 경험,체크인부터 숙소까지의 이야기,170,"공항에 도착하자마자 낯선 언어와 표지판에 당황했지만, 미리 프린트해온 숙소 예약 확인서를 보여주며 어렵게 체크인을 마쳤다. 숙소까지는 대중교통을 이용해야 해서, 현지인에게 길을 물었더니 친절하게 버스 번호와 정류장을 알려주었다. 덕분에 무사히 숙소에 도착해 짐을 풀고 한숨 돌릴 수 있었다.",내가 숙소까지 이동할 때 도움을 준 사람은 누구였나요?,잘 모르겠음,같이 간 친구,현지인,택시 기사,현지인,3,126
외국에서의 생활 경험,체크인부터 숙소까지의 이야기,170,"지난달에 처음으로 일본 오사카에 도착했을 때, 공항에서 길을 잃어 한참을 헤맸다. 체크인 카운터를 찾는 것도 쉽지 않았지만, 친절한 현지인 아주머니가 손짓으로 방향을 알려주셔서 겨우 비행기 표를 받고 짐을 부쳤다. 숙소까지 가는 전철표를 사는 방법도 몰라 당황했지만, 매표기 앞에서 만난 대학생이 직접 영어로 설명해주고 표 사는 걸 도와줬다. 숙소에 도착하니 피곤했지만, 낯선 곳에서 받은 작은 친절 덕분에 마음이 따뜻해졌다.",오사카 공항에서 숙소까지 가는 과정에서 누가 전철표 사는 걸 도와줬나요?,잘 모르겠음,현지인 아주머니,대학생,공항 직원,대학생,3,181
외국에서의 생활 경험,체크인부터 숙소까지의 이야기,170,"비행기에서 내리자마자 낯선 공항의 표지판을 따라 이동했는데, 자동 출입국 심사대를 처음 이용해 보는 거라 약간 긴장했다. 무사히 통과한 뒤에는 예약해둔 셔틀버스를 찾아야 했는데, 현지인에게 길을 묻는 과정에서 영어가 잘 안 나와 당황스러웠다. 다행히 친절한 안내로 숙소까지 어렵지 않게 도착했지만, 체크인 시간보다 조금 일찍 도착해서 로비에서 기다리며 주변 풍경을 관찰하는 재미도 쏠쏠했다.","숙소에 도착한 후, 발화자가 체크인 시간 전까지 무엇을 하며 시간을 보냈나요?",잘 모르겠음,공항에서 쇼핑을 했다,로비에서 주변 풍경을 관찰했다,방에 먼저 들어가 쉬었다,로비에서 주변 풍경을 관찰했다,3,168
운동 경험담,수영장에서의 첫 수영 경험,170,"수영장에 처음 갔을 때의 설렘이 아직도 기억난다. 처음엔 깊은 물이 무서워서 계단 근처에서만 머물렀는데, 옆에서 친구가 계속 응원해줘서 조금씩 앞으로 나아가게 되었다. 팔을 저어보는 것도 쉽지 않았지만, 익숙해질수록 물에 뜨는 느낌이 재미있었다. 나중에는 친구와 함께 물장구도 치고, 짧은 거리를 직접 헤엄쳐봤다. 그렇게 수영장 바깥으로 나왔을 때 온몸이 개운하고 뿌듯한 기분이 들어서, 다음에도 꼭 다시 오고 싶다고 생각했다.","처음 수영장에 갔을 때, 발화자가 친구의 어떤 도움을 받았나요?",잘 모르겠음,수영 방법을 직접 가르쳐줬다,계단 근처에서 놀자고 했다,계속 응원해줬다,계속 응원해줬다,4,183
운동 경험담,수영장에서의 첫 수영 경험,170,"수영을 전혀 배워본 적이 없다가 친구의 권유로 동네 수영장에 처음 가보게 됐다. 물에 들어가자마자 생각보다 깊어서 순간 당황했지만, 구명 튜브를 잡고 천천히 발을 움직이며 물에 적응해봤다. 처음엔 호흡이 어려웠지만, 강사님이 천천히 코로 숨을 쉬라고 알려주셔서 따라 해보니 조금씩 편해졌다. 물속에서 몸이 둥둥 뜨는 느낌이 신기했고, 친구와 물장구도 쳐보며 웃으며 즐거운 시간을 보냈다.",처음 수영장에 들어갔을 때 내가 사용한 도구는 무엇이었나요?,잘 모르겠음,수경,구명 튜브,오리발,구명 튜브,3,165
운동 경험담,수영장에서의 첫 수영 경험,170,"수영장에 처음 갔던 날이 아직도 생생하다. 물에 들어가기 전에는 괜히 긴장해서 심장이 두근거렸다. 친구가 먼저 들어가서 손을 흔들길래 용기 내어 발끝부터 천천히 물에 담갔다. 수온이 생각보다 차가웠지만, 금방 적응이 되었다. 강사님이 물에 얼굴을 담가보라고 했을 때 순간 숨이 막히는 기분이 들었지만, 숨을 내쉬며 해보니 금세 편안해졌다. 처음 자유형을 시도했을 때는 팔과 다리가 따로 놀아서 우스꽝스러웠지만, 친구가 옆에서 격려해준 덕분에 끝까지 해낼 수 있었다.",발화자의 첫 수영장 경험에서 친구가 해준 행동은 무엇이었나요?,잘 모르겠음,발을 씻겨줬다,격려해줬다,수영모를 빌려줬다,격려해줬다,3,198
운동 경험담,수영장에서의 첫 수영 경험,170,"새로 산 수영복을 입고 수영장에 들어서니 약간 긴장됐지만, 물에 들어가니 차가운 감촉이 오히려 상쾌하게 느껴졌다. 처음엔 발만 담갔는데, 구명조끼를 입고 천천히 얕은 곳에서 걸어보다가 강사님이 손을 잡아주셔서 두려움이 조금 줄었다. 물안경에 김이 서려 앞이 뿌옇게 보였지만, 그래도 팔을 저으며 한두 번 짧게 앞으로 나아가보는 데 성공했다. 나중엔 벽을 잡고 발차기도 해보고, 옆에서 응원해주는 친구 목소리에 용기도 났다.",내가 수영장에 처음 들어갔을 때 입었던 것은 무엇이었나요?,잘 모르겠음,구명조끼와 모자,수영복과 구명조끼,수영복과 수경,수영복과 구명조끼,3,180
운동 경험담,요가 수업에서의 웃긴 에피소드,170,"요가 수업을 들으러 간 날, 새로운 동작을 배우는 시간이었어요. 강사님이 시범을 보이시는데, 갑자기 제 옆에 있던 친구가 균형을 잃고 살짝 비틀거렸어요. 그 모습에 저도 웃음을 참지 못하고 따라 웃었는데, 그 순간 저 역시 중심을 잃고 매트에 살짝 넘어졌죠. 다행히 다치진 않았지만, 두 사람이 동시에 넘어지는 바람에 수업 분위기가 한순간에 웃음바다가 되었어요. 강사님도 웃으시며 우리에게 '오늘은 유연성보다 균형감각이 더 필요하겠다'고 하셔서 모두 즐겁게 다시 동작을 따라했답니다.",요가 수업 중 어떤 일이 벌어져서 수업 분위기가 웃음바다가 되었나요?,잘 모르겠음,강사님이 동작을 틀려서,두 사람이 동시에 넘어져서,음악이 갑자기 멈춰서,두 사람이 동시에 넘어져서,3,206
운동 경험담,요가 수업에서의 웃긴 에피소드,170,"요가 수업을 듣던 중 선생님이 새로운 동작을 시도해보자고 하셨는데, 갑자기 제 옆에 있던 친구가 균형을 잃고 옆으로 굴러버렸어요. 그 모습을 본 다른 분들도 당황해서 서로 부딪히며 작은 소동이 벌어졌죠. 결국 다들 진지하게 하려다 웃음이 터져서, 선생님도 웃으시면서 잠깐 쉬었다가 다시 동작을 연습하자고 하셨어요.",요가 수업 중에 무엇 때문에 모두가 웃음을 터뜨리게 되었나요?,잘 모르겠음,선생님이 농담을 해서,한 친구가 균형을 잃고 굴러서,음악이 갑자기 멈춰서,한 친구가 균형을 잃고 굴러서,3,133
운동 경험담,요가 수업에서의 웃긴 에피소드,170,최근에 친구와 함께 처음으로 요가 수업에 참여했다. 동작을 따라 하는데 강사님이 갑자기 '웃는 얼굴로 하세요'라고 하셔서 모두 진지한 표정에서 갑자기 어색하게 미소를 지었다. 그 순간 친구가 균형을 잃고 뒤로 살짝 넘어지며 소리를 내는 바람에 모두 참았던 웃음을 터뜨리고 말았다. 강사님도 덩달아 웃으면서 수업 분위기가 훨씬 편해졌다. 그 뒤로 다들 동작이 꼬여도 한 번씩 미소를 짓게 되었다.,요가 수업 중 친구가 왜 웃음을 터뜨리게 만들었나요?,잘 모르겠음,강사가 농담을 해서,친구가 균형을 잃고 소리를 내며 넘어져서,수업 중 음악이 갑자기 꺼져서,친구가 균형을 잃고 소리를 내며 넘어져서,3,165
운동 경험담,요가 수업에서의 웃긴 에피소드,170,"며칠 전 요가 수업에서 선생님이 갑자기 새로운 동작을 보여주셨는데, 그 동작을 따라하다가 옆에 있던 친구와 동시에 균형을 잃고 매트에 나란히 쓰러져서 둘 다 한참을 웃었어요. 수업 분위기가 너무 진지했는데 그 일로 모두가 편하게 웃으며 남은 시간도 즐겁게 운동할 수 있었습니다. 선생님도 우리를 보며 장난스럽게 '다음에는 좀 더 쉬운 동작부터 해볼게요'라고 하셔서 다들 박장대소했죠.",요가 수업 중 균형을 잃고 함께 넘어졌던 사람은 누구였나요?,잘 모르겠음,요가 선생님,옆에 있던 친구,수업에 처음 온 신입생,옆에 있던 친구,3,162
운동 경험담,자전거 타기 도중의 사건,170,"며칠 전, 평소와 달리 오후 늦게 자전거를 타러 근처 강변길로 나갔어. 처음에는 시원한 바람 덕분에 기분이 좋았지만, 중간쯤에서 갑자기 앞바퀴에 무언가 걸려서 중심을 잃고 말았지. 다행히 큰 부상은 없었지만, 바지에 진흙이 튀고 손바닥에 약간의 찰과상을 입었어. 지나가던 한 아주머니께서 물티슈를 건네주셔서 손을 닦고, 잠시 쉬다가 천천히 집으로 돌아왔던 기억이 남아.",자전거를 타던 중에 도움을 준 사람은 누구였나요?,잘 모르겠음,한 아주머니,한 아저씨,친구,한 아주머니,2,157
운동 경험담,자전거 타기 도중의 사건,170,"집 근처 강변길을 따라 자전거를 타다가 갑자기 앞에 다람쥐 한 마리가 튀어나오는 바람에 급히 브레이크를 잡은 적이 있다. 순간적으로 균형을 잃어서 자전거에서 거의 떨어질 뻔했지만, 다행히 핸들을 꽉 잡고 중심을 잡아 넘어지지 않았다. 놀란 가슴을 진정시키고 천천히 다시 출발했는데, 그 뒤로는 길가에 뭐가 있는지 더 주의 깊게 살피게 되었다.",자전거를 타던 중 내가 갑자기 브레이크를 잡게 된 이유는 무엇이었나?,잘 모르겠음,갑자기 비가 와서,앞에 사람이 나타나서,다람쥐가 튀어나와서,다람쥐가 튀어나와서,4,143
운동 경험담,자전거 타기 도중의 사건,170,"점심 무렵에 집 근처 강변 자전거 도로를 달리다가 갑자기 바람이 세게 불어서 모자가 벗겨졌다. 급하게 자전거를 멈추고 뒤로 돌아가 모자를 주우려고 했는데, 그 순간 뒤따라오던 분이 조심스럽게 벨을 울리며 멈춰주셔서 사고를 피할 수 있었다. 모자를 줍고 그분께 감사 인사를 전하니, 본인도 비슷한 경험이 있다며 잠깐 웃으면서 이야기를 나눴다. 덕분에 한동안 조심스럽게 자전거를 탔고, 모자는 앞으로 꼭 챙겨 써야겠다고 다짐했다.","자전거를 타던 중에 모자가 벗겨졌을 때, 뒤따라오던 사람은 어떻게 했는가?",잘 모르겠음,속도를 내서 지나쳤다,조심스럽게 벨을 울리며 멈춰주었다,모자를 대신 주워주었다,조심스럽게 벨을 울리며 멈춰주었다,3,180
운동 경험담,자전거 타기 도중의 사건,170,"주말 오후에 오랜만에 친구와 자전거를 타러 한강 공원에 갔다. 바람이 살짝 불어서 달리기 딱 좋았는데, 갑자기 앞에 비둘기 떼가 날아오르면서 급하게 핸들을 틀다가 친구 물병이 바닥에 떨어졌다. 우리는 잠시 자전거를 세우고 물병을 주우러 갔는데, 그 사이에 다른 사람들이 물병을 피해 지나는 모습이 웃기기도 하고 미안하기도 했다. 덕분에 잠깐 쉬면서 강가의 경치를 더 자세히 볼 수 있었다.",자전거를 타던 중 친구에게 어떤 일이 생겼나요?,잘 모르겠음,자전거 바퀴에 바람이 빠졌다.,물병이 바닥에 떨어졌다.,핸드폰을 잃어버렸다.,물병이 바닥에 떨어졌다.,3,162
운동 경험담,트레킹 도중 발견한 풍경,170,"지난 주말에는 친구들과 함께 근교 산에 트레킹을 갔는데, 평소보다 더 긴 코스를 선택해서 걷게 되었어요. 중간쯤 올라가니 짙은 소나무숲 사이로 햇살이 부드럽게 내려앉아 그림 같은 풍경이 펼쳐졌어요. 갑자기 작은 개울이 나타나서 시원한 물소리를 들으며 잠시 쉬기도 했죠. 정상 가까이에선 멀리 펼쳐진 논과 마을 지붕들이 한눈에 들어왔는데, 그 순간만큼은 모든 걱정이 사라지는 것 같아 기분이 참 좋았어요.",트레킹 중 친구와 쉬었던 장소는 어디였나요?,잘 모르겠음,작은 개울 옆,산 정상,논 한가운데,작은 개울 옆,2,170
운동 경험담,트레킹 도중 발견한 풍경,170,"며칠 전 트레킹을 하러 근교 산길에 올랐다. 갑자기 길가 옆에 작은 연못이 나타났는데, 햇빛에 반사된 물결이 반짝이고 주변에 노란 민들레가 무리지어 피어 있었다. 오랜만에 맑은 공기와 조용한 분위기 속에서 잠시 발걸음을 멈추고, 바람에 흔들리는 풀잎 소리도 들으며 풍경을 눈에 담았다. 연못 근처에는 작은 오리 두 마리가 한가롭게 떠다녔고, 그 모습을 지켜보며 마음이 편안해지는 걸 느꼈다.",트레킹 중 연못 근처에서 볼 수 있었던 동물은 무엇이었나요?,잘 모르겠음,토끼,오리,청설모,오리,3,164
운동 경험담,트레킹 도중 발견한 풍경,170,"지난 주말에 친구와 함께 근교 산으로 트레킹을 다녀왔다. 오르막길을 따라 걷다가 갑자기 넓은 평지가 나타났는데, 그곳에는 노란 들꽃이 가득 피어 있었다. 바람이 불 때마다 꽃잎이 흔들려 마치 노란 물결이 넘실거리는 것 같았다. 잠시 멈춰서 그 풍경을 바라보니 평소의 피로가 싹 사라지는 기분이었다. 친구와 사진도 찍고, 그 순간을 오래 기억하고 싶어 한참 동안 자리를 떠나지 않았다.",트레킹 중 어떤 꽃이 피어 있는 풍경을 보았는가?,잘 모르겠음,하얀 진달래,노란 들꽃,붉은 장미,하얀 진달래,2,160
운동 경험담,트레킹 도중 발견한 풍경,170,"며칠 전 친구들과 함께 근교 산에 트레킹을 갔을 때의 기억이 아직도 생생하다. 오르막길을 따라 한참을 걷다 보니, 갑자기 시야가 탁 트이면서 산 아래로 펼쳐진 작은 호수가 보였다. 맑은 물 위로 오리 몇 마리가 한가롭게 헤엄치고 있었고, 호수 주변에는 노란 야생화가 군데군데 피어 있었다. 친구 중 한 명이 그 풍경을 보고 감탄하며 사진을 찍자고 해서, 다 함께 사진도 남겼다. 평소에는 쉽게 볼 수 없는 풍경이라 그런지 그 순간이 오랫동안 기억에 남았다.",트레킹 도중 호수에서 무엇을 보았는지 고르세요.,잘 모르겠음,토끼 여러 마리가 풀을 뜯는 모습,오리 몇 마리가 헤엄치는 모습,호수 위에 작은 배가 떠 있는 모습,오리 몇 마리가 헤엄치는 모습,3,186
운동 경험담,헬스장에서의 웃픈 일,170,"헬스장에 갔을 때 일이다. 운동 기구 사용법을 잘 모르겠어서 옆에서 열심히 운동하던 분을 몰래 따라 하다가, 결국 기구를 반대로 돌려 앉아 운동하게 됐다. 트레이너가 다가와서 조용히 방법을 알려줬는데, 그 순간 근처에 있던 사람들이 웃음을 참으려다 결국 다 같이 웃음이 터졌다. 민망했지만 덕분에 자연스럽게 옆 사람과 인사도 하고, 이후엔 서로 운동 팁을 주고받으며 친해질 수 있었다.","발화자의 헬스장에서 있었던 일 중, 트레이너가 무엇을 했는지 고르세요.",잘 모르겠음,기구를 치워줬다,운동 기구 사용법을 조용히 알려줬다,운동을 같이 해줬다,기구를 치워줬다,2,161
운동 경험담,헬스장에서의 웃픈 일,170,"지난주 헬스장에서 러닝머신 위에서 음악을 들으며 걷다가 실수로 물병을 떨어뜨렸는데, 그게 굴러가서 옆에 있던 분 발밑까지 가더라고요. 당황해서 급하게 멈추려고 하다가 러닝머신에서 미끄러질 뻔했어요. 옆 분이 친절하게 물병을 주워주셔서 정말 감사하다고 인사했는데, 그 분도 예전에 비슷한 일을 겪었다며 같이 웃었습니다. 민망했지만 왠지 모르게 친근해진 기분이 들어서 기억에 남는 하루였어요.",러닝머신 위에서 음악을 들으며 걷던 중에 필자가 저지른 실수는 무엇이었나요?,잘 모르겠음,옆 사람과 부딪쳤다,운동기구를 고장냈다,물병을 떨어뜨렸다,물병을 떨어뜨렸다,4,169
운동 경험담,헬스장에서의 웃픈 일,170,"며칠 전 헬스장에서 러닝머신을 하고 있었는데, 옆에서 운동하던 분이 갑자기 넘어지면서 운동화 한 짝이 멀리 날아가 버렸어요. 모두가 깜짝 놀랐지만, 그분은 쑥스러운 듯 일어나서 아무렇지 않은 척 운동화를 다시 신더라고요. 저도 민망해서 웃음을 참으려다 결국 참지 못하고 옆 사람과 함께 살짝 웃었어요. 그분도 금세 웃으며 괜찮다고 해서 다행이었죠.",운동화 한 짝이 헬스장에서 어떻게 되었나요?,잘 모르겠음,운동화가 벗겨져 분실되었다.,운동화 한 짝이 멀리 날아갔다.,운동화가 젖어서 신지 못했다.,운동화 한 짝이 멀리 날아갔다.,3,147
운동 경험담,헬스장에서의 웃픈 일,170,"친구와 함께 헬스장에 갔을 때였다. 벤치프레스를 하려다 바벨에 너무 많은 무게를 끼웠는지, 막상 들어올리려는데 팔이 덜덜 떨려서 결국 들지 못하고 멋쩍게 내려놨다. 그때 옆에서 운동하던 아주머니가 조용히 다가와서 무게 조절이 중요하다고 조언해주셨다. 창피했지만 오히려 그 상황이 너무 웃겨서 친구랑 한참을 깔깔댔다.",헬스장에서 벤치프레스를 하다가 화자가 겪은 일과 가장 관련 깊은 것은?,잘 모르겠음,옆에 있던 친구가 무게를 잘못 조절했다.,운동하던 아주머니가 무게를 들어줬다.,화자가 바벨을 들어올리지 못해 멋쩍은 상황이 됐다.,화자가 바벨을 들어올리지 못해 멋쩍은 상황이 됐다.,4,136
유기동물 입양 이야기,계속된 훈련과 함께 성장하는 반려동물,170,"며칠 전 산책 중에 바람에 날리는 비닐봉지를 보고 우리 강아지가 놀라 뒷걸음질 치는 모습을 봤다. 예전엔 이런 상황에서 멀리 도망가곤 했는데, 요즘엔 내가 조용히 옆에 있어주면 한참 바라보다가 용기를 내어 다가가기도 한다. 매일 조금씩 새로운 소리에 익숙해지고, 간식으로 유도하면서 두려움을 이겨내는 모습을 보면 나도 덩달아 뿌듯해진다. 한때 겁이 많았던 아이가 나와 함께 점점 더 용감해지는 듯하다.",산책 중 강아지가 무서워했던 것은 무엇이었나요?,잘 모르겠음,자전거,비닐봉지,자동차 소리,비닐봉지,3,169
유기동물 입양 이야기,계속된 훈련과 함께 성장하는 반려동물,170,"최근 들어 반려견 밤이는 산책 중 갑자기 멈춰서거나 지나가는 자전거를 보고 짖는 일이 많아졌다. 처음에는 어떻게 해야 할지 몰라 당황했지만, 전문가에게 조언을 구하고 매일 조금씩 훈련을 시작했다. 간식을 활용해 집중을 유도하고, 자전거가 나타날 때마다 차분하게 기다리면 칭찬해주었다. 며칠이 지나자 밤이는 점점 침착해졌고, 나 역시 밤이와 함께 성장하는 기분이 들어 무척 뿌듯했다.",발화에서 반려견 밤이가 자전거를 보고 짖는 행동을 줄이기 위해 사용한 방법은 무엇이었나요?,잘 모르겠음,밤이에게 산책을 금지했다,간식과 칭찬으로 차분하게 기다리도록 유도했다,자전거를 피해 다른 길로만 다녔다,간식과 칭찬으로 차분하게 기다리도록 유도했다,3,163
유기동물 입양 이야기,계속된 훈련과 함께 성장하는 반려동물,170,"몇 달 전 보호소에서 데려온 강아지와 함께 지내면서, 처음엔 낯선 환경에 익숙해지지 못해 서로 애를 많이 먹었다. 그러나 매일 산책 후에 앉아, 기다려, 손 같은 간단한 명령어를 반복해서 연습하다 보니 점차 서로 눈빛만 봐도 통하는 순간이 늘어났다. 최근에는 집안에서 혼자 있을 때도 침착하게 기다릴 줄 알게 되어, 내 생활도 훨씬 여유로워졌다. 이런 변화가 뿌듯해서 앞으로 더 다양한 훈련을 함께 시도해볼 계획이다.",발화자의 반려견이 최근에 할 수 있게 된 행동은 무엇인가요?,잘 모르겠음,밖에서 산책하기,집안에서 혼자 있을 때 침착하게 기다리기,새로운 명령어 배우기,집안에서 혼자 있을 때 침착하게 기다리기,3,173
유기동물 입양 이야기,계속된 훈련과 함께 성장하는 반려동물,170,"처음 우리 집에 온 강아지는 낯선 환경에 익숙해지지 못해 며칠 동안 구석에서만 머물렀다. 산책줄을 채우는 것도 무서워했는데, 매일 조금씩 같이 산책을 나가고 손을 내밀어 간식을 건네주다 보니 이제는 산책 가방만 봐도 꼬리를 흔들며 달려온다. 최근에는 새로운 장난감도 잘 가지고 논다. 나 역시 인내심과 책임감을 배워가며 이 아이와 함께 점점 더 단단해지는 기분이 든다.",강아지가 산책줄에 익숙해지기 위해 주로 사용된 방법은 무엇이었나요?,잘 모르겠음,매일 일정 시간 산책을 나갔다,장난감을 자주 바꿔주었다,동물 병원에 자주 데려갔다,매일 일정 시간 산책을 나갔다,2,154
유기동물 입양 이야기,울트라마라톤에 참가한 반려동물과의 추억,170,"며칠 전, 우리 집 반려견 보리가 처음으로 울트라마라톤 대회에 함께 참여했던 날을 떠올렸다. 보리는 유기동물 보호소에서 입양한 지 2년 만에 나와 이렇게 긴 거리를 달리게 된 거였다. 출발선에 서서 긴장하던 내 곁을 보리가 힘차게 끌어주었고, 중간중간 힘이 들 땐 보리가 내 손을 핥아주며 응원해줬다. 결승선을 통과할 땐 많은 사람들이 박수를 쳐줬고, 그 순간 보리가 꼬리를 흔들며 내 품에 안겨왔다. 내 인생에서 가장 벅차고 특별한 순간이었다.",반려견 보리가 울트라마라톤 대회에서 했던 행동으로 맞는 것은 무엇인가요?,잘 모르겠음,출발선에서 낯선 사람에게 짖었다,결승선을 통과한 후 꼬리를 흔들며 안겼다,달리는 내내 잠만 잤다,결승선을 통과한 후 꼬리를 흔들며 안겼다,3,185
유기동물 입양 이야기,울트라마라톤에 참가한 반려동물과의 추억,170,"지난봄, 동물보호소에서 입양한 진돗개 단이와 함께 울트라마라톤 대회에 참가했던 기억이 아직도 생생하다. 새벽에 출발해 이른 아침부터 긴 거리를 함께 달리며 단이가 힘들지 않을까 걱정도 했지만, 오히려 단이가 나를 이끌어주듯 옆에서 씩씩하게 달려줬다. 중간중간 마주친 참가자들이 단이에게 응원의 말을 건네주었고, 단이는 꼬리를 흔들며 신나게 반응했다. 완주 후에는 서로를 안아주며 고생했다며 포옹했던 순간이 가장 감동적이었다.","입양한 진돗개 단이와 함께 울트라마라톤을 완주한 후, 내가 단이와 함께 했던 감동적인 행동은 무엇이었나요?",잘 모르겠음,간식을 나눠 먹었다,함께 사진을 찍었다,서로를 안아주며 포옹했다,서로를 안아주며 포옹했다,4,185
유기동물 입양 이야기,울트라마라톤에 참가한 반려동물과의 추억,170,"몇 달 전, 유기동물 보호소에서 입양한 강아지 몽실이와 함께 울트라마라톤 대회에 참가했던 날이 떠오른다. 출발선에서부터 몽실이는 긴장한 듯 보였지만, 점점 달리기를 즐기며 내 옆에서 힘차게 뛰기 시작했다. 중간에 지쳐 보였을 때 내가 준비해간 간식을 주자 금세 기운을 차리고, 마지막 5km 구간에서는 오히려 내가 몽실이에게 이끌리듯 따라가야 할 정도였다. 완주 후 몽실이 목에 메달을 걸어주며 서로를 끌어안았던 순간이 정말 소중하게 느껴진다.","몽실이가 울트라마라톤 도중 지쳤을 때, 내가 어떻게 도와줬는가?",잘 모르겠음,물을 뿌려줬다,간식을 주었다,쉬게 해줬다,간식을 주었다,3,189
유기동물 입양 이야기,울트라마라톤에 참가한 반려동물과의 추억,170,"몇 달 전, 입양한 강아지 보리가 울트라마라톤 참가 신청서 위에 얌전히 앉아 있던 게 아직도 기억난다. 훈련할 때마다 보리가 옆에서 힘들어도 꼬리를 흔들며 나와 같이 달려줘서 큰 힘이 됐다. 대회 당일에는 새벽부터 긴장했지만, 출발선에서 보리가 내 손등을 핥아주는 순간 마음이 풀어졌다. 완주 후 보리와 함께 트로피 앞에서 찍은 사진을 볼 때마다, 혼자였다면 절대 못 했을 도전을 함께 해낸 기분이 들어 벅차오른다.",발화자가 울트라마라톤 훈련을 할 때 보리가 보인 모습으로 알맞은 것은?,잘 모르겠음,옆에서 달리기를 거부했다,힘들어도 꼬리를 흔들며 함께 달렸다,다른 사람과 함께 훈련했다,힘들어도 꼬리를 흔들며 함께 달렸다,3,172
유기동물 입양 이야기,유기동물 입양을 결심하게 된 계기,170,"며칠 전 회사 근처 공원에서 점심을 먹고 있는데, 갑자기 비를 맞으며 떨고 있는 작은 강아지를 보게 되었어요. 처음엔 그냥 지나치려 했지만, 자꾸만 그 강아지가 생각나 마음이 편치 않았어요. 집에 돌아온 후에도 그 모습이 떠올라 인터넷으로 유기동물 보호소를 찾아보고, 보호소에서 생활하는 아이들의 사진과 사연을 읽으면서 결국 한 마리 입양을 결심하게 되었답니다.",내가 유기동물 입양을 결심하게 된 계기는 무엇이었나요?,잘 모르겠음,친구가 강아지를 추천해서,공원에서 비를 맞는 강아지를 보고,인터넷에서 고양이 영상을 보고,공원에서 비를 맞는 강아지를 보고,3,153
유기동물 입양 이야기,유기동물 입양을 결심하게 된 계기,170,"며칠 전 산책하던 중 근처 동물보호소에서 열린 작은 사진전을 우연히 보게 됐다. 유기동물들이 새로운 가족을 기다리는 모습이 사진에 담겨 있었는데, 그중 유난히 슬픈 눈빛을 가진 강아지가 자꾸 마음에 남았다. 나도 한때 반려동물과의 이별을 겪은 적이 있어서일까, 사진을 본 그날 밤 그 강아지 생각이 계속 떠올랐다. 그렇게 자연스럽게 입양을 결심하게 되었고, 내게도 다시 따뜻한 인연이 찾아올 수 있다는 기대감이 생겼다.",내가 유기동물 입양을 결심하게 된 계기로 알맞은 것은 무엇인가요?,잘 모르겠음,동물보호소에서 자원봉사를 하다가 마음이 바뀌어서,유기동물 사진전을 보고 한 강아지가 계속 생각나서,친구의 권유로 입양을 결심해서,유기동물 사진전을 보고 한 강아지가 계속 생각나서,3,176
유기동물 입양 이야기,유기동물 입양을 결심하게 된 계기,170,"며칠 전 친구와 산책하던 중에 공원 벤치 아래에서 낯선 고양이 한 마리가 웅크리고 있는 모습을 보게 되었어. 처음엔 그냥 지나치려 했지만, 고양이가 다리에 작은 상처가 있는 걸 보고 마음이 아팠어. 집에 돌아온 후에도 그 고양이 생각이 계속 나서 인터넷으로 유기동물 입양에 대해 찾아봤지. 점점 더 그 고양이와 같은 동물들이 새로운 가족을 기다리고 있다는 사실이 마음에 남아서, 결국 나도 한 마리의 유기동물을 입양하기로 결심하게 되었어.",화자가 유기동물 입양을 결심하게 된 직접적인 계기는 무엇이었나요?,잘 모르겠음,친구의 권유로 결심했다.,공원에서 다친 고양이를 보고 마음이 아팠기 때문이다.,인터넷에서 유기동물 사진을 보고 결심했다.,공원에서 다친 고양이를 보고 마음이 아팠기 때문이다.,3,182
유기동물 입양 이야기,유기동물 입양을 결심하게 된 계기,170,"며칠 전 산책하던 공원 벤치 옆에서 작은 강아지가 낑낑거리고 있는 걸 봤다. 주변에 주인이 없는 것 같아 가까이 가보니 목줄도 없이 떨고 있어서 마음이 짠했다. 평소 동물을 좋아했지만 입양은 고민만 하던 터라 망설였는데, 그날따라 유난히 외로워 보이는 강아지를 그냥 두고 올 수 없었다. 결국 가족들과 상의한 끝에 직접 임시 보호를 시작했고, 함께 지내며 입양을 결심하게 되었다.",발화자가 유기동물을 입양하게 된 결정적인 계기는 무엇이었나요?,잘 모르겠음,강아지가 귀여워서,가족의 권유로,공원에서 떨고 있는 강아지를 그냥 두고 올 수 없어서,공원에서 떨고 있는 강아지를 그냥 두고 올 수 없어서,4,157
유기동물 입양 이야기,처음 동물병원 방문과 입양 사전 검사,170,"며칠 전 보호소에서 입양한 강아지를 데리고 처음으로 동물병원에 갔다. 강아지는 낯선 환경에 긴장한 듯 계속 내 무릎 위에 올라오려 했고, 나는 진료실에서 수의사 선생님께 이것저것 질문을 쏟아냈다. 건강 상태를 꼼꼼히 검사받으며 예방접종 일정도 안내받았고, 귀 안쪽에 작은 진드기가 붙어 있다는 사실도 알게 됐다. 검사 결과를 듣고 나니 한결 마음이 놓였다.",내가 동물병원에서 강아지와 함께 알게 된 건강 관련 사실은 무엇이었나?,잘 모르겠음,강아지가 식욕이 없다는 것,귀 안에 진드기가 있었다는 것,심장에 문제가 있다는 것,귀 안에 진드기가 있었다는 것,3,150
유기동물 입양 이야기,처음 동물병원 방문과 입양 사전 검사,170,"며칠 전 보호소에서 만난 고양이를 입양하기로 결심했다. 입양 전 건강 상태를 확인하려고 가까운 동물병원에 데려갔다. 대기실에서 고양이는 낯선 환경에 긴장한 듯 내 품에 꼭 안겼고, 수의사 선생님께서 꼼꼼히 진료하며 예방접종 기록도 확인해주셨다. 검사 결과 다행히 건강에 큰 문제는 없었지만, 귀에 진드기가 조금 있어 치료를 받았다. 병원에서 돌아오는 길에 고양이가 내 손을 핥으며 안심하는 모습이 아직도 기억에 남는다.",입양 전 동물병원에서 고양이가 치료받은 것은 무엇이었나요?,잘 모르겠음,감기 치료,귀 진드기 치료,위장약 처방,귀 진드기 치료,3,178
유기동물 입양 이야기,처음 동물병원 방문과 입양 사전 검사,170,"며칠 전 보호소에서 입양한 고양이 미로를 처음으로 동물병원에 데려갔다. 미로는 이동장 안에서 긴장한 듯 작은 소리로 울었지만, 병원에 도착하자마자 낯선 냄새에 한참 주위를 살폈다. 수의사 선생님께서 진료를 시작하실 때 나는 미로가 너무 놀랄까 봐 조심스럽게 등을 토닥여줬다. 검진 결과 특별한 질병은 없었지만, 귀에 약간의 진드기가 보여 치료약을 처방받았다. 미로가 조금 더 건강해질 수 있도록 앞으로 꾸준히 병원에 다니기로 결심했다.",입양한 고양이 미로가 동물병원에서 받은 진단 결과와 관련된 내용은 무엇인가요?,잘 모르겠음,고양이가 심한 질병을 앓고 있었다.,고양이 귀에 약간의 진드기가 있었다.,고양이는 완전히 건강해서 아무런 치료도 필요 없었다.,고양이 귀에 약간의 진드기가 있었다.,3,185
유기동물 입양 이야기,처음 동물병원 방문과 입양 사전 검사,170,"며칠 전 보호소에서 데려온 강아지와 함께 처음으로 동물병원에 갔다. 병원에 들어서자 강아지가 긴장한 듯 내 품에 꼭 안겼다. 의사 선생님이 천천히 진찰해주시며, 건강상태와 필요한 예방접종에 대해 설명해주셨다. 그리고 입양 전 필요한 혈액검사와 기생충 검사를 받았다. 검사를 마친 뒤 간식을 주자 조금은 안도한 듯 꼬리를 살랑거렸다. 앞으로 함께 할 시간들이 기대된다.",강아지가 동물병원에서 어떤 검사를 받았는가?,잘 모르겠음,청력 검사와 시력 검사,혈액검사와 기생충 검사,유전자 검사와 체온 측정,혈액검사와 기생충 검사,3,156
유기동물 입양 이야기,"첫 만남의 순간, 반려동물과의 첫 인사",170,"비가 내리던 어느 늦은 오후, 보호소 안에서 작은 강아지 한 마리가 조용히 내 눈을 바라보던 순간이 잊히지 않는다. 문을 열고 들어서자 낯선 냄새와 소리에 다른 아이들은 짖거나 숨었지만, 그 아이만은 조용히 꼬리를 천천히 흔들었다. 처음 손을 내밀었을 때 살짝 망설이다가 내 손등을 코로 살짝 건드리던 감촉이 지금도 생생하다. 그 짧은 순간에 서로의 온기를 느끼며 우리는 천천히 가까워질 수 있었다.",보호소에서 강아지가 처음 만난 순간에 보인 행동은 무엇이었나요?,잘 모르겠음,크게 짖었다,조용히 꼬리를 천천히 흔들었다,바로 내 품에 안겼다,조용히 꼬리를 천천히 흔들었다,3,165
유기동물 입양 이야기,"첫 만남의 순간, 반려동물과의 첫 인사",170,"비가 추적추적 내리던 어느 날, 보호소를 방문했을 때 작은 흰색 강아지가 조용히 구석에 앉아 저를 바라보고 있었어요. 다른 강아지들은 뛰어다니며 짖었지만, 그 아이만은 시선을 피하지 않고 조용히 꼬리를 흔들더라고요. 손을 내밀었더니 머뭇거리다 제 손에 코를 가져다 대고, 살짝 핥으며 인사를 했습니다. 그 순간 마음이 이상하게 따뜻해져서 바로 입양을 결심했죠.",보호소에서 제가 처음 만난 강아지가 저에게 어떤 행동을 했나요?,잘 모르겠음,활발하게 뛰어다녔다,조용히 꼬리를 흔들며 다가왔다,크게 짖으며 달려왔다,조용히 꼬리를 흔들며 다가왔다,3,153
유기동물 입양 이야기,"첫 만남의 순간, 반려동물과의 첫 인사",170,"며칠 전 보호소에 방문했을 때, 처음 만난 강아지가 기억에 남는다. 문을 열고 들어서자 작은 갈색 강아지가 조심스럽게 다가와 내 손등을 살짝 핥았다. 겁이 많은 성격이라고 들었는데, 내 손에서 천천히 냄새를 맡으며 꼬리를 살랑살랑 흔드는 모습이 무척 귀여웠다. 그 순간 나도 모르게 미소가 지어졌고, 자연스럽게 그 아이와 눈을 맞추게 되었다. 어색함도 잠시, 조용히 앉아 강아지 옆에 있으니 금세 경계심이 풀린 듯 내 무릎에 얼굴을 기대는 모습에 마음이 따뜻해졌다.",처음 만난 강아지는 나와 인사할 때 어떤 행동을 보였나요?,잘 모르겠음,내 무릎 위로 뛰어올랐다.,내 손등을 살짝 핥았다.,즉시 짖으며 달려들었다.,내 손등을 살짝 핥았다.,3,194
유기동물 입양 이야기,"첫 만남의 순간, 반려동물과의 첫 인사",170,"평소와 다르게 일찍 귀가하던 날, 보호소에서 데려온 강아지와 처음 마주했다. 문을 열자 낯선 환경에 긴장한 듯 조용히 내 눈치를 살피던 모습이 아직도 선하다. 조심스럽게 손을 내밀자, 강아지는 한참을 망설이다가 내 손끝을 살짝 냄새 맡고는 꼬리를 아주 천천히 흔들기 시작했다. 그때 따뜻한 온기가 전해지면서, 내가 앞으로 이 친구의 가족이 될 수 있겠다는 실감이 들었다.",강아지가 처음 필자와 인사했을 때 보인 행동은 무엇이었나요?,잘 모르겠음,바로 달려와 안겼다,한참 망설이다 손끝을 냄새 맡았다,짖으며 뒷걸음질쳤다,한참 망설이다 손끝을 냄새 맡았다,3,155
음식,밤샘 공부 후 만든 간식 이야기,170,"며칠 전 시험 준비 때문에 밤을 꼬박 새우게 되었는데, 새벽 3시쯤 갑자기 배가 고파져서 부엌에 내려갔다. 냉장고를 열어보니 달걀과 식빵, 그리고 어릴 때 엄마가 만들어주셨던 사과잼이 남아 있었다. 그래서 계란을 풀어 프라이팬에 구운 뒤, 식빵 위에 올리고 그 위에 사과잼을 얹어 간단한 오픈 샌드위치를 만들었다. 피곤했지만 달콤하면서도 고소한 맛 덕분에 잠시나마 힘이 났던 기억이 난다.",내가 새벽에 간식으로 만든 음식에 사용하지 않은 재료는 무엇인가요?,잘 모르겠음,달걀,식빵,치즈,치즈,4,163
음식,밤샘 공부 후 만든 간식 이야기,170,"며칠 전 시험 준비 때문에 늦게까지 공부하다가 갑자기 출출해져서 냉장고를 열어봤다. 집에 남아 있는 재료를 뒤져보니 식빵이랑 계란, 그리고 치즈가 있어서 간단하게 계란 샌드위치를 만들어 먹었다. 전자레인지에 데운 샌드위치가 생각보다 맛있어서 잠깐 기분이 좋아졌다. 그 덕분에 다시 힘내서 공부를 계속할 수 있었다.",발화자는 밤샘 공부 중 어떤 간식을 만들어 먹었나요?,잘 모르겠음,라면,계란 샌드위치,떡볶이,계란 샌드위치,3,134
음식,밤샘 공부 후 만든 간식 이야기,170,"며칠 전 시험 준비 때문에 밤새도록 공부하느라 속이 허했는데, 집에 있던 식빵과 달걀, 치즈를 이용해서 간단한 토스트를 만들어 먹었다. 프라이팬에 버터를 녹여 식빵을 바삭하게 구운 다음, 달걀 프라이와 치즈 한 장을 올려 샌드위치처럼 접었다. 생각보다 든든하고 고소해서 금세 기운이 났고, 덕분에 남은 공부도 힘내서 마칠 수 있었다.",내가 밤샘 공부 후 만들어 먹은 간식은 무엇이었나요?,잘 모르겠음,컵라면,토스트,과일 샐러드,토스트,3,140
음식,밤샘 공부 후 만든 간식 이야기,170,"도서관에서 밤새 과제를 하다가 너무 배가 고파서 집에 돌아오자마자 부엌으로 달려갔다. 냉장고를 뒤져보니 계란과 치즈, 남은 밥이 있어서 간단하게 볶음밥을 만들어 먹기로 했다. 프라이팬에 버터를 살짝 녹이고, 밥과 계란, 치즈를 넣어 볶으니 고소한 냄새가 퍼졌다. 마지막에 후추를 뿌려 마무리하니 허기진 몸에 딱 맞는 든든한 간식이 되었다.",내가 밤샘 공부 후 만들어 먹은 간식의 마지막 마무리로 넣은 재료는 무엇인가요?,잘 모르겠음,소금,후추,케첩,후추,3,144
음식,삼겹살 파티에서의 요리 대결,170,"며칠 전 친구들과 삼겹살 파티를 하기로 했는데, 갑자기 누가 가장 맛있게 삼겹살을 구울 수 있는지 대결을 해보자는 이야기가 나왔어요. 저는 평소에 고기를 자주 굽는 편이 아니라 약간 긴장했지만, 고기 위에 양파와 마늘을 함께 올려 굽는 저만의 방식을 시도해봤죠. 다 구워진 삼겹살을 깻잎에 올리고 고추장과 마늘을 곁들여 내놓으니, 친구들이 맛있다고 많이 먹어줘서 정말 뿌듯했답니다.",화자가 삼겹살을 구울 때 함께 올려 구운 재료는 무엇인가요?,잘 모르겠음,양파와 마늘,고추와 상추,버섯과 파프리카,양파와 마늘,2,161
음식,삼겹살 파티에서의 요리 대결,170,"며칠 전 친구들끼리 삼겹살 파티를 하기로 했는데, 갑자기 즉석에서 누가 더 맛있게 구울 수 있는지 요리 대결을 하자고 분위기가 달아올랐어. 나는 삼겹살에 소금만 뿌리고 얇게 썬 양파와 함께 구워서 담백함을 살렸고, 친구 민수는 마늘과 된장 소스를 곁들여 강한 맛을 냈지. 다들 내 쪽이 고기의 육즙이 살아있다고 했지만, 민수의 소스도 인기가 많았어. 결국 마지막 한 점은 서로 먹으려고 젓가락 싸움까지 벌어졌는데, 그 덕에 오랜만에 많이 웃을 수 있었던 하루였어.",삼겹살 파티에서 친구 민수가 고기와 함께 사용한 재료는 무엇이었나요?,잘 모르겠음,얇게 썬 양파,마늘과 된장 소스,김치와 참기름,마늘과 된장 소스,3,192
음식,삼겹살 파티에서의 요리 대결,170,"친구들과 삼겹살 파티를 하기로 해서 각자 요리 실력을 뽐내기로 했다. 나는 삼겹살을 바삭하게 굽고 직접 만든 파채 양념을 곁들여 내놓았다. 민수는 마늘과 버섯을 곁들여 구웠고, 지현이는 삼겹살 쌈밥을 만들었다. 모두 각자의 방식대로 요리해서 한 상 가득 차려 놓으니 보기만 해도 군침이 돌았다. 서로의 요리를 맛보며 어떤 게 제일 맛있었는지 투표도 했다. 결과적으로 내가 만든 파채 삼겹살이 가장 많은 표를 받아 은근히 뿌듯했다.",발화에서 가장 많은 표를 받은 삼겹살 요리는 무엇이었나요?,잘 모르겠음,마늘과 버섯을 곁들인 삼겹살,삼겹살 쌈밥,파채를 곁들인 바삭한 삼겹살,파채를 곁들인 바삭한 삼겹살,4,179
음식,삼겹살 파티에서의 요리 대결,170,"며칠 전 친구들과 삼겹살 파티를 하기로 했는데, 각자 자신만의 특별한 삼겹살 요리법을 선보이자는 제안이 나왔다. 나는 고기를 구운 후 간장, 꿀, 다진 마늘로 만든 소스를 발라 한 번 더 구웠고, 친구 미진이는 고기를 상추 대신 깻잎에 싸서 직접 만든 매운 쌈장을 얹어 내놓았다. 마지막으로 주현이는 삼겹살을 김치와 함께 볶아서 볶음밥처럼 만들었는데, 모두가 예상외로 볶음밥에 반했다.",삼겹살 파티에서 주현이가 만든 요리는 무엇이었나요?,잘 모르겠음,깻잎에 싸먹는 삼겹살,"간장, 꿀, 마늘 소스 삼겹살",삼겹살 김치볶음밥,삼겹살 김치볶음밥,4,161
음식,엄마의 비밀 레시피 따라하기,170,"며칠 전 엄마가 해주던 고등어조림이 너무 생각나서 직접 만들어 보기로 했다. 엄마가 몰래 적어준 레시피를 꺼내서 양파와 무를 두껍게 썰고, 고등어에 칼집을 내고 양념장을 만들었다. 양념장엔 고추장 대신 된장을 조금 넣는 게 엄마만의 비법이었는데, 그 덕분에 조림 국물이 훨씬 깊은 맛이 난다. 조릴 때 무가 바닥에 깔려야 고등어가 눌어붙지 않는다는 것도 이번에 처음 알았다. 완성된 고등어조림을 먹으니 비슷한 맛이 났지만, 아직 엄마 손맛을 따라가긴 어려운 것 같다.",엄마가 알려준 고등어조림의 비법 양념은 무엇이었는가?,잘 모르겠음,고추장 대신 된장을 조금 넣는 것,설탕을 많이 넣는 것,식초를 넣는 것,고추장 대신 된장을 조금 넣는 것,2,195
음식,엄마의 비밀 레시피 따라하기,170,"며칠 전 가족 모임에서 엄마가 직접 만든 닭볶음탕을 먹었는데, 그 맛이 너무 좋아서 엄마에게 비밀 레시피를 물어봤다. 다음 날, 엄마가 알려준 대로 당근과 감자를 큼직하게 썰고, 고춧가루와 간장 비율을 맞추는 데 집중했다. 평소엔 잘 안 쓰던 생강즙도 넣으니 확실히 감칠맛이 더해졌다. 마지막에 대파를 듬뿍 올리고 뚜껑을 덮은 채 5분간 더 끓였더니 엄마가 해준 것과 거의 비슷한 맛이 나서 신기했다.",발화자가 닭볶음탕을 만들 때 평소에는 잘 사용하지 않았던 재료는 무엇이었나요?,잘 모르겠음,감자,생강즙,대파,생강즙,3,166
음식,엄마의 비밀 레시피 따라하기,170,"며칠 전, 엄마가 예전부터 가족 모임 때마다 해주시던 잡채를 처음부터 끝까지 혼자 만들어봤다. 엄마는 항상 당면을 물에 오래 불리고, 채소를 하나하나 따로 볶으셨는데, 나는 귀찮아서 모든 채소를 한 번에 볶았다. 결과적으로 면이 약간 퍼지고 채소 식감도 달랐지만, 엄마처럼 참기름을 마지막에 듬뿍 넣으니 그제야 익숙한 냄새가 났다. 가족들은 엄마 버전이 더 낫다고 했지만, 그래도 내 시도에 다들 박수를 쳐줘서 뿌듯했다.",내가 엄마의 잡채 레시피를 따라하며 엄마와 다르게 했던 점은 무엇인가?,잘 모르겠음,모든 재료에 설탕을 넣었다,채소를 한 번에 볶았다,당면을 아예 사용하지 않았다,채소를 한 번에 볶았다,3,177
음식,엄마의 비밀 레시피 따라하기,170,"주방에 혼자 서서 엄마가 만들어주시던 된장찌개를 처음으로 따라해봤다. 재료는 평소와 비슷했지만 엄마가 마지막에 꼭 넣으시던 사과즙을 기억해냈다. 약간의 단맛이 돌게 해주는 비밀 재료였는데, 덕분에 국물이 훨씬 부드럽고 풍미가 살아났다. 엄마처럼 완벽하진 않았지만, 직접 만든 음식에서 익숙한 맛이 느껴져 신기했다.",발화자가 엄마의 된장찌개에서 기억해내어 사용한 비밀 재료는 무엇인가요?,잘 모르겠음,사과즙,마늘즙,고추장,사과즙,2,137
음식,초보자의 김밥 롤링,170,"평소 김밥을 사 먹기만 하다가 직접 만들어보고 싶어서 집에서 재료를 준비했다. 밥에 소금과 참기름을 섞고 김 위에 얇게 펴는 것까지는 괜찮았지만, 단무지와 오이를 가지런히 올리는 게 생각보다 어렵더라. 재료들이 한쪽으로 몰려서 롤링할 때 자꾸 삐뚤어졌다. 모양이 예쁘지는 않았지만, 직접 만든 김밥을 먹으니 뿌듯했다. 다음에는 속재료를 조금만 넣고 더 단단하게 말아보려고 한다.",김밥을 만들면서 발화자가 가장 어려움을 느낀 부분은 무엇이었나요?,잘 모르겠음,밥에 소금과 참기름을 섞는 것,재료를 가지런히 올리는 것,김밥을 먹는 것,재료를 가지런히 올리는 것,3,161
음식,초보자의 김밥 롤링,170,"김밥을 처음 만들던 날이 아직도 기억난다. 엄마가 옆에서 재료 손질을 도와주셨지만, 밥을 김 위에 골고루 펴는 것부터가 쉽지 않았다. 단무지를 넣고 당근, 오이, 햄까지 올린 뒤, 김발로 돌돌 말려고 했는데 힘 조절이 잘 안 돼서 재료가 옆으로 삐져나왔다. 결국 세 번째 시도에서야 모양이 나왔고, 모양이 완벽하진 않았지만 가족들이 맛있게 먹어줘서 뿌듯했다.","처음 김밥을 말 때, 발화자가 가장 어려워했던 부분은 무엇이었나요?",잘 모르겠음,밥을 김 위에 펴는 것,재료를 고르는 것,김밥을 써는 것,밥을 김 위에 펴는 것,2,150
음식,초보자의 김밥 롤링,170,"지난 주말, 친구가 김밥을 직접 만들어 먹자고 해서 처음으로 김밥 롤링에 도전했다. 밥에 소금과 참기름을 살짝 넣어 비비고, 당근과 오이를 얇게 썬 뒤 계란지단과 함께 준비했다. 김 위에 밥을 펼칠 때 너무 두껍게 깔아서 롤링할 때 내용물이 자꾸 흘러나왔다. 결국 세 번째 시도에서야 속 재료의 양을 줄이고 밥을 얇게 펴니까 그제야 모양이 그럴듯하게 나왔다. 친구가 웃으면서 '이제야 김밥 같네!'라고 말해 민망하면서도 뿌듯했다.",처음 김밥을 말 때 발화자가 겪었던 문제는 무엇이었나요?,잘 모르겠음,밥이 너무 질어서,속재료가 너무 많아서 내용물이 흘러나와서,김이 찢어져서,속재료가 너무 많아서 내용물이 흘러나와서,3,179
음식,초보자의 김밥 롤링,170,"며칠 전 친구와 김밥을 직접 만들어보기로 했는데, 밥을 김 위에 고르게 펴는 게 생각보다 어려웠다. 재료를 너무 많이 넣어서 김이 터질 뻔했고, 단무지와 오이를 나란히 놓는 것도 손이 서툴러서 휘청거렸다. 결국 첫 번째 김밥은 모양이 이상하게 나왔지만, 두 번째부터는 밥의 양을 줄이고 재료 간격을 신경 썼더니 조금 나아졌다. 친구가 마지막에 참기름을 바르자 향이 훨씬 좋아져서 뿌듯했다.",처음 만든 김밥이 모양이 이상해진 주된 이유는 무엇이었나요?,잘 모르겠음,밥을 너무 얇게 펴서,재료를 너무 많이 넣어서,김이 아닌 다른 재료를 사용해서,재료를 너무 많이 넣어서,3,162
음식,홈메이드 피자 만들기 실패담,170,"며칠 전 집에서 피자를 만들어보려고 친구와 함께 재료를 사 와서 도우를 반죽했는데, 발효가 잘 안 된 건지 도우가 전혀 부풀지 않았다. 그걸 억지로 밀대로 펴서 토마토 소스와 치즈, 각종 토핑을 올려 구웠는데, 오븐에서 꺼내보니 빵은 딱딱하고 치즈는 한쪽에만 몰려 있었다. 맛도 이상해서 친구랑 둘이 웃으며 결국 피자는 한 조각만 먹고 남겼다. 다음엔 발효 시간을 더 신경 써야겠다고 다짐했다.",발화에서 피자 도우가 잘 되지 않은 이유로 언급된 것은 무엇인가요?,잘 모르겠음,재료를 잘못 골라서,오븐 온도가 낮아서,발효가 잘 안 되어서,발효가 잘 안 되어서,4,163
음식,홈메이드 피자 만들기 실패담,170,"갑자기 피자가 먹고 싶어서 집에 있는 재료들로 직접 만들어 보기로 했어. 밀가루 반죽이 생각보다 끈적거려서 손에 다 달라붙었고, 토마토소스를 너무 많이 발라서인지 구워진 뒤에도 반죽이 익지 않고 축축하게 남았어. 오븐에서 꺼내니 치즈는 너무 녹아서 흘러내리고, 도우는 바삭하지 않고 질척거렸어. 그래도 내가 만든 피자라서 끝까지 먹으려고 했는데, 기대와 달리 맛이 밍밍해서 결국 반 정도 남기고 말았지.",내가 홈메이드 피자를 만들 때 겪은 문제로 언급되지 않은 것은 무엇인가요?,잘 모르겠음,치즈가 너무 적게 올라간 것,반죽이 손에 달라붙은 것,토마토소스를 너무 많이 바른 것,치즈가 너무 적게 올라간 것,2,171
음식,홈메이드 피자 만들기 실패담,170,"친구들이 놀러 오기로 해서 직접 반죽부터 시작해 홈메이드 피자를 만들었는데, 반죽을 너무 오래 숙성시키는 바람에 질척거려서 도우가 잘 펴지지 않았다. 게다가 치즈를 올릴 때 너무 급하게 많은 양을 한 번에 쏟아부어버려 구울 때 치즈가 피자 밖으로 흘러넘치고 바닥에 눌러붙어버렸다. 결국 모양은 엉망이었지만, 다 같이 웃으며 실패한 피자를 나눠 먹었다.",피자를 만들 때 어떤 실수 때문에 치즈가 바닥에 눌러붙었나요?,잘 모르겠음,치즈를 너무 적게 넣어서,치즈를 한 번에 많이 부어서,반죽을 너무 얇게 펴서,치즈를 한 번에 많이 부어서,3,148
음식,홈메이드 피자 만들기 실패담,170,"며칠 전 피자를 직접 만들어보겠다고 마음먹고 시장에서 신선한 재료를 잔뜩 사왔다. 반죽을 너무 오래 치대는 바람에 손이 아플 정도였는데, 정작 오븐에 넣었더니 빵이 제대로 부풀지 않았다. 토마토소스도 너무 많이 발라서인지 치즈가 잘 녹지 않고 재료들이 한쪽으로 쏠려 모양도 엉망이었다. 그래도 직접 만든 피자라며 가족이 한 조각씩 먹어줬는데, 바삭함보다는 딱딱하고 짠맛이 강해 다들 물을 많이 찾았다. 다음에는 레시피를 좀 더 꼼꼼히 따라야겠다고 다짐했다.",피자 만들기 과정에서 치즈가 잘 녹지 않은 원인으로 언급된 것은 무엇인가요?,잘 모르겠음,반죽을 덜 치댐,토마토소스를 너무 많이 발랐음,오븐 온도가 낮았음,토마토소스를 너무 많이 발랐음,3,194
음식,"과거에 매우 좋아했던 음식, 현재의 감정",170,"초등학교 3학년 때 동네 분식집에서 파는 떡볶이를 정말 좋아했다. 방과 후 친구들과 자주 모여서 매운 떡볶이와 달콤한 튀김을 먹으며 수다를 떨었던 기억이 아직도 선명하다. 그런데 시간이 지나면서 매운 음식을 잘 먹지 못하게 되었고, 어느 순간부터는 떡볶이보다 자극적이지 않은 음식을 더 선호하게 되었다. 가끔 예전처럼 떡볶이를 먹어보려고 해도 예전만큼 큰 기대감이나 즐거움이 느껴지지 않아 아쉬운 마음이 든다.",발화자가 떡볶이에 대해 느끼는 현재의 감정으로 알맞은 것은 무엇인가요?,잘 모르겠음,예전보다 더 좋아하게 됐다.,예전만큼 기대감이나 즐거움이 없다.,매운 떡볶이를 지금도 아주 잘 먹는다.,예전만큼 기대감이나 즐거움이 없다.,3,174
음식,"과거에 매우 좋아했던 음식, 현재의 감정",170,몇 년 전만 해도 치즈케이크를 정말 좋아해서 친구들과 만날 때마다 꼭 한 조각씩 사 먹곤 했다. 그 달콤하고 부드러운 식감이 스트레스를 잊게 해줬던 기억이 난다. 그런데 최근에는 예전만큼 치즈케이크를 찾지 않게 됐다. 예전과 달리 단 음식보다는 담백한 맛을 선호하게 된 것 같다. 치즈케이크를 마주쳐도 옛날처럼 설레는 느낌이 들지 않아 약간은 아쉽기도 하다.,발화자가 최근에는 어떤 음식을 더 선호하게 되었나요?,잘 모르겠음,매운 음식,담백한 음식,짠 음식,담백한 음식,3,149
음식,"과거에 매우 좋아했던 음식, 현재의 감정",170,"며칠 전 친구와 이야기를 나누다가 문득 떠오른 음식이 있다. 예전에는 치즈떡볶이를 정말 좋아해서 일주일에 두세 번씩 꼭 사 먹곤 했다. 혼자 먹는 날이면 국물까지 남기지 않고 다 먹고, 매운맛에 땀을 흘리면서도 행복했다. 그런데 언젠가부터 너무 자주 먹어서인지 이제는 그 강렬한 맛이 부담스럽게 느껴진다. 친구가 떡볶이 먹으러 가자고 해도 옛날처럼 설레지 않고, 오히려 다른 메뉴를 먼저 떠올리는 나 자신이 신기하다.",발화자의 치즈떡볶이에 대한 현재 감정은 무엇인가요?,잘 모르겠음,예전보다 더 좋아한다,이전과 비슷하게 좋아한다,이전보다 부담스럽게 느낀다,이전보다 부담스럽게 느낀다,4,175
음식,"과거에 매우 좋아했던 음식, 현재의 감정",170,"몇 년 전까지만 해도 매운 떡볶이가 정말 좋아서 친구들과 자주 분식집에 가곤 했다. 특히 분식집 앞에서 매운 떡볶이 한 접시를 시키고, 달콤한 순대랑 튀김을 곁들여 먹던 시간이 아직도 생생하게 기억난다. 그런데 요즘은 매운 음식을 먹으면 속이 쉽게 아파져서 예전만큼 자주 먹지는 못한다. 간혹 친구들이 떡볶이 먹으러 가자고 해도 마음이 망설여진다. 예전만큼 떡볶이에 설레는 마음이 들지 않아 아쉬운 기분이다.",화자가 과거에 떡볶이를 먹을 때 주로 함께 곁들여 먹었던 음식이 아닌 것은 무엇인가?,잘 모르겠음,순대,튀김,김밥,김밥,4,171
음식,음식에 대한 특별한 추억,170,"친구들과 함께 떠난 첫 캠핑에서 모두가 각자 집에서 가져온 재료로 요리를 만들어 나눠 먹기로 했었다. 나는 할머니가 예전에 자주 해주셨던 감자전을 만들어보기로 했는데, 감자 껍질을 벗기다가 손을 살짝 베이고 말았다. 그래도 친구들이 옆에서 도와줘서 무사히 감자전을 완성할 수 있었고, 밖에서 먹으니 평소보다 더 맛있게 느껴졌다. 친구들도 감자전이 고소하다고 칭찬해줘서 기분이 정말 좋았고, 그날의 추억이 오래도록 남았다.",내가 캠핑에서 친구들과 나누어 먹은 음식은 무엇이었나요?,잘 모르겠음,김치찌개,감자전,불고기,감자전,3,180
음식,음식에 대한 특별한 추억,170,"초등학교 4학년 때 처음으로 엄마와 단둘이 여행을 갔던 제주도에서 먹었던 갈치조림이 아직도 잊히지 않는다. 그날은 비가 많이 왔고, 작은 식당 안에서 뜨거운 밥과 매콤한 갈치조림을 먹으며 엄마와 이런저런 이야기를 나눴다. 평소엔 잘 먹지 않던 생선이 그날따라 유난히 맛있게 느껴졌고, 식당 주인 아주머니가 직접 만든 귤청도 서비스로 주셔서 특별한 추억이 더해졌다.",발화자가 제주도 여행에서 엄마와 특별하게 먹었던 음식은 무엇이었나요?,잘 모르겠음,고등어구이,갈치조림,제주 흑돼지,갈치조림,3,154
음식,음식에 대한 특별한 추억,170,"며칠 전에 친구들과 오래된 분식집에 갔는데, 그곳에서 먹었던 떡볶이가 아직도 기억에 남아요. 어릴 때 엄마 손을 잡고 처음 갔던 곳이라 익숙한 냄새와 붉은 소스가 그 시절로 저를 데려다줬어요. 친구들도 모두 그 시절 이야기를 꺼내며 웃었고, 저는 떡볶이 한 입에 예전 추억이 퍼지는 느낌을 받았답니다.",화자는 떡볶이를 먹으면서 어떤 감정을 느꼈나요?,잘 모르겠음,예전 추억이 떠오르는 감정,매운맛에 깜짝 놀란 감정,새로운 음식에 대한 호기심,예전 추억이 떠오르는 감정,2,125
음식,음식에 대한 특별한 추억,170,"초등학교 때 친구들과 소풍을 갔던 기억이 아직도 생생하다. 그날 도시락 반찬으로 엄마가 정성스럽게 싸주신 김치전이 있었는데, 평소엔 잘 먹지 않던 친구들까지 맛있다며 서로 한 조각이라도 더 먹으려고 손을 내밀었다. 결국 내 도시락은 순식간에 비워졌고, 나는 친구들의 웃음소리와 함께 뿌듯함을 느꼈다. 그 후로 김치전 냄새만 맡아도 그날의 따뜻한 분위기와 친구들의 얼굴이 떠오른다.",도시락에 들어있던 음식 중 친구들이 특히 좋아했던 것은 무엇이었나요?,잘 모르겠음,불고기,김치전,계란말이,김치전,3,162
음식,직접 만든 요리를 처음으로 소개해주는 순간,170,며칠 전 친구가 저녁에 집에 온다고 해서 특별히 직접 라자냐를 만들어 보았어요. 평소에는 주로 한식만 하다가 이탈리아 요리는 처음이라 레시피를 여러 번 읽고 재료도 꼼꼼히 준비했죠. 오븐에 굽는 동안 치즈가 노릇하게 익는 모습을 보며 괜히 설레기도 했어요. 친구가 한입 먹고 고소하다고 칭찬해줘서 뿌듯함이 가득했답니다. 조금 짠 듯했지만 직접 만든 첫 라자냐를 이렇게 소개할 수 있어서 기억에 남는 저녁이었어요.,발화자의 친구가 집에 방문했을 때 발화자가 처음으로 직접 만들어 소개한 요리는 무엇이었나요?,잘 모르겠음,불고기,라자냐,파스타,라자냐,3,173
음식,직접 만든 요리를 처음으로 소개해주는 순간,170,"며칠 전, 오랜만에 친구를 집에 초대해서 내가 직접 만든 파스타를 처음으로 소개했다. 면을 삶고 소스를 만들면서 내심 걱정이 많았지만, 친구가 들어오자마자 식탁에 앉아 기대에 찬 눈으로 내 요리를 바라보는 모습에 긴장이 풀렸다. 한 입 맛본 친구가 생각보다 훨씬 맛있다며, 소스가 특히 깊은 맛이 난다고 칭찬해줬다. 그 순간 뿌듯함이 밀려와, 앞으로도 새로운 요리에 도전해보고 싶다는 자신감이 생겼다.",친구가 내가 만든 파스타를 맛본 후 특히 칭찬한 부분은 어디였나요?,잘 모르겠음,면의 식감,소스의 깊은 맛,재료의 신선함,소스의 깊은 맛,3,169
음식,직접 만든 요리를 처음으로 소개해주는 순간,170,"며칠 전, 친구들이 집에 놀러 온다는 소식을 듣고 처음으로 직접 닭갈비를 만들어 보았다. 양념을 재는 게 생각보다 어려워서 레시피를 여러 번 확인하며 신중하게 준비했다. 고기와 채소를 볶을 때 냄새가 집안에 퍼지니 괜히 뿌듯했다. 다 완성된 후 친구들에게 내 요리를 처음으로 소개하니 긴장이 됐지만, 친구들이 매콤하니 맛있다고 칭찬해줘서 정말 기뻤다.",처음으로 친구들에게 소개한 요리를 만들 때 가장 신경 쓴 부분은 무엇이었나요?,잘 모르겠음,재료 손질,양념 비율 맞추기,불 조절,양념 비율 맞추기,3,148
음식,직접 만든 요리를 처음으로 소개해주는 순간,170,"며칠 전 친구가 저희 집에 놀러 온다고 해서 직접 만든 카레를 처음으로 선보이기로 했어요. 평소 요리에는 자신이 없었지만, 이번에는 특별히 재료 손질부터 양념까지 신경 써서 준비했죠. 양파를 오래 볶아 단맛을 내고, 감자와 당근도 적당한 크기로 썰었어요. 친구가 식탁에 앉자마자 카레 향을 맡고 기대에 찬 표정을 지었고, 첫 입을 먹은 뒤엔 감탄하며 집에서도 해보고 싶다고 했답니다. 그 순간 제가 만든 음식을 누군가 맛있게 먹어주는 기쁨을 처음 느꼈어요.",발화자가 친구를 위해 직접 만든 요리는 무엇이었나요?,잘 모르겠음,스파게티,카레,된장찌개,스파게티,2,190
음식,최악의 고기집 경험,170,"친구들과 고기를 먹으러 간 날이 아직도 기억난다. 주문한 삼겹살이 한참이 지나도 나오지 않아 계속 기다렸고, 겨우 받은 고기는 한쪽만 익고 나머지는 거의 생고기였다. 직원에게 다시 구워달라고 요청했더니 불쾌한 표정을 지으며 가져갔고, 돌아온 고기에서는 탄 자국과 함께 기름이 거의 빠져나가 딱딱하게 변해 있었다. 친구들도 실망한 기색이 역력했고 결국 반도 못 먹고 자리를 옮겼다.","고기를 다시 구워달라고 요청했을 때, 직원의 반응은 어땠나요?",잘 모르겠음,기쁘게 도와줬다,불쾌한 표정을 지었다,아예 요청을 무시했다,불쾌한 표정을 지었다,3,161
음식,최악의 고기집 경험,170,"친구들과 고기집에 갔던 날이 아직도 기억난다. 평소 자주 가던 곳이 아니라 기대가 컸는데, 테이블에 앉자마자 불판에서 심한 탄내가 났다. 직원에게 불판 교체를 부탁했지만, 새로 가져온 불판도 깨끗하지 않았다. 고기를 구우니 기름이 제대로 빠지지 않아 계속 타고, 결국 고기 맛도 이상했다. 게다가 환풍기가 제대로 작동하지 않아 연기가 자꾸 눈에 들어가서 제대로 식사도 못했다. 결국 우리는 고기를 반쯤 남긴 채 자리를 나올 수밖에 없었고, 모두 불쾌한 기분으로 집에 돌아왔다.",이 발화에서 고기집을 이용한 사람들이 불쾌해했던 이유가 아닌 것은 무엇인가요?,잘 모르겠음,불판에서 심한 탄내가 났던 점,환풍기가 제대로 작동하지 않았던 점,음식이 너무 매워서 먹지 못했던 점,음식이 너무 매워서 먹지 못했던 점,4,200
음식,최악의 고기집 경험,170,"지난 주 친구들과 고기집에 갔을 때 정말 황당한 경험을 했다. 자리에 앉자마자 주문한 고기가 한참 지나도 나오지 않아 직원에게 두 번이나 물어봐야 했다. 겨우 나온 고기는 양이 적고 익히지도 않아 다시 구워달라고 부탁했다. 게다가 환기도 잘 안 되는지 연기가 자꾸 눈을 따갑게 만들었고, 마지막엔 계산이 잘못되어 한 번 더 정산까지 해야 했다. 이런 고기집은 다시 가고 싶지 않다.",화자가 고기집에서 겪은 문제로 언급되지 않은 것은 무엇인가요?,잘 모르겠음,고기가 너무 짰다,고기가 덜 익었다,연기가 심했다,고기가 너무 짰다,2,156
음식,최악의 고기집 경험,170,"몇 달 전 친구와 기대했던 고기집에 갔는데, 고기를 주문하고 한참을 기다려도 아무것도 나오지 않았어요. 직원에게 물어보니 주문이 누락됐다고 하더군요. 겨우 고기가 나왔지만 한쪽은 거의 탔고, 다른 쪽은 덜 익어서 당황했죠. 교환을 요청했더니 직원이 불친절하게 응대해서 기분까지 상했습니다. 결국 제대로 먹지도 못하고 그냥 나와버렸던 기억이 아직도 아쉽게 남아 있어요.",고기집에서 주문한 고기가 어떻게 나왔는지에 대한 설명으로 맞는 것은 무엇인가요?,잘 모르겠음,고기가 모두 잘 익어서 맛있게 먹었다.,고기의 한쪽은 탔고 다른 쪽은 덜 익었다.,고기가 나오지 않아서 그냥 나왔다.,고기의 한쪽은 탔고 다른 쪽은 덜 익었다.,3,158
음식,최악의 고기집 경험,170,"고기를 좋아해서 친구와 기대하며 새로 생긴 고기집에 갔는데, 주문한 삼겹살이 거의 타서 나왔어요. 직원에게 교환을 부탁했지만, 미안하다는 말 대신 원래 이런 거라며 그냥 먹으라고 하더군요. 결국 고기는 거의 먹지 못했고, 직원의 불친절에 기분만 상해서 금세 자리를 나왔어요. 이후로는 아무리 새로운 곳이라도 후기가 없는 고기집은 잘 가지 않게 되었답니다.",발화자가 고기집에서 불쾌했던 이유로 언급하지 않은 것은 무엇인가요?,잘 모르겠음,고기가 타서 나온 것,음식이 너무 늦게 나온 것,직원의 불친절한 태도,음식이 너무 늦게 나온 것,3,151
음식,특별한 이유로 먹게 된 음식과 그 맛,170,"며칠 전, 오랜만에 만난 고등학교 친구가 직접 만든 된장찌개를 먹으러 오라고 해서 그의 집에 들렀다. 친구가 어릴 적 할머니께 배운 방식으로 끓인 된장찌개라며 내게 자랑했는데, 평소에 먹던 맛보다 구수하고 깊은 맛이 나서 인상적이었다. 특히 감자와 애호박이 많이 들어가서 식감이 부드럽고, 고소한 맛이 오래 남았다. 친구와 오랜만에 추억을 나누면서 특별한 된장찌개를 맛본 그날이 기억에 오래 남을 것 같다.",친구가 끓여준 된장찌개가 평소와 달랐던 점은 무엇이었나요?,잘 모르겠음,국물이 매우 맑았다,감자와 애호박이 많이 들어가 식감이 부드러웠다,고추장이 들어가 매웠다,감자와 애호박이 많이 들어가 식감이 부드러웠다,3,171
음식,특별한 이유로 먹게 된 음식과 그 맛,170,"며칠 전 친구가 새로운 직장에 합격해서 축하해주기 위해 작은 파티를 열었어. 모두 각자 집에서 의미 있는 음식을 하나씩 가져오기로 했는데, 나는 어릴 적 외할머니께서 자주 해주시던 들깨 수제비를 만들어갔지. 오랜만에 만드는 거라 긴장했지만, 고소한 들깨 향과 쫄깃한 수제비가 생각보다 잘 어울려서 친구들도 맛있게 먹었어. 그날은 음식 덕분에 추억까지 함께 나눌 수 있었던 소중한 시간이었어.",발화자가 친구의 직장 합격 축하 파티에 가져간 음식은 무엇이었나요?,잘 모르겠음,김치전,들깨 수제비,잡채,들깨 수제비,3,165
음식,특별한 이유로 먹게 된 음식과 그 맛,170,"며칠 전 퇴근길에 갑자기 소나기가 쏟아져 근처 분식집에 잠시 피신하게 되었다. 비를 피해 들어간 김에 평소엔 잘 안 먹던 김치떡볶이를 주문했는데, 의외로 새콤하면서도 매콤한 맛이 비 오는 날 분위기와 잘 어울렸다. 창밖에서 들리는 빗소리를 들으며 따뜻한 떡볶이를 먹으니 평소보다 훨씬 더 맛있게 느껴졌다. 그날 이후 비가 오면 괜히 그 분식집 떡볶이가 생각날 것 같다.",발화자가 떡볶이를 먹게 된 특별한 이유는 무엇이었나요?,잘 모르겠음,분식집을 지나가다 우연히 들어가서,퇴근길 소나기를 피해 들어가서,친구와 약속이 있어서,퇴근길 소나기를 피해 들어가서,3,153
음식,특별한 이유로 먹게 된 음식과 그 맛,170,"지난달에 친구가 직접 만든 케이크를 선물해줬는데, 그날은 제가 취업에 합격한 날이었어요. 평소에는 단 음식을 잘 먹지 않지만, 친구가 제 취향을 고려해 쌉쌀한 녹차 크림을 넣었다고 하더라고요. 처음 한 입을 먹었을 때 쌉쌀함과 달콤함이 어우러져서, 축하받는 기분이 더 특별하게 느껴졌던 기억이 납니다.",발화자의 친구가 선물한 케이크에 들어간 크림의 맛은 어땠나요?,잘 모르겠음,바닐라 크림,딸기 크림,녹차 크림,녹차 크림,4,128
음식,다이어트와의 사투,170,"점심시간에 동료들이 치킨을 시켜 먹자는 제안을 했을 때, 평소라면 망설임 없이 함께했겠지만 오늘은 다이어트를 시작한 지 3일째라 꾹 참았어요. 대신 사무실 냉장고에 미리 준비해둔 닭가슴살 샐러드와 고구마를 꺼내 먹었죠. 치킨 냄새가 진동하는 가운데 샐러드를 씹으면서 속으로 수없이 흔들렸지만, 먹고 나니 오히려 뿌듯함이 느껴졌어요. 친구들이 놀리듯 유혹했지만 이번엔 절대 넘어가지 않겠다고 다짐했어요.",발화자가 점심시간에 먹은 음식은 무엇인가요?,잘 모르겠음,치킨과 감자튀김,닭가슴살 샐러드와 고구마,햄버거와 콜라,치킨과 감자튀김,2,174
음식,다이어트와의 사투,170,"며칠 전부터 친구와 함께 다이어트를 시작했는데, 평소에는 잘 참다가도 저녁이 되면 배가 고파져서 자꾸 간식 생각이 난다. 특히 어제는 집에 오자마자 냉장고에서 딸기잼이 듬뿍 발린 식빵이 눈에 들어와 유혹을 견디기 힘들었다. 결국 식빵 대신 사과 한 조각을 꺼내 먹으면서 물을 많이 마셨고, 친구에게 메시지로 서로를 응원하자고 다짐했다. 조금 아쉽긴 했지만 그래도 참아낸 내가 뿌듯했다.",화자는 저녁에 어떤 음식을 먹으려는 유혹을 받았지만 대신 무엇을 먹었나요?,잘 모르겠음,딸기잼 바른 식빵,바나나 두 개,사과 한 조각,사과 한 조각,4,162
음식,다이어트와의 사투,170,"친구가 갑자기 치킨을 시켜 집으로 찾아온 날이었다. 다이어트를 결심하고 일주일째 저녁을 샐러드로만 먹어온 터라, 고소한 냄새에 마음이 흔들렸다. 그래도 꿋꿋이 치킨 대신 방울토마토 몇 개만 집어 먹으며, 친구와는 맥주 없이 탄산수로 건배했다. 솔직히 치킨 한 조각만 먹어볼까 엄청 고민했지만, 내일 아침 체중계 위에서 웃고 싶어 결국 참아냈다. 친구는 대단하다며 나를 응원해줬다.",발화자의 친구가 집으로 찾아왔을 때 발화자가 선택한 저녁 식사는 무엇이었나요?,잘 모르겠음,치킨,방울토마토와 샐러드,피자,방울토마토와 샐러드,3,162
음식,다이어트와의 사투,170,"친구들과 점심을 먹으러 갔는데, 메뉴판에 평소 좋아하던 크림 파스타가 보였다. 다이어트를 결심한 지 일주일밖에 안 됐는데, 마음 한구석에서는 '오늘만 먹자'는 유혹이 계속 들었다. 결국 샐러드를 주문했지만, 친구들이 맛있게 먹는 모습을 보니 괜히 서운해졌다. 그래도 집에 돌아오는 길에 스스로를 칭찬하면서 다음에는 다이어트 식단에 새로운 메뉴를 추가해봐야겠다는 생각이 들었다.",발화자의 친구들이 점심에 먹은 음식은 무엇이었나요?,잘 모르겠음,샐러드,크림 파스타,스테이크,크림 파스타,3,164
음식,어머니의 손맛 그리움,170,"며칠 전 퇴근하고 집에 들어오니 갑자기 어머니가 해주셨던 된장찌개가 몹시 그리워졌다. 냉장고에 있는 재료로 흉내 내보려 했지만, 아무리 따라 해도 그 깊은 맛이 나오지 않았다. 콩나물과 애호박, 두부까지 넣었지만 뭔가 허전했다. 결국 그릇을 들고 한참 동안 어릴 적 부엌에 앉아 어머니를 지켜보던 기억을 떠올렸다. 직접 만든 찌개를 먹으면서, 어머니의 손맛이란 단순한 조리법이나 재료가 아니라, 함께한 시간과 마음에서 비롯된다는 걸 다시금 느꼈다.",발화자가 된장찌개를 만들 때 넣은 재료로 언급되지 않은 것은 무엇인가요?,잘 모르겠음,콩나물,애호박,감자,감자,4,190
음식,어머니의 손맛 그리움,170,"며칠 전 냉장고를 정리하다가 어머니가 예전에 직접 담가주셨던 고추장 한 병을 발견했다. 뚜껑을 여는 순간 어릴 적 집안 가득 퍼졌던 그 구수하고 진한 냄새가 떠올라 한참을 멍하니 서 있었다. 평소 밥맛이 없던 요즘, 고추장에 참기름 조금 넣어 비벼 먹으니 어머니의 손맛이 입안 가득 느껴져 괜스레 눈물이 났다. 혼자 사는 게 익숙해졌다고 생각했지만, 그 짭조름하고 달큰한 맛이 이렇게 그리울 줄은 몰랐다.",화자가 어머니의 손맛을 떠올리게 된 계기는 무엇이었나요?,잘 모르겠음,냉장고에서 고추장을 발견해서,친구 집에서 밥을 먹어서,시장에 장을 보러 가서,냉장고에서 고추장을 발견해서,2,167
음식,어머니의 손맛 그리움,170,"며칠 전 집 근처 작은 식당에서 김치찌개를 시켜 먹었는데, 국물이 얼큰하고 맛있었지만 어머니가 끓여주던 김치찌개와는 뭔가 다르다는 생각이 들었다. 어머니의 김치찌개는 항상 약간 달큰한 맛과 진한 감칠맛이 배어 있었고, 두부와 돼지고기가 넉넉히 들어가 있어서 국물을 떠먹을 때마다 익숙한 온기가 느껴졌다. 혼자 밥을 먹으면서 어릴 적 저녁 식탁에서 온 가족이 둘러앉아 웃으며 밥을 먹던 풍경이 떠올라 괜스레 마음이 먹먹해졌다.",발화자가 식당에서 먹은 김치찌개와 어머니의 김치찌개가 달랐던 점은 무엇이었나요?,잘 모르겠음,식당 김치찌개에는 두부가 없었다.,어머니 김치찌개는 달큰하고 감칠맛이 있었다.,어머니 김치찌개는 맵지 않았다.,어머니 김치찌개는 달큰하고 감칠맛이 있었다.,3,180
음식,어머니의 손맛 그리움,170,"친구들과 식당에서 된장찌개를 먹었는데, 맛은 괜찮았지만 자꾸 어릴 때 엄마가 해주던 된장찌개가 떠올랐다. 엄마는 항상 감자와 호박을 듬뿍 넣어서 구수한 맛을 냈다. 밖에서 아무리 맛있는 음식을 먹어도 그때 그 집안 가득 퍼지던 냄새와 엄마의 손맛을 따라갈 수 없는 것 같다. 집에 내려가면 꼭 엄마한테 된장찌개를 해달라고 부탁해야겠다는 생각이 들었다.",화자가 어머니의 된장찌개에서 특별하게 기억하는 재료는 무엇이었나요?,잘 모르겠음,고추와 양파,감자와 호박,두부와 버섯,감자와 호박,3,148
음식,외국 음식에 대한 도전,170,"친구와 함께 처음으로 태국 음식점을 방문했을 때가 기억난다. 매운 음식을 잘 못 먹는데, 친구가 추천한 팟타이와 똠얌꿍을 주문했다. 똠얌꿍을 한입 먹자마자 입안이 얼얼해졌지만, 새콤하고 향긋한 맛이 점점 익숙해졌다. 결국 매운맛에 적응해가며 팟타이의 고소함과 똠얌꿍의 시큼함을 즐길 수 있었고, 색다른 경험에 만족했다.",발화자가 태국 음식점에서 처음으로 먹어본 음식으로 언급된 것은 무엇인가요?,잘 모르겠음,스시와 라멘,팟타이와 똠얌꿍,피자와 파스타,스시와 라멘,2,138
음식,외국 음식에 대한 도전,170,"며칠 전 친구들과 함께 새로운 경험을 해보고 싶어서 동네에 새로 생긴 멕시코 음식점에 갔어요. 처음엔 타코나 나쵸처럼 익숙한 메뉴만 시킬까 했는데, 친구가 엔칠라다라는 요리를 적극 추천해서 용기 내어 주문해 봤죠. 매콤한 소스와 치즈가 듬뿍 올라가 있었고, 첫 입은 꽤 낯설었지만 곧 익숙해지는 맛이었어요. 조금 매워서 놀랐지만, 오히려 그 매운맛 덕분에 금세 반 이상을 먹어버렸죠. 평소에 시도해보지 않았던 맛이라 색다른 기분이 들었고, 다음엔 다른 외국 음식도 도전해보고 싶다는 생각이 들었어요.",발화자가 친구의 추천으로 도전해 본 외국 음식은 무엇이었나요?,잘 모르겠음,나쵸,엔칠라다,타코,엔칠라다,3,211
음식,외국 음식에 대한 도전,170,"며칠 전 친구들과 함께 새로운 경험을 해보자는 마음으로 동네에 새로 생긴 인도 음식점에 갔다. 메뉴판에 적힌 이름들이 익숙하지 않아 조금 망설였지만, 친구가 추천해준 매운 치킨 커리와 난을 주문했다. 매콤한 향신료 냄새가 코를 자극했고, 한 입 먹자마자 혀가 얼얼해졌지만 특유의 고소함이 뒤따라와 신기했다. 난을 커리에 찍어 먹으니 담백하면서도 풍부한 맛이 어우러져 생각보다 훨씬 맛있게 즐길 수 있었다. 덕분에 평소에는 잘 시도하지 않았던 외국 음식에도 용기를 내게 되었다.",화자는 인도 음식점에서 어떤 음식을 처음 시도했나요?,잘 모르겠음,매운 치킨 커리와 난,해산물 파스타와 피자,초밥과 우동,매운 치킨 커리와 난,2,201
음식,외국 음식에 대한 도전,170,"친구들과 여행 중에 현지 식당에서 처음으로 멕시코 전통 요리인 엔칠라다를 먹게 되었다. 평소 매운 음식을 잘 먹지 못해서 조금 걱정했지만, 매콤하면서도 치즈가 듬뿍 올라가 있어 의외로 맛있게 먹을 수 있었다. 친구 중 한 명은 고수를 싫어해서 고수는 빼달라고 따로 주문했다. 덕분에 서로의 입맛 차이에 대해 이야기하며 음식 경험을 나누는 시간이 되었다.",내가 여행 중 처음으로 먹은 외국 음식은 무엇이었나?,잘 모르겠음,엔칠라다,파스타,초밥,엔칠라다,2,147
음식,첫 외식 사업 실패 이야기,170,"몇 년 전 친구와 함께 작은 파스타 가게를 열었는데, 기대와 달리 손님이 잘 오지 않아 많이 힘들었던 기억이 난다. 메뉴 개발부터 인테리어까지 직접 준비했지만, 위치 선정이 좋지 않았고 홍보도 부족했던 게 가장 큰 원인이었던 것 같다. 특히 주말마다 직접 전단지를 돌렸지만 효과가 미미해 점점 지쳐갔다. 결국 6개월 만에 가게를 정리하면서 아쉬움과 함께 많은 것을 배웠다.",외식 사업 실패의 주요 원인 중 하나로 언급된 것은 무엇이었나요?,잘 모르겠음,메뉴 가격이 너무 비쌌음,위치 선정이 좋지 않았음,직원이 부족했음,위치 선정이 좋지 않았음,3,154
음식,첫 외식 사업 실패 이야기,170,"창업을 결심하고 작은 분식집을 열었던 날이 아직도 선명하다. 메뉴 선정부터 인테리어까지 직접 신경 썼지만, 예상보다 손님이 적어서 마음이 무거웠다. 특히 점심시간에 떡볶이 소스가 너무 맵다는 피드백을 여러 번 들었는데, 그때는 내 입맛만 고집했던 게 실수였던 것 같다. 결국 한 달 만에 가게를 정리하며, 다양한 입맛을 고려하는 게 얼마나 중요한지 깨달았다.",발화자의 분식집에서 손님들이 가장 많이 지적한 문제는 무엇이었나요?,잘 모르겠음,음식 양이 적었다,소스가 너무 맵다는 점,가격이 너무 비쌌다,소스가 너무 맵다는 점,3,151
음식,첫 외식 사업 실패 이야기,170,"몇 년 전, 친구와 함께 작은 파스타 가게를 열었는데, 생각보다 손님이 많지 않아 힘들었던 기억이 난다. 메뉴 개발에 신경을 썼지만, 위치 선정이 좋지 않았던 것 같다. 매일 아침 일찍 재료를 준비하고, 손님이 오길 기다렸지만 가게 앞이 한산했다. 결국 몇 달 만에 문을 닫으면서 아쉬움과 후회가 컸지만, 그 경험 덕분에 지금은 실패를 두려워하지 않게 되었다.",발화에서 가게가 잘 되지 않은 주된 이유로 언급된 것은 무엇인가요?,잘 모르겠음,메뉴가 너무 비쌌다,위치 선정이 좋지 않았다,직원이 부족했다,위치 선정이 좋지 않았다,3,148
음식,첫 외식 사업 실패 이야기,170,"처음 작은 돈을 모아 친구와 분식집을 열었을 때, 기대보다 손님이 오지 않아 속상했던 기억이 난다. 메뉴 개발에 신경 썼지만, 위치가 한적한 골목이었고, 홍보도 미흡했다. 결국 3개월 만에 문을 닫으면서 남은 떡볶이 재료를 이웃들에게 나눠줬는데, 그때야 많은 분들이 관심을 보여 안타까웠다.",발화자가 분식집을 운영할 때 메뉴 개발 외에 신경 쓰지 못한 부분은 무엇이었나요?,잘 모르겠음,인테리어,위치와 홍보,재료 신선도,위치와 홍보,3,123
음식,최애 음식에 대한 애정,170,"집 근처에 새로 생긴 작은 분식집에서 떡볶이를 처음 먹어본 날이 아직도 잊히지 않는다. 매콤하면서도 달콤한 소스에 쫄깃한 떡이 어우러져 한입 먹는 순간 기분이 좋아졌다. 친구와 나란히 앉아 웃으며 떡볶이를 나눠 먹던 그 분위기도 내 기억 속에 남아 있다. 그래서 요즘은 힘들거나 기분이 울적할 때면 자연스럽게 그 분식집에 가서 떡볶이를 주문하게 된다. 내겐 그 음식이 단순한 간식이 아니라, 소중한 추억과 위로가 되어주는 특별한 존재인 것 같다.",발화자가 힘들거나 기분이 울적할 때 주로 찾는 음식은 무엇인가요?,잘 모르겠음,김밥,떡볶이,라면,떡볶이,3,185
음식,최애 음식에 대한 애정,170,비 오는 날이면 왠지 모르게 엄마가 만들어주던 김치전이 생각난다. 노릇하게 구워진 전 위에 쏟아지는 김치 냄새와 바삭한 식감이 입안 가득 퍼졌던 그 순간이 아직도 생생하다. 가족 모두 식탁에 둘러앉아 도란도란 이야기를 나누며 김치전을 집어먹던 기억이 내겐 특별하다. 그래서 요즘도 날씨가 흐리거나 기분이 울적할 때면 혼자라도 김치전을 만들어 먹으며 그 시절의 따뜻함을 다시 느끼곤 한다.,비 오는 날 작성자가 가장 그리워하는 음식은 무엇인가요?,잘 모르겠음,비빔밥,김치전,떡볶이,김치전,3,163
음식,최애 음식에 대한 애정,170,"며칠 전 친구들과 점심을 먹으러 갔다가 평소에 자주 가던 분식집 대신 새로운 이탈리안 레스토랑에 가게 되었어. 메뉴를 고르던 중에 내가 정말 좋아하는 까르보나라가 있어서 망설임 없이 주문했지. 부드러운 크림 소스와 고소한 치즈, 쫄깃한 면발이 어우러진 그 맛에 한 입 먹자마자 기분이 좋아졌어. 평소에도 스트레스를 받을 때마다 까르보나라를 먹으며 위로를 받곤 해서, 그날도 한층 더 특별하게 느껴졌던 것 같아.",발화자가 친구들과 점심 식사 때 고른 음식은 무엇이었나요?,잘 모르겠음,마르게리타 피자,까르보나라,토마토 리조또,마르게리타 피자,2,172
음식,최애 음식에 대한 애정,170,"친구들과 오랜만에 만난 날, 평소 제일 좋아하는 떡볶이집에 들렀다. 매콤한 떡볶이에 치즈를 추가해서 먹으면 기분이 저절로 좋아진다. 어릴 적부터 엄마와 자주 사 먹었던 기억 때문인지, 늘 떡볶이를 먹을 때마다 그 시절이 떠오른다. 그래서 요즘 힘들거나 스트레스를 받을 때마다 일부러 그 집에 들러 떡볶이를 먹으며 잠시나마 추억에 잠기곤 한다.",화자가 떡볶이를 먹으면서 떠올리는 것은 무엇인가요?,잘 모르겠음,친구와의 여행,어릴 적 엄마와의 추억,학교 점심시간,어릴 적 엄마와의 추억,3,144
음악과의 일상,공연을 관람하고 난 뒤의 감회,170,"며칠 전 친구가 갑자기 공연 티켓이 한 장 남았다며 나를 초대해줘서 별다른 기대 없이 따라갔던 기억이 떠오른다. 무대 위에서 연주자들이 각자의 악기로 만들어내는 선율이 서로 어우러지는 모습을 가까이서 보고 있자니 나도 모르게 몰입하게 되었고, 마지막 곡이 끝난 뒤에는 자리에서 일어날 엄두조차 내지 못했다. 공연장이 조용해진 뒤에도 내 귀에는 여전히 음악이 맴돌았고, 평소에 느끼지 못했던 뭔가 큰 위로를 받은 것 같아 집으로 돌아가는 길이 한결 가벼웠다.",발화자가 공연을 관람한 후 집으로 돌아가는 길에 느낀 감정은 무엇이었는가?,잘 모르겠음,분노와 실망,한결 가벼운 마음,무관심과 지루함,한결 가벼운 마음,3,191
음악과의 일상,공연을 관람하고 난 뒤의 감회,170,"며칠 전, 친구와 함께 작은 재즈 공연을 보러 갔다. 연주자들이 무대 위에서 즉흥적으로 주고받는 소리에 완전히 빠져들었다. 특히 색소폰 연주자가 마지막 곡에서 선보인 긴 솔로 파트는 내 마음을 강하게 울렸다. 공연이 끝나고 나니 여운이 가시질 않아, 집에 돌아와서도 공연에서 들었던 곡들을 찾아 들으며 그날의 감동을 다시 떠올렸다.",공연에서 화자가 가장 인상 깊게 느꼈던 부분은 무엇이었나요?,잘 모르겠음,드럼 연주자의 빠른 손놀림,색소폰 연주자의 긴 솔로 파트,관객들의 뜨거운 환호,색소폰 연주자의 긴 솔로 파트,3,139
음악과의 일상,공연을 관람하고 난 뒤의 감회,170,"친구와 함께 작은 재즈 바에서 열린 공연을 관람했다. 무대와 관객 사이가 가까워서 연주자들의 표정과 손짓까지 세밀하게 느껴졌다. 특히 색소폰 솔로가 나올 때 숨을 멈추고 집중했던 순간이 아직도 생생하다. 연주가 끝나고 나서 멤버들과 짧게 이야기를 나누었는데, 직접 자신들의 음악에 대해 설명해주는 모습에 감동받았다. 평소보다 음악이 훨씬 더 가까워진 느낌이 들었고, 오랜만에 마음이 깊이 울리는 경험이었다.",공연이 끝난 후에 발화자가 연주자들과 나눈 대화에서 무엇을 인상적으로 느꼈나요?,잘 모르겠음,연주자들의 의상에 대해 칭찬한 점,연주자들이 자신들의 음악을 설명해준 점,연주자들과 사진을 찍은 점,연주자들이 자신들의 음악을 설명해준 점,3,174
음악과의 일상,공연을 관람하고 난 뒤의 감회,170,"며칠 전 친구와 함께 소규모 재즈 공연을 관람했다. 무대와 객석의 거리가 가까워서 연주자들의 숨소리와 악기 터치까지 또렷하게 느껴졌다. 공연이 끝난 뒤 잠시 자리에 앉아 있었다. 음악이 주는 여운이 진하게 남아서, 평소라면 바로 자리에서 일어났겠지만 이번에는 그 감동을 더 오래 곱씹고 싶었다. 그날 집으로 돌아가는 길, 공연장에서 들었던 마지막 곡의 멜로디가 계속 머릿속을 맴돌았다.",공연 관람 후 화자는 어떤 곡의 멜로디가 머릿속에 맴돌았다고 했나요?,잘 모르겠음,첫 곡,마지막 곡,중간 곡,마지막 곡,3,163
음악과의 일상,음악가로서의 꿈을 가진 이야기,170,"몇 년 전부터 피아니스트가 되고 싶다는 생각을 품고 매일 저녁마다 집 근처 연습실에서 피아노를 연습하고 있다. 처음엔 손가락이 잘 따라주지 않아 속상했지만, 요즘은 점점 익숙해져서 자신감이 생긴다. 나만의 감정을 담아 연주할 수 있을 때 정말 행복하다. 언젠가 큰 무대에서 내가 좋아하는 곡을 직접 연주해 관객들과 감동을 나누는 날이 오길 기대하며 오늘도 연습을 멈추지 않는다.",발화에서 화자가 피아노 연습을 주로 하는 시간대는 언제인가요?,잘 모르겠음,아침,점심,저녁,저녁,4,158
음악과의 일상,음악가로서의 꿈을 가진 이야기,170,"어린 시절부터 피아노 치는 걸 정말 좋아해서 학교 끝나면 바로 집에 와서 연습하곤 했다. 어느 날 우연히 교내 음악회에 참가하게 됐는데, 무대 위에서 연주할 때 손이 엄청 떨렸지만 관객들의 박수를 들으니 그동안의 노력들이 다 보상받는 느낌이었다. 그때부터 진지하게 음악가의 꿈을 키우기 시작했고, 매일 꾸준히 연습하며 언젠가 나만의 무대를 꾸미는 상상을 하곤 한다.",발화자가 음악가의 꿈을 진지하게 키우게 된 계기는 무엇이었나요?,잘 모르겠음,친구가 음악가라서,교내 음악회 참가 후 관객들의 박수를 받고서,부모님의 권유로,교내 음악회 참가 후 관객들의 박수를 받고서,3,153
음악과의 일상,음악가로서의 꿈을 가진 이야기,170,"며칠 전, 친구들과 밴드 연습을 하다가 처음으로 내가 직접 쓴 곡을 들려줬다. 처음엔 긴장됐지만, 연주가 끝난 뒤 멤버들이 진심으로 멋지다고 칭찬해줘서 감동이었다. 그 순간 음악가가 되고 싶다는 내 꿈이 단순한 상상이 아니라 실제로 조금씩 다가오고 있다는 기분이 들었다. 앞으로 더 많은 곡을 만들고 무대에 서는 날을 꿈꾸며 연습에 더욱 열중하기로 다짐했다.",밴드 연습 중 내가 처음으로 한 일은 무엇이었나요?,잘 모르겠음,기타를 처음 연주했다,내가 직접 쓴 곡을 들려줬다,노래를 처음 불렀다,내가 직접 쓴 곡을 들려줬다,3,150
음악과의 일상,음악가로서의 꿈을 가진 이야기,170,"친구들과 모여 작은 공연을 열었던 날이 아직도 생생하다. 무대에 오르기 전 심장이 두근거렸지만, 첫 음을 연주하자마자 관객들의 박수 소리가 나를 감쌌다. 그 순간만큼은 내가 진짜 음악가가 된 것 같아 감격스러웠다. 집에 돌아와 거울 앞에서 기타를 다시 잡아보며, 언젠가 더 큰 무대에서 노래하고 싶다는 꿈이 점점 선명해지는 것을 느꼈다.",공연이 끝난 뒤 집에 돌아와서 내가 했던 행동은 무엇이었나요?,잘 모르겠음,친구들과 다시 만났다,거울 앞에서 기타를 잡아보았다,음악을 전혀 듣지 않았다,거울 앞에서 기타를 잡아보았다,3,141
음악과의 일상,음악으로 스트레스를 해소하는 방법,170,"요즘 회사에서 일이 많아 스트레스를 많이 받았는데, 퇴근 후 집에 오면 항상 조용한 방에서 조명을 약하게 켜두고 이어폰을 끼고 좋아하는 재즈 음악을 듣는 시간을 갖는다. 음악을 들으면서 그날 있었던 힘든 일들을 잠시 잊고, 마음이 한결 가벼워지는 걸 느낀다. 특히 베이스와 피아노가 조화롭게 어우러지는 곡을 들으면 머릿속이 맑아지는 느낌이 든다. 이 시간을 통해 스트레스가 조금씩 풀리는 걸 경험한다.",화자는 스트레스를 해소하기 위해 어떤 음악 장르를 듣는다고 했나요?,잘 모르겠음,클래식,재즈,록,재즈,3,168
음악과의 일상,음악으로 스트레스를 해소하는 방법,170,"최근 스트레스를 많이 받았을 때 친구가 추천해준 재즈 음악을 들어봤다. 평소엔 팝이나 발라드만 듣던 내가 처음엔 익숙하지 않아 어색했지만, 저녁 산책을 하면서 이어폰으로 조용히 재즈 연주곡을 들으니 마음이 한결 가라앉는 느낌이었다. 이후로 스트레스가 심할 때마다 같은 방식으로 음악을 들으며 혼자 걷는 시간을 갖고 있다.",내가 스트레스를 해소하기 위해 새롭게 시도한 음악 장르는 무엇이었나?,잘 모르겠음,록,재즈,클래식,재즈,3,136
음악과의 일상,음악으로 스트레스를 해소하는 방법,170,"최근 며칠 동안 일이 많아서 머리가 복잡했는데, 저녁에 산책을 하면서 이어폰으로 잔잔한 피아노 연주곡을 들으니 마음이 한결 가벼워졌다. 특히 어둑해진 공원길을 걷다 보면 음악에 집중하면서 자연스럽게 생각이 정리되는 기분이 든다. 이런 시간에는 가사를 따라 부르기보단 멜로디만 흐르는 곡을 선택하는 게 나에게 훨씬 도움이 된다. 덕분에 산책이 끝날 즈음엔 답답함이 조금은 풀린 듯했다.",발화자가 스트레스를 해소하기 위해 산책 중 주로 선택한 음악의 특징은 무엇이었나요?,잘 모르겠음,빠르고 신나는 댄스 음악,가사가 없는 피아노 연주곡,록 밴드의 라이브 공연,가사가 없는 피아노 연주곡,3,163
음악과의 일상,음악으로 스트레스를 해소하는 방법,170,"며칠 전 일이 많아서 머리가 복잡했는데, 그럴 때마다 나는 이어폰을 끼고 산책을 나가곤 한다. 평소 좋아하는 재즈 음악을 들으면서 동네 공원을 천천히 걷다 보면, 자연스럽게 숨이 고르고 마음이 차분해진다. 음악이 내 기분을 조금씩 밝게 만들어주는 걸 느끼면, 다시 힘내서 하루를 보낼 수 있을 것 같은 생각이 든다.",내가 스트레스를 해소하기 위해 산책을 할 때 주로 듣는 음악 장르는 무엇인가?,잘 모르겠음,클래식,재즈,록,재즈,3,130
음악과의 일상,즐겨 듣는 음악과 그 이유,170,"최근에 퇴근길마다 이어폰을 끼고 재즈 음악을 듣는 게 작은 즐거움이 되었다. 처음엔 친구가 추천해준 곡을 우연히 듣게 됐는데, 피아노 소리가 잔잔하게 퍼지면서 하루 동안 쌓인 피로가 조금씩 사라지는 느낌이 들었다. 특히 비가 오는 날에는 창밖 풍경과 어우러져 마음이 편안해지는 것 같아 일부러 창가 자리까지 찾아가 듣기도 한다.",발화자가 음악을 즐겨 듣는 특별한 시간이나 상황은 언제인가요?,잘 모르겠음,출근길에 대중교통을 탈 때,퇴근길에 이어폰을 끼고 있을 때,운동할 때 헬스장에서,퇴근길에 이어폰을 끼고 있을 때,3,137
음악과의 일상,즐겨 듣는 음악과 그 이유,170,"최근에 자주 듣는 곡이 있는데, 바로 친구가 추천해준 재즈 피아노 곡이다. 평소에는 가사가 있는 팝송을 많이 들었지만, 요즘에는 공부할 때 가사가 없는 음악이 집중에 더 도움이 되는 것 같아서 재즈로 바꿔봤다. 처음에는 생소했지만, 점점 그 잔잔함과 즉흥적인 멜로디에 매력을 느끼게 되었다. 특히 저녁에 창문을 열고 조용한 방 안에서 이 음악을 들으면 하루의 피로가 풀리는 기분이 든다.",내가 최근 집중을 위해 즐겨 듣는 음악 장르는 무엇이었는가?,잘 모르겠음,락 밴드 음악,재즈 피아노 곡,트로트,재즈 피아노 곡,3,161
음악과의 일상,즐겨 듣는 음악과 그 이유,170,"버스를 타고 집에 가는 길에는 항상 재즈 음악을 듣는다. 특히 색소폰 소리가 중심이 되는 곡을 좋아하는데, 복잡한 생각이 많을 때 이 음악을 들으면 마음이 편안해진다. 예전엔 락 음악만 들었지만, 어느 날 우연히 카페에서 흘러나오던 재즈를 듣고부터 조금씩 취향이 변했다. 그날 이후로는 힘든 일이 있어도 재즈를 들으며 기분을 다스리는 습관이 생겼다.",내가 요즘 집에 가는 길에 주로 듣는 음악 장르는 무엇인가?,잘 모르겠음,락,재즈,클래식,재즈,3,146
음악과의 일상,즐겨 듣는 음악과 그 이유,170,요즘 퇴근길에 항상 이어폰을 끼고 인디밴드의 잔잔한 음악을 듣는다. 복잡한 하루를 보내고 나면 조용한 기타 소리와 담백한 목소리가 마음을 차분하게 해준다. 특히 비 오는 날 버스 창밖을 보며 그 노래를 듣고 있으면 일상의 걱정이 조금씩 사라지는 느낌이 들어서 자주 듣게 된다. 덕분에 퇴근길이 나만의 힐링 시간이 되었다.,내가 퇴근길에 즐겨 듣는 음악의 장르는 무엇이었나?,잘 모르겠음,힙합,인디밴드의 잔잔한 음악,클래식,인디밴드의 잔잔한 음악,3,133
음악과의 일상,처음 악기를 배우게 된 사연,170,"며칠 전 친구 집에 놀러 갔다가 우연히 벽에 걸려 있는 기타를 발견했어요. 친구가 직접 연주해 주었는데, 그 소리가 너무 인상적이어서 저도 배우고 싶어졌어요. 그날 이후로 중고 악기 사이트를 찾아다녔고, 결국 저렴한 기타를 구입했죠. 아직 손가락 끝이 아프지만, 첫 곡으로 '생일 축하합니다'를 연습하며 뿌듯함을 느끼고 있습니다.",제가 기타를 배우기로 결심하게 된 계기는 무엇이었나요?,잘 모르겠음,유튜브 영상에서 멋진 연주를 봐서,친구가 직접 기타를 연주해 주어서,학교 음악 시간에 흥미를 느껴서,친구가 직접 기타를 연주해 주어서,3,140
음악과의 일상,처음 악기를 배우게 된 사연,170,"초등학교 5학년 때 친한 친구가 기타 학원에 다니기 시작했는데, 어느 날 그 친구가 학교에 기타를 들고 와서 쉬는 시간마다 멋지게 연주하는 모습을 봤다. 그 모습이 부러워서 집에 와 부모님께 조심스럽게 기타를 배우고 싶다고 말했더니, 생각보다 흔쾌히 허락해 주셨다. 그날 저녁에는 부모님이 중고 기타를 직접 구해 오셨고, 처음 기타 줄을 튕겨보며 내가 곡을 연주할 수 있을지 설레는 마음으로 연습을 시작했다.",내가 처음 기타를 배우게 된 계기는 무엇이었나요?,잘 모르겠음,음악 시간에 선생님의 추천으로,친구의 연주하는 모습을 보고 부러워서,가족이 모두 기타를 연주해서,친구의 연주하는 모습을 보고 부러워서,3,170
음악과의 일상,처음 악기를 배우게 된 사연,170,"초등학교 5학년 때 반 친구가 바이올린을 연주하는 모습을 처음 보고 깊은 인상을 받았다. 그 친구가 악기를 들고 무대에 올라가서 연주하는 모습을 보니 나도 왠지 모르게 바이올린을 배우고 싶어졌다. 집에 돌아와 부모님께 조심스럽게 이야기했더니, 평소 음악을 좋아하셨던 엄마가 흔쾌히 허락해 주셨다. 그렇게 나는 바이올린 학원에 다니기 시작했고, 손끝이 아프고 소리가 잘 나지 않아 속상할 때도 있었지만 연습실에서 새로운 곡을 완성할 때마다 큰 성취감을 느꼈다.",화자가 처음으로 바이올린을 배우고 싶어졌던 계기는 무엇이었나요?,잘 모르겠음,부모님이 권유해서,친구가 바이올린을 연주하는 모습을 보고,TV에서 연주를 보고,친구가 바이올린을 연주하는 모습을 보고,3,194
음악과의 일상,처음 악기를 배우게 된 사연,170,"며칠 전 가족 모임에서 사촌이 기타를 연주하는 모습을 처음 봤다. 그 순간 나는 갑자기 기타 소리에 끌렸고, 집에 돌아온 뒤 인터넷으로 중고 기타를 찾아 바로 주문했다. 기타가 도착한 날, 손끝이 아프도록 코드를 연습했지만, 오히려 그 고통이 뿌듯하게 느껴졌다. 평소엔 음악을 듣기만 했는데, 내가 직접 소리를 낸다는 게 이렇게 설레는 경험일 줄은 몰랐다.",내가 기타를 배우게 된 계기는 무엇이었나요?,잘 모르겠음,친구가 권해서,사촌의 연주를 보고,유명한 밴드 영상을 보고,사촌의 연주를 보고,3,148
음악과의 일상,갑작스런 영감으로 완성한 자작곡 이야기,170,"잠이 오지 않던 밤, 창문 너머로 들려오는 빗소리를 듣다가 갑자기 멜로디 한 구절이 머릿속에 떠올랐다. 그 순간을 놓치기 싫어서 휴대폰을 꺼내 조용히 녹음 버튼을 눌렀고, 손끝으로 피아노 건반을 더듬으며 즉석에서 코드와 가사를 붙여나갔다. 원래 작곡은 며칠씩 걸려 완성하는데, 이날은 몇 시간 만에 한 곡이 뚝딱 완성되어서 스스로도 무척 신기했다.",발화자가 곡을 만들 때 영감을 받게 된 계기는 무엇이었나요?,잘 모르겠음,친구와 대화하다가,티비를 보다가,빗소리를 듣다가,빗소리를 듣다가,4,146
음악과의 일상,갑작스런 영감으로 완성한 자작곡 이야기,170,"창밖에서 빗소리가 들리던 어느 밤, 갑자기 머릿속에 선율이 떠올라 노트북을 켜고 피아노 앞에 앉았다. 손끝에서 자연스럽게 멜로디가 흘러나왔고, 평소라면 고민하던 가사도 술술 써졌다. 시간이 어떻게 지났는지도 모를 만큼 몰입해서 결국 한 곡을 완성했다. 다음날 친구에게 들려줬더니 비 오는 날 분위기에 잘 어울린다고 칭찬해줘서 뿌듯했다.",자작곡을 완성한 계기로 가장 알맞은 것은 무엇인가요?,잘 모르겠음,친구의 부탁,창밖의 빗소리에서 영감을 받아,음악 수업 과제 때문,창밖의 빗소리에서 영감을 받아,3,144
음악과의 일상,갑작스런 영감으로 완성한 자작곡 이야기,170,"창밖으로 비가 내리던 어느 밤, 갑자기 떠오른 멜로디가 머릿속을 맴돌았다. 평소라면 그냥 지나쳤겠지만 이번에는 휴대폰을 꺼내 허밍을 녹음했다. 그 소리를 반복해서 듣다 보니 자연스럽게 코드 진행이 떠올랐고, 거실에 있던 기타를 들고 한참을 연주했다. 그렇게 한 시간 남짓 집중하다 보니 짧지만 마음에 쏙 드는 자작곡이 완성됐다. 완성된 곡을 가족에게 들려줬더니, 뜻밖에도 감동받았다며 박수를 쳐 주었다.",발화자가 자작곡을 완성하는 데 가장 큰 계기가 된 순간은 무엇이었나요?,잘 모르겠음,가족의 박수 소리를 들은 순간,비 오는 밤에 떠오른 멜로디를 녹음한 순간,기타를 구입한 날,비 오는 밤에 떠오른 멜로디를 녹음한 순간,3,172
음악과의 일상,갑작스런 영감으로 완성한 자작곡 이야기,170,"며칠 전, 평소처럼 기타를 만지작거리던 중 갑자기 멜로디 한 소절이 머릿속에 떠올랐다. 그 멜로디를 놓치지 않으려고 휴대폰 녹음기를 재빨리 켜서 흥얼거리기 시작했다. 이어서 코드 진행도 자연스럽게 이어졌고, 짧은 시간 동안 한 곡의 뼈대가 완성되었다. 가사는 평소 느꼈던 외로움을 솔직하게 담아보았다. 완성된 곡을 가족들에게 들려주니 진심이 느껴진다며 칭찬을 받았다.",화자는 갑작스런 영감을 기록하기 위해 무엇을 사용했는가?,잘 모르겠음,종이와 펜,휴대폰 녹음기,컴퓨터 녹음 프로그램,휴대폰 녹음기,3,158
음악과의 일상,독특한 악기를 배우게 된 계기,170,"며칠 전 동네 도서관에서 열린 작은 공연을 우연히 보게 되었는데, 그곳에서 처음 듣는 해금 소리가 인상 깊게 마음에 남았다. 공연이 끝난 뒤 연주자에게 직접 다가가서 악기에 대해 이것저것 물어보니, 해금은 손끝으로 현을 누르며 미세한 감정을 담을 수 있다는 점이 매력이라는 설명을 들었다. 그날 이후로 해금 소리가 계속 생각나서 결국 근처 문화센터에서 해금 강좌에 등록하게 되었다.",해금을 배우기로 결심한 가장 큰 계기는 무엇이었나요?,잘 모르겠음,친구의 권유,연주자의 설명과 해금 소리의 인상,문화센터 광고,연주자의 설명과 해금 소리의 인상,3,159
음악과의 일상,독특한 악기를 배우게 된 계기,170,"며칠 전 친구의 소개로 처음 본 칼림바라는 악기를 접하게 되었다. 손바닥만 한 크기에 금속 건반이 달려 있었고, 손가락으로 튕기면 맑은 소리가 퍼졌다. 평소에 피아노만 쳐봤던 나는 이 독특한 소리에 매료되어 직접 연주해보고 싶다는 생각이 들었다. 친구가 간단한 멜로디를 연주하는 걸 보면서 배우기 어렵지 않을 것 같아 바로 칼림바를 주문했다. 요즘은 자기 전에 짧게 연습하는 것이 하루의 작은 즐거움이 되고 있다.",화자가 칼림바라는 악기를 배우고 싶어진 결정적인 계기는 무엇이었나요?,잘 모르겠음,친구가 칼림바를 선물해줬기 때문,칼림바 연주 동영상을 우연히 봤기 때문,친구가 직접 연주하는 소리를 듣고 매료됐기 때문,친구가 직접 연주하는 소리를 듣고 매료됐기 때문,4,172
음악과의 일상,독특한 악기를 배우게 된 계기,170,"며칠 전 동네 축제에서 처음 보는 악기 연주를 들었는데, 그 소리가 참 신기하게 마음에 와닿았다. 연주자가 직접 만든 손가락 피아노라는 악기였다. 공연이 끝난 뒤 용기를 내어 말을 걸었고, 그분이 잠깐 만져볼 기회를 주셨다. 평소와는 다른 방식으로 소리를 내보는 경험이 정말 새로워서, 집에 돌아오자마자 온라인으로 직접 손가락 피아노를 주문했다. 처음엔 익숙하지 않았지만, 지금은 매일 한 곡씩 연습하는 게 내 일상의 작은 즐거움이 되었다.",내가 독특한 악기를 배우게 된 계기는 무엇이었나요?,잘 모르겠음,친구의 추천으로 시작했다.,유튜브 영상에서 보고 흥미가 생겼다.,동네 축제에서 연주를 듣고 직접 만져본 경험 때문이다.,동네 축제에서 연주를 듣고 직접 만져본 경험 때문이다.,4,185
음악과의 일상,독특한 악기를 배우게 된 계기,170,"며칠 전 친구 집에 놀러갔을 때 처음 보는 악기를 발견했다. 이름이 '칼림바'라고 해서 신기해하며 만져봤는데, 손가락으로 철심을 튕기면 맑은 소리가 났다. 친구가 어릴 적 여행지에서 산 것이라며 몇 곡을 연주해줬는데, 단순한 구조임에도 다양한 멜로디가 나와서 정말 인상 깊었다. 그날 이후로 나도 집에 돌아와서 칼림바를 인터넷으로 주문했고, 영상을 보며 하나씩 곡을 따라 연습하고 있다.",내가 친구 집에서 처음 접한 악기는 무엇이었나요?,잘 모르겠음,우쿨렐레,칼림바,멜로디언,칼림바,3,164
음악과의 일상,음악 페스티벌에서의 특별한 경험,170,"비가 내릴 것 같던 하늘이 점점 흐려지더니, 공연이 시작될 즈음에는 빗방울이 떨어지기 시작했다. 하지만 사람들은 우산도 쓰지 않고 그대로 무대 앞에서 뛰기 시작했다. 나는 처음엔 당황했지만 어느새 친구와 손을 잡고 빗속에서 함께 노래를 따라불렀다. 젖은 신발과 옷이 불편했지만, 그날의 자유롭고 열정적인 분위기는 잊을 수 없을 것 같다.",발화자가 음악 페스티벌에서 겪은 특별한 상황은 무엇이었나요?,잘 모르겠음,무대에서 직접 연주를 했다.,비가 오는 가운데 사람들과 함께 즐겼다.,공연장 입구에서 줄을 오래 섰다.,비가 오는 가운데 사람들과 함께 즐겼다.,3,142
음악과의 일상,음악 페스티벌에서의 특별한 경험,170,"처음으로 친구들과 함께 지방에서 열리는 음악 페스티벌에 다녀온 날이 아직도 생생하다. 비가 내릴 것 같아 걱정했지만, 오히려 잔잔한 구름 덕분에 무대 조명이 더욱 화려하게 느껴졌다. 평소 좋아하던 밴드가 마지막 무대에서 새 앨범의 미공개 곡을 연주했을 때 모두가 환호성을 질렀고, 친구와 손을 맞잡고 따라 불렀던 순간이 오래도록 기억에 남았다. 그날 우리는 공식 굿즈 대신 현장에서 직접 만든 팔찌를 서로에게 선물하기도 했다.",페스티벌에서 화자는 무엇을 공식 굿즈 대신 친구와 나누었나요?,잘 모르겠음,공식 티셔츠,직접 만든 팔찌,음반 CD,직접 만든 팔찌,3,179
음악과의 일상,음악 페스티벌에서의 특별한 경험,170,"평소 좋아하던 밴드가 야외 음악 페스티벌에 온다고 해서 친구와 함께 표를 예매했다. 무대 앞에서 신나게 노래를 따라 부르다가 갑자기 갑작스런 비가 쏟아졌다. 대부분의 사람들이 우산을 쓰거나 비를 피해 움직였지만, 우리는 오히려 빗속에서 더 자유롭게 춤을 췄다. 비에 흠뻑 젖은 채로 환호하며 노래를 부르는 순간, 뭔가 일상에서 벗어난 해방감을 느꼈다. 끝나고 나서 옷은 엉망이었지만, 친구와 서로를 보며 크게 웃었다. 집에 돌아가는 길에 먹은 뜨거운 어묵 국물이 유난히도 맛있게 느껴졌다.",발화자가 음악 페스티벌에서 비가 내렸을 때 어떻게 행동했나요?,잘 모르겠음,비를 피해 공연장을 떠났다,우산을 쓰고 조용히 서 있었다,빗속에서 자유롭게 춤을 췄다,빗속에서 자유롭게 춤을 췄다,4,206
음악과의 일상,음악 페스티벌에서의 특별한 경험,170,"지난 주말, 친구들과 함께 바닷가에서 열린 음악 페스티벌에 다녀왔다. 무대 가까이에 자리를 잡았더니 파도 소리와 함께 들리는 생생한 라이브 음악이 정말 인상적이었다. 해가 질 무렵에는 모두가 휴대폰 플래시를 켜고 흔들며 한 곡을 따라 불렀는데, 그 순간의 분위기가 잊혀지지 않는다. 페스티벌 마지막 무대에서 예상치 못한 불꽃놀이가 펼쳐져 모두가 환호성을 질렀다.",발화자가 음악 페스티벌에서 경험한 특별한 순간은 무엇이었나요?,잘 모르겠음,해가 질 무렵 모두가 플래시를 켜고 노래를 따라 부른 순간,페스티벌 시작 전에 바닷가에서 수영한 순간,무대에서 직접 공연을 한 순간,해가 질 무렵 모두가 플래시를 켜고 노래를 따라 부른 순간,2,154
음악과의 일상,즐겨듣는 음악에 대한 생각과 감정,170,"며칠 전부터 퇴근길에 이어폰을 끼고 잔잔한 피아노 곡을 듣고 있다. 예전에는 가사 있는 팝송을 주로 들었지만, 요즘엔 조용한 연주곡이 훨씬 마음을 편하게 해주는 것 같다. 특히 집에 돌아오는 길에 창밖 야경을 보며 피아노 선율에 집중하면, 하루 동안 쌓인 스트레스가 조금씩 사라지는 기분이 들어서 좋다. 예전처럼 신나는 노래를 들으며 걷는 것도 좋았지만, 지금은 차분한 음악이 내 일상에 더 잘 어울리는 것 같다.",요즘 내가 퇴근길에 듣는 음악의 특징은 무엇이었는가?,잘 모르겠음,가사가 있는 신나는 노래,조용한 피아노 연주곡,빠른 리듬의 팝송,조용한 피아노 연주곡,3,171
음악과의 일상,즐겨듣는 음악에 대한 생각과 감정,170,"버스를 타고 집으로 돌아가는 길에 이어폰으로 우연히 예전에 자주 듣던 밴드의 노래가 흘러나왔다. 그 순간 창밖의 풍경과 어울리면서 고등학교 때 친구들과 야외 공연장에 갔던 기억이 떠올랐다. 신나게 뛰던 그 시절의 감정이 다시 느껴져서 괜히 미소가 나왔다. 음악이 때로는 나를 과거로 데려다주고, 그 시절의 감정까지 선명하게 떠올리게 만든다는 사실이 신기하게 느껴졌다.",이어폰으로 음악을 들으며 떠오른 기억은 무엇과 관련이 있었나요?,잘 모르겠음,가족과의 여행,고등학교 친구들과 공연장에 갔던 일,학교 축제에서 노래 부른 일,고등학교 친구들과 공연장에 갔던 일,3,156
음악과의 일상,즐겨듣는 음악에 대한 생각과 감정,170,"최근에 버스를 타고 집에 돌아오는 길에 이어폰으로 조용한 피아노 연주곡을 들었는데, 도시의 소음과 어우러지니 평소와는 다르게 마음이 차분해졌다. 갑자기 떠오른 예전 추억들 덕분에 괜히 미소가 지어지기도 했다. 평소에는 주로 신나는 곡을 듣지만, 그날만큼은 조용한 음악이 나에게 더 잘 맞는 것 같았다. 음악 한 곡이 이렇게 하루의 기분을 바꿔줄 수 있다는 사실이 신기하게 느껴졌다.",발화자가 버스에서 들은 음악의 장르는 무엇이었나요?,잘 모르겠음,록 밴드 음악,피아노 연주곡,재즈 보컬곡,피아노 연주곡,3,161
음악과의 일상,즐겨듣는 음악에 대한 생각과 감정,170,"며칠 전 저녁에 퇴근하고 집에 돌아와 조용히 앉아 이어폰을 끼고 좋아하는 재즈 플레이리스트를 들었다. 평소에는 활기찬 팝송을 많이 듣지만, 그날따라 부드럽고 여유로운 색소폰 소리가 마음을 안정시켜주는 느낌이 들었다. 음악이 흐르는 동안 자연스럽게 하루 동안 쌓인 긴장이 풀리고, 머릿속에 복잡했던 생각들도 조금씩 정리되는 기분이 들었다. 이런 시간 덕분에 음악이 내 일상에 얼마나 큰 위로가 되는지 새삼 깨달았다.",이 사람이 음악을 듣고 느낀 감정은 무엇이었나요?,잘 모르겠음,답답함과 불안함,안정과 위로,분노와 실망,안정과 위로,3,176
음악과의 일상,첫 공연을 준비하며 겪은 이야기,170,"며칠 전부터 밴드 첫 공연을 준비하면서 매일 저녁마다 연습실에 모였다. 리더인 수진이가 곡 순서를 정하고, 나는 기타 솔로 부분에서 실수를 연달아 해서 좀 걱정됐다. 특히 베이스를 맡은 민호가 중간에 박자를 놓치는 바람에 다 같이 한 번씩 멈췄던 일이 기억에 남는다. 그래도 마지막 리허설에서는 모두가 호흡을 맞춰서 자신감이 조금 생겼다. 떨리지만 설렘이 더 컸던 준비 과정이었다.",공연 준비 과정에서 기타 솔로 부분에서 자주 실수한 사람은 누구였나요?,잘 모르겠음,수진,민호,나,나,4,159
음악과의 일상,첫 공연을 준비하며 겪은 이야기,170,"며칠 전부터 친구들과 작은 밴드를 꾸려 동네 축제에서 처음으로 공연을 하기로 했다. 처음에는 모두가 설레면서도 긴장된 표정이었는데, 연습을 거듭할수록 서로의 실수에 웃음이 터지고, 어느새 박자를 맞추는 데도 익숙해졌다. 특히 드럼을 맡은 지훈이가 계속 박자를 헷갈려서 매번 같은 부분에서 다 같이 멈추고 다시 시작하곤 했다. 그래도 마지막 연습 때는 큰 실수 없이 한 곡을 완주해서 모두 박수를 쳤다. 공연 당일 무대 뒤에서 떨리는 손을 마주 보며 우리는 꼭 실수를 하더라도 끝까지 즐기기로 약속했다.",밴드 연습에서 자주 박자를 헷갈렸던 친구는 누구였나요?,잘 모르겠음,지훈,민수,수진,지훈,2,209
음악과의 일상,첫 공연을 준비하며 겪은 이야기,170,"며칠 전부터 친구들과 함께 작은 밴드 공연을 준비하게 되었다. 처음엔 모두 긴장했지만, 각자 맡은 악기 연습을 하면서 점점 자신감이 생겼다. 리허설 때 마이크가 갑자기 꺼져서 당황했지만, 재빨리 건반을 치며 시간을 벌어줬던 순간이 아직도 기억에 남는다. 그 경험 덕분에 서로에 대한 신뢰가 더 깊어진 것 같다.","리허설 중 마이크가 꺼졌을 때, 나는 어떤 행동을 했는가?",잘 모르겠음,관객에게 사과했다,무대에서 내려갔다,건반을 치며 시간을 벌어줬다,건반을 치며 시간을 벌어줬다,4,129
음악과의 일상,첫 공연을 준비하며 겪은 이야기,170,"며칠 전부터 친구들과 밴드 공연을 준비하면서 예상치 못한 어려움이 많았다. 리허설 때마다 드럼 박자가 살짝 빨라져서 모두가 박자를 맞추는 데 애를 먹었다. 결국 내가 베이스로 리듬을 더 분명하게 잡아주기로 했고, 덕분에 연습 분위기가 훨씬 좋아졌다. 무대 공포증 때문에 손이 떨리기도 했지만, 멤버들이 서로 장난을 치며 긴장을 풀어줬던 순간이 아직도 기억에 남는다.",밴드 연습 중 박자가 잘 맞지 않자 내가 맡은 역할은 무엇이었나요?,잘 모르겠음,드럼을 더 세게 치기,베이스로 리듬을 잡아주기,기타 솔로를 연습하기,드럼을 더 세게 치기,2,154
인생에서의 변화,20대 초반의 방황과 고민,170,"며칠 전 혼자 버스를 타고 교외로 나갔던 일이 계속 생각난다. 창밖 풍경을 멍하니 바라보며 내 전공이 정말 나에게 맞는지, 지금처럼 지내도 괜찮은지 스스로에게 여러 번 질문했다. 친구들과 연락도 뜸해지고, 부모님과의 대화도 어색해져서 누구에게 털어놓을 수도 없었다. 잠깐 공원 벤치에 앉아 음악을 들으며 앞으로 뭘 해야 할지 고민했지만, 뚜렷한 답은 찾지 못했다. 그래도 그날 혼자 보낸 시간이 내 마음을 조금은 가볍게 해줬다.",발화자가 혼자 시간을 보내며 했던 활동으로 알맞은 것은 무엇인가요?,잘 모르겠음,친구들과 식사를 했다,공원 벤치에서 음악을 들었다,부모님과 대화를 나눴다,공원 벤치에서 음악을 들었다,3,179
인생에서의 변화,20대 초반의 방황과 고민,170,"며칠 전 늦은 밤에 친구와 카페에 앉아 한참 이야기를 나누다 보니, 요즘 내가 무엇을 좋아하고 앞으로 뭘 하고 싶은지 정말 모르겠다는 생각이 들었다. 대학에 들어온 뒤 여러 동아리도 해보고 아르바이트도 했지만, 뚜렷한 목표가 없어서 그런지 항상 무언가 부족하다고 느껴졌다. 주변 친구들은 하나둘씩 자신의 길을 찾는 것 같아 괜히 초조해지고, 가족들에게도 괜히 짜증을 내는 일이 잦아졌다. 그래서 잠시 여행이라도 다녀오면 답을 찾을 수 있을까 고민이 된다.",화자는 최근에 어떤 상황에서 자신의 미래에 대한 불확실함을 다시 느끼게 되었나요?,잘 모르겠음,혼자 산책을 하던 중,늦은 밤 친구와 카페에서 이야기하다가,가족과 저녁을 먹으면서,늦은 밤 친구와 카페에서 이야기하다가,3,190
인생에서의 변화,20대 초반의 방황과 고민,170,"며칠 전 지하철을 타고 가다가 우연히 대학 시절 동아리 친구를 만났어요. 오랜만에 반가운 마음에 근처 카페에 들어가 이런저런 얘기를 나누다 보니, 20대 초반에 무엇을 해야 할지 몰라 방황하던 시절이 떠올랐어요. 그때는 미래에 대한 불안 때문에 여러 번 진로를 바꿔보기도 하고, 하고 싶은 일과 현실 사이에서 고민을 많이 했었죠. 그 친구도 비슷한 고민을 했었다고 말해서 서로 위로가 되었고, 지금도 가끔 그런 불안이 찾아오지만 그때의 경험이 많이 도움이 된다는 생각이 들었답니다.",지하철에서 우연히 만난 친구와 어떤 장소에서 대화를 나눴나요?,잘 모르겠음,공원,카페,식당,카페,3,201
인생에서의 변화,20대 초반의 방황과 고민,170,"며칠 전 친구들과 모여 각자 요즘 무슨 생각을 하며 지내는지 이야기하는 시간이 있었다. 모두들 뚜렷한 목표를 가진 것처럼 보였는데, 나는 아직 진로에 확신이 없어 괜히 어색해졌다. 괜히 나만 뒤처지는 것 같아 밤에 혼자 산책하면서 많은 생각이 들었다. 그러다 우연히 골목길에서 작은 카페를 발견했고, 커피 한 잔을 마시며 잠시나마 불안함이 가라앉는 기분이 들었다. 이런 소소한 시간이 조금은 위로가 되었다.",화자가 밤에 산책하다가 발견한 장소는 어디였나요?,잘 모르겠음,서점,카페,공원,카페,3,170
인생에서의 변화,30대가 되면서 느낀 변화,170,"최근에 친구들과 만나서 예전처럼 밤늦게까지 놀다가, 다음 날 아침에 일어났더니 몸이 예전 같지 않다는 걸 실감했다. 20대 때는 밤새워도 별로 힘들지 않았는데, 이제는 조금만 늦게 자도 하루 종일 피곤하다. 체력뿐만 아니라, 건강을 더 신경 쓰게 되고, 식습관도 자연스럽게 달라진다. 그래서인지 요즘은 친구들과도 술보다는 카페에서 대화하는 시간이 더 많아졌다. 이런 변화들이 어색하면서도, 한편으론 나름대로 즐겁다.",발화자가 30대가 되면서 달라졌다고 느낀 점으로 알맞은 것은 무엇인가요?,잘 모르겠음,새로운 운동을 시작했다,술자리보다 카페 모임을 더 자주 갖게 되었다,아침형 인간이 되었다,술자리보다 카페 모임을 더 자주 갖게 되었다,3,179
인생에서의 변화,30대가 되면서 느낀 변화,170,"회사 동료들과 점심을 먹다가 자연스럽게 건강 이야기가 나왔다. 예전에는 야식이나 자극적인 음식을 아무렇지 않게 즐겼는데, 이제는 위장도 예민해지고 다음 날 피곤함이 오래 간다는 걸 실감한다. 어릴 때는 운동을 며칠 쉬어도 금방 회복됐는데, 요즘은 하루만 무리해도 근육통이 오래 남아 운동 후 스트레칭을 꼭 하게 된다. 친구들과의 대화 주제도 여행이나 연애보다 건강, 미래 준비에 관한 것이 많아진 것을 보며 30대가 됐음을 느꼈다.",발화자가 30대가 되며 달라졌다고 느낀 점으로 언급하지 않은 것은 무엇인가요?,잘 모르겠음,건강 관련 대화가 많아짐,운동 후 회복이 느려짐,야식에 대한 걱정이 늘어남,야식에 대한 걱정이 늘어남,4,182
인생에서의 변화,30대가 되면서 느낀 변화,170,"최근 친구들과 모임을 가졌는데, 예전엔 밤새워 놀아도 끄떡없던 체력이 이제는 쉽게 방전되는 걸 확실히 느꼈다. 대화 주제도 자연스럽게 건강관리나 직장 이야기로 옮겨가고, 모두 각자 집에 돌아가는 시간이 빨라진 점도 인상적이었다. 예전엔 모임이 끝나면 2차, 3차로 이어졌는데, 이제는 다들 집에 가서 푹 쉬는 걸 더 선호한다. 이런 변화가 처음엔 어색했지만, 지금은 오히려 이런 일상이 더 편안하게 느껴진다.",모임에서 친구들과 어떤 주제로 대화를 나누는 일이 많아졌는가?,잘 모르겠음,유행하는 게임 이야기,건강관리와 직장 이야기,여행 계획 이야기,건강관리와 직장 이야기,3,173
인생에서의 변화,30대가 되면서 느낀 변화,170,"예전에는 밤늦게까지 친구들과 어울려도 아무렇지 않았는데, 어느새부터는 밤 10시만 넘어도 피곤함이 밀려와서 약속을 일찍 마치고 집에 돌아가는 일이 많아졌어요. 또, 예전엔 별로 신경 쓰지 않던 건강검진 예약이나 비타민 챙기기가 중요한 일상이 되었죠. 모임에서 대화 주제도 자연스럽게 일, 가족, 건강 같은 현실적인 이야기로 바뀌면서 예전과는 확실히 달라진 내 모습을 느끼게 됩니다.",발화자의 최근 모임에서 대화 주제로 자연스럽게 바뀐 것은 무엇인가요?,잘 모르겠음,여행지 추천과 연예인 이야기,"일, 가족, 건강 같은 현실적인 이야기",대학교 시절 추억과 게임 이야기,"일, 가족, 건강 같은 현실적인 이야기",3,164
인생에서의 변화,"결혼과 출산, 그리고 가족",170,"며칠 전 퇴근하고 집에 들어섰을 때, 아내가 갑자기 아이가 태동했다고 말해주었다. 처음에는 실감이 나지 않았는데, 아내의 손을 배 위에 올려보니 정말로 미세한 움직임이 느껴졌다. 그 순간부터 부모가 된다는 사실이 현실로 다가왔고, 나도 모르게 두근거렸다. 저녁 내내 아내와 아이 이름을 고민하며, 앞으로 우리 세 식구가 함께할 일상에 대해 이야기 나눴다.","발화자는 아내와 어떤 특별한 경험을 한 후, 무엇을 하며 저녁 시간을 보냈나요?",잘 모르겠음,친구들과 전화 통화를 했다,아내와 아이 이름을 고민하며 이야기를 나눴다,산책을 하며 운동을 했다,아내와 아이 이름을 고민하며 이야기를 나눴다,3,150
인생에서의 변화,"결혼과 출산, 그리고 가족",170,"며칠 전 저녁, 아내와 둘이서 산책을 하다가 오랜만에 결혼 초기 이야기를 나눴다. 아이가 태어나기 전에는 주말마다 영화를 보거나 맛집을 찾아다니는 게 일상이었는데, 요즘은 아기 돌보느라 여유가 없어졌다. 그래도 작은 변화 속에서 서로를 더 많이 이해하게 되고, 아기의 웃음을 보며 하루의 피로가 씻기는 느낌을 받는다. 가족이란 이런 변화와 함께 커가는 거라는 생각이 들었다.",발화자가 결혼 전 주말에 주로 했던 활동은 무엇인가요?,잘 모르겠음,여행을 다녔다.,영화 관람이나 맛집 탐방을 했다.,집에서 쉬었다.,영화 관람이나 맛집 탐방을 했다.,3,158
인생에서의 변화,"결혼과 출산, 그리고 가족",170,"며칠 전 아이가 처음으로 엄마라고 또박또박 불러서 정말 깜짝 놀랐다. 결혼하기 전엔 혼자만의 시간이 많았는데, 이제는 아침마다 아이의 웃는 얼굴을 보며 하루를 시작한다. 가족이 생기니 예전엔 당연하게 생각했던 조용한 밤이나 늦잠 자던 일상이 조금 그립기도 하지만, 아이와 남편이 함께 만들어가는 소소한 일상에 점점 더 익숙해지고 있다. 가족이란 단어가 주는 따뜻함을 새삼 느끼는 요즘이다.",발화자의 아이가 처음으로 발화자를 어떻게 불렀나요?,잘 모르겠음,아빠,엄마,이모,엄마,3,165
인생에서의 변화,"결혼과 출산, 그리고 가족",170,"지난달에는 처음으로 아내와 함께 초음파 검진을 받으러 병원에 다녀왔다. 병원에 도착하니 기다리는 동안 다른 부부들도 꽤 많아서 나도 모르게 긴장됐다. 초음파 화면에 아기의 심장 소리가 울리자 아내가 눈물을 글썽였고, 나 역시 가슴이 벅차올랐다. 진료를 마치고 나오는데 아내가 아기 옷 코너에서 작은 모자를 집어 들며 미소를 지었다. 그 모습을 보며 앞으로 우리 가족의 모습이 어떨지 상상하게 되었다.",발화에서 아내가 초음파 검진을 마치고 관심을 보인 물건은 무엇이었나요?,잘 모르겠음,작은 신발,작은 모자,인형,작은 모자,3,168
인생에서의 변화,나이 들면서 느낀 삶의 가치,170,"며칠 전 오랜만에 대학 시절 친구들과 저녁을 먹으면서 예전에는 성공이나 명예 같은 것이 인생에서 가장 중요하다고 생각했던 내 모습을 떠올렸다. 하지만 어느새 가족과 보내는 평범한 시간이 가장 소중하게 느껴지고, 친구와 함께 웃었던 사소한 추억이 마음을 따뜻하게 만든다는 걸 깨달았다. 요즘은 성취보다는 일상에서의 작은 기쁨이 내 삶의 가치를 결정짓는다는 생각이 들곤 한다.",화자는 친구들과의 저녁 식사 자리에서 무엇이 인생에서 중요하다고 느꼈는지에 대해 어떤 변화를 경험했다고 말했나요?,잘 모르겠음,"예전에는 가족과의 시간을 가장 중요하게 여겼으나, 지금은 명예가 더 소중하다고 생각하게 됐다.","과거에는 성공과 명예를 중요하게 여겼지만, 지금은 일상에서의 작은 기쁨과 가족, 친구와의 시간을 더 소중하게 여기게 됐다.",처음부터 지금까지 오직 물질적인 성공만을 가치 있게 생각해왔다.,"과거에는 성공과 명예를 중요하게 여겼지만, 지금은 일상에서의 작은 기쁨과 가족, 친구와의 시간을 더 소중하게 여기게 됐다.",3,158
인생에서의 변화,나이 들면서 느낀 삶의 가치,170,"요즘 산책을 하다 보면 예전엔 별로 관심 없던 작은 꽃이나 새소리에 자꾸 눈길이 갑니다. 예전에는 성취나 목표에만 집중했는데, 지금은 일상의 소소한 것들에서 더 큰 행복을 느끼곤 해요. 친구들과의 짧은 대화, 가족과 마시는 따뜻한 차 한 잔이 얼마나 소중한지 이제야 깨닫게 되었습니다. 나이가 들수록 특별한 사건이 아니라 평범한 순간들이 제 삶의 가치를 더해준다는 생각을 하게 됩니다.",발화자가 나이가 들면서 새롭게 느끼게 된 삶의 가치는 무엇과 더 관련이 있나요?,잘 모르겠음,높은 성취와 목표 달성,소소한 일상과 평범한 순간,여행이나 특별한 모험,소소한 일상과 평범한 순간,3,161
인생에서의 변화,나이 들면서 느낀 삶의 가치,170,"최근에 오랜만에 고등학교 친구와 산책을 하면서 예전엔 중요하게 여기지 않던 소소한 일상에 대해 많은 이야기를 나누었다. 예전에는 성공이나 성취에 집착했던 내가 요즘은 함께 보내는 시간, 건강, 작은 배려 같은 것들이 점점 더 소중하게 느껴진다. 친구가 건넨 커피 한 잔의 따뜻함이 오래도록 기억에 남았고, 그렇게 아무 목적 없이 걷는 시간들이 내 삶에 큰 의미로 다가온다는 걸 새삼 깨달았다.",화자는 친구와 어떤 활동을 하면서 삶의 가치를 다시 생각하게 되었나요?,잘 모르겠음,함께 영화를 보면서,함께 산책을 하면서,함께 요리 수업을 들으면서,함께 산책을 하면서,3,163
인생에서의 변화,나이 들면서 느낀 삶의 가치,170,"며칠 전, 오랜만에 고등학교 친구들과 만났다. 예전에는 성공이나 성취에 대한 이야기가 주를 이뤘는데, 이번엔 가족 건강이나 서로의 안부가 더 중요한 화제가 되었다. 나이가 들면서 주변 사람들과의 소중한 시간이 얼마나 귀한지 점점 더 크게 느끼게 된다. 예전엔 바쁘다는 이유로 자주 못 만났지만, 이제는 짧은 만남도 소중하게 생각하며 감사함을 느낀다.",발화자가 친구들과의 대화에서 중요하게 느끼게 된 가치는 무엇인가요?,잘 모르겠음,성공과 성취,건강과 소중한 시간,취미 활동,건강과 소중한 시간,3,148
인생에서의 변화,직장 생활로 인한 스트레스,170,"직장 동료와의 갈등 때문에 하루 종일 마음이 무거웠다. 원래는 서로 장난도 잘 치고 분위기가 좋았는데, 프로젝트 일정이 촉박해지면서 대화가 점점 날카로워졌다. 퇴근길에 집에 오면서 계속 그 대화가 머릿속을 맴돌았다. 집에 도착해서 가족들과 저녁을 먹으려 해도 쉽게 마음이 풀리지 않았다. 예전에는 일 끝나면 금방 기분이 좋아졌는데, 요즘은 작은 일에도 스트레스를 오래 끌고 가는 내 모습이 낯설었다.",발화자에게 최근 직장 내에서 무거운 마음을 느끼게 한 직접적인 원인은 무엇이었나요?,잘 모르겠음,프로젝트 일정의 촉박함,동료와의 갈등,가족과의 저녁 식사,동료와의 갈등,3,169
인생에서의 변화,직장 생활로 인한 스트레스,170,"최근 프로젝트 마감이 다가오면서 팀원들과 늦게까지 사무실에 남아 일을 마무리하는 날이 많아졌다. 회의 중에 실수를 해서 팀장님께 지적도 받았는데, 그때는 얼굴이 화끈거리고 괜히 동료들에게 미안한 마음이 들었다. 집에 돌아와서는 잠이 쉽게 오지 않아 뒤척였고, 평소 좋아하던 드라마도 집중해서 볼 수 없었다. 그래도 동료가 저녁에 따뜻한 말 한마디를 해줘서 조금 위로가 되었다.",발화자의 스트레스가 높아진 주요 원인으로 알맞은 것은 무엇인가요?,잘 모르겠음,팀장님과의 갈등,프로젝트 마감과 실수,출퇴근 시간 변경,프로젝트 마감과 실수,3,160
인생에서의 변화,직장 생활로 인한 스트레스,170,"최근에 새로운 프로젝트가 시작되면서 팀원들과의 협업이 많아졌는데, 각자 의견이 달라 조율하는 데 애를 먹었다. 집에 돌아와도 머릿속에서 일 생각이 떠나지 않아 밤에 쉽게 잠들지 못했다. 주말에도 메일을 확인하는 습관이 생기면서 점점 스트레스를 더 느끼는 것 같다. 예전에는 퇴근 후엔 일에서 완전히 벗어날 수 있었는데, 지금은 일과 개인 생활의 경계가 모호해진 것 같다.",내가 최근에 주말에 하게 된 습관은 무엇인가요?,잘 모르겠음,운동하기,메일 확인하기,요리 배우기,메일 확인하기,3,156
인생에서의 변화,직장 생활로 인한 스트레스,170,"최근에 새로운 프로젝트를 맡게 되면서 평소보다 훨씬 많은 업무량을 감당해야 했다. 처음에는 열정적으로 임했지만, 점점 퇴근 시간이 늦어지고 주말에도 머릿속에서 일 생각이 떠나질 않았다. 동료들과 회식 자리에서조차 일 이야기가 계속 이어져 마음이 무거웠다. 결국 집에 돌아와 가족들과 대화할 때도 자꾸 짜증을 내는 나 자신을 발견했다. 그제야 스트레스를 제대로 관리하지 못하고 있다는 걸 깨달았다.",발화자에게 스트레스를 주는 주요 원인은 무엇인가요?,잘 모르겠음,가족과의 갈등,새로운 프로젝트로 인한 업무량 증가,출퇴근 시간의 변화,새로운 프로젝트로 인한 업무량 증가,3,169
인생에서의 소중한 순간들,가장 감동적이었던 순간,170,"며칠 전, 평소 무뚝뚝했던 아버지가 갑자기 제게 작은 상자를 건네셨어요. 상자를 열어보니 어릴 적 제가 그린 가족 그림이 고이 접혀 있었고, 그 아래에는 직접 쓴 짧은 편지가 들어 있었죠. 편지에는 '늘 고맙고 자랑스럽다'라는 글이 적혀 있었는데, 그 순간 눈물이 나올 만큼 감동적이었어요. 평소 표현에 서툰 아버지의 마음을 이렇게 느낄 수 있어서 정말 잊을 수 없는 순간이 됐습니다.",아버지가 건넨 상자 안에서 발견된 것은 무엇이었나요?,잘 모르겠음,가족사진과 손목시계,어릴 적 그린 가족 그림과 편지,책과 장난감,어릴 적 그린 가족 그림과 편지,3,159
인생에서의 소중한 순간들,가장 감동적이었던 순간,170,"며칠 전 동생이 직접 만든 케이크를 들고 제 방에 들어왔던 일이 잊히지 않는다. 평소에 요리에 관심도 없던 동생이 며칠 동안 몰래 연습했다고 말하며 쑥스러워했다. 케이크 위에는 서툰 글씨로 ‘누나 고마워’라고 적혀 있었고, 그 순간 마음 한구석이 따뜻해졌다. 동생의 진심이 느껴져 눈물이 나올 뻔했다.",발화자의 동생이 발화자에게 해준 특별한 일은 무엇이었나요?,잘 모르겠음,서툰 편지를 써주었다,직접 만든 케이크를 주었다,손으로 만든 목걸이를 선물했다,직접 만든 케이크를 주었다,3,126
인생에서의 소중한 순간들,가장 감동적이었던 순간,170,며칠 전 가족들이 모두 모인 저녁 식사 자리에서 아버지께서 갑자기 저를 바라보시며 평소에 표현하지 않던 따뜻한 말을 건네셨다. 아버지는 제가 힘들어도 포기하지 않고 꾸준히 노력해온 모습을 자랑스럽게 생각한다고 말씀하셨다. 그 순간 가족들의 따뜻한 미소와 함께 마음이 뭉클해져서 눈물이 핑 돌았다. 평소 무뚝뚝하던 아버지의 진심 어린 격려는 평생 잊지 못할 감동적인 순간으로 남았다.,화자가 감동을 느낀 직접적인 계기는 무엇이었나요?,잘 모르겠음,가족 모두가 선물을 준 순간,아버지가 진심 어린 말을 건넨 순간,저녁 식사에서 어머니가 요리를 칭찬한 순간,아버지가 진심 어린 말을 건넨 순간,3,162
인생에서의 소중한 순간들,가장 감동적이었던 순간,170,"며칠 전 가족들과 오랜만에 시간을 보내게 되었는데, 그날 저녁에 동생이 직접 준비한 작은 서프라이즈 파티가 있었어요. 생일도 아니었고 특별한 기념일도 아니었는데, 그동안 고생 많았다며 동생이 손수 쓴 편지와 정성껏 만든 케이크를 내밀었죠. 평소에는 표현이 서툴렀던 동생이 저를 위해 준비한 마음이 너무 감동적이어서 눈물이 날 뻔했어요. 그 순간 가족의 소중함을 다시 한 번 느꼈습니다.",화자는 가족과 함께한 시간에 어떤 감동적인 경험을 했나요?,잘 모르겠음,동생이 직접 만든 케이크와 편지를 준비해주었다.,가족이 여행을 함께 다녀왔다.,부모님이 화자에게 선물을 주었다.,동생이 직접 만든 케이크와 편지를 준비해주었다.,2,163
인생에서의 소중한 순간들,가장 행복했던 순간,170,"창밖으로 노을이 지던 날, 오랜만에 가족 모두가 한자리에 모여 저녁 식사를 했다. 각자 바빴던 일상 이야기를 나누며 웃음이 끊이지 않았고, 어머니가 직접 만든 잡채와 갈비찜이 상에 올랐다. 식사 후 아버지가 준비한 작은 케이크에 초를 켜고 소원을 빌었는데, 그 순간 가족의 온기를 진하게 느꼈다. 그날의 포근함과 행복함은 아직도 내 마음에 남아 있다.",가족이 모두 모인 자리에서 식사 후에 한 일은 무엇이었나요?,잘 모르겠음,영화를 함께 봄,산책을 감,케이크에 초를 켜고 소원을 빎,케이크에 초를 켜고 소원을 빎,4,146
인생에서의 소중한 순간들,가장 행복했던 순간,170,"몇 달 전 친구들과 함께 작은 산에 올랐던 기억이 떠오른다. 날씨가 무척 쾌청해서 산 정상에 도착하니 멀리 펼쳐진 도시와 푸른 하늘이 한눈에 들어왔다. 그곳에서 다 함께 준비해온 김밥을 나눠 먹으며 서로의 소소한 일상을 나누었다. 평소에는 바빠서 자주 만나지 못했는데, 오랜만에 모여서 웃고 떠들다 보니 시간 가는 줄 몰랐다. 그 순간만큼은 걱정이나 스트레스 없이 온전히 행복함을 느낄 수 있었다.",발화자가 친구들과 산에 올랐을 때 정상에서 먹은 음식은 무엇이었나요?,잘 모르겠음,라면,김밥,샌드위치,김밥,3,165
인생에서의 소중한 순간들,가장 행복했던 순간,170,"며칠 전 친구들과 함께 작은 생일 파티를 준비했는데, 가족들은 몰래 케이크와 사진첩을 준비해두었더라. 촛불을 끄는 순간 모두가 노래를 불러줬고, 오랜만에 다 함께 모여 예전 추억을 이야기하며 웃었던 그 시간이 너무 소중하게 느껴졌다. 나를 위해 준비해준 정성과 따뜻한 분위기 덕분에 마음이 꽉 차는 행복을 느꼈다.",발화자가 촛불을 끌 때 주변 사람들은 무엇을 했나요?,잘 모르겠음,선물을 전달했다,노래를 불러줬다,사진을 찍었다,노래를 불러줬다,3,132
인생에서의 소중한 순간들,가장 행복했던 순간,170,"며칠 전 친구들과 오랜만에 산책 겸 소풍을 다녀왔다. 벚꽃이 만개한 공원에서 다같이 돗자리를 펴고 준비해 온 도시락을 나눠 먹었다. 서로의 근황을 이야기하며 웃음이 끊이지 않았고, 갑자기 친구 중 한 명이 기타를 꺼내 연주를 시작했다. 모두가 함께 노래를 따라 부르던 그 순간, 일상의 걱정이 사라지고 마음이 따뜻해지는 진짜 행복을 느꼈다.",발화자가 공원에서 친구들과 함께한 활동으로 언급하지 않은 것은 무엇인가요?,잘 모르겠음,돗자리 펴기,도시락 나누기,자전거 타기,자전거 타기,4,142
인생에서의 소중한 순간들,가장 후회되었던 순간,170,"며칠 전 친구와 다퉜던 기억이 자꾸 떠오른다. 그날은 내 기분이 몹시 나빴는데, 친구가 걱정하며 다가왔을 때 짜증 섞인 말을 해버렸다. 그 순간엔 사소한 일이라 생각했지만, 친구 얼굴이 서운하게 굳어가는 걸 보고야 말았다. 그 뒤로 연락이 뜸해져 마음이 무거웠다. 미안하다는 말을 바로 하지 못한 게 가장 후회된다. 만약 시간을 돌릴 수 있다면, 감정에 휩쓸리지 않고 내 진심을 먼저 전했을 것 같다.",화자가 가장 후회하는 이유는 무엇인가요?,잘 모르겠음,친구에게 선물을 주지 않아서,감정적으로 친구에게 짜증을 내고 미안하다고 바로 말하지 못해서,친구와 연락을 자주 하지 않아서,감정적으로 친구에게 짜증을 내고 미안하다고 바로 말하지 못해서,3,165
인생에서의 소중한 순간들,가장 후회되었던 순간,170,"며칠 전, 친구의 생일파티에 초대받았지만 일이 너무 바빠서 잠깐 들렀다가 바로 나와버렸다. 그날 친구가 나에게 꼭 전하고 싶었던 이야기가 있었다는 사실을 나중에 알게 되었다. 이후로 친구와 자주 연락하지 못했고, 그때 조금만 더 시간을 냈더라면 친구의 마음을 더 잘 이해할 수 있었을 텐데 하는 후회가 남는다. 소중한 사람들과의 시간을 소홀히 한 것이 내 인생에서 가장 후회되는 순간 중 하나로 남아 있다.",화자가 친구의 생일파티에서 놓친 것은 무엇이었나요?,잘 모르겠음,친구가 준비한 음식 맛보기,친구가 전하고 싶었던 이야기 듣기,생일파티에서 사진 찍기,친구가 전하고 싶었던 이야기 듣기,3,168
인생에서의 소중한 순간들,가장 후회되었던 순간,170,"며칠 전 친구와의 약속에 늦게 도착했던 일이 계속 마음에 남는다. 원래는 중요한 이야기를 나누기로 한 날이었는데, 내가 늦잠을 자는 바람에 급하게 준비해서 약속 시간보다 30분이나 늦었다. 친구는 이미 카페에서 나를 기다리고 있었고, 표정이 밝지 않았다. 그날 나는 사과했지만 친구가 오랫동안 준비해온 이야기를 제대로 듣지 못하고 대화가 어색하게 끝나버렸다. 집에 돌아오면서 내 실수로 소중한 순간을 놓쳤다는 생각에 많이 후회했다.",화자는 친구와의 약속에서 어떤 이유로 후회하는 마음이 들었는가?,잘 모르겠음,친구가 선물을 준비하지 않아서,약속에 늦어 대화가 어색해져서,카페가 너무 붐벼서 자리를 못 잡아서,약속에 늦어 대화가 어색해져서,3,184
인생에서의 소중한 순간들,가장 후회되었던 순간,170,"며칠 전, 친구의 중요한 발표가 있는 날이었는데, 업무에 치여 연락을 못 하고 지나쳐버렸다. 친구가 많이 긴장했다는 걸 알면서도 그날 제대로 응원 메시지 하나 보내지 못한 게 마음에 계속 남는다. 나중에 친구가 발표가 끝난 후 연락해줘서 그제서야 축하해줬지만, 정작 필요할 때 곁에 있지 못한 점이 자꾸 아쉽고 미안하다. 다음엔 소중한 사람의 중요한 순간을 절대 놓치지 않겠다고 다짐하게 되었다.",화자는 친구의 중요한 발표가 있던 날 무엇을 하지 못해 후회하고 있나요?,잘 모르겠음,친구와 발표 연습을 하지 못했다,응원 메시지를 보내지 못했다,발표장에 직접 가지 못했다,응원 메시지를 보내지 못했다,3,165
인생에서의 소중한 순간들,어릴 적 기억에 남는 순간,170,"동네 작은 공원에서 친구들과 숨바꼭질을 하던 어느 저녁이 지금도 생생하게 떠오른다. 숨을 곳을 찾다 보니 미끄럼틀 아래에 들어가게 되었는데, 친구들이 나를 한참 동안 못 찾는 바람에 혼자 조용히 두근거리며 기다렸다. 그때 엄마가 공원에 오셔서 저녁 먹으라고 부르는 소리가 들려서야 친구들이 내 숨은 곳을 알게 되었고, 다 함께 깔깔대며 집으로 달려갔다. 그날의 설렘과 따뜻한 공기, 엄마의 목소리가 오래도록 내 기억에 남아 있다.",발화에서 화자가 숨바꼭질을 하며 숨었던 곳은 어디였나요?,잘 모르겠음,그네 아래,미끄럼틀 아래,벤치 뒤,미끄럼틀 아래,3,180
인생에서의 소중한 순간들,어릴 적 기억에 남는 순간,170,"학교가 끝난 뒤 친구들과 공원에서 숨바꼭질을 하던 어느 날, 갑자기 비가 쏟아졌어요. 모두 비를 피해 달리던 중 미끄러져서 넘어졌는데, 친구들이 달려와 저를 일으켜 세워주며 함께 웃었던 순간이 아직도 선명하게 기억나요. 그날 집에 돌아가 옷이 다 젖었지만, 친구들과의 우정이 참 소중하다는 생각이 들었던 특별한 하루였어요.",발화자가 공원에서 겪은 일로 맞는 것은 무엇인가요?,잘 모르겠음,혼자 비를 맞으며 집에 갔다,미끄러져 넘어졌지만 친구들이 도와줬다,비가 오기 전에 집에 도착했다,미끄러져 넘어졌지만 친구들이 도와줬다,3,137
인생에서의 소중한 순간들,어릴 적 기억에 남는 순간,170,"한여름에 사촌들과 시골 외할머니 집에 모여 밤늦게까지 매미 소리를 들으며 마당에서 놀던 기억이 아직도 선명하다. 외할머니가 직접 수박을 잘라 오셔서 모두 둘러앉아 먹었는데, 별이 유난히 많았던 그 밤이 너무 신기해서 한참을 하늘만 바라봤다. 그때 느꼈던 바람과 수박의 달콤함, 사촌들과의 웃음소리가 아직도 내 마음에 소중하게 남아 있다.",어릴 적 발화자가 사촌들과 외할머니 집에서 특별히 기억에 남았던 활동은 무엇이었나요?,잘 모르겠음,낚시를 하며 놀았다,수박을 먹으며 별을 보았다,강가에서 수영을 했다,수박을 먹으며 별을 보았다,3,143
인생에서의 소중한 순간들,어릴 적 기억에 남는 순간,170,"평소와 다름없이 학교를 마치고 집에 돌아왔을 때, 엄마가 손수 만든 초콜릿 케이크를 식탁 위에 올려두셨던 날이 떠오른다. 생일도 아니었고 특별한 기념일도 아니었지만, 엄마는 오늘 내가 시험을 잘 봤다고 작은 축하를 해주셨다. 그때 엄마와 함께 웃으며 케이크를 나눠 먹었던 순간이 아직도 따뜻하게 기억 속에 남아 있다.",내가 집에 돌아왔을 때 식탁 위에 있었던 것은 무엇이었나요?,잘 모르겠음,사과 파이,초콜릿 케이크,치즈 케이크,초콜릿 케이크,3,133
인생에서의 소중한 순간들,인생을 바꾼 순간,170,"며칠 전, 평소와 다름없이 출근 준비를 하다가 갑자기 오래된 친구에게서 연락이 왔다. 오랜만에 만난 우리는 서로의 고민을 나누며 밤늦게까지 대화를 이어갔다. 친구의 진심 어린 조언 덕분에 늘 망설였던 새로운 분야에 도전하기로 결심했다. 그날의 대화가 내 삶에 큰 전환점이 되어, 지금은 이전보다 훨씬 더 자신감 있게 하루하루를 살아가고 있다.","발화 내용에 따르면, 화자가 인생의 전환점을 맞게 된 계기는 무엇이었나요?",잘 모르겠음,직장 상사의 격려,오랜 친구와의 대화,가족과의 여행,오랜 친구와의 대화,3,144
인생에서의 소중한 순간들,인생을 바꾼 순간,170,"며칠 전 친구와 우연히 오래된 동네 서점을 찾게 되었는데, 그곳에서 평소라면 절대 고르지 않을 책 한 권을 집어 들었다. 책을 읽다 보니 나 자신에 대해 생각하게 되었고, 결국 평소 망설이던 진로 변경을 결심하게 되었다. 책 속 한 문장이 내 마음을 크게 흔들었고, 집에 돌아와 가족에게도 처음으로 내 속마음을 솔직하게 털어놓았다. 그날 이후로 마음이 한결 가벼워졌고, 앞으로의 인생을 새롭게 그려볼 용기가 생겼다.",발화자는 어떤 계기로 진로 변경을 결심하게 되었나요?,잘 모르겠음,친구의 권유로,책 속 한 문장에 감동받아서,가족의 조언을 듣고,책 속 한 문장에 감동받아서,3,172
인생에서의 소중한 순간들,인생을 바꾼 순간,170,"얼마 전 친구가 갑작스럽게 여행을 가자고 제안했을 때 망설이다가 결국 따라나섰던 기억이 또렷하다. 평소와 다른 일상에서 벗어나 바닷가에서 해질 무렵 파도 소리를 들으며 친구와 진지한 이야기를 나눴던 그 시간이 내 생각과 태도에 큰 변화를 주었다. 그날 이후 나는 순간순간을 더 소중하게 여기기로 마음먹었고, 이전보다 주저하지 않고 다양한 도전을 시작하게 됐다.",화자가 인생을 바꾸는 계기가 된 특별한 대화를 나눈 장소는 어디였습니까?,잘 모르겠음,도서관,바닷가,카페,바닷가,3,152
인생에서의 소중한 순간들,인생을 바꾼 순간,170,"며칠 전, 우연히 친구에게서 오래된 기타를 선물 받았다. 사실 악기를 제대로 배워본 적도 없고, 손재주도 없는 편이라 처음엔 망설였지만, 친구가 응원해준 덕분에 밤마다 조금씩 연습하기 시작했다. 시간이 지나면서 서툴게나마 한 곡을 완주했을 때, 내 안에 자신감이 피어나는 게 느껴졌다. 그날 이후로 새로운 것에 도전하는 데 두려움이 줄어들었고, 내 인생에 긍정적인 변화가 찾아온 것 같다.",내가 최근에 친구에게 선물 받은 것은 무엇이었나요?,잘 모르겠음,책,기타,카메라,기타,3,164
소소한 행복,나만의 휴식 방법,170,요즘 스트레스를 많이 받아서 잠깐이라도 쉴 수 있는 시간이 필요하다고 느꼈다. 그래서 주말마다 집 근처에 있는 조용한 공원을 찾는다. 벤치에 앉아 따뜻한 커피 한 잔을 마시며 좋아하는 음악을 이어폰으로 듣는 시간이 나에게는 정말 큰 위로가 된다. 바람이 살랑살랑 불어오는 날에는 잠시 눈을 감고 깊게 숨을 쉬기도 한다. 이런 작은 휴식이 쌓여서 한 주를 다시 힘내서 시작할 수 있게 해준다.,화자는 어떤 장소에서 휴식을 취한다고 했나요?,잘 모르겠음,집 안에서,조용한 공원,카페,조용한 공원,3,160
소소한 행복,나만의 휴식 방법,170,평소 일이 많아 머리가 복잡할 때마다 집 근처 작은 공원에 가서 산책을 한다. 벤치에 앉아 이어폰으로 좋아하는 음악을 들으며 눈앞에 펼쳐진 연못을 바라보면 마음이 자연스럽게 차분해진다. 특히 비가 내린 뒤 촉촉한 흙냄새와 나뭇잎에 맺힌 물방울을 볼 때면 머릿속이 환해지는 느낌이다. 이런 시간 덕분에 다시 힘을 낼 수 있다는 사실이 늘 고맙다.,내가 공원에서 마음이 차분해지는 데 도움이 된다고 언급한 것은 무엇인가요?,잘 모르겠음,공원의 커피숍,연못 풍경과 음악,운동 기구,연못 풍경과 음악,3,142
소소한 행복,나만의 휴식 방법,170,"점심시간이 끝난 후 사무실이 잠시 조용해질 때면, 나는 작은 커피포트를 꺼내 직접 원두를 갈아 커피를 내린다. 따뜻한 머그잔을 손에 쥐고 창밖을 바라보면 짧지만 깊은 평온이 느껴진다. 동료들이 바쁘게 지나다니는 와중에도 그 순간만큼은 시간의 흐름이 느려지는 듯해, 머릿속이 맑아지고 다시 일할 힘이 생긴다. 나만의 이런 소소한 휴식 방법 덕분에 일상에 지치지 않을 수 있는 것 같다.",발화자가 일상 속에서 평온함을 느끼는 구체적인 행동은 무엇인가요?,잘 모르겠음,음악을 들으며 산책을 한다,직접 커피를 내려 마시며 창밖을 바라본다,책을 읽으며 소파에 앉아 쉰다,직접 커피를 내려 마시며 창밖을 바라본다,3,160
소소한 행복,나만의 휴식 방법,170,"집에서 혼자 있을 때면 주방 창문을 열어두고 따뜻한 허브차를 우려 마시는 시간을 가장 좋아한다. 은은한 허브향이 방 안에 퍼지면 자연스럽게 마음이 차분해지고, 좋아하는 음악을 작게 틀어놓으면 온전히 나만을 위한 작은 카페가 된 것 같다. 그 순간만큼은 어떤 걱정도 잠시 내려놓을 수 있어서, 짧지만 확실한 휴식이 된다.",내가 집에서 혼자 휴식을 취할 때 주방에서 하는 일은 무엇이었나요?,잘 모르겠음,창문을 닫고 책을 읽는다,허브차를 우려 마신다,창문을 닫고 음악을 크게 튼다,허브차를 우려 마신다,3,133
소소한 행복,따뜻한 차 한 잔에 대한 소감,170,"며칠 전 퇴근길에 갑자기 비가 쏟아져서 옷이 다 젖었는데, 집에 도착하자마자 작은 머그컵에 진하게 우린 유자차를 마셨어요. 손에 컵을 감싸 쥐고 따뜻한 향이 코끝을 감돌 때, 하루의 피곤함이 조금씩 녹아내리는 기분이 들더라고요. 조용히 빗소리를 들으며 한 모금씩 천천히 마시다 보니, 평소엔 느끼지 못했던 소소한 행복이 밀려와서 한참을 미소 지었답니다.",발화에서 화자가 집에 도착해서 마신 차는 무엇이었나요?,잘 모르겠음,홍차,유자차,녹차,유자차,3,149
소소한 행복,따뜻한 차 한 잔에 대한 소감,170,"창밖에 빗방울이 조용히 떨어지는 날이었어요. 평소처럼 분주하게 하루를 보내다가 잠시 쉬려고 주방에 들어가 따뜻한 캐모마일 차를 우렸죠. 찻잔을 두 손으로 감싸 안으니 손끝에 온기가 전해졌고, 향긋한 내음에 마음이 편안해졌어요. 잠깐이지만 그 순간만큼은 복잡했던 생각도 내려놓고, 오롯이 나에게 집중할 수 있었답니다.",따뜻한 차를 마시며 느꼈던 주된 감정은 무엇이었나요?,잘 모르겠음,분주함,편안함,지루함,편안함,3,137
소소한 행복,따뜻한 차 한 잔에 대한 소감,170,"창밖에 비가 부슬부슬 내리던 날, 평소 잘 마시지 않던 캐모마일 차를 꺼내 조용히 우려보았다. 은은한 꽃향기가 퍼지면서 마음까지 차분해지는 느낌이었다. 소파에 앉아 잔을 손에 쥐고 천천히 한 모금 마시자, 그 따스함이 손끝과 가슴 속까지 전해졌다. 아무 말 없이 창밖 풍경을 바라보다 보니, 이런 평범한 순간이 큰 위로가 된다는 사실을 새삼 깨달았다.",화자는 어떤 차를 마시며 마음이 차분해지는 느낌을 받았나요?,잘 모르겠음,녹차,캐모마일 차,홍차,캐모마일 차,3,146
소소한 행복,따뜻한 차 한 잔에 대한 소감,170,"창밖으로 빗방울이 부드럽게 떨어지던 어느 오후, 오랜만에 찬장 깊숙이 넣어둔 허브차를 꺼내어 우려보았다. 물에 잎이 천천히 퍼지며 은은한 향이 퍼질 때, 마음이 조금씩 가라앉는 느낌이었다. 평소 같았으면 커피를 택했겠지만, 오늘따라 그 부드러운 허브향이 무척이나 위로가 되었다. 따뜻한 잔을 두 손으로 감싸 쥐고 조용히 창밖을 바라보며, 비 오는 날만의 특별한 여유를 만끽했다.",화자는 어떤 상황에서 허브차를 마시게 되었나요?,잘 모르겠음,친구와의 약속 후에,창밖에 비가 오는 오후에,운동을 마친 뒤에,창밖에 비가 오는 오후에,3,161
소소한 행복,자연을 바라보며 느낀 행복,170,"며칠 전, 창가에 앉아 책을 읽다가 갑자기 창밖 풍경에 시선이 머물렀다. 빗방울이 잔잔하게 떨어지며 나뭇잎에 맺히는 모습이 마치 투명한 구슬 같았다. 잠시 책을 내려놓고 빗소리를 들으며, 평소엔 무심히 지나쳤던 창밖의 풍경이 이렇게 아름답다는 사실이 새삼 느껴졌다. 마음 한켠이 따뜻해지고, 설명할 수 없는 소소한 행복이 밀려왔다.",내가 창밖 풍경에서 특별히 아름답다고 느낀 것은 무엇이었나요?,잘 모르겠음,눈 내리는 거리,나뭇잎에 맺힌 빗방울,붉게 물든 노을,나뭇잎에 맺힌 빗방울,3,141
소소한 행복,자연을 바라보며 느낀 행복,170,"창밖으로 부드럽게 내리는 봄비를 바라보며 따뜻한 차 한 잔을 마셨다. 빗방울이 잔잔하게 창문을 두드리는 소리에 마음이 차분해지고, 그 소리와 함께 퍼지는 흙내음에 어릴 적 비오는 날 우산을 쓰고 뛰놀던 기억이 떠올랐다. 바쁘게만 느껴지던 하루가 잠시 멈춘 것 같아, 작은 자연의 변화가 주는 평온함에 감사함을 느꼈다.",화자는 빗소리를 들으며 무엇을 마셨나요?,잘 모르겠음,커피,따뜻한 차,주스,따뜻한 차,3,133
소소한 행복,자연을 바라보며 느낀 행복,170,"창밖을 내다보니 예상치 못하게 무지개가 떠 있어서 잠시 모든 일을 멈추고 바라봤다. 갑자기 마음이 한결 가벼워지고, 어릴 적 친구들과 빗속에서 뛰놀던 추억까지 떠올랐다. 짧은 순간이었지만, 무지개가 사라질 때까지 창가에 서서 그 색깔을 하나씩 세어보며 조용히 웃었다. 바쁜 일상 속에서 이렇게 우연히 마주치는 자연의 선물 덕분에 오늘 하루가 조금 더 특별해진 것 같았다.",화자가 창밖에서 본 자연 현상은 무엇이었나요?,잘 모르겠음,벚꽃,무지개,눈보라,무지개,3,156
소소한 행복,자연을 바라보며 느낀 행복,170,"창밖을 바라보다가 갑자기 빗방울이 창문을 두드리는 소리에 마음이 차분해졌다. 평소엔 바쁜 일상에 치여 창밖 풍경을 잘 보지 못했는데, 오늘은 빗소리와 함께 잎사귀 위로 맺힌 물방울이 반짝이는 모습을 오랜만에 여유롭게 감상했다. 그 순간 잠시 모든 걱정이 사라지고, 그냥 자연을 바라보는 것만으로도 설명할 수 없는 편안함과 행복이 느껴졌다.",창밖을 바라보던 중 화자가 마음이 차분해진 이유는 무엇이었나요?,잘 모르겠음,창밖에 무지개가 떠서,빗방울이 창문을 두드리는 소리를 들으며 자연을 감상해서,햇빛이 강하게 내리쬐어서,빗방울이 창문을 두드리는 소리를 들으며 자연을 감상해서,3,144
소소한 행복,즐거운 산책 경험,170,"창밖으로 부는 바람에 마음이 괜히 들떠서 집 근처 작은 공원까지 걸어가 보기로 했다. 평소 잘 가지 않던 골목길을 천천히 걷다 보니, 담장 너머로 고양이 한 마리가 느긋하게 햇볕을 쬐고 있었다. 벤치에 앉아 따뜻한 커피를 마시며 지나가는 사람들과 인사를 나누니, 별다른 일이 없어도 기분이 좋아지는 걸 느꼈다. 바람, 햇살, 커피 그리고 우연히 마주친 고양이 덕분에 오늘이 오랫동안 기억에 남을 것 같다.",내가 산책 중에 벤치에 앉아서 했던 일은 무엇이었나요?,잘 모르겠음,친구와 통화했다.,따뜻한 커피를 마셨다.,책을 읽었다.,따뜻한 커피를 마셨다.,3,167
소소한 행복,즐거운 산책 경험,170,"최근에 친구와 함께 동네 뒷산을 산책한 기억이 유난히 오래 남는다. 평소에는 혼자 걸으며 음악을 듣곤 했는데, 그날은 친구와 도란도란 이야기를 나누며 천천히 걸었다. 산책로 옆에 핀 노란 들꽃을 발견하고, 잠시 멈춰서 사진도 찍었다. 나무 사이로 스며드는 햇살이 따뜻했고, 바람에 흔들리는 나뭇잎 소리가 마음을 편안하게 해주었다. 산책이 끝나고 집에 돌아오는 길에 친구가 사준 아이스커피까지 마시니 작은 행복이 크게 느껴졌다.",산책 중에 친구와 함께 했던 특별한 활동은 무엇이었나요?,잘 모르겠음,노란 들꽃을 발견하고 사진을 찍었다.,나무 위에서 새를 관찰했다.,운동장에 가서 달리기를 했다.,노란 들꽃을 발견하고 사진을 찍었다.,2,181
소소한 행복,즐거운 산책 경험,170,"며칠 전, 해 질 무렵 동네 작은 공원을 따라 걷다가 우연히 이름 모를 새가 나뭇가지 위에서 노래하는 모습을 보게 되었어. 산책길에 이어진 벤치에 앉아 새소리를 한동안 들으니 마음이 맑아지고, 평소엔 지나치던 꽃들도 유난히 눈에 들어왔지. 이 날따라 서늘한 바람과 함께 공원길을 걷는 동안 스트레스가 저절로 풀리는 기분이 들어서, 앞으로 자주 이렇게 시간을 보내야겠다고 다짐했어.",산책 중 화자가 벤치에 앉아 들은 것은 무엇이었나요?,잘 모르겠음,강아지 짖는 소리,새가 노래하는 소리,아이들이 떠드는 소리,새가 노래하는 소리,3,159
소소한 행복,즐거운 산책 경험,170,"최근에 일이 많아서 머리가 복잡했는데, 갑자기 창밖으로 해가 예쁘게 비치는 걸 보고 무작정 집 근처 공원으로 나가 산책을 했어. 벚꽃이 거의 다 졌지만 바람에 꽃잎 몇 장이 흩날리더라고. 이어폰으로 평소 즐겨 듣던 재즈 음악을 틀고 천천히 걷다 보니, 우연히 강아지를 산책시키던 아주머니와 인사도 나누게 되었지. 잠깐이라도 이런 평범한 순간이 참 소중하다는 생각이 들었어.",산책 도중에 화자는 어떤 음악을 들었나요?,잘 모르겠음,팝 음악,재즈 음악,클래식 음악,재즈 음악,3,156
소소한 행복,집에서 하루 종일 보낸 날,170,"며칠 전, 창밖에 비가 내리는 소리를 들으며 집에서만 시간을 보냈다. 평소라면 약속이나 외출 계획이 있었겠지만, 이날은 일부러 아무것도 하지 않기로 마음먹었다. 오전에는 따뜻한 커피 한 잔을 마시며 소파에 앉아 좋아하는 책을 읽었고, 점심은 냉장고에 있던 재료로 간단하게 파스타를 만들어 먹었다. 오후에는 잠시 낮잠을 잔 뒤, 좋아하는 음악을 틀고 창밖을 바라보며 여유롭게 시간을 보냈다. 이런 소박한 하루가 오히려 마음을 더 풍요롭게 해준 것 같아 뿌듯했다.","집에서 하루를 보내던 날, 점심 식사로 무엇을 만들어 먹었는가?",잘 모르겠음,볶음밥,파스타,샌드위치,파스타,3,194
소소한 행복,집에서 하루 종일 보낸 날,170,"주말에 친구들과의 약속이 갑자기 취소되어 혼자 집에서 시간을 보내게 되었어요. 처음엔 심심할까 걱정했지만, 오랜만에 좋아하는 음악을 크게 틀고 청소도 하고, 점심엔 냉장고에 남아있던 재료로 김치볶음밥을 만들어 먹었어요. 오후에는 소파에 누워 읽고 싶었던 소설을 한참 읽다가 잠깐 낮잠도 잤죠. 저녁에는 직접 만든 감자튀김과 탄산수를 마시면서 영화를 감상했는데, 평소엔 느끼지 못했던 여유와 편안함이 참 소중하게 느껴진 하루였어요.",집에서 보낸 하루 중 낮잠을 자기 전에 했던 일은 무엇이었나요?,잘 모르겠음,감자튀김 만들기,소설 읽기,영화 감상하기,소설 읽기,3,186
소소한 행복,집에서 하루 종일 보낸 날,170,"비가 내린 덕분에 집에서 조용히 보내기로 결심했다. 창밖을 바라보며 따뜻한 커피 한 잔을 마시고, 평소에 미뤄뒀던 소설을 한 챕터씩 읽었다. 점심은 냉장고에 남은 재료로 오랜만에 오믈렛을 만들어보았는데, 예전보다 훨씬 부드럽게 완성되어 혼자 감탄했다. 오후에는 좋아하는 노래를 틀어놓고 손글씨로 일기장을 채우니 어느새 마음이 가벼워지는 듯했다.",오늘 내가 점심으로 직접 만들어 먹은 음식은 무엇이었나요?,잘 모르겠음,김치볶음밥,오믈렛,라면,오믈렛,3,149
소소한 행복,집에서 하루 종일 보낸 날,170,"창밖으로 비가 내리는 것을 바라보며 집에서 조용히 보내는 하루가 생각보다 즐거웠다. 평소엔 바쁘게만 지냈는데, 오늘은 좋아하는 커피를 직접 내려 마시고, 오래 미뤄둔 소설을 천천히 읽을 수 있었다. 점심엔 냉장고 속 재료로 오므라이스를 만들어 먹었는데, 생각보다 맛있어서 혼자 감탄했다. 저녁에는 불을 끄고 잔잔한 음악을 틀어놓으니, 마음이 편안해졌다. 밖에 나가지 않아도 이런 하루가 주는 소소한 행복이 참 소중하게 느껴졌다.",화자는 집에서 어떤 음식을 직접 만들어 먹으며 혼자 감탄했다고 했나요?,잘 모르겠음,카레라이스,오므라이스,파스타,오므라이스,3,183
일상 중 발견한 아름다움,음식에서 발견한 아름다움,170,"늦은 오후에 시장을 산책하다가 작고 소박한 제과점에 들렀다. 진열대 위에 줄지어 놓인 딸기타르트의 붉은 빛깔과 반짝이는 유약이 유독 눈에 들어왔다. 타르트를 한 입 베어 무는 순간, 바삭한 타르트지와 부드러운 커스터드, 신선한 딸기가 어우러져 입안에서 조화롭게 녹아내렸다. 그 섬세한 단맛과 촉촉함 덕분에 평범했던 하루가 특별하게 느껴졌다. 디저트 한 조각이 이렇게 기분을 바꿔줄 수 있다는 게 참 신기했다.",제과점에서 내가 가장 인상 깊게 본 디저트는 무엇이었나요?,잘 모르겠음,초콜릿케이크,딸기타르트,마카롱,초콜릿케이크,2,173
일상 중 발견한 아름다움,음식에서 발견한 아름다움,170,"비 오는 날 저녁, 갑자기 파전이 먹고 싶어서 재료를 사러 갔어요. 파를 얇게 썰고 반죽에 잘 섞으니 초록색 줄무늬가 예쁘게 드러나더라고요. 노릇하게 구워지는 동안 고소한 냄새와 함께 파의 색이 더 선명해지는 걸 보니, 음식에도 이런 조화로운 아름다움이 있구나 새삼 느꼈어요.",발화자가 파전을 만들 때 아름다움을 느낀 구체적인 순간은 언제였나요?,잘 모르겠음,파를 사러 갈 때,파를 얇게 썰 때,파의 색이 반죽에서 더 선명해지는 것을 볼 때,파의 색이 반죽에서 더 선명해지는 것을 볼 때,4,115
일상 중 발견한 아름다움,음식에서 발견한 아름다움,170,"창밖에 비가 내리던 어느 저녁, 혼자서 직접 만든 비빔국수를 먹었다. 고명으로 올린 오이와 당근이 면 위에서 알록달록 빛났고, 고추장 양념이 면발에 골고루 퍼지며 식욕을 자극했다. 한 젓가락 집어 먹을 때마다 매콤함과 신선한 채소의 조화가 입안에 퍼졌고, 그 맛과 색감 덕분에 평범한 식탁이 순간 미술관처럼 느껴졌다. 음식이 이렇게까지 아름답게 보일 수 있다는 사실에 새삼 놀라며, 식사를 마칠 때까지 눈과 입이 모두 행복했다.","비가 오는 저녁, 발화자가 비빔국수를 먹으면서 아름다움을 느낀 주된 이유는 무엇이었나요?",잘 모르겠음,비빔국수의 고명에서 다양한 색감이 느껴져서,창밖 풍경이 멋져서,따뜻한 국물이 있어서,비빔국수의 고명에서 다양한 색감이 느껴져서,2,179
일상 중 발견한 아름다움,음식에서 발견한 아름다움,170,"며칠 전 친구와 함께 작은 골목에 위치한 이탈리안 레스토랑을 방문했다. 처음 접한 바질 페스토 파스타가 유난히 인상적이었다. 고운 초록빛 소스가 면을 감싸는 모습이 마치 화가가 캔버스에 물감을 펼쳐놓은 것처럼 아름다웠다. 한입 먹는 순간 상큼한 바질 향과 고소한 치즈, 올리브유가 어우러져 감탄이 절로 나왔다. 음식이 단순히 맛뿐 아니라 시각적으로도 사람의 마음을 움직일 수 있다는 걸 새삼 느꼈다.",화자가 골목 레스토랑에서 먹고 감탄한 요리는 무엇이었나요?,잘 모르겠음,까르보나라 파스타,바질 페스토 파스타,마르게리타 피자,바질 페스토 파스타,3,168
일상 중 발견한 아름다움,자연에서 발견한 아름다움,170,"창밖을 바라보다가 우연히 작은 새 한 마리가 화단에 내려앉는 모습을 보았다. 그 새는 초록빛이 도는 회색 깃털을 가지고 있었고, 햇살을 받으며 몸을 부드럽게 털었다. 잠시 후 나뭇잎 위로 물방울이 반짝이는 것이 눈에 들어왔는데, 마치 작은 보석처럼 빛나서 한동안 넋을 놓고 바라보게 되었다. 바람이 불 때마다 나뭇잎과 물방울이 함께 흔들리며 햇빛을 반사하는 모습이 정말 인상적이었다.",화단에서 내려앉은 새의 깃털 색깔은 무엇이었나요?,잘 모르겠음,노란색과 흰색,초록빛이 도는 회색,파란색과 검은색,초록빛이 도는 회색,3,161
일상 중 발견한 아름다움,자연에서 발견한 아름다움,170,"창밖으로 비가 부슬부슬 내리던 어느 날, 우산을 쓰고 집 근처 공원 산책을 나갔어요. 평소에는 그냥 지나치던 작은 연못에 빗방울이 동그랗게 퍼지며 물결을 만들어내는 모습이 눈에 들어왔죠. 그 순간 연못 위를 유유히 지나가는 흰 오리 한 마리가 비에 젖은 깃털을 부드럽게 털며, 고요한 분위기에 특별한 평화를 선사했어요. 비와 오리, 그리고 연못이 만들어낸 장면이 마치 한 폭의 그림처럼 느껴졌답니다.",비 오는 날 연못에서 주인공이 본 동물은 무엇이었나요?,잘 모르겠음,고양이,오리,강아지,오리,3,167
일상 중 발견한 아름다움,자연에서 발견한 아름다움,170,"산책을 하던 중 갑자기 하늘에서 비가 내리기 시작했다. 우산이 없어서 잠깐 나무 아래로 피했는데, 그 순간 빗방울이 나뭇잎에 맺혀 반짝거리는 모습을 가까이서 볼 수 있었다. 무심코 지나쳤던 잎과 물방울이 햇빛에 반사되어 마치 작은 보석처럼 느껴졌다. 그 조용한 순간, 비와 나뭇잎이 만들어낸 조화가 마음을 편안하게 해주었다. 평소라면 그냥 지나쳤을 작은 풍경에 오늘은 깊이 감탄했다.",비를 피하기 위해 화자는 어디에 잠시 머물렀나요?,잘 모르겠음,버스 정류장,카페 안,나무 아래,나무 아래,4,162
일상 중 발견한 아름다움,자연에서 발견한 아름다움,170,"며칠 전 퇴근길에 동네 작은 공원을 지나다가 우연히 연못가에 앉아 있는 청둥오리 한 쌍을 발견했다. 바람에 흔들리는 연잎 사이로 잔잔한 물결이 퍼지고, 오리들이 서로 부리로 깃털을 다듬는 모습이 정말 평화로워 보였다. 순간 복잡했던 하루의 피로가 스르르 풀리는 기분이 들어 잠시 발걸음을 멈추고 그 모습을 오래 바라보았다.",화자는 공원 연못가에서 어떤 동물을 발견하고 잠시 발걸음을 멈췄나요?,잘 모르겠음,청둥오리,고양이,참새,청둥오리,2,135
일상 중 발견한 아름다움,주변 사람들에서 보였던 아름다움,170,"비 오는 날, 회사에서 우산을 두고 온 동료가 곤란해하는 모습을 보았다. 마침 내가 우산을 두 개 가지고 있어서 한 개를 건넸더니 동료는 고마워하며 미소를 지었다. 그런데 동료는 이후에도 다른 사람에게 늘 먼저 손을 내밀고 작은 도움을 아끼지 않았다. 그런 모습을 보면서 평소에는 잘 느끼지 못했던, 주변에 있는 사람의 따뜻한 마음이 정말 아름답게 느껴졌다.",발화에서 화자가 동료에게 우산을 건네준 후 동료가 보인 행동으로 알맞은 것은?,잘 모르겠음,다음 날 화자에게 선물을 주었다.,다른 사람에게도 먼저 도우려는 모습을 보였다.,회사에 우산을 두고 다니지 않게 되었다.,다른 사람에게도 먼저 도우려는 모습을 보였다.,3,148
일상 중 발견한 아름다움,주변 사람들에서 보였던 아름다움,170,"며칠 전 퇴근길에 지하철에서 우연히 자리에 앉아 있던 한 아주머니를 봤다. 어떤 젊은 남성이 무거운 짐을 들고 힘들어하는 걸 보고 아주머니가 먼저 자리에서 일어나 그에게 자리를 양보했다. 젊은 남성은 잠시 머뭇거리다가 감사하다는 인사를 하고 앉았다. 주변 사람들은 조용했지만, 모두가 그 따뜻한 행동을 눈으로 지켜보며 미소를 지었다. 그날 그 모습을 보고 나 역시 작은 배려 하나가 얼마나 큰 힘이 되는지 다시금 느꼈다.",지하철에서 아주머니가 젊은 남성에게 해 준 행동은 무엇이었나요?,잘 모르겠음,음료수를 건넸다,자리를 양보했다,짐을 대신 들어주었다,자리를 양보했다,3,175
일상 중 발견한 아름다움,주변 사람들에서 보였던 아름다움,170,"며칠 전 친구와 저녁을 먹고 집에 가는 길에 갑자기 비가 쏟아졌어요. 저는 우산이 없어서 당황했는데, 옆에서 낯선 분이 말없이 자신의 우산을 반으로 접어 저와 함께 써 주셨어요. 짧은 순간이었지만 그분의 배려와 따뜻함에 마음이 뭉클해졌죠. 평소 무심하게 지나쳤던 작은 친절이 이렇게 큰 감동이 될 수 있다는 걸 그날 처음 실감했어요. 그날 이후 저도 누군가에게 작은 배려를 실천하려고 노력하고 있습니다.",비가 올 때 우산을 나눠 써 준 사람은 누구였나요?,잘 모르겠음,친구,가족,낯선 사람,낯선 사람,4,168
일상 중 발견한 아름다움,주변 사람들에서 보였던 아름다움,170,"창밖으로 비가 내리던 어느 늦은 오후, 회사 동료 민수와 함께 야근을 하게 되었다. 모두가 피곤해하는 분위기였지만, 민수는 조용히 커피를 내려와 동료들에게 한 잔씩 건넸다. 특별히 말하지 않아도 서로를 배려하는 그의 작은 행동이 눈에 띄었고, 그 순간 민수의 마음 씀씀이에서 소소한 아름다움을 느꼈다. 힘든 날이었지만 민수 덕분에 사무실 분위기가 한결 따뜻해져, 평소에는 지나쳤던 동료의 진심 어린 배려가 얼마나 큰 힘이 되는지 새삼 깨달았다.","비가 오던 늦은 오후, 민수는 회사에서 어떤 행동으로 아름다움을 보여주었나요?",잘 모르겠음,모두에게 간식을 나누어줌,커피를 내려 동료들에게 건넴,회사 문을 닫아줌,커피를 내려 동료들에게 건넴,3,187
일상 중 발견한 아름다움,집에서 발견한 아름다움,170,"창밖으로 햇살이 스며들던 순간, 거실 한쪽에 놓인 화분에서 작은 꽃이 피어 있는 걸 발견했다. 평소에는 무심코 지나쳤던 공간이었는데, 그 하얀 꽃잎이 조용히 반짝이는 모습을 보니 마음이 따뜻해졌다. 그 꽃 덕분에 집이 더 환하게 느껴졌고, 잠시 동안 소파에 앉아 꽃을 바라보며 기분 좋은 여유를 즐길 수 있었다.",화자가 집에서 발견한 아름다움은 무엇으로 인해 더 환하게 느껴졌나요?,잘 모르겠음,창밖의 햇살,거실의 소파,작은 꽃이 피어 있는 화분,작은 꽃이 피어 있는 화분,4,129
일상 중 발견한 아름다움,집에서 발견한 아름다움,170,"창문을 통해 들어오는 오후 햇살이 거실 벽에 닿을 때마다 집 안 분위기가 달라진다. 평소에는 무심코 지나치던 식물 잎에 빛이 스며들어 선명한 초록색이 되고, 커튼의 패턴이 벽에 은은하게 드리워진다. 오늘은 그 빛 덕분에 소파 위에 누워 잠시 책을 읽던 시간이 더 특별하게 느껴졌다. 집에 머무르는 시간이 길어질수록 이런 작은 변화와 아름다움이 더 소중하게 다가온다.",발화자의 집 거실 벽에 햇살이 닿았을 때 나타난 변화로 언급되지 않은 것은 무엇인가요?,잘 모르겠음,식물 잎이 초록색으로 변함,커튼의 패턴이 벽에 드리워짐,소파의 색이 진해짐,소파의 색이 진해짐,4,152
일상 중 발견한 아름다움,집에서 발견한 아름다움,170,"부엌 창문 옆에 둔 작은 화분에서 분홍색 꽃이 활짝 피었다. 평소엔 잘 보지 못했던 꽃인데, 오늘은 유난히 햇살이 잘 들어와서 그런지 그 색이 더 선명하게 느껴졌다. 아침 식사 준비를 하다가 무심코 시선을 돌렸는데, 싱그러운 초록 잎과 환하게 핀 꽃잎이 갑자기 내 기분을 한층 밝게 만들어 주었다. 덕분에 바쁜 하루의 시작이 조금은 특별해진 느낌이었다.",내가 집에서 발견한 아름다움은 무엇이었나요?,잘 모르겠음,창문에 내린 빗방울,부엌 화분에 핀 분홍색 꽃,식탁 위에 놓인 과일 바구니,부엌 화분에 핀 분홍색 꽃,3,145
일상 중 발견한 아름다움,집에서 발견한 아름다움,170,"창밖으로 비가 내리는 소리를 들으며 소파에 앉아 있었다. 빗방울이 창문을 두드릴 때마다 작은 물방울들이 맺혔다가 흘러내리는 모습을 한참 바라보았다. 평소에는 신경 쓰지 않았던 창문 유리에 맺힌 물방울이 햇빛과 만나 작은 무지개를 만들어내는 장면이 무척 인상 깊었다. 집 안에 앉아 있지만, 이런 작은 변화만으로도 일상의 공간이 새롭게 느껴졌다.",발화자가 집에서 발견한 아름다움은 어떤 것이었나요?,잘 모르겠음,창밖 나무에 핀 꽃,창문 유리에 맺힌 물방울과 무지개,거실에 놓인 그림,창문 유리에 맺힌 물방울과 무지개,3,146
일상 중 발견한 아름다움,평범한 거리에서 발견한 아름다움,170,"도서관에 가는 길에 평소엔 무심코 지나치던 작은 골목길을 오늘은 천천히 걸어봤다. 벽에 비친 햇살이 나뭇잎 그림자를 만들어내고, 한쪽에 핀 노란 민들레가 눈에 들어왔다. 자전거를 세워둔 할아버지가 옆 벤치에서 쉬고 계셨고, 그 곁을 고양이 한 마리가 조용히 지나갔다. 바람이 불 때마다 민들레 씨앗이 흩날리는 모습이 어딘가 영화의 한 장면처럼 느껴졌다.",골목길에서 벤치에 앉아 있던 사람은 누구였나요?,잘 모르겠음,할머니,할아버지,중학생,할아버지,3,149
일상 중 발견한 아름다움,평범한 거리에서 발견한 아름다움,170,"집 근처 편의점에 가던 길에 평소 잘 보지 못했던 작은 벽화가 눈에 들어왔다. 바쁜 일상에 치여 항상 급하게만 지나쳤던 그 골목 담벼락엔 아이들이 그린 듯한 해바라기와 고양이 그림이 그려져 있었다. 밝은 색채 덕분에 골목 전체가 환해 보였고, 순간 걸음을 멈추고 한참 동안 그림을 감상했다. 누가 그렸는지 궁금해지기도 했고, 평범한 거리도 이렇게 특별해질 수 있다는 걸 새삼 느꼈다.",담벼락에 그려진 그림에 포함된 동물은 무엇이었나요?,잘 모르겠음,강아지,고양이,토끼,고양이,3,158
일상 중 발견한 아름다움,평범한 거리에서 발견한 아름다움,170,"며칠 전 퇴근길에 평소와 달리 휴대폰을 잠시 주머니에 넣고 주위를 둘러봤다. 평범한 골목길이었지만, 길가 화단에 피어 있던 작은 분홍색 꽃들이 눈에 들어왔다. 바쁜 일상 속에서 무심코 지나치던 거리였는데, 그날따라 저녁 햇살이 꽃잎 위에 부드럽게 내려앉아 골목 전체를 따스하게 물들이고 있었다. 잠깐 멈춰 서서 그 풍경을 바라보니, 마음이 한결 편안해지고 미소가 절로 나왔다.",화자는 어떤 순간에 평소와 다르게 거리를 바라보게 되었나요?,잘 모르겠음,퇴근길에 휴대폰을 주머니에 넣고 주위를 둘러봤을 때,아침 출근길에 음악을 들으며 걸을 때,주말에 친구와 산책할 때,퇴근길에 휴대폰을 주머니에 넣고 주위를 둘러봤을 때,2,159
일상 중 발견한 아름다움,평범한 거리에서 발견한 아름다움,170,"집에 가는 길에 평소 자주 지나던 골목을 걷다가, 벽에 비친 석양빛을 보게 되었다. 평범한 회색 벽이었는데, 그 위로 오렌지색과 분홍색이 섞인 빛이 부드럽게 스며들어 있었다. 갑자기 그 벽이 마치 그림처럼 느껴져서, 잠시 멈춰서 바라보았다. 주변을 둘러보니 전봇대 그림자도 길게 드리워져 있었고, 그 그림자가 벽의 색감과 어우러져 새로운 풍경을 만들어냈다. 그 순간만큼은 바쁜 하루의 피로가 조금은 잊혔다.",골목길에서 평범한 벽이 특별하게 느껴진 이유는 무엇이었나요?,잘 모르겠음,벽에 예쁜 벽화가 그려져 있었기 때문,벽에 석양빛이 아름답게 비치고 그림자와 어우러졌기 때문,벽에 포스트잇이 가득 붙어 있었기 때문,벽에 석양빛이 아름답게 비치고 그림자와 어우러졌기 때문,3,172
소소한 행복,빗 소리를 들으며 보낸 밤,170,"창밖에서 빗방울이 유리창을 두드리는 소리에 잠이 오지 않아 침대에 누워 한참을 귀 기울였다. 조용한 방 안에 퍼지는 빗소리가 오히려 마음을 차분하게 해주고, 어릴 적 엄마와 함께 베란다에서 비 오는 날을 구경하던 기억이 떠올랐다. 그때처럼 달콤한 간식을 먹진 않았지만, 따뜻한 이불 속에서 비 내리는 밤을 오롯이 즐길 수 있어 오랜만에 소소한 행복을 느꼈다.",발화자가 빗소리를 들으며 떠올린 어린 시절의 추억에서 누구와 함께 있었나요?,잘 모르겠음,아버지와 함께,친구와 함께,엄마와 함께,엄마와 함께,4,149
소소한 행복,빗 소리를 들으며 보낸 밤,170,"창문을 조금 열어두고 누워 있으니, 빗방울이 유리창에 닿는 소리가 조용히 울려 퍼졌다. 평소엔 금방 잠이 드는 편이 아닌데, 그날따라 빗소리가 마치 자장가처럼 느껴졌다. 가로등 불빛에 비친 빗줄기를 바라보며 이런저런 생각을 하다 보니, 마음도 차분해지고 오랜만에 깊은 잠에 들 수 있었다. 다음날 아침엔 평소보다 개운하게 일어나 기분이 한결 좋아졌다.",화자는 빗소리를 들으며 어떤 특별한 경험을 했나요?,잘 모르겠음,밖에 나가 비를 맞았다,빗소리에 잠이 잘 오지 않았다,빗소리를 들으며 깊은 잠에 들었다,빗소리를 들으며 깊은 잠에 들었다,4,149
소소한 행복,빗 소리를 들으며 보낸 밤,170,"창밖에서 들려오는 빗소리가 어찌나 평온하게 느껴지던지, 오랜만에 책 한 권을 들고 창가에 앉아 시간을 보냈다. 방 안을 가득 채운 빗방울 소리에 집중하니 마음이 차분해졌고, 평소에는 지나쳤던 작은 소리들이 새삼 소중하게 느껴졌다. 그 덕분에 잠들기 전까지 책의 내용을 오래 곱씹을 수 있었고, 평소보다 깊고 편안한 잠을 잘 수 있었다.",나는 빗소리를 들으며 어떤 활동을 하며 시간을 보냈는가?,잘 모르겠음,음악을 들었다,책을 읽었다,그림을 그렸다,책을 읽었다,3,140
소소한 행복,빗 소리를 들으며 보낸 밤,170,"창밖에 비가 내리던 밤, 방 안의 불을 끄고 침대에 누웠다. 빗방울이 유리창에 부딪히는 소리를 들으니 마음이 점점 차분해졌다. 책을 읽다가 잠시 멈추고 빗소리에 귀를 기울였는데, 그 고른 소리에 오랜만에 깊은 평안을 느꼈다. 잠이 오지 않아 따뜻한 우유 한 잔을 마시며 그 소리를 더 오래 즐기고 싶었다. 평소에는 그냥 지나치던 빗소리가 이날은 유난히 위로가 되었다.",발화자가 빗소리를 들으며 한 행동으로 옳은 것은 무엇인가요?,잘 모르겠음,친구와 통화를 했다,따뜻한 우유를 마셨다,창밖으로 나가 산책을 했다,따뜻한 우유를 마셨다,3,152
소소한 행복,새벽 운동의 즐거움,170,"해가 뜨기 전, 동네 공원을 한 바퀴 도는 습관이 생긴 뒤로 하루가 달라졌다. 조용한 새벽 공기를 마시며 천천히 달릴 때마다 머릿속이 맑아지고, 가끔 공원 벤치에 앉아 있던 검은 고양이와 눈이 마주치기도 한다. 집에 돌아오면 온몸이 개운하고, 샤워 후 마시는 시원한 물 한 잔이 그렇게 달콤할 수가 없다. 새벽 운동 덕분에 요즘은 하루가 상쾌하게 시작된다.",공원에서 운동하던 중 화자가 우연히 마주친 동물은 무엇이었나요?,잘 모르겠음,흰 강아지,회색 다람쥐,검은 고양이,검은 고양이,4,146
소소한 행복,새벽 운동의 즐거움,170,"해가 뜨기 전 조용한 시간에 운동화를 신고 밖으로 나가면 공기가 차갑지만 맑아서 기분이 상쾌하다. 새벽 산책로를 걷다 보면 옅은 안개와 함께 내 숨소리만 들리고, 가끔은 지나가는 고양이나 강아지와 마주치기도 한다. 어둠이 걷히고 하늘이 점점 밝아지는 걸 보면서 하루를 시작할 수 있다는 것이 작은 행복으로 다가온다.",발화자가 새벽 운동을 하며 마주치는 동물로 언급한 것은 무엇인가요?,잘 모르겠음,고양이와 강아지,비둘기와 참새,토끼와 다람쥐,고양이와 강아지,2,132
소소한 행복,새벽 운동의 즐거움,170,"최근 들어 해가 뜨기 전 조용한 동네를 걷는 게 큰 즐거움이 되고 있다. 어둑한 새벽 공기를 마시며 걷다 보면 머리가 맑아지고, 멀리서 들려오는 새소리가 은근한 위로가 된다. 어제는 평소보다 조금 일찍 나가 걷다가 작은 공원에서 운동하는 아주머니들과 인사를 나눴다. 서로 미소를 건네니 하루를 시작하는 에너지가 더 크게 느껴졌다. 혼자 운동을 해도, 누군가와 이렇게 가볍게 인사하는 것만으로도 기분이 좋아진다.",어제 새벽 운동을 하던 중 화자는 어떤 사람들과 짧게 인사를 나누었나요?,잘 모르겠음,아주머니들과,동네 학생들과,강아지를 산책시키는 사람들과,아주머니들과,2,172
소소한 행복,새벽 운동의 즐거움,170,"요즘은 해가 뜨기 전 조용한 동네 공원을 걷는 시간이 정말 소중하게 느껴진다. 새벽 공기는 상쾌하고, 어제 내린 비 덕분에 흙냄새도 진하게 퍼져서 기분이 맑아진다. 아직 사람들이 많이 나오지 않아 혼자만의 공간처럼 느껴지기도 한다. 이어폰을 꽂고 좋아하는 음악을 들으며 천천히 걸으면, 머릿속이 정리되고 하루를 기대하는 마음이 자연스럽게 생겨나서, 그 평화로운 순간이 내게 소소한 행복이 된다.",발화자가 새벽 운동을 하며 주로 어떤 감정을 느꼈는가?,잘 모르겠음,지루함,평화로움,불안함,평화로움,3,167
소소한 행복,애완동물과 보낸 특별한 하루,170,"비가 내리던 오후, 평소와 다르게 고양이 미미가 창가에 조용히 앉아 밖을 바라보고 있었다. 나도 옆에 앉아 미미와 함께 빗소리를 들으며 책을 읽었는데, 미미가 갑자기 내 무릎 위로 올라와 작은 소리로 골골대기 시작했다. 평소에는 무릎에 잘 안 올라오는 녀석이라 그 따뜻한 온기와 진동이 유난히 특별하게 느껴졌다. 그 순간만큼은 바깥의 흐린 날씨도, 해야 할 일들도 모두 잊고 오롯이 미미와 나만의 시간을 보냈다.",고양이 미미가 평소와 달리 오늘 보인 행동은 무엇이었나요?,잘 모르겠음,창밖을 바라보며 밥을 먹었다,무릎 위로 올라와 골골댔다,책 위에 올라가 장난쳤다,무릎 위로 올라와 골골댔다,3,171
소소한 행복,애완동물과 보낸 특별한 하루,170,"집에 돌아왔을 때 고양이 미루가 현관 앞에서 기다리고 있었다. 평소엔 무심한 척하더니 그날따라 꼬리를 높이 세우며 내 주위를 빙빙 돌았다. 간식 봉지를 보여주니 눈이 동그래져서 작은 앞발로 내 손을 살짝 툭툭 건드렸다. 간식을 나눠주고 소파에 앉으니 미루가 옆에 찰싹 붙어 골골 소리를 냈다. 오랜만에 미루와 한참을 쓰다듬고 장난감으로 놀아주며 시간을 보냈더니, 일상의 스트레스가 조금은 사라진 기분이 들었다.",고양이 미루가 간식 봉지를 보고 보인 반응은 무엇이었나요?,잘 모르겠음,눈을 감고 잠들었다,눈이 동그래지고 앞발로 손을 건드렸다,큰 소리로 야옹거렸다,눈이 동그래지고 앞발로 손을 건드렸다,3,173
소소한 행복,애완동물과 보낸 특별한 하루,170,"비가 내리던 어느 오후, 집에서 반려견 몽이와 함께 시간을 보냈다. 평소와 달리 산책 대신 거실에 담요를 깔고 몽이에게 새로운 장난감을 선물했다. 몽이가 신나게 장난감을 물고 뛰어다니는 모습을 보며 나도 소파에 앉아 조용히 간식을 먹었다. 평범한 하루였지만, 빗소리와 몽이의 행복한 표정 덕분에 마음이 따뜻해졌다. 그 순간이 소소한 행복임을 다시 한 번 느꼈다.",비 오는 날 집에서 반려견 몽이와 무엇을 하며 특별한 시간을 보냈는가?,잘 모르겠음,산책을 다녀왔다,새로운 장난감을 주고 함께 시간을 보냈다,동물병원에 다녀왔다,새로운 장난감을 주고 함께 시간을 보냈다,3,152
소소한 행복,애완동물과 보낸 특별한 하루,170,"오늘은 평소와 다르게 강아지 '초코'와 함께 집 근처 산책로가 아닌 조금 멀리 있는 강변 공원까지 걸어갔다. 초코는 처음 보는 오리 떼를 보고 신기해하며 꼬리를 흔들었고, 나는 벤치에 앉아 간식을 나눠 먹으며 초코와 잠시 쉬었다. 초코가 잔디밭을 뛰어다니는 모습을 보고 있자니 바쁜 일상 속에서 소소한 행복을 다시 느끼게 되었다.",내가 오늘 강아지 초코와 특별히 산책한 장소는 어디였나요?,잘 모르겠음,아파트 놀이터,집 근처 슈퍼마켓,강변 공원,강변 공원,4,137
소소한 행복,집에서 즐기는 가장 행복한 순간,170,"창밖으로 부드러운 빗소리가 들리던 어느 저녁, 따뜻한 담요를 두르고 소파에 누워 좋아하는 소설책을 읽었다. 차분한 조명 아래에서 향긋한 허브차까지 곁들이니 마치 작은 카페에 온 듯한 기분이 들어 마음이 편안해졌다. 그 순간만큼은 바깥 세상 걱정도 잠시 잊고, 오롯이 나만의 공간에서 휴식을 만끽할 수 있어 무척 행복했다.",내가 소파에 누워서 즐겼던 활동은 무엇이었나요?,잘 모르겠음,허브차를 끓였다,소설책을 읽었다,텔레비전을 시청했다,소설책을 읽었다,3,135
소소한 행복,집에서 즐기는 가장 행복한 순간,170,"비 오는 날이면 집 창가에 앉아 좋아하는 머그잔에 따뜻한 코코아를 따라 마시는 시간이 정말 행복하게 느껴진다. 창밖에서 들려오는 빗소리와 함께 책을 한 장씩 넘기다 보면, 세상의 소음이 모두 사라진 듯 조용한 평온함에 푹 잠긴다. 그 순간만큼은 아무런 걱정도 떠오르지 않고, 오직 내 앞의 책과 코코아, 그리고 창밖 풍경에만 집중할 수 있어서 소소하지만 특별한 만족감을 느끼곤 한다.",내가 집에서 가장 행복하다고 느끼는 순간에 함께 즐기는 음료는 무엇인가?,잘 모르겠음,아이스커피,따뜻한 코코아,녹차,따뜻한 코코아,3,159
소소한 행복,집에서 즐기는 가장 행복한 순간,170,"요즘에는 비가 내리는 날이면 창문을 살짝 열어 두고 소파에 누워 좋아하는 음악을 틀어 놓곤 해. 커피 한 잔을 손에 들고 음악 소리를 들으면서 바깥 풍경을 바라보고 있으면, 시간 가는 줄 모르고 마음이 편안해지는 걸 느껴. 그럴 때면 따로 특별한 일이 없어도 집에서 혼자 보내는 순간이 정말 소중하다는 생각이 들어서 미소가 저절로 지어져.","비가 오는 날, 내가 집에서 가장 행복하다고 느끼는 순간에 주로 하는 일은 무엇이었나요?",잘 모르겠음,창문을 닫고 조용히 책을 읽는다,커피를 마시며 음악을 듣고 바깥 풍경을 본다,친구와 통화를 하며 시간을 보낸다,커피를 마시며 음악을 듣고 바깥 풍경을 본다,3,138
소소한 행복,집에서 즐기는 가장 행복한 순간,170,"비가 추적추적 내리는 저녁, 거실 창문을 열어놓고 혼자만의 시간을 보내는 것이 요즘 내가 가장 행복함을 느끼는 순간이다. 따뜻한 차 한 잔을 준비해놓고 소파에 기대 좋아하는 재즈 음악을 틀어두면, 집 안 구석구석이 아늑함으로 가득 찬다. 가족들은 각자 방에서 조용히 시간을 보내고, 나는 잠시 아무 생각 없이 창밖 풍경과 빗소리에 집중한다. 그 평온함 속에서 지난주 힘들었던 일들도 조금씩 잊히는 것 같아 마음이 편안해진다.",내가 집에서 가장 행복함을 느끼는 순간에 들었던 음악 장르는 무엇이었나요?,잘 모르겠음,클래식,재즈,팝,재즈,3,177
소소한 행복,최애 커피숍에서의 하루,170,"요즘 따라 일이 많아서 지쳤는데, 점심시간에 동네 골목 안에 있는 단골 커피숍에 들렀다. 창가 자리에 앉아 바닐라 라떼 한 잔과 당근 케이크를 주문하고, 좋아하는 재즈 음악을 들으며 잠깐이나마 여유를 느꼈다. 바리스타가 내 이름을 기억해주며 환하게 인사해준 것도 괜히 기분이 좋아져서, 그날 오후에는 평소보다 훨씬 더 힘이 났던 것 같다.",내가 커피숍에서 주문한 음료는 무엇이었나요?,잘 모르겠음,아메리카노,바닐라 라떼,카푸치노,바닐라 라떼,3,141
소소한 행복,최애 커피숍에서의 하루,170,"따뜻한 햇살이 비치던 오후, 오랜만에 즐겨 찾는 동네 커피숍에 들렀다. 창가 자리에 앉아 바닐라 라떼를 주문하고, 진한 커피향과 부드러운 음악에 잠시 빠져 있었다. 맞은편에는 노란색 노트북을 펼쳐놓은 사람이 조용히 무언가를 쓰고 있었고, 나는 작은 화분 옆에 놓인 단골 손님 쿠키를 하나 집어 먹으며 평소보다 천천히 시간을 보냈다. 그 순간이 참 소중하게 느껴졌다.",내가 커피숍에서 마신 음료는 무엇이었나요?,잘 모르겠음,아메리카노,바닐라 라떼,녹차 라떼,바닐라 라떼,3,153
소소한 행복,최애 커피숍에서의 하루,170,"비가 조금씩 내리던 날, 평소 자주 가는 골목 끝의 작은 커피숍에 들렀다. 창가 자리에 앉아 따뜻한 라떼를 마시며 책을 읽고 있으니, 사장님이 새로 만든 시나몬 쿠키를 맛보라고 건네주셨다. 잔잔한 음악과 고소한 커피향, 그리고 쿠키의 달콤함까지 어우러져서 평범한 오후가 특별하게 느껴졌다. 이런 조용한 공간에서만 느낄 수 있는 소소한 행복이 참 소중하게 다가온다.",커피숍 사장님이 건네준 것은 무엇이었나요?,잘 모르겠음,시나몬 쿠키,아이스크림,샌드위치,시나몬 쿠키,2,153
소소한 행복,최애 커피숍에서의 하루,170,"최근에 비가 오던 날, 오랜만에 내가 가장 좋아하는 골목 끝 작은 커피숍에 들렀다. 창가 자리에 앉아 창밖을 바라보며 따뜻한 바닐라라떼를 주문했는데, 직원분이 예쁜 하트 모양 라떼아트를 그려주셔서 기분이 한층 더 좋아졌다. 노란 조명 아래에서 좋아하는 책을 읽고 있으니 빗소리와 커피향이 어우러져 하루의 소소한 행복을 온전히 느낄 수 있었다.",내가 커피숍에서 주문한 음료는 무엇이었나요?,잘 모르겠음,아메리카노,바닐라라떼,카페모카,아메리카노,2,144
자기계발,독서를 통해 얻은 인생의 변화,170,"며칠 전, 친구가 추천해 준 책을 읽으면서 생각이 많이 바뀌었다. 예전에는 어려운 일이 생기면 피하려고만 했는데, 책에서 저자가 겪은 실패와 극복 이야기를 보며 용기를 얻었다. 그 이후로 작은 도전도 두려워하지 않게 되었고, 실패를 성장의 기회로 받아들이게 됐다. 그래서 요즘엔 매일 30분씩 독서 시간을 꼭 지키려고 노력하고 있다.",화자는 책을 읽은 후 어떤 변화를 경험했나요?,잘 모르겠음,책을 읽지 않게 되었다.,실패를 성장의 기회로 받아들이게 되었다.,친구와 자주 다투게 되었다.,실패를 성장의 기회로 받아들이게 되었다.,3,140
자기계발,독서를 통해 얻은 인생의 변화,170,"며칠 전, 평소에 손도 대지 않던 에세이집을 우연히 집어 들고 읽게 되었다. 작가가 힘든 시기를 어떻게 극복했는지에 대한 솔직한 이야기가 담겨 있었는데, 읽으면서 내 고민이 작게 느껴지기 시작했다. 그날 이후로 아침에 일어나면 30분씩 책을 읽는 습관이 생겼고, 덕분에 하루를 더 긍정적으로 시작할 수 있게 됐다. 친구에게도 책 제목을 추천해줬더니, 그 친구 역시 요즘 삶이 조금은 가벼워졌다고 고마워했다.",작성자는 어떤 계기로 독서 습관을 갖게 되었나요?,잘 모르겠음,친구의 추천으로 시작했다.,에세이집을 우연히 읽으며 변화가 생겼다.,회사에서 독서 모임에 참여했다.,에세이집을 우연히 읽으며 변화가 생겼다.,3,171
자기계발,독서를 통해 얻은 인생의 변화,170,"며칠 전 친구가 추천해준 책을 읽으면서 나도 모르게 생각이 깊어졌다. 평소엔 퇴근 후 바로 TV를 틀었지만, 요즘은 책을 펴는 시간이 더 많아졌다. 작가는 자신의 실패 경험을 솔직하게 털어놓았고, 덕분에 나도 나의 실수에 덜 낙담하게 됐다. 무언가 잘못됐을 때 그저 피하거나 후회하는 대신, 다음엔 어떻게 할지 계획을 세우는 습관이 생긴 것 같다. 이런 작은 변화가 일상에 자신감을 가져다준다.",화자는 최근 어떤 습관이 생겼다고 언급했나요?,잘 모르겠음,TV를 더 많이 보는 습관,실수할 때마다 포기하는 습관,실수 후 계획을 세우는 습관,실수 후 계획을 세우는 습관,4,164
자기계발,독서를 통해 얻은 인생의 변화,170,"몇 달 전 우연히 친구 추천으로 자기계발서를 읽게 됐다. 처음엔 큰 기대 없이 펼쳤는데, 책 속에 나온 작은 습관부터 하나씩 실천해보기로 마음먹었다. 아침마다 10분 일찍 일어나 스트레칭을 하고, 매일 감사한 일을 세 가지씩 적으면서 내 하루가 조금씩 긍정적으로 변하는 걸 느꼈다. 예전엔 작은 일에도 쉽게 짜증냈는데, 이제는 여유롭게 상황을 바라볼 수 있게 되었다. 꾸준히 독서를 하면서 나를 돌아보고, 변화된 내 모습에 스스로도 놀라고 있다.",화자는 책에서 어떤 습관을 실천하기 시작했나요?,잘 모르겠음,아침마다 10분 일찍 일어나 스트레칭하기와 매일 감사한 일 세 가지 적기,매일 밤늦게까지 독서하기,주말마다 친구와 운동하기,아침마다 10분 일찍 일어나 스트레칭하기와 매일 감사한 일 세 가지 적기,2,186
자기계발,명상을 통한 내면의 성장 이야기,170,"며칠 전부터 퇴근 후 집에 돌아오면 조용한 방에서 불을 희미하게 켜고 10분 정도 명상을 해보고 있다. 처음에는 잡생각이 너무 많아서 집중이 잘 되지 않았지만, 점점 숨소리에만 집중하려고 하다 보니 마음이 차분해지는 느낌이 들었다. 특히 스트레스로 잠을 설치던 날에도 명상 후에는 마음이 안정돼서 잠이 더 잘 왔다. 꾸준히 하다 보면 내 마음을 더 잘 이해하게 될 것 같아서 앞으로도 계속할 생각이다.",명상을 하면서 점점 집중하려고 한 것은 무엇이었나요?,잘 모르겠음,바깥 풍경,숨소리,휴대폰 알림음,숨소리,3,165
자기계발,명상을 통한 내면의 성장 이야기,170,"친구가 힘들어할 때마다 무언가 도와주고 싶었지만, 내 감정이 먼저 흔들려 버려서 오히려 위로가 어려웠다. 그래서 일주일 전부터 아침마다 10분씩 명상을 시작했다. 처음엔 잡생각만 떠올라 집중이 잘 안 됐지만, 3일쯤 지나자 숨소리에 귀 기울이며 마음이 차분해지는 경험을 했다. 덕분에 친구와 얘기할 때 내 감정부터 조절할 수 있었고, 상대의 말을 더 진심으로 들을 수 있었다.",화자가 명상을 시작하게 된 계기는 무엇이었나요?,잘 모르겠음,아침에 일찍 일어나기 위해서,친구의 감정에 더 잘 공감하고 싶어서,스트레스를 해소하기 위해서,친구의 감정에 더 잘 공감하고 싶어서,3,158
자기계발,명상을 통한 내면의 성장 이야기,170,"며칠 전 친구와의 갈등으로 마음이 어지러웠다. 그날 밤, 조용히 방 안에 앉아 눈을 감고 호흡에 집중하는 명상을 시도했다. 처음엔 잡생각이 많았지만, 점점 숨소리에 집중하며 마음이 차분해졌다. 명상을 마친 뒤엔 머리가 맑아지고 친구를 더 이해할 수 있을 것 같았다. 그 경험 덕분에 감정에 휘둘리지 않고 상황을 바라볼 수 있는 힘이 조금은 생긴 듯해 뿌듯했다.",내가 명상을 하게 된 계기는 무엇이었나요?,잘 모르겠음,친구와의 갈등 때문,좋은 꿈을 꾸고 싶어서,새로운 취미를 찾으려고,친구와의 갈등 때문,2,149
자기계발,명상을 통한 내면의 성장 이야기,170,"지난달 친구의 권유로 명상 모임에 처음 참석했을 때가 생각난다. 조용한 공간에서 눈을 감고 숨을 천천히 들이마시고 내쉬면서 내 마음을 들여다보는 시간이 처음엔 어색했다. 그러나 며칠간 꾸준히 실천하니 불안했던 마음이 차분해지고, 작은 일에도 예민하게 반응하던 내가 조금씩 여유를 찾는 느낌이 들었다. 명상이 내면의 평화를 가져다준다는 말을 이제야 조금은 이해할 수 있을 것 같다.",명상 모임에서 처음에는 어떤 감정을 느꼈는가?,잘 모르겠음,어색함,분노,기쁨,어색함,2,161
자기계발,영화 관람을 통해 느낀 삶의 깊이,170,"한 달에 한 번씩 혼자 영화를 보러 가는 습관이 생긴 뒤로, 삶을 바라보는 시각이 조금씩 달라지고 있다는 걸 느낀다. 최근에는 잔잔한 드라마 영화를 봤는데, 주인공이 실수로 인해 주변 사람들과 갈등을 겪으면서도 결국 진심을 전하는 모습이 인상 깊었다. 영화를 보고 나오니 내 인간관계도 다시 돌아보게 되고, 누군가에게 솔직해질 용기를 내보자는 생각이 들었다.",최근에 내가 관람한 영화에서 주인공은 어떤 경험을 했는가?,잘 모르겠음,실수로 인해 큰 돈을 벌었다.,실수로 인해 갈등을 겪었다.,여행을 다니며 새로운 친구를 만났다.,실수로 인해 갈등을 겪었다.,3,150
자기계발,영화 관람을 통해 느낀 삶의 깊이,170,"친구와 오랜만에 영화관에 갔다가 뜻밖의 감동을 받았다. 영화 속 주인공이 자신의 한계를 두려워하지 않고 도전하는 모습에 자연스레 나를 돌아보게 되었다. 영화를 보는 내내 내가 그동안 실패를 두려워해 무언가를 망설였던 순간들이 떠올랐고, 상영이 끝난 후에는 나 역시 작은 일부터라도 용기를 내보고 싶다는 생각이 들었다. 영화를 통해 단순한 즐거움 이상으로 삶의 태도에 대해 고민하는 계기가 되었다.",화자는 영화를 보고 어떤 마음가짐을 가지게 되었나요?,잘 모르겠음,영화 속 주인공처럼 용기를 내기로 다짐했다.,영화가 너무 지루해서 중간에 잠이 들었다.,주인공의 실패를 보고 실망했다.,영화 속 주인공처럼 용기를 내기로 다짐했다.,2,168
자기계발,영화 관람을 통해 느낀 삶의 깊이,170,며칠 전 친구와 오래 기다렸던 영화관에 갔다. 평소 좋아하던 감독의 신작이었기에 기대가 컸다. 영화 속 인물이 선택의 순간마다 고민하고 용기를 내는 모습이 내 모습과 겹쳐 보였다. 특히 마지막 장면에서 주인공이 소중한 사람과 화해하는 모습을 보며 지난 내 실수와 용서받은 기억이 떠올랐다. 영화가 끝난 뒤 우리는 서로의 경험을 나누며 삶에 대해 더 깊이 생각해보는 시간을 가졌다.,영화의 어떤 장면이 화자의 과거 기억을 떠올리게 했나요?,잘 모르겠음,주인공이 새로운 도시로 떠나는 장면,주인공이 소중한 사람과 화해하는 장면,주인공이 직장을 그만두는 장면,주인공이 소중한 사람과 화해하는 장면,3,158
자기계발,영화 관람을 통해 느낀 삶의 깊이,170,"며칠 전 친구와 함께 작은 예술영화관에서 영화를 한 편 봤다. 평소에 주로 상업 영화를 즐기던 나에게 이 작품은 낯설고 묵직했다. 주인공이 힘든 현실을 묵묵히 견디며 작은 희망을 찾아가는 모습에 괜히 나도 내 삶을 돌아보게 되었다. 영화가 끝난 뒤 친구와 조용히 걸으며 각자 느낀 점을 나눴는데, 평범한 일상 속에서 지나쳤던 소중한 순간들을 떠올릴 수 있었다. 그날 이후로 내가 겪는 감정이나 고민들을 더 깊이 받아들이려 노력하고 있다.",내가 예술영화관에서 영화를 본 후 친구와 했던 행동은 무엇인가?,잘 모르겠음,영화관 근처 카페에서 커피를 마셨다.,서로 느낀 점을 조용히 걸으며 나눴다.,즉시 집으로 돌아갔다.,서로 느낀 점을 조용히 걸으며 나눴다.,3,180
자기계발,운동을 통해 찾은 나만의 힐링 시간,170,"요즘 들어 회사 일이 점점 바빠져서 머릿속이 복잡했는데, 퇴근 후 집 근처 공원에서 조깅을 시작한 뒤로 조금씩 달라지고 있다. 처음엔 힘들었지만, 이어폰으로 좋아하는 음악을 들으면서 천천히 뛰다 보면 어느새 마음이 한결 편안해지는 느낌이 든다. 특히 공원에 있는 작은 연못 근처 벤치에 앉아 땀을 식히는 그 시간이 하루 중 가장 소중하게 느껴진다. 이곳에서 잠시 쉬며 하늘을 바라보는 순간, 잡생각이 사라지고 오롯이 나에게 집중할 수 있어 참 좋다.",발화자가 운동 후 가장 소중하게 느끼는 시간은 어디에서 보내는 시간인가요?,잘 모르겠음,공원 운동기구에서 운동할 때,연못 근처 벤치에서 땀을 식힐 때,집에서 샤워할 때,연못 근처 벤치에서 땀을 식힐 때,3,186
자기계발,운동을 통해 찾은 나만의 힐링 시간,170,"최근에 퇴근 후 집 근처 작은 공원에서 조깅을 시작했다. 처음엔 힘들었지만, 이어폰으로 좋아하는 음악을 들으며 달리다 보니 어느새 몸과 마음이 점점 가벼워지는 기분을 느꼈다. 특히 하루 일과를 마치고 공원 벤치에 앉아 시원한 바람을 맞으며 땀을 식히는 그 시간이 나에게는 하루 중 가장 소중한 힐링 시간으로 자리 잡았다. 운동이 단순히 건강만이 아니라 스트레스 해소에도 큰 도움이 된다는 걸 요즘 들어 더 실감하고 있다.",발화자가 조깅 후 가장 힐링을 느끼는 순간은 언제인가요?,잘 모르겠음,조깅을 시작할 때,공원 벤치에서 땀을 식히며 바람을 맞을 때,운동 전 준비 운동을 할 때,공원 벤치에서 땀을 식히며 바람을 맞을 때,3,174
자기계발,운동을 통해 찾은 나만의 힐링 시간,170,"비가 내리던 어느 평일 저녁, 평소와 달리 집 근처 작은 체육관을 찾아가 조용히 러닝머신 위를 달려봤다. 처음엔 어색하고 지루하게만 느껴졌지만, 이어폰으로 좋아하는 음악을 들으며 땀을 흘리다 보니 어느새 머릿속이 맑아지고 복잡했던 고민들도 조금은 정리되는 것 같았다. 그렇게 운동이 끝난 뒤에는 마음도 몸도 한결 가벼워져서, 운동이 내게 주는 힐링이 이런 거구나 하고 새삼 깨달았다.",러닝머신에서 운동할 때 무엇을 하며 힐링을 느꼈나요?,잘 모르겠음,친구와 수다를 떨었다.,좋아하는 음악을 들었다.,책을 읽었다.,좋아하는 음악을 들었다.,3,162
자기계발,운동을 통해 찾은 나만의 힐링 시간,170,"퇴근 후 집에 돌아오면 종종 피곤함에 눌려 아무것도 하기 싫을 때가 많았다. 그런데 어느 날부터는 집 앞 공원에서 혼자 조깅을 시작했다. 처음에는 힘들어서 금방 포기할 것 같았는데, 어느 순간부터 음악을 들으며 달리는 이 시간이 오히려 하루 중 가장 소중한 시간이 되었다. 땀을 흘리며 머리가 맑아지고, 스트레스도 사라지는 느낌이 들어서 요즘은 이 시간만 기다리게 된다. 운동화 끈을 매고 공원길을 걷거나 달릴 때마다 나만의 힐링 공간을 찾은 기분이 든다.",발화자가 운동을 하며 가장 많이 느낀 변화는 무엇인가요?,잘 모르겠음,체력이 약해짐을 느낌,음악을 들으며 힘들어함,스트레스가 사라지고 머리가 맑아짐,스트레스가 사라지고 머리가 맑아짐,4,189
자기계발,자격증 공부를 통해 배운 인내와 끈기,170,"책상에 앉아 자격증 공부를 시작한 지 한 달이 지났을 때쯤, 집중력이 자주 흐트러져서 힘들었던 기억이 떠오른다. 그럴 때마다 포기하고 싶었지만, 매일 저녁마다 잠깐이라도 책을 펴는 습관을 만들기로 다짐했다. 어느 날은 친구의 갑작스러운 약속 제안을 거절하고 계획한 공부 시간을 지킨 적이 있는데, 그 작은 선택이 이후 큰 자신감으로 이어졌다. 시험을 준비하는 과정에서 가장 크게 얻은 건, 예상치 못한 유혹이나 피로감이 와도 목표를 위해 스스로를 다잡는 인내와 끈기였던 것 같다.",발화자에게 공부 습관을 지키는 데 도움이 되었던 구체적인 행동은 무엇이었나요?,잘 모르겠음,친구와 같이 공부하기로 한 것,공부 중간에 산책을 다녀온 것,친구의 약속 제안을 거절한 것,친구의 약속 제안을 거절한 것,4,201
자기계발,자격증 공부를 통해 배운 인내와 끈기,170,"몇 달 전부터 매일 밤마다 커피 한 잔을 곁에 두고 자격증 교재를 펼쳤다. 집중이 잘 안 되는 날엔 창밖을 멍하니 바라보다가도, 스스로와 한 약속을 지키기 위해 다시 책상에 앉았다. 문제를 반복해서 틀릴 때마다 속상했지만, 포기하지 않고 오답을 정리하며 점점 실력이 늘어가는 걸 느꼈다. 시험 당일 아침엔 마음이 떨렸지만, 그동안의 노력이 떠올라 침착하게 시험장에 들어갈 수 있었다.","자격증 공부를 하면서 집중이 잘 안 되는 날, 나는 주로 무엇을 하며 잠시 쉬었는가?",잘 모르겠음,창밖을 멍하니 바라보았다,친구에게 전화를 걸었다,산책을 나갔다,창밖을 멍하니 바라보았다,2,159
자기계발,자격증 공부를 통해 배운 인내와 끈기,170,"도서관에서 자격증 공부를 시작한 지 한 달이 지났을 때쯤, 진도가 느려져서 슬럼프에 빠졌다. 그럴 때마다 지난주에 친구가 건넨 응원의 메시지를 떠올리며 포기하지 않으려고 애썼다. 결국 매일 조금씩이라도 책을 펴는 습관을 들이게 되었고, 그 과정에서 인내심이 한층 자란 기분이 들었다.",슬럼프에 빠졌을 때 포기하지 않으려고 도와준 요인은 무엇이었나요?,잘 모르겠음,도서관의 조용한 분위기,친구의 응원 메시지,합격자 발표 소식,친구의 응원 메시지,3,120
자기계발,자격증 공부를 통해 배운 인내와 끈기,170,"며칠 전부터 토익 자격증 준비를 시작했는데, 예상보다 단어 암기가 훨씬 힘들었다. 처음엔 하루치 분량도 채우기 어려워 자주 포기하고 싶다는 생각이 들었다. 하지만 일단 책상 앞에 앉아 10분만 참고 앉아 있기로 했더니, 어느새 집중이 조금씩 잘 됐다. 매일 반복하니 어제는 이전보다 훨씬 많은 단어를 외울 수 있었다. 짜증나고 지칠 때마다 스스로를 다독이면서 조금씩 진도를 나가다 보니, 꾸준함이 주는 보람도 점점 느끼게 된다.",발화자가 단어 암기가 힘들 때 처음으로 자신에게 약속한 시간은 얼마였나요?,잘 모르겠음,5분,10분,20분,10분,3,179
자기계발,독서를 통해 얻은 인생의 교훈,170,"며칠 전 지하철에서 우연히 읽기 시작한 책 한 권이 내 생각을 완전히 바꿔놓았다. 작가는 자신만의 길을 가는 것이 얼마나 중요한지, 그리고 주변의 시선을 신경 쓰지 않고 자신이 진정으로 원하는 삶을 살아야 한다고 이야기했다. 그 문장들을 읽으며 나는 예전부터 망설였던 일에 용기를 내기로 마음먹었다. 책 덕분에 나 자신을 더 믿게 되었고, 앞으로는 남의 시선보다 내 선택을 더 소중히 여기기로 다짐했다.",발화자가 책을 읽고 나서 마음먹은 일은 무엇인가요?,잘 모르겠음,주변 사람들에게 책을 추천하기로 했다,예전부터 망설였던 일에 용기를 내기로 했다,독서 모임에 참여하기로 했다,예전부터 망설였던 일에 용기를 내기로 했다,3,167
자기계발,독서를 통해 얻은 인생의 교훈,170,"며칠 전, 평소와 다르게 늦은 밤에 조용한 거실에 앉아 책 한 권을 펼쳤다. 주인공이 실수와 후회를 반복하며 조금씩 성장하는 모습을 보면서, 나도 지난 실수들을 지나치게 자책했던 순간들이 떠올랐다. 작가는 실수를 두려워하지 않고 그 경험을 받아들이라고 조언했는데, 책을 덮고 나니 괜히 마음이 한결 가벼워졌다. 이제는 실패가 두려울 때마다 그 장면이 떠올라 조금은 용기를 낼 수 있을 것 같다.",화자는 책을 읽고 나서 어떤 감정의 변화를 느꼈나요?,잘 모르겠음,더 큰 두려움을 느꼈다,마음이 한결 가벼워졌다,무관심해졌다,마음이 한결 가벼워졌다,3,164
자기계발,독서를 통해 얻은 인생의 교훈,170,"최근에 친구가 추천해준 책을 읽으면서 예전에는 미처 생각하지 못했던 관점들을 많이 배우게 되었다. 주인공이 반복되는 실패에도 좌절하지 않고 조금씩 성장하는 모습을 보며, 나 역시 어려운 상황에서 쉽게 포기했던 순간들이 떠올랐다. 그 책 덕분에 실패를 두려워하기보다는 작은 변화라도 시도해보는 용기를 갖게 된 것 같다. 그래서 요즘은 새로운 일에 도전할 때도 예전보다 훨씬 덜 망설이게 된다.",화자가 책을 읽고 얻은 가장 큰 변화는 무엇인가요?,잘 모르겠음,친구에게 책을 추천하게 된 것,실패를 두려워하지 않고 도전하는 용기를 갖게 된 것,주인공처럼 좌절하는 법을 배운 것,실패를 두려워하지 않고 도전하는 용기를 갖게 된 것,3,165
자기계발,독서를 통해 얻은 인생의 교훈,170,"며칠 전, 친구가 추천해준 책을 읽으면서 내 안에 숨어있던 두려움에 대해 곰곰이 생각하게 되었다. 주인공이 실패를 반복하면서도 결국 자신만의 길을 찾는 모습에 깊은 감동을 받았다. 나 역시 새로운 일에 도전하는 게 두려워 한참을 망설였던 경험이 많았는데, 이 책을 읽고 나서부터는 실패를 두려워하지 않고 한 발 내딛는 용기가 얼마나 중요한지 깨달았다. 책을 덮은 후에는 작은 일부터 천천히 시도해보자는 다짐을 하게 되었다.",화자는 책을 읽고 어떤 마음가짐을 갖게 되었나요?,잘 모르겠음,실패를 피하고 싶다는 생각,도전을 두려워하지 말자는 다짐,모험을 멀리해야겠다는 결심,도전을 두려워하지 말자는 다짐,3,177
자기계발,목표를 세우고 이를 달성하기까지의 과정,170,"며칠 전부터 운동을 꾸준히 하기로 다짐했다. 처음에는 30분씩 걷는 것조차 힘들었지만, 점점 시간을 늘려 어제는 드디어 한 시간 동안 빠르게 걸을 수 있었다. 중간에 포기하고 싶을 때도 많았지만, 매일 일과 끝나고 운동화 끈을 묶으면서 내가 정한 목표를 상기했다. 이런 작은 성취가 쌓이면서 내 자신감도 조금씩 커지는 것 같다. 앞으로도 이 습관을 계속 이어가고 싶다.",발화자가 운동을 시작할 때 처음에는 몇 분씩 걸었나요?,잘 모르겠음,10분,30분,60분,30분,3,153
자기계발,목표를 세우고 이를 달성하기까지의 과정,170,"며칠 전부터 매일 아침 10분씩 영어 단어를 외우겠다고 다짐했어요. 처음에는 침대에서 일어나자마자 단어장을 펼치는 게 쉽지 않았는데, 셋째 날쯤부터는 습관처럼 손이 저절로 단어장으로 가더라고요. 중간에 한 번은 깜빡하고 저녁에야 단어를 외웠지만, 그날도 빠지지 않고 목표를 지켰다는 게 뿌듯했어요. 일주일이 지나고 나니 처음보다는 훨씬 더 많은 단어를 자연스럽게 기억하게 되었어요.","처음 영어 단어를 외우려고 했을 때, 발화자는 언제 주로 단어를 외웠나요?",잘 모르겠음,점심 식사 후에,자기 전 침대에서,아침에 일어나자마자,아침에 일어나자마자,4,165
자기계발,목표를 세우고 이를 달성하기까지의 과정,170,"몇 달 전부터 매일 아침 일찍 일어나 운동을 하기로 결심했다. 처음엔 알람을 끄고 다시 자는 날이 많았지만, 며칠 지나고 나니 조금씩 몸이 적응하기 시작했다. 점차 운동하는 시간이 늘어났고, 어느새 주말에도 자연스럽게 일어나 산책을 하게 됐다. 계획표에 하루하루 체크를 하며 스스로에게 약속을 지킨다는 뿌듯함을 느꼈다. 이제는 하루라도 운동을 거르면 오히려 허전한 기분이 들 정도다.",운동 목표를 지키기 위해 화자는 어떤 방법으로 자신의 실천을 확인했는가?,잘 모르겠음,운동 후 친구에게 메시지 보냄,계획표에 하루하루 체크함,운동 영상을 촬영함,계획표에 하루하루 체크함,3,162
자기계발,목표를 세우고 이를 달성하기까지의 과정,170,"최근에 작은 목표를 세워보기로 했다. 일주일 동안 매일 아침 20분씩 영어 단어를 외우기로 했는데, 처음에는 일어나자마자 바로 책상에 앉는 게 쉽지 않았다. 그래도 스스로를 격려하며 스티커로 출석체크를 했더니 중간쯤엔 점점 습관이 되어갔다. 마지막 날엔 예상보다 많은 단어를 기억하고 있다는 사실에 뿌듯함을 느꼈고, 다음에는 더 긴 기간의 목표도 도전해보고 싶다는 자신감이 생겼다.",내가 목표 달성 과정에서 사용한 동기부여 방법은 무엇이었나요?,잘 모르겠음,친구와 함께 공부하기,스티커로 출석체크하기,좋아하는 음악 듣기,스티커로 출석체크하기,3,163
자기계발,성공적으로 새로운 습관을 만든 경험,170,"몇 달 전부터 매일 밤 자기 전에 영어 단어를 외우기로 결심했어요. 처음엔 자꾸 까먹어서 알람도 설정하고, 침대 옆에 단어장을 두기도 했죠. 어느 날은 피곤해서 그냥 넘어가고 싶었지만, 한 번만 더 해보자는 마음으로 10분씩이라도 외웠어요. 시간이 지나면서 자연스럽게 습관이 되어, 지금은 잠들기 전에 영어 단어를 안 보면 뭔가 허전하더라고요. 이 작은 변화가 하루를 마무리하는 데 큰 의미가 되어, 자신감도 많이 생겼어요.",습관을 만들기 위해 발화자가 사용한 방법이 아닌 것은 무엇인가요?,잘 모르겠음,알람을 설정했다,침대 옆에 단어장을 두었다,친구와 함께 외웠다,친구와 함께 외웠다,4,178
자기계발,성공적으로 새로운 습관을 만든 경험,170,"최근에 아침마다 영어 단어를 외우는 습관을 들이기 위해 작은 노트에 매일 10개씩 단어를 적기 시작했다. 처음엔 며칠 하다가 까먹기도 했지만, 일주일쯤 지나니 아침에 눈뜨자마자 노트를 찾는 게 자연스러워졌다. 출근길 지하철에서도 틈틈이 외운 단어를 복습하니, 예전보다 영어 기사 읽는 데 자신감이 붙었다. 무엇보다 습관이 자리 잡으면서 하루를 계획적으로 시작할 수 있어 뿌듯했다.",내가 영어 단어를 외우기 위해 활용한 도구는 무엇이었나요?,잘 모르겠음,휴대전화 앱,작은 노트,전자사전,작은 노트,3,162
자기계발,성공적으로 새로운 습관을 만든 경험,170,"매일 밤 자기 전에 스트레칭을 하는 습관을 들이기로 결심했을 때 처음엔 자꾸 까먹어서 며칠 동안은 알람을 맞춰두기도 했어. 그러다 점점 몸이 유연해지는 게 느껴지고, 아침에 일어날 때도 개운해서 신기했지. 한 달쯤 지나니 스트레칭을 안 하면 뭔가 허전한 느낌이 들 정도로 자연스럽게 내 일상에 자리 잡았어. 덕분에 요즘은 잠도 더 잘 자고, 피로도 덜 느끼는 것 같아.",발화자가 스트레칭 습관을 처음 들이기 위해 사용한 방법은 무엇이었나요?,잘 모르겠음,친구와 함께 운동하기,알람을 맞춰두기,스트레칭 영상을 보며 따라하기,알람을 맞춰두기,3,151
자기계발,성공적으로 새로운 습관을 만든 경험,170,"며칠 전부터 매일 저녁 산책을 하기로 결심했어요. 처음에는 귀찮아서 자주 미루기도 했지만, 하루하루 빠지지 않고 나가기로 마음을 단단히 먹으니 점점 익숙해지더라고요. 산책을 하면서 동네에 새로 생긴 작은 카페도 발견했고, 평소에는 지나치던 이웃과 인사도 나눌 수 있었습니다. 무엇보다 걷고 나면 머리가 맑아져서 잠도 더 잘 오고 아침에 일어나는 것도 훨씬 수월해졌어요.",발화자가 산책을 하면서 새롭게 알게 된 것은 무엇인가요?,잘 모르겠음,동네에 새로 생긴 카페와 이웃과 인사하는 것,산책로의 길이,산책할 때 듣는 음악,동네에 새로 생긴 카페와 이웃과 인사하는 것,2,157
자기계발,어떻게 스트레스를 관리하는지에 대한 방법과 경험,170,"며칠 전 업무가 갑자기 몰려와서 머리가 복잡했는데, 그럴 때마다 나는 근처 공원에 혼자 산책을 나가곤 한다. 휴대폰도 두고 나가서 음악 소리, 바람 소리만 들으며 천천히 걸으니 마음이 조금씩 진정되는 느낌을 받았다. 산책을 마치고 나서야 다시 일에 집중할 수 있었고, 다음날 동료에게도 이 방법을 추천해 주었다.",화자가 스트레스를 해소하기 위해 사용한 방법은 무엇인가요?,잘 모르겠음,친구와 대화하기,공원에서 산책하기,집에서 영화 보기,공원에서 산책하기,3,130
자기계발,어떻게 스트레스를 관리하는지에 대한 방법과 경험,170,"최근에 스트레스를 많이 받아서 평소와 다른 방법을 시도해봤다. 저녁마다 근처 공원 산책을 하면서 좋아하는 음악을 들었는데, 마음이 한결 가벼워졌다. 산책하는 중에 우연히 만난 이웃 강아지가 반갑게 다가와서 잠시 쓰다듬기도 했는데, 그런 소소한 순간이 내 기분을 크게 바꿔줬다. 집에 돌아와서는 간단한 스트레칭과 함께 짧게 일기를 썼더니 하루를 긍정적으로 마무리할 수 있었다.",발화자가 스트레스를 해소하는 데 도움을 받은 활동은 무엇인가요?,잘 모르겠음,"공원 산책과 음악 듣기, 강아지와 교감하기, 스트레칭과 일기 쓰기","친구와 영화 보기, 요리하기, 쇼핑하기","독서와 그림 그리기, 온라인 게임하기","공원 산책과 음악 듣기, 강아지와 교감하기, 스트레칭과 일기 쓰기",2,160
자기계발,어떻게 스트레스를 관리하는지에 대한 방법과 경험,170,"며칠 전 갑자기 일이 많아져서 정신없이 바쁜 하루를 보냈다. 예전에는 이럴 때마다 불안해서 밤에 잠도 잘 못 잤는데, 요즘은 퇴근하고 근처 공원에서 천천히 산책하는 습관을 들였다. 걷다 보면 머릿속이 조금씩 정리되고, 쉴 새 없이 이어지던 생각들도 잠시 멈추는 느낌이 든다. 특히 평소 좋아하던 노래를 들으면서 걸으면 기분이 한결 가벼워진다. 그날도 푸른 나무 사이를 걸으면서 깊게 숨을 쉬니, 복잡했던 마음이 조금은 차분해졌다.",화자는 스트레스를 관리하기 위해 퇴근 후 무엇을 했나요?,잘 모르겠음,친구와 저녁을 먹었다.,공원에서 산책을 했다.,집에서 영화 감상을 했다.,공원에서 산책을 했다.,3,180
자기계발,어떻게 스트레스를 관리하는지에 대한 방법과 경험,170,"최근에 업무가 많아져서 스트레스를 많이 받았던 적이 있었는데, 그때마다 저만의 방법을 찾으려고 노력했어요. 특히 집 근처 공원을 천천히 산책하면서 이어폰으로 좋아하는 음악을 듣는 시간이 큰 도움이 됐죠. 산책 중간에 벤치에 앉아 하늘을 바라보며 심호흡을 해보면 마음이 한결 가라앉는 기분이 들었어요. 그런 작은 휴식 덕분에 다시 힘내서 일을 할 수 있었답니다.",화자가 스트레스를 관리하기 위해 산책 중에 했던 행동은 무엇인가요?,잘 모르겠음,벤치에 앉아 하늘을 바라보며 심호흡을 했다.,공원에서 운동을 격하게 했다.,친구와 통화를 하며 걸었다.,벤치에 앉아 하늘을 바라보며 심호흡을 했다.,2,152
자기계발,운동을 통해 얻은 변화와 그 과정,170,"최근에 체력이 부족하다고 느껴서 매일 저녁마다 동네 공원을 걷기 시작했다. 처음엔 삼십 분만 걸어도 숨이 차고 다리가 무거웠는데, 일주일쯤 지나니까 같은 거리를 훨씬 수월하게 걸을 수 있었다. 어느 날은 친구가 갑자기 조깅을 제안해서 망설였지만, 예전보다 훨씬 가볍게 따라갈 수 있는 내 모습이 뿌듯했다. 덕분에 자신감도 생기고 잠도 더 잘 자게 되어 전보다 활기찬 하루를 보내고 있다.",발화자가 운동을 시작하게 된 주된 이유는 무엇이었나요?,잘 모르겠음,체력이 부족하다고 느껴서,체중을 줄이려고,새로운 친구를 사귀려고,체력이 부족하다고 느껴서,2,161
자기계발,운동을 통해 얻은 변화와 그 과정,170,"몇 달 전부터 평소보다 쉽게 피곤해져서 운동을 시작해보기로 마음먹었어. 처음에는 10분 걷기부터 시작했는데, 일주일쯤 지나니 조금씩 시간이 늘어나더라. 집 근처 공원에서 조깅을 하며 땀을 흘릴 때마다 기분이 상쾌해졌고, 무엇보다도 매일 잠들기 전 마음이 훨씬 가벼워졌어. 꾸준히 운동하니 식욕도 적당히 조절되고, 아침에 일어나는 게 훨씬 수월해진 게 가장 큰 변화 같아.",운동을 시작한 뒤 내가 가장 크게 느낀 변화는 무엇이었나요?,잘 모르겠음,아침 식사가 맛있어진 것,아침에 일어나는 것이 더 쉬워진 것,공원에서 친구를 만난 것,아침에 일어나는 것이 더 쉬워진 것,3,158
자기계발,운동을 통해 얻은 변화와 그 과정,170,"최근 몇 달 동안 꾸준히 아침마다 공원에서 가볍게 조깅을 해왔다. 처음에는 10분만 뛰어도 숨이 차고 다리가 무거웠지만, 점점 시간이 지나면서 30분 이상 달릴 수 있게 되었다. 운동을 시작하고 나서 아침에 일어나는 것도 훨씬 쉬워졌고, 하루를 상쾌하게 시작할 수 있게 되었다. 무엇보다도 예전엔 오후만 되면 자주 졸렸는데, 이제는 집중력도 더 좋아지고 피곤함도 덜 느낀다. 이렇게 작은 변화들이 쌓이면서 내 일상 전체가 긍정적으로 바뀌고 있다는 걸 요즘 들어 자주 느낀다.",발화자가 조깅을 시작한 후 느낀 가장 큰 변화로 언급한 것은 무엇인가요?,잘 모르겠음,예전보다 더 늦게 일어남,집중력 향상과 피로 감소,운동을 그만두고 싶어짐,집중력 향상과 피로 감소,3,198
자기계발,운동을 통해 얻은 변화와 그 과정,170,"작년 겨울쯤, 체력이 점점 떨어지는 게 느껴져서 주 3회씩 동네 헬스장에 다니기 시작했다. 처음엔 런닝머신 10분도 버거웠지만, 한 달쯤 지나자 30분 이상 달릴 수 있게 되었다. 무엇보다 신기했던 건 예전엔 계단 오르기만 해도 숨이 찼는데, 이제는 5층까지도 쉽게 올라갈 수 있다는 점이다. 운동 후에는 기분도 상쾌해지고, 스트레스도 훨씬 줄어든 것 같았다. 작은 변화들이 모여 내 일상 전체가 더 건강해지는 걸 느낀다.",처음 헬스장에 다니기 시작했을 때 런닝머신을 몇 분 버티는 것도 힘들었는가?,잘 모르겠음,5분,10분,30분,10분,3,176
자기계발,꾸준히 연습하던 스킬을 드디어 성공한 순간,170,"며칠 전부터 도전해온 원핸드 푸쉬업이 드디어 오늘 아침에 성공했다. 처음엔 팔이 후들거리고 바닥에 내려앉기 일쑤였지만, 매일 10분씩 연습하며 자세를 조금씩 고쳤다. 특히 몸의 균형을 잡으려고 반대쪽 손을 허리 뒤로 두는 방법이 효과적이었다. 마지막엔 동생이 옆에서 격려해 주어서 더욱 힘이 났고, 한 번에 완벽하게 내려갔다가 올라오는 데 성공하자 뿌듯함이 밀려왔다.",내가 원핸드 푸쉬업 연습에서 자세 교정을 위해 시도했던 방법은 무엇이었나요?,잘 모르겠음,바닥에 무릎을 대고 했다,반대쪽 손을 허리 뒤로 두었다,양손을 모두 바닥에 댔다,반대쪽 손을 허리 뒤로 두었다,3,157
자기계발,꾸준히 연습하던 스킬을 드디어 성공한 순간,170,"며칠 전부터 매일 저녁마다 유튜브 영상을 참고해 손글씨 연습을 해왔다. 처음에는 펜을 쥐는 손에 힘이 너무 들어가 글씨가 삐뚤빼뚤해 만족스럽지 않았다. 그런데 오늘 갑자기 손에 힘을 빼고 천천히 써보니, 내가 원하던 둥글고 깔끔한 글씨체가 자연스럽게 나왔다. 연습장 한 장 가득 썼을 때 스스로도 뿌듯했고, 엄마에게 보여주니 예쁘다고 칭찬도 받았다.",발화자가 손글씨 연습에서 원하는 결과를 얻기 위해 시도한 방법은 무엇이었나요?,잘 모르겠음,손에 힘을 더 주고 썼다,손에 힘을 빼고 천천히 썼다,연습장을 바꿨다,손에 힘을 빼고 천천히 썼다,3,147
자기계발,꾸준히 연습하던 스킬을 드디어 성공한 순간,170,"며칠 전부터 매일 밤마다 유튜브 영상을 참고해서 손글씨 연습을 했었다. 처음에는 글씨가 삐뚤빼뚤하고 손이 덜덜 떨려서 마음에 들지 않았다. 하지만 오늘은 평소보다 집중해서 연습했더니, 드디어 내가 원하던 일정한 크기와 예쁜 곡선의 글씨체가 완성되는 것을 보고 너무 뿌듯했다. 완성된 글씨를 사진으로 찍어서 친구에게 자랑하니, 친구도 놀랄 정도로 발전했다고 칭찬해 주었다.",내가 최근에 꾸준히 연습해서 성공한 것은 무엇이었나요?,잘 모르겠음,요리 레시피 암기,손글씨 쓰기,자전거 타기,손글씨 쓰기,3,159
자기계발,꾸준히 연습하던 스킬을 드디어 성공한 순간,170,"며칠 전부터 유튜브에서 본 종이접기 난이도 높은 용 모양을 만들기 위해 퇴근 후마다 조금씩 연습했다. 처음에는 종이가 찢어지거나 모양이 제대로 나오지 않아 여러 번 좌절했지만, 포기하지 않고 설명 영상을 반복해서 보며 따라 했다. 어젯밤에는 마침내 모든 접기 단계를 실수 없이 마치고, 완성된 용을 책상 위에 올려두며 스스로가 정말 대견하게 느껴졌다.",화자가 종이접기를 성공하기 위해 참고한 자료는 무엇이었나요?,잘 모르겠음,도서관에서 빌린 책,유튜브 영상,친구의 설명,유튜브 영상,3,147
자기계발,내가 차근차근 준비한 계획이 성공했을 때,170,"며칠 전부터 준비했던 자격증 시험이 드디어 끝났다. 매일 아침 일찍 일어나 단어를 외우고, 점심시간마다 기출문제를 풀었던 노력이 떠오른다. 특히 주말에는 도서관에서 친구와 만나 서로 모르는 문제를 질문하며 공부했는데, 그 과정에서 실력이 많이 늘었다. 결과 발표 날, 합격 소식을 듣고 친구와 기뻐하며 같이 떡볶이를 먹으러 갔던 순간이 아직도 생생하다. 열심히 계획을 세우고 그걸 하나씩 실천했더니 좋은 결과로 이어진 것 같아 뿌듯했다.",발화자가 자격증 시험 준비를 하면서 친구와 함께 했던 활동은 무엇인가요?,잘 모르겠음,점심을 같이 먹었다,도서관에서 서로 모르는 문제를 질문하며 공부했다,운동을 함께 했다,도서관에서 서로 모르는 문제를 질문하며 공부했다,3,185
자기계발,내가 차근차근 준비한 계획이 성공했을 때,170,"며칠 전부터 새로운 운동 루틴을 직접 계획해서 실행해봤다. 처음엔 낯설고 힘들었지만, 하루씩 지키다 보니 몸이 점점 가벼워지는 걸 느꼈다. 특히 일주일째 되는 날엔 처음보다 훨씬 많은 운동량을 소화할 수 있었고, 그날 저녁엔 뿌듯함에 혼자 미소를 지었다. 이런 작은 성공이 쌓이니 자신감도 함께 커지는 것 같아 앞으로도 꾸준히 도전해보고 싶다는 생각이 들었다.",발화자가 자신의 운동 루틴을 실행하며 느낀 가장 두드러진 변화는 무엇이었나요?,잘 모르겠음,처음보다 더 많은 운동량을 소화할 수 있게 됨,식단을 엄격하게 지키게 됨,친구들과 함께 운동하게 됨,처음보다 더 많은 운동량을 소화할 수 있게 됨,2,151
자기계발,내가 차근차근 준비한 계획이 성공했을 때,170,"며칠 전부터 세운 작은 목표가 있었다. 바로 매일 아침 30분씩 영어 뉴스를 듣고 간단한 요약문을 작성하는 것이었는데, 처음에는 집중이 잘 안 되고 어려웠다. 하지만 포기하지 않고 일주일 동안 꾸준히 실천하니 어느새 새로운 단어도 익히고, 뉴스 내용을 정리하는 속도도 빨라졌다. 오늘은 지난주에 비해 훨씬 자연스럽게 요약문을 완성할 수 있었다는 점이 스스로 대견하게 느껴졌다.",발화자가 세운 목표는 무엇이었나요?,잘 모르겠음,아침마다 독서하는 것,매일 30분씩 영어 뉴스를 듣고 요약문 작성하기,운동을 하루에 한 번씩 하기,아침마다 독서하는 것,2,159
자기계발,내가 차근차근 준비한 계획이 성공했을 때,170,"며칠 전부터 영어 회화 능력을 키우기 위해 매일 아침마다 20분씩 온라인 영어 뉴스 기사를 소리 내어 읽는 연습을 했다. 처음엔 발음도 어색하고 내용도 잘 이해가 안 됐지만, 꾸준히 반복하다 보니 점점 자신감이 붙었다. 드디어 오늘 회사 회의에서 외국인 동료가 질문했을 때 망설이지 않고 영어로 내 의견을 말할 수 있었다. 그 동료가 웃으면서 칭찬해주니 지금까지의 노력이 헛되지 않았다는 생각에 뿌듯함이 밀려왔다.",영어 회화 능력을 기르기 위해 내가 매일 아침마다 실천한 구체적인 방법은 무엇이었나요?,잘 모르겠음,영어 뉴스 기사를 소리 내어 읽었다,영어 드라마를 자막 없이 시청했다,영어 단어 암기장을 만들었다,영어 뉴스 기사를 소리 내어 읽었다,2,172
자기계발,독서를 통해 얻은 깨달음,170,"며칠 전, 도서관에서 우연히 발견한 에세이를 읽으면서 나도 모르게 페이지를 넘기는 손이 빨라졌다. 작가는 자신의 실수를 솔직하게 털어놓았는데, 그 이야기를 읽으니 나 역시 실수를 두려워하지 않고 받아들여야겠다는 용기가 생겼다. 특히, 실패한 경험이 오히려 성장의 밑거름이 될 수 있다는 부분에서 큰 위로를 받았다. 앞으로는 나에게 주어진 모든 경험을 긍정적으로 받아들이려 한다.",화자가 도서관에서 읽은 에세이에서 가장 크게 얻은 깨달음은 무엇이었나요?,잘 모르겠음,독서는 시간을 보내기 위한 좋은 방법이라는 것,실패한 경험이 성장의 밑거름이 될 수 있다는 것,도서관에는 에세이가 많다는 것,실패한 경험이 성장의 밑거름이 될 수 있다는 것,3,162
자기계발,독서를 통해 얻은 깨달음,170,"며칠 전 카페에서 친구와 기다리던 중, 우연히 가방에 넣어둔 책 한 권을 꺼내 읽기 시작했다. 그 책은 작가가 자신의 실패와 도전을 솔직하게 털어놓은 에세이였는데, 특히 반복되는 좌절을 겪으면서도 포기하지 않고 끝내 자신만의 길을 찾아낸 부분이 인상 깊었다. 그 이야기를 읽으며 나도 최근 시도했던 프로젝트가 잘 풀리지 않아 실망했던 순간들이 떠올랐다. 책 속 주인공처럼 나 역시 실패를 겪으며 배우는 과정이 중요하다는 걸 새삼 느꼈다.",발화자가 카페에서 우연히 읽기 시작한 책에서 가장 인상 깊게 느낀 내용은 무엇이었나요?,잘 모르겠음,작가가 성공한 후의 이야기,작가가 실패를 반복하며 결국 자신만의 길을 찾은 이야기,책에 나오는 여행 에피소드,작가가 실패를 반복하며 결국 자신만의 길을 찾은 이야기,3,182
자기계발,독서를 통해 얻은 깨달음,170,"며칠 전 카페에서 우연히 집어든 책이 내 생각을 많이 바꿔 놓았다. 주인공이 실패를 두려워하지 않고 계속 도전하는 모습이 인상 깊었다. 예전엔 실수하면 창피해서 숨고 싶었지만, 그 책을 읽으면서 실패가 오히려 성장의 기회라는 걸 새롭게 느꼈다. 그 후로는 일이 잘 안 풀려도 스스로를 덜 탓하게 되었고, 작은 도전도 예전보다 용기 내어 해보고 있다.",화자가 책을 읽고 새롭게 느낀 점은 무엇이었나요?,잘 모르겠음,실패를 두려워하지 말고 계속 도전해야 한다는 것,성공만이 중요하다는 것,책을 읽는 것이 시간 낭비라는 것,실패를 두려워하지 말고 계속 도전해야 한다는 것,2,144
자기계발,독서를 통해 얻은 깨달음,170,"며칠 전, 친구가 추천해준 책을 읽으면서 평소에 내가 얼마나 편견에 사로잡혀 있었는지 새삼 깨달았다. 주인공이 자신의 한계를 인정하고 점차 변해가는 모습을 보면서, 나 역시 변화에 겁먹지 않고 한걸음씩 나아가야겠다는 생각이 들었다. 책을 덮고 나니 괜스레 가슴이 뭉클해져서, 오랜만에 일기장에 내 감정을 솔직하게 적어보았다. 앞으로는 내가 두려워하던 새로운 일에도 좀 더 열린 마음으로 다가가기로 다짐했다.",화자가 책을 읽은 후 가장 먼저 한 행동은 무엇이었나요?,잘 모르겠음,친구에게 전화를 했다,일기장에 감정을 적었다,다른 책을 또 읽었다,일기장에 감정을 적었다,3,174
자기계발,명상을 통해 찾은 내면의 평온함,170,"며칠 전부터 잠들기 전 조용한 방에서 10분씩 명상을 시작했다. 처음에는 잡생각이 머릿속을 맴돌아서 집중하기 힘들었지만, 호흡에만 신경을 쓰다 보니 점차 마음이 차분해지는 걸 느꼈다. 명상을 마치고 나면 몸이 가벼워지고, 잠도 더 깊이 잘 수 있었다. 특히 그날 있었던 불편한 일이나 걱정이 조금씩 사라지는 느낌이 들어서, 최근에는 하루라도 명상을 거르면 허전할 정도가 됐다.",발화자가 명상을 통해 경험한 긍정적인 변화로 언급하지 않은 것은 무엇인가요?,잘 모르겠음,몸이 가벼워지는 느낌,깊은 잠을 잘 수 있게 됨,기억력이 좋아짐,기억력이 좋아짐,4,159
자기계발,명상을 통해 찾은 내면의 평온함,170,"며칠 전부터 매일 저녁마다 조용한 방에서 명상을 시도하고 있다. 처음엔 잡생각이 머릿속을 맴돌아 집중하기 어려웠지만, 호흡에 천천히 신경을 쓰다 보니 마음이 차분해지는 걸 느꼈다. 어제는 눈을 감고 깊이 들이마시는 숨소리에 귀를 기울이니, 잠시나마 일상의 걱정이 잦아들고 내면에 평온함이 찾아왔다. 명상이 이렇게 감정을 안정시키는 데 도움을 줄 줄은 미처 몰랐다.",내가 명상 중 집중하기 위해 신경을 쓴 것은 무엇이었나?,잘 모르겠음,창밖의 소리,호흡,조명 밝기,호흡,3,155
자기계발,명상을 통해 찾은 내면의 평온함,170,"며칠 전 저녁, 책상 앞에 앉아 하루 종일 쌓였던 긴장을 풀기 위해 명상을 해보았다. 처음에는 잡생각이 자꾸 떠올라 집중하기 힘들었지만, 숨을 천천히 들이마시고 내쉬는 데에만 신경을 쓰니 마음이 조금씩 가라앉는 느낌이었다. 10분 정도 지나자 머릿속이 맑아지고, 몸도 한결 가벼워졌다. 명상이 끝난 후엔 갑자기 작은 일에도 감사한 마음이 들었고, 괜히 기분이 좋아져 가족들에게 먼저 웃으며 말을 건넸다.",명상을 마친 후 내가 가족들에게 보인 변화는 무엇이었는가?,잘 모르겠음,가족들에게 아무 말도 하지 않았다,가족들에게 먼저 웃으며 말을 걸었다,집에서 혼자 조용히 있었다,가족들에게 먼저 웃으며 말을 걸었다,3,170
자기계발,명상을 통해 찾은 내면의 평온함,170,"며칠 전부터 퇴근 후 거실 한쪽에 작은 쿠션을 두고 명상을 시작했다. 처음엔 잡생각이 머릿속을 떠나지 않아 조금 답답했지만, 눈을 감고 호흡에만 집중하려 애쓰다 보니 어느새 마음이 한결 편안해졌다. 특히 오늘은 명상 중에 창밖에서 들려오는 빗소리가 잔잔하게 귓가를 맴돌며 내 불안한 기분을 차분하게 가라앉혀 주었다. 하루의 긴장이 조금씩 풀리는 것을 느끼며, 내가 내면의 평온함을 찾고 있다는 사실이 뿌듯하게 다가왔다.",명상을 하던 중 발화자가 마음이 차분해지는 데에 도움을 준 외부 요인은 무엇이었나요?,잘 모르겠음,창밖의 빗소리,부드러운 음악,향초의 향기,창밖의 빗소리,2,177
자기계발,새로 배우기 시작한 취미 이야기,170,"최근 친구의 추천으로 도자기 공예를 배우기 시작했다. 처음에는 손에 흙이 묻는 게 어색했지만, 점점 내 손길로 모양이 변해가는 게 신기했다. 특히 지난주에는 컵을 만들었는데, 윗부분이 울퉁불퉁하게 나와서 선생님이 물을 묻혀가며 모양을 다듬는 방법을 알려주셨다. 아직 완성품은 아니지만, 내 손으로 만든 컵을 곧 사용할 수 있을 생각에 기대가 크다.",지난주에 도자기 공예 수업에서 내가 만든 물건의 윗부분을 다듬을 때 선생님이 어떤 방법을 알려주셨는가?,잘 모르겠음,사포로 갈아내는 방법,물을 묻혀가며 모양을 다듬는 방법,뜨거운 바람으로 말리는 방법,물을 묻혀가며 모양을 다듬는 방법,3,147
자기계발,새로 배우기 시작한 취미 이야기,170,"며칠 전부터 친구의 추천으로 도자기 공예를 배우기 시작했다. 처음에는 손에 흙이 묻는 게 어색했지만, 점점 흙을 빚으면서 마음이 차분해지는 느낌이 들었다. 첫 수업에서는 작은 컵을 만들었는데, 손끝의 힘을 잘 조절하지 못해 컵이 약간 비뚤어졌지만, 선생님께서 직접 모양을 다듬는 법을 친절히 알려주셔서 무척 도움이 됐다. 완성된 컵은 다음 주에 유약을 입혀 구울 예정이라 기대가 크다.","도자기 공예 수업 첫날, 어떤 물건을 만들었는가?",잘 모르겠음,접시,컵,화분,컵,3,162
자기계발,새로 배우기 시작한 취미 이야기,170,"며칠 전 친구가 추천해 준 수채화 그리기를 처음 시작했다. 평소 그림에는 자신이 없었지만, 준비물을 하나씩 고르고 물감을 조심스럽게 종이에 올리는 과정이 의외로 마음을 차분하게 해줬다. 첫 작품으로 꽃을 그렸는데, 색이 번지는 모습이 재밌으면서도 생각보다 섬세함이 필요했다. 아직은 서툴지만 완성한 그림을 액자에 넣어 책상 위에 올려두니 뿌듯함이 느껴졌다.",내가 수채화로 처음 그린 그림의 주제는 무엇이었나요?,잘 모르겠음,풍경,동물,꽃,꽃,4,153
자기계발,새로 배우기 시작한 취미 이야기,170,"며칠 전 친구의 추천으로 도자기 공예 수업에 처음 참여했다. 교실에 들어서자 흙 특유의 냄새가 났고, 선생님께서 손에 흙을 묻혀가며 그릇을 빚는 방법을 차분하게 설명해주셨다. 처음에는 손끝이 서툴러 모양이 삐뚤빼뚤했지만, 점점 흙이 부드럽게 변형되는 느낌이 재미있었다. 수업 후에는 직접 만든 작은 컵을 받아들고 뿌듯함을 느꼈고, 집에 돌아와 가족에게 보여주니 모두 신기해했다.",내가 도자기 공예 수업에서 만든 것은 무엇이었나?,잘 모르겠음,접시,컵,화분,컵,3,162
자기계발,새로운 취미를 시작하게 된 이유와 그 과정,170,"며칠 전 친구가 자신이 다니는 도예 공방에 한번 와보라고 권해서 호기심에 따라갔다. 처음엔 진흙을 만지는 게 어색하고 손에 자꾸 붙어서 손을 씻고 싶었지만, 점차 모양이 만들어지는 과정이 재미있게 느껴졌다. 완성된 작은 컵을 구워서 가져왔는데, 서툴지만 내 손으로 만든 결과물이라 그런지 괜히 정이 갔다. 그 후로 일주일에 한 번씩 공방에 가며 새로운 취미를 쌓아가고 있다.",처음 도예 공방에서 진흙을 만질 때 내가 느낀 감정은 무엇이었나요?,잘 모르겠음,자신감이 넘쳤다,어색하고 손에 자꾸 붙어서 씻고 싶었다,처음부터 재미있었다,어색하고 손에 자꾸 붙어서 씻고 싶었다,3,156
자기계발,새로운 취미를 시작하게 된 이유와 그 과정,170,"최근에 업무 스트레스를 풀기 위해 친구의 추천으로 도자기 공예를 시작했다. 처음에는 흙을 만지는 감촉이 어색했지만, 점차 손끝에서 형태가 만들어지는 과정이 흥미로워졌다. 매주 주말마다 공방에 가서 다양한 그릇을 만들어보며 색다른 성취감을 느끼고 있다. 특히 지난주에는 처음으로 나만의 머그컵을 완성해서 기뻤다. 완성된 컵에 따뜻한 차를 따라 마시며 내 손으로 만든 물건이 주는 특별한 만족을 새삼 느꼈다.",화자가 도자기 공예를 시작하게 된 계기는 무엇이었나요?,잘 모르겠음,직장에서 동료가 권유해서,업무 스트레스를 해소하고 싶어서 친구의 추천을 받아서,가족의 권유로,업무 스트레스를 해소하고 싶어서 친구의 추천을 받아서,3,173
자기계발,새로운 취미를 시작하게 된 이유와 그 과정,170,"최근에 사진 찍는 취미를 시작하게 되었는데, 계기는 친구가 중고 카메라를 저렴하게 내놓으면서부터였다. 평소 풍경을 보는 걸 좋아해서 카메라를 들고 공원이나 골목길을 돌아다니며 찍어보았는데, 처음엔 사진이 흔들리거나 구도가 이상해서 실망하기도 했다. 하지만 점점 내 시선이 사진에 담기는 느낌이 들어 뿌듯했다. 요즘엔 꽃이나 고양이처럼 움직이는 피사체를 촬영하는 데에도 도전하고 있다.",내가 사진 찍는 취미를 시작하게 된 계기는 무엇이었나?,잘 모르겠음,친구가 중고 카메라를 저렴하게 내놓아서,여행을 가고 싶어서,사진 공모전에 참가하려고,친구가 중고 카메라를 저렴하게 내놓아서,2,167
자기계발,새로운 취미를 시작하게 된 이유와 그 과정,170,"며칠 전 우연히 친구가 보내준 사진 속에서 직접 만든 도자기 머그컵을 보고 큰 감명을 받았다. 평소 손재주가 없다고 생각했는데, 나도 한번 도전해보고 싶다는 마음이 생겼다. 인터넷으로 근처 도자기 공방을 찾아 예약을 하고, 흙을 만지며 모양을 잡는 과정이 생각보다 집중력이 필요해 잡생각이 사라졌다. 완성된 컵은 조금 울퉁불퉁했지만, 내 손으로 만든 결과물이라 그런지 세상에 하나뿐인 소중한 컵이 되었다.",내가 새로운 취미로 선택한 활동은 무엇이었나요?,잘 모르겠음,도자기 만들기,요리 교실 참석,사진 찍기,도자기 만들기,2,171
자기계발,실패하지 않기 위해 특별히 신경 쓴 것,170,"최근 팀 프로젝트를 진행하면서 실수를 줄이기 위해 매일 저녁 하루 동안 했던 일을 노트에 정리했다. 특히 내가 맡은 부분에서 헷갈렸던 점이나 실수할 수 있는 부분을 따로 표시해 두었고, 다음 날 아침에는 그 부분을 다시 한 번 점검했다. 동료들에게도 내가 기록한 노트를 공유해서 혹시 빠트린 점이 없는지 피드백을 받았는데, 이런 과정을 반복하니 작은 실수도 미리 발견할 수 있었고, 프로젝트를 마칠 때까지 큰 문제 없이 마무리할 수 있었다.",실수를 줄이기 위해 내가 가장 먼저 한 행동은 무엇이었나요?,잘 모르겠음,동료들에게 바로 피드백을 요청했다.,하루 일과를 노트에 정리했다.,프로젝트를 미루고 쉬었다.,하루 일과를 노트에 정리했다.,3,181
자기계발,실패하지 않기 위해 특별히 신경 쓴 것,170,"며칠 전 중요한 발표를 앞두고 실수하지 않으려고 발표 자료를 여러 번 점검했다. 특히 자료의 흐름이 자연스러운지, 슬라이드마다 글자 크기나 색깔이 통일되어 있는지 신경 써서 수정했다. 그리고 연습할 때 시간을 재며 말이 너무 빠르거나 느리지 않도록 여러 번 녹음해서 들어보았다. 발표 당일에는 발표 전 손바닥에 적어둔 키워드를 몰래 확인하며 긴장을 풀었고, 예상 질문에 대한 답도 미리 준비해 두었다.",발화자가 발표 준비 과정에서 특별히 신경 쓴 부분은 무엇이었나요?,잘 모르겠음,발표 자료의 흐름과 디자인 통일성,질문을 미리 받아 적는 것,관객 수를 파악하는 것,발표 자료의 흐름과 디자인 통일성,2,168
자기계발,실패하지 않기 위해 특별히 신경 쓴 것,170,"며칠 전 중요한 발표를 앞두고 긴장감이 극에 달했지만, 실수를 최소화하기 위해 전날 밤 발표 내용을 종이에 손으로 직접 써 보며 연습했다. 그 과정에서 문장 하나하나를 꼼꼼히 다듬었고, 중간에 막힐 만한 부분을 발견하면 미리 질문을 만들어 답변까지 준비해뒀다. 발표 직전에는 발표장 분위기에 익숙해지려고 일찍 도착해 자리를 살펴보고, 심호흡을 하며 마음을 가라앉혔다.",실패하지 않기 위해 발표 전에 특별히 한 행동으로 올바른 것은 무엇인가요?,잘 모르겠음,발표 내용을 손으로 써 보며 연습했다.,발표 복장을 직접 만들어 입었다.,발표 도중에 즉석에서 자료를 만들었다.,발표 내용을 손으로 써 보며 연습했다.,2,156
자기계발,실패하지 않기 위해 특별히 신경 쓴 것,170,"며칠 전 중요한 발표를 앞두고, 실수하지 않으려고 평소보다 더 꼼꼼하게 준비했다. 특히 발표 자료의 흐름을 여러 번 점검하고, 예상 질문에 대한 답변도 메모해 두었다. 발표 전날에는 거울 앞에서 혼자 리허설을 하며 목소리 크기와 표정까지 신경 썼다. 또한, 갑자기 생각이 안 날 때를 대비해 핵심 내용을 작은 메모지에 적어 두고 주머니에 넣었다. 이런 준비 덕분에 실수 없이 발표를 마칠 수 있었던 것 같다.",발화자가 발표 전에 한 행동이 아닌 것은 무엇인가요?,잘 모르겠음,발표 자료의 흐름을 여러 번 점검했다.,거울 앞에서 리허설을 하며 목소리와 표정을 신경 썼다.,발표 전날 친구들과 발표 내용을 연습했다.,발표 전날 친구들과 발표 내용을 연습했다.,4,167
자기계발,완성한 프로젝트와 그 과정,170,"며칠 전 회사에서 진행한 모바일 앱 개발 프로젝트가 드디어 마무리되었다. 초반엔 팀원들과 의견이 자주 엇갈려 일정이 조금 늦춰지기도 했지만, 매일 아침 짧은 회의를 통해 각자의 진행 상황을 공유하면서 점점 협업이 원활해졌다. 특히 사용자 피드백을 반영해 디자인을 두 번 수정했던 과정이 기억에 남는다. 완성된 앱을 직접 다운로드해보니 그동안의 노력이 떠올라 뿌듯했다.",프로젝트를 진행하며 팀이 협업을 원활하게 하기 위해 매일 아침 했던 일은 무엇이었나요?,잘 모르겠음,사용자 피드백 조사,팀원들과 짧은 회의,디자인 시안 제작,팀원들과 짧은 회의,3,156
자기계발,완성한 프로젝트와 그 과정,170,"몇 달 전부터 준비해온 독서모임 웹사이트를 드디어 완성했다. 평소 읽은 책들을 쉽게 정리하고 싶어서 시작했는데, 회원들이 서로 책을 추천하고 감상을 남길 수 있는 기능을 추가하는 과정이 가장 어려웠다. 오류가 자주 발생해 밤늦게까지 코드를 수정했고, 테스트를 반복하면서도 포기하지 않았다. 완성된 사이트를 친구들에게 공유하자 모두들 기대 이상이라며 칭찬해줬고, 직접 만든 공간에서 대화가 오가는 모습을 보니 뿌듯함이 느껴졌다.",웹사이트 완성 과정에서 가장 어려웠던 점은 무엇이었나요?,잘 모르겠음,책 표지를 디자인하는 과정,회원들이 책을 추천하고 감상을 남길 수 있는 기능 추가,서버를 해외에 구축하는 과정,회원들이 책을 추천하고 감상을 남길 수 있는 기능 추가,3,184
자기계발,완성한 프로젝트와 그 과정,170,"며칠 전, 오랜만에 친구와 함께 진행했던 모바일 앱 개발 프로젝트를 완성했다. 처음엔 서로의 아이디어가 달라서 자주 의견 충돌이 있었지만, 여러 차례 대화를 나누면서 점점 하나의 방향으로 맞춰갔다. 기능 구현에서 예상치 못한 오류가 발생할 때마다 밤늦게까지 함께 고민했고, 직접 자료를 찾아보며 해결책을 찾았다. 마지막에는 앱 디자인을 조금 바꿨더니 사용자들이 더 편리하게 사용할 수 있다는 피드백을 받아 뿌듯했다.",프로젝트를 진행하면서 친구와 가장 처음 겪었던 문제는 무엇이었나요?,잘 모르겠음,예상치 못한 오류 발생,서로의 아이디어 차이,자료 부족,서로의 아이디어 차이,3,177
자기계발,완성한 프로젝트와 그 과정,170,"몇 주 전부터 시작한 앱 개발 프로젝트가 드디어 완성되어서 뿌듯함을 느꼈다. 처음에는 계획한 기능 중 일부 구현이 어려워서 한동안 진도가 더디기도 했지만, 인터넷 자료와 친구의 도움을 받아 문제를 해결했다. 마지막에는 디자인을 수정하고, 직접 여러 번 테스트하며 오류를 찾았다. 완성된 결과물을 부모님께 보여드렸더니, 많이 칭찬해주셔서 자신감이 생겼다.",프로젝트를 완성하는 과정에서 오류를 발견하기 위해 어떤 방법을 사용했는가?,잘 모르겠음,친구에게 모두 맡겼다,직접 여러 번 테스트했다,전문가에게만 의뢰했다,직접 여러 번 테스트했다,3,152
자기계발,외국어 학습 과정에서의 업앤다운,170,"며칠 전 영어 회화 스터디에서 처음 만난 사람들과 자기소개를 하게 되었는데, 갑자기 머릿속이 하얘져버려서 평소 연습했던 문장도 생각이 안 나 당황했었다. 그래도 한참 지나고 나서야 겨우 몇 마디를 이어갔는데, 끝나고 집에 오는 길에 아쉬움이 많이 남았다. 그런데 다음날 혼자 복습을 하면서는 오히려 그때 말하지 못했던 표현들이 더 잘 떠올라서, 다음에는 조금 더 자신 있게 말할 수 있을 것 같다는 생각이 들었다.",영어 회화 스터디에서 자기소개를 할 때 어떤 일이 있었는가?,잘 모르겠음,자신있게 유창하게 자기소개를 했다.,머릿속이 하얘져 평소 연습한 문장도 생각이 나지 않았다.,아예 자기소개를 하지 않았다.,머릿속이 하얘져 평소 연습한 문장도 생각이 나지 않았다.,3,171
자기계발,외국어 학습 과정에서의 업앤다운,170,"최근에 스페인어를 배우면서 느낀 점이 많다. 며칠 전에는 친구랑 카페에서 대화 연습을 했는데, 예상치 못한 질문에 단어가 생각나지 않아 당황했다. 그래도 실수에 굴하지 않고 계속 말하려고 노력하니, 어색하던 문장도 조금씩 자연스럽게 나왔다. 예전엔 이런 상황이 오면 포기하고 싶었지만, 이번에는 오히려 더 도전해보고 싶다는 생각이 들었다. 확실히 언어를 배우는 과정에는 오르막과 내리막이 반복되지만, 꾸준히 하다 보면 어느 순간 성취감을 느낄 수 있다는 걸 깨달았다.",발화자가 카페에서 친구와 연습하던 중에 느꼈던 감정은 무엇이었나요?,잘 모르겠음,실수 때문에 포기하고 싶었다,실수 후에 더 도전하고 싶었다,전혀 긴장하지 않았다,실수 후에 더 도전하고 싶었다,3,199
자기계발,외국어 학습 과정에서의 업앤다운,170,"며칠 전에는 영어회화 스터디에서 발표를 맡았는데, 준비한 내용이 생각보다 잘 전달되어 뿌듯했다. 그런데 발표가 끝나고 자유롭게 대화하는 시간이 되니 갑자기 머릿속이 하얘지면서 단어가 잘 떠오르지 않아 당황했다. 다행히 스터디 친구 중 한 명이 내가 말하고자 했던 표현을 대신 설명해줘서 부끄럽지만 고마웠다. 이런 기복이 반복되지만, 그 덕분에 다음엔 조금 더 자연스럽게 말할 수 있을 거란 기대도 하게 된다.",발화자가 영어회화 스터디에서 겪은 어려움은 무엇이었나요?,잘 모르겠음,발표 준비가 부족해서 내용을 잊음,자유 대화 시간에 단어가 떠오르지 않음,스터디 친구와 의견이 달라서 갈등이 생김,자유 대화 시간에 단어가 떠오르지 않음,3,172
자기계발,외국어 학습 과정에서의 업앤다운,170,"몇 달 전부터 스페인어 공부를 시작했는데, 처음에는 단어 암기와 간단한 문장 말하기가 생각보다 잘 돼서 스스로 뿌듯했었다. 하지만 지난주에 스페인 친구와 영상 통화를 하다가 갑자기 긴장이 되어서 머릿속이 하얘졌고, 평소 외웠던 문장조차 제대로 말하지 못했다. 그때 좌절감이 컸지만, 오히려 그 경험 덕분에 더 꾸준히 연습해야겠다는 동기가 생겼다.",스페인 친구와 영상 통화 도중 어떤 일이 일어났나요?,잘 모르겠음,스페인어로 유창하게 대화했다.,긴장해서 외운 문장을 제대로 말하지 못했다.,통화 연결이 끊겼다.,긴장해서 외운 문장을 제대로 말하지 못했다.,3,147
자기계발,운동을 꾸준히 시작하게 된 계기,170,"며칠 전 친구에게서 오래간만에 연락이 와서 함께 근처 산책로를 걷게 됐다. 처음엔 귀찮았지만 막상 걸으니 기분이 상쾌해지고, 오랜만에 친구와 이런저런 이야기를 나누며 시간 가는 줄 몰랐다. 그날 이후 신기하게도 몸이 가벼워진 느낌이 들어서, 다음날부터 혼자서도 걷기를 시작했다. 점점 익숙해지다 보니 이젠 가볍게 조깅까지 하게 되었고, 출근 전이나 저녁 시간에 일부러 시간을 내서 운동하는 게 습관이 됐다. 예전엔 의지가 약해서 운동을 꾸준히 하지 못했는데, 이제는 가끔 친구와 걷던 그날을 떠올리며 동기부여를 얻곤 한다.",발화자가 운동을 꾸준히 시작하게 된 계기는 무엇이었나요?,잘 모르겠음,친구와 산책하며 기분이 상쾌해진 경험 때문,새해 목표를 세웠기 때문,건강검진 결과가 나빠서,친구와 산책하며 기분이 상쾌해진 경험 때문,2,221
자기계발,운동을 꾸준히 시작하게 된 계기,170,"비 오는 주말 오후에 소파에 앉아 TV를 보다가 문득 거울에 비친 제 모습이 예전과 많이 달라진 걸 느꼈어요. 친구들과 사진을 찍었을 때 저만 표정이 지쳐 보였던 기억도 떠올랐죠. 그날 이후로 집 앞 공원에서 짧게라도 걷기 시작했는데, 걷다 보니 기분이 나아지고 잠도 더 잘 오더라고요. 처음엔 귀찮았지만, 며칠 지나니 아침에 일어나는 것도 한결 수월해졌어요. 운동을 하면서 생각이 정리되고 스트레스도 덜 받는 것 같아, 이제는 꾸준히 운동하는 게 제 일상이 되었어요.",화자가 운동을 꾸준히 시작하게 된 계기는 무엇이었나요?,잘 모르겠음,친구의 권유로,TV에서 운동 프로그램을 보고,거울에 비친 자신의 모습이 달라진 것을 보고,거울에 비친 자신의 모습이 달라진 것을 보고,4,194
자기계발,운동을 꾸준히 시작하게 된 계기,170,"몇 달 전 우연히 동네 공원에서 오랜만에 친구를 만났는데, 그 친구가 전보다 훨씬 건강해 보였어요. 예전엔 자주 피곤해하고 무기력해하던 친구였는데, 요즘 꾸준히 조깅을 시작했다는 얘기를 듣고 저도 자극을 받았습니다. 그래서 그날 이후로 매일 저녁마다 공원에서 가볍게 뛰기 시작했어요. 처음에는 힘들었지만, 점점 컨디션이 좋아지고 몸도 가벼워진 느낌이 들어서 지금까지 계속하고 있습니다.",화자가 운동을 꾸준히 시작하게 된 계기는 무엇이었나요?,잘 모르겠음,동네 공원에서 친구와 약속을 했기 때문,친구가 건강해진 모습을 보고 자극을 받았기 때문,체중 감량을 위해 운동을 결심했기 때문,친구가 건강해진 모습을 보고 자극을 받았기 때문,3,166
자기계발,운동을 꾸준히 시작하게 된 계기,170,"며칠 전 친구가 건강검진 결과를 받고 운동을 시작했다고 해서 나도 자극을 받았다. 평소 계단 오르기조차 숨이 차서 걱정이었는데, 친구와 함께 근처 공원을 걷기로 약속했다. 처음엔 귀찮기도 했지만, 둘이서 대화를 나누며 걷다 보니 시간이 금방 갔다. 그렇게 일주일 동안 하루도 빠지지 않고 산책을 하니 어느새 몸이 가벼워지는 느낌이 들었다. 친구의 권유와 함께하는 시간이 내 운동 습관의 시작점이 된 것 같다.",내가 운동을 꾸준히 시작하게 된 계기로 올바른 것은 무엇인가?,잘 모르겠음,친구가 건강검진 결과를 잘 받아서,친구와 함께 공원에서 걷기로 약속해서,혼자서 헬스장에 다니기 시작해서,친구와 함께 공원에서 걷기로 약속해서,3,170
자연과의 만남,바다에서 느낀 평온함에 대한 생각,170,"며칠 전, 평소보다 조금 일찍 집을 나서 해변을 산책했다. 잔잔하게 밀려오는 파도 소리를 들으면서 모래 위를 천천히 걸었는데, 바다 특유의 소금기 섞인 바람이 얼굴을 스치자 머릿속이 맑아지는 기분이었다. 바다를 바라보니 복잡했던 마음도 자연스럽게 가라앉았다. 한참을 앉아있다가 발끝에 닿는 차가운 물에 잠시 놀라기도 했지만, 덕분에 더욱 평온함을 느낄 수 있었다. 이 시간을 보내고 나니 작은 걱정들도 한결 가벼워졌다.",발화자가 바다에서 평온함을 느끼게 된 계기는 무엇이었나요?,잘 모르겠음,바다에서 수영을 해서,바다를 바라보고 파도 소리를 들으며 모래를 걸어서,해변에서 모래성을 쌓아서,바다에서 수영을 해서,2,178
자연과의 만남,바다에서 느낀 평온함에 대한 생각,170,"파도 소리가 귓가에 잔잔하게 퍼지는 해변에 앉아 있으니 머릿속이 맑아지는 느낌이 들었다. 발밑을 스치는 차가운 모래와 부드러운 바람 덕분에 복잡했던 생각들이 조금씩 정리됐다. 해가 천천히 저물면서 하늘이 붉게 물들 때, 나는 마음이 평온해지는 경험을 했다. 잠시 휴대폰을 끄고 하늘과 바다만 바라보는 그 시간 동안, 일상에서 느꼈던 스트레스가 사라지는 듯했다.",해변에서 마음이 평온해졌던 이유로 발화자가 직접 언급한 것은 무엇인가요?,잘 모르겠음,모래 위를 걷는 소리 때문,붉게 물든 하늘을 보면서,휴대폰을 잠시 꺼두고 바다를 바라본 덕분에,휴대폰을 잠시 꺼두고 바다를 바라본 덕분에,4,153
자연과의 만남,바다에서 느낀 평온함에 대한 생각,170,"요즘 머릿속이 복잡해서 혼자 바닷가 산책을 다녀왔다. 파도 소리가 일정하게 들려오고, 발밑에 모래가 차갑게 스며드는 느낌이 참 좋았다. 해가 천천히 지는 걸 바라보며 아무 생각 없이 앉아 있으니 마음이 조금씩 가라앉는 것 같았다. 바다 냄새와 저녁바람이 뒤섞여서 답답했던 숨도 한결 편해졌다. 돌아오는 길에는 평소 놓쳤던 작은 것들에 감사하게 되었고, 다시 힘을 낼 용기가 생겼다.",발화자가 바닷가에서 평온함을 느낀 이유로 언급하지 않은 것은 무엇인가요?,잘 모르겠음,파도 소리가 일정하게 들려서,바닷가 모래의 차가운 느낌 때문에,저녁바람과 바다 냄새가 뒤섞여서,파도 소리가 일정하게 들려서,2,160
자연과의 만남,바다에서 느낀 평온함에 대한 생각,170,"평소보다 일찍 일어나 창밖을 보니 구름 한 점 없는 맑은 하늘이 보여 갑자기 바다에 가고 싶다는 생각이 들었다. 바쁜 일상에서 벗어나 조용한 해변에 앉아 잔잔하게 밀려오는 파도 소리를 듣고 있자니 마음속의 복잡한 생각들이 하나씩 정리되는 기분이었다. 바람이 살랑살랑 불어오고, 발끝에 닿는 차가운 모래도 오랜만에 느껴보는 촉감이었다. 그 순간만큼은 아무 걱정 없이 평온함에 휩싸여 잠시 눈을 감고 깊게 숨을 들이마셨다.",화자는 해변에서 어떤 자연의 소리를 들으며 마음이 정리되는 기분을 느꼈나요?,잘 모르겠음,갈매기 우는 소리,파도 소리,비 내리는 소리,파도 소리,3,176
자연과의 만남,봄꽃 피는 계절의 변화를 느끼며,170,"며칠 전, 집 앞 산책로를 걷다 보니 평소와 달리 길가에 진달래와 개나리가 활짝 피어 있는 게 눈에 띄었어. 바람에 꽃잎이 흩날리며 향긋한 냄새가 코끝을 스치더라고. 작년엔 이맘때쯤 아직 쌀쌀해서 꽃이 잘 안 폈던 기억이 나는데, 올해는 유난히 따뜻해서 그런지 꽃들이 일찍 얼굴을 내민 것 같아. 산책하면서 친구에게 사진을 찍어 보내기도 했고, 모처럼 기분이 상쾌해졌지.",화자가 산책하며 친구에게 무엇을 했는지 올바르게 고른 것은?,잘 모르겠음,꽃에 대해 설명하는 음성 메시지를 보냈다.,산책로에서 꽃을 직접 따서 주었다.,꽃 사진을 찍어 친구에게 보냈다.,꽃 사진을 찍어 친구에게 보냈다.,4,154
자연과의 만남,봄꽃 피는 계절의 변화를 느끼며,170,"며칠 전까지만 해도 무채색이었던 동네 산책길이 최근에는 연분홍과 노란빛으로 가득 찼다. 길가에 핀 벚꽃과 개나리가 나란히 바람에 흔들리는 모습을 보며, 어릴 적 가족과 손잡고 꽃구경 갔던 기억이 떠올랐다. 평소엔 무심히 지나치던 나무들인데, 이렇게 꽃이 피니 매일 산책하는 시간이 기다려질 정도다. 특히 오늘은 벤치에 앉아 꽃잎이 흩날리는 장면을 한참 바라보다가, 가까이서 꿀을 모으는 벌도 발견했다.",화자가 산책 중에 벤치에 앉아 관찰한 곤충은 무엇이었나요?,잘 모르겠음,나비,벌,무당벌레,벌,3,171
자연과의 만남,봄꽃 피는 계절의 변화를 느끼며,170,"며칠 전 산책을 나갔더니 동네 공원에 진달래가 활짝 피어 있었어요. 겨울 내내 앙상했던 나무 가지에도 연둣빛 새잎이 조금씩 돋아나기 시작했죠. 걷는 내내 공기에서 꽃향기가 은은하게 느껴졌고, 벤치에 앉아 있던 할머니는 이맘때마다 손주와 꽃구경 오는 게 가장 큰 즐거움이라고 이야기해 주셨어요. 따스한 햇살 아래에서 평소와 달리 사람들이 가벼운 옷차림으로 많이 모여 있었고, 아이들은 꽃잎을 모아 소꿉놀이를 하며 즐거워했답니다.",공원 벤치에 앉아 있던 할머니가 가장 큰 즐거움이라고 말한 것은 무엇인가요?,잘 모르겠음,진달래를 따서 차로 마시는 것,손주와 꽃구경 오는 것,아이들과 꽃잎 소꿉놀이 하는 것,손주와 꽃구경 오는 것,3,182
자연과의 만남,봄꽃 피는 계절의 변화를 느끼며,170,"며칠 전 산책을 하다가 길가에 활짝 핀 개나리를 처음 발견했다. 노란 꽃이 햇볕을 받아 반짝이는 모습이 유난히 예뻐서 발걸음을 멈추고 한참을 바라봤다. 평소에는 관심 없이 지나치던 곳이었는데, 올봄에는 이상하게도 자연의 작은 변화들이 더 크게 느껴진다. 집에 돌아와 창문을 열었더니, 어디선가 진달래 향기도 은은하게 퍼져왔다. 이런 순간들이 반복될수록 봄이 점점 깊어지고 있다는 걸 새삼 느끼게 된다.",산책 중 필자가 노란 꽃을 발견한 뒤 집에 돌아와서 창문을 열었을 때 무엇을 느꼈나요?,잘 모르겠음,진달래 향기가 은은하게 퍼져왔다,창밖의 비가 내리는 소리를 들었다,강아지가 짖는 소리를 들었다,진달래 향기가 은은하게 퍼져왔다,2,170
자연과의 만남,비 올 때의 향기에 대한 감상,170,비가 내리기 시작하면 창문을 살짝 열어 둔 채로 그 특유의 흙내음을 맡는 것을 좋아한다. 오늘은 퇴근길에 갑작스러운 소나기가 내려 우산을 펴고 천천히 집까지 걸었다. 비에 젖은 공기와 나뭇잎에서 나는 상쾌한 향기가 마치 오랜만에 자연이 숨을 쉬는 듯한 기분을 들게 했다. 특히 작은 공원 옆을 지날 때 진하게 퍼지는 풀냄새와 젖은 흙냄새가 섞여 마음이 한결 편안해졌다.,발화자가 비가 올 때 향기를 가장 진하게 느낀 장소는 어디였나요?,잘 모르겠음,퇴근길 도로,작은 공원 옆,집 안,작은 공원 옆,3,152
자연과의 만남,비 올 때의 향기에 대한 감상,170,"며칠 전, 갑작스럽게 창문을 두드리는 빗소리에 잠시 하던 일을 멈추고 밖을 바라봤다. 빗방울이 흙과 나뭇잎을 적시는 순간, 평소에는 느끼지 못했던 짙고 맑은 향기가 코끝을 스쳤다. 그 냄새는 어릴 적 장화 신고 뛰놀던 골목길의 기억까지 떠오르게 해, 잠시 동안 시간이 느리게 흘러가는 듯했다. 빗소리와 함께 퍼지는 흙내음은 내 마음을 차분하게 만들어 주고, 복잡했던 생각들도 조금씩 정돈되는 느낌이었다.",비가 올 때 필자가 느낀 향기는 어떤 기억을 떠올리게 했는가?,잘 모르겠음,여행 갔던 바닷가의 추억,어릴 적 장화 신고 뛰놀던 골목길의 기억,고등학교 졸업식 날의 풍경,어릴 적 장화 신고 뛰놀던 골목길의 기억,3,170
자연과의 만남,비 올 때의 향기에 대한 감상,170,"창문을 열고 있던 저녁, 갑자기 빗방울이 떨어지기 시작했다. 빗소리와 함께 방 안으로 스며드는 그 특유의 흙내음이 어릴 적 마당에서 장화 신고 뛰놀던 기억을 떠올리게 했다. 평소엔 무심했던 공기마저 오늘은 더 싱그럽고 상쾌하게 느껴졌다. 빗방울이 땅에 닿으며 퍼지는 향기는 마치 일상에 작은 휴식 같은 느낌을 주었고, 잠시 모든 걱정이 사라지는 듯한 평온함이 밀려왔다.","비가 오던 저녁, 발화자가 빗소리와 함께 방 안으로 들어왔다고 느낀 향기는 무엇과 관련이 있었나요?",잘 모르겠음,흙내음,바닷내음,꽃향기,흙내음,2,155
자연과의 만남,비 올 때의 향기에 대한 감상,170,창문을 열어두고 책을 읽던 중 갑자기 빗방울이 창틀에 부딪히는 소리가 들렸다. 그 순간 방 안으로 스며든 비 냄새는 어릴 적 골목에서 친구들과 뛰놀다 맞이한 소나기가 생각나게 했다. 평소엔 무심히 지나쳤던 흙과 풀냄새가 비와 섞이니 마음이 한결 차분해졌다. 잠시 책을 덮고 빗소리와 향기에 집중했더니 일상의 분주함이 잊혀졌다.,발화자의 비 냄새에 대한 감상과 연관된 어린 시절의 경험은 무엇이었나요?,잘 모르겠음,비 내리는 날 집에서 혼자 시간을 보낸 것,골목에서 친구들과 뛰놀다 소나기를 맞은 것,비 오는 날 가족과 산책을 한 것,골목에서 친구들과 뛰놀다 소나기를 맞은 것,3,137
자연과의 만남,산에서 만난 동물 이야기,170,"며칠 전 등산을 하다가 예상치 못한 순간에 고라니를 마주쳤다. 처음엔 멀리서 나뭇가지가 부딪히는 소리가 들려서 그냥 바람이 부는 줄 알았는데, 자세히 보니 갈색 털을 가진 고라니 한 마리가 조심스럽게 내 쪽을 바라보고 있었다. 순간 숨을 죽이고 움직이지 않았더니, 고라니가 천천히 풀을 뜯기 시작했다. 바로 옆 등산로에서 이렇게 야생동물을 가까이서 본 건 처음이라 신기하면서도 조금 두근거렸다. 한참을 바라보다가 고라니가 숲속으로 사라진 뒤에야 다시 걸음을 옮길 수 있었다.","등산 중에 글쓴이가 야생동물을 만났을 때, 그 동물은 무엇을 하고 있었나요?",잘 모르겠음,나뭇가지를 오르고 있었다,풀을 뜯고 있었다,글쓴이를 쫓아오고 있었다,풀을 뜯고 있었다,3,200
자연과의 만남,산에서 만난 동물 이야기,170,"며칠 전 산책 겸 등산을 갔던 날이 아직도 기억에 남는다. 조용히 흙길을 걷다가 갑자기 작은 소리가 들려 고개를 돌려보니 다람쥐 한 마리가 재빠르게 나무줄기를 타고 올라갔다. 순간적으로 나와 눈이 마주쳤는데, 잠깐 멈추더니 금세 잎 사이로 몸을 숨겼다. 그 짧은 만남 덕분에 그날 등산길 내내 기분이 좋아졌고, 자연 속에서 이런 우연한 만남이 주는 특별함을 다시 한 번 느꼈다.",산책 중에 필자가 산에서 만난 동물은 무엇이었나요?,잘 모르겠음,다람쥐,고양이,토끼,다람쥐,2,155
자연과의 만남,산에서 만난 동물 이야기,170,"등산로를 따라 걷다가 예상치 못한 순간에 멧돼지를 만난 적이 있다. 처음엔 나뭇가지 부딪히는 소리인 줄 알았는데, 커다란 멧돼지가 길가에 나타나 심장이 쿵쾅거렸다. 순간적으로 몸을 최대한 움직이지 않고 조용히 뒤로 물러섰다. 멧돼지는 잠시 주위를 살피더니, 금세 숲속으로 사라졌다. 그날 이후로 산에 갈 때는 항상 주위를 더 잘 살피고, 비상용 호루라기도 챙기게 됐다.",발화자에게 산에서 멧돼지를 만났을 때 취한 행동은 무엇이었나요?,잘 모르겠음,멧돼지에게 소리를 질렀다,조용히 뒤로 물러섰다,멧돼지에게 먹이를 주었다,조용히 뒤로 물러섰다,3,156
자연과의 만남,산에서 만난 동물 이야기,170,"며칠 전 친구와 함께 동네 뒷산을 오르다가 갑자기 바스락거리는 소리에 멈춰 섰다. 조심스럽게 소리가 나는 쪽을 바라보니, 작은 청설모 한 마리가 도토리를 입에 물고 나무 줄기 위를 빠르게 오르내리고 있었다. 처음엔 긴장이 됐지만, 청설모가 우리를 잠깐 쳐다보고는 금세 도토리를 다른 곳으로 옮기기 시작하는 모습이 무척 귀엽고 신기했다. 친구와 나는 소리를 내지 않으려고 서로 눈짓만 주고받으며 한참을 그 모습을 바라보다가, 조용히 산길을 따라 내려왔다.",산에서 주인공이 친구와 함께 보았던 동물은 무엇이었나요?,잘 모르겠음,다람쥐,청설모,멧토끼,청설모,3,191
자연과의 만남,캠핑장에서의 하룻밤 이야기,170,"조용한 숲속 캠핑장에서 텐트를 설치하고, 친구들과 모닥불을 피워 저녁을 준비했다. 고구마를 은박지에 싸서 불 속에 넣었더니 구수한 냄새가 퍼졌다. 어둠이 내릴 때쯤 갑자기 빗방울이 떨어지기 시작했지만, 우리는 텐트 안에서 빗소리를 들으며 카드게임을 하며 시간을 보냈다. 밤이 깊어지자 개구리 소리와 빗방울 소리가 어우러져 색다른 분위기를 만들어 주었다.",캠핑장에서 친구들과 빗소리를 들으며 무엇을 하며 시간을 보냈나요?,잘 모르겠음,책을 읽었다,카드게임을 했다,노래를 불렀다,카드게임을 했다,3,152
자연과의 만남,캠핑장에서의 하룻밤 이야기,170,"친구들과 함께 작은 산 근처 캠핑장에 도착하자마자 텐트를 설치했어요. 저녁이 되자 바람 소리와 풀벌레 소리가 뒤섞여 조용한 밤이 찾아왔습니다. 우리는 모닥불 옆에서 감자를 구워 먹으며 서로의 어린 시절 이야기를 나누었어요. 텐트 안에 들어가 누웠을 때, 은은한 나무 향과 바람이 텐트 안까지 스며드는 느낌이 정말 신기했습니다. 평소와 달리 휴대폰을 멀리 두고 자연의 소리에 집중하니 마음이 한결 편안해졌어요.",캠핑장에서 친구들과 어떤 음식을 모닥불 옆에서 먹었나요?,잘 모르겠음,옥수수,감자,고구마,감자,3,173
자연과의 만남,캠핑장에서의 하룻밤 이야기,170,"텐트 안에서 들려오는 빗소리에 귀를 기울이며 친구들과 도란도란 이야기를 나눴다. 갑자기 바람이 세게 불어 텐트가 약간 흔들렸지만, 모두 함께 긴장된 표정으로 서로를 바라보며 오히려 더 가까워진 기분이 들었다. 잠자리에 들기 전, 누군가가 준비한 작은 랜턴 불빛 아래에서 간단하게 컵라면을 나눠 먹으며 하루를 마무리했다.",텐트 안에서 친구들과 어떤 음식을 나눠 먹으며 하루를 마무리했나요?,잘 모르겠음,삼겹살,컵라면,과일,컵라면,3,136
자연과의 만남,캠핑장에서의 하룻밤 이야기,170,"친구들과 캠핑장에 도착해 텐트를 치고 난 뒤, 해가 지자 모닥불 주위에 둘러앉아 각자 가져온 간식을 나눠 먹었다. 갑자기 바람이 불어 촛불이 꺼지는 바람에 잠시 어둠 속에 있었는데, 그때 근처 숲에서 부엉이 울음소리가 들려 모두가 조용해졌다. 불빛이 다시 켜진 후에는 누군가 기타를 꺼내 연주해 분위기가 한층 더 좋아졌다. 이 밤을 잊지 못할 것 같다.",캠핑장에서 갑자기 조용해진 이유는 무엇이었나요?,잘 모르겠음,누군가 갑자기 노래를 불러서,숲에서 부엉이 울음소리가 들려서,모닥불이 갑자기 꺼져서,숲에서 부엉이 울음소리가 들려서,3,145
주말 브런치 시간,브런치를 통해 얻은 소소한 행복,170,"주말마다 집 근처 작은 카페에서 혼자 브런치를 먹는 시간이 점점 소중하게 느껴진다. 이번에는 크로와상 샌드위치와 상큼한 오렌지 주스를 주문했는데, 바삭한 빵과 신선한 채소가 어울려 입안 가득 행복해졌다. 창밖으로 햇살이 들어오고, 나만의 느긋한 시간을 보내며 잠시 걱정을 내려놓을 수 있었다. 조용한 음악까지 더해지니, 그 짧은 순간이 꽤 큰 위안이 되었다.",내가 이번에 브런치로 먹은 음식과 음료의 조합은 무엇이었나요?,잘 모르겠음,크로와상 샌드위치와 오렌지 주스,팬케이크와 커피,베이글과 홍차,크로와상 샌드위치와 오렌지 주스,2,152
주말 브런치 시간,브런치를 통해 얻은 소소한 행복,170,"주말이 되면 집 근처 작은 카페에서 브런치를 먹는 것이 나만의 소소한 행복이다. 오늘은 평소와 다르게 토마토 바질 샌드위치와 자몽 주스를 주문했는데, 상큼한 자몽 맛이 입맛을 돋워줘서 하루가 기분 좋게 시작됐다. 혼자였지만 창밖을 바라보며 음악을 들으니 오랜만에 여유를 느낄 수 있었고, 그 순간만큼은 아무 걱정 없이 평화로웠다.",오늘 브런치에서 내가 주문한 주스는 무엇이었을까?,잘 모르겠음,오렌지 주스,자몽 주스,블루베리 주스,자몽 주스,3,139
주말 브런치 시간,브런치를 통해 얻은 소소한 행복,170,"요즘 주말마다 동네 작은 카페에서 브런치를 즐기고 있다. 오늘은 평소보다 이른 시간에 가서 창가 자리에 앉았는데, 따뜻한 빛이 쏟아져 기분이 정말 좋아졌다. 메뉴판을 천천히 훑어보다가 처음 보는 아보카도 오픈 샌드위치를 시켜봤다. 한 입 베어무니 신선한 아보카도와 토마토, 그리고 바삭한 빵이 어우러져 입안이 행복해졌다. 여유롭게 커피도 마시며 음악을 듣다 보니, 평소 쌓였던 스트레스가 조금씩 사라지는 느낌이었다.",발화자가 이번에 브런치로 처음 시도해 본 음식은 무엇인가요?,잘 모르겠음,프렌치 토스트,아보카도 오픈 샌드위치,팬케이크,아보카도 오픈 샌드위치,3,178
주말 브런치 시간,브런치를 통해 얻은 소소한 행복,170,"요즘에는 일주일 중에서 토요일 점심 무렵이 가장 기다려진다. 그 이유는 집 근처 작은 카페에서 브런치를 먹으며 혼자만의 여유를 만끽할 수 있기 때문이다. 갓 구운 바게트에 달걀 요리와 신선한 샐러드를 곁들여 먹을 때면 바쁜 일상 속에서 잠시나마 마음이 가벼워지는 기분이 든다. 종업원이 내 이름을 부르며 환하게 인사해주는 순간, 별다른 일이 없어도 소소한 행복이 찾아온다는 걸 새삼 느꼈다.",발화에서 화자가 브런치를 먹으며 느낀 행복의 계기는 무엇이었나요?,잘 모르겠음,집에서 직접 요리해서,종업원이 이름을 부르며 인사해줘서,친구와 함께 식사해서,종업원이 이름을 부르며 인사해줘서,3,163
주말 브런치 시간,주말 브런치로 보내는 이상적인 시간,170,"주말에 특별한 계획 없이 늦게 일어난 날, 창문을 열고 들어오는 햇살을 느끼며 부드러운 빵과 달콤한 과일, 따뜻한 커피로 브런치를 준비했다. 거실에 놓인 작은 화분들을 바라보며 라디오에서 흘러나오는 잔잔한 음악을 듣는 동안, 고양이가 내 무릎 위로 올라와 졸고 있었다. 느긋하게 책 한 권을 읽으면서 오랜만에 아무런 방해 없이 여유로운 시간을 보낼 수 있어 마음이 정말 평화로웠다.",브런치 시간에 어떤 동물이 화자의 무릎 위에 올라와 있었나요?,잘 모르겠음,강아지,고양이,토끼,고양이,3,159
주말 브런치 시간,주말 브런치로 보내는 이상적인 시간,170,"평소에는 아침을 간단히 때우는 편인데, 오늘은 오랜만에 동생과 함께 브런치를 준비했다. 집 근처 작은 베이커리에서 갓 구운 바게트를 사고, 집에서 달걀프라이와 아보카도 샐러드를 만들었다. 따뜻한 커피를 내려 테라스에서 햇살을 받으며 천천히 음식을 즐겼다. 동생과 최근 본 영화 얘기를 나누며 웃기도 하고, 음악을 틀어놓으니 평소와는 다르게 여유롭고 기분 좋은 주말 오전이었다.",발화자가 브런치 시간에 먹은 음식이 아닌 것은 무엇인가요?,잘 모르겠음,바게트,달걀프라이,치즈 오믈렛,치즈 오믈렛,4,161
주말 브런치 시간,주말 브런치로 보내는 이상적인 시간,170,"주말 오전, 평소보다 조금 늦게 일어나 햇살이 창문으로 스며드는 주방에서 느긋하게 브런치를 준비했다. 어릴 적 친구와 약속한 날처럼, 신선한 아보카도와 달걀, 바삭한 크루아상까지 정성스럽게 차렸다. 차가운 오렌지 주스와 함께 음악을 틀어놓으니 바쁜 평일과는 다른 여유로움이 느껴졌다. 친구와 오랜만에 만나 이런 시간을 함께 보낼 수 있다는 사실에 더욱 감사함을 느꼈다.",브런치를 준비할 때 함께한 음식이 아닌 것은 무엇인가요?,잘 모르겠음,아보카도,달걀,치즈,치즈,4,158
주말 브런치 시간,주말 브런치로 보내는 이상적인 시간,170,"늘 바쁜 평일을 보내다보니, 여유로운 주말이 오면 혼자만의 브런치 시간을 즐기고 싶어진다. 오늘은 창문을 활짝 열고 햇살이 들어오는 거실에서 좋아하는 재즈 음악을 틀었다. 직접 구운 크루아상에 상큼한 오렌지 잼을 발라 먹고, 부드러운 라떼 한 잔을 곁들이니 마음이 한결 가벼워졌다. 창밖으로 보이는 나무들이 바람에 살랑이는 모습을 바라보며, 한동안 아무 생각 없이 느긋하게 시간을 보냈다. 이런 조용한 주말 아침이 내게는 정말 소중하다.",발화자가 주말 브런치 시간에 곁들인 음료는 무엇이었나요?,잘 모르겠음,홍차,아메리카노,라떼,라떼,4,185
주말 브런치 시간,직접 요리한 브런치의 맛,170,"며칠 전부터 먹고 싶었던 에그베네딕트를 드디어 집에서 만들어봤다. 빵 위에 잘 익힌 수란과 햄, 그리고 손수 만든 홀랜다이즈 소스를 얹었는데, 소스가 약간 뻑뻑해졌지만 고소한 맛이 살아있었다. 직접 만든 음식이라 그런지 평소보다 더 특별하게 느껴졌고, 커피와 곁들이니 카페에 온 기분이 들었다. 다음엔 아보카도도 추가해볼까 생각했다.",발화자가 직접 만든 브런치의 소스는 어떤 점이 있었나요?,잘 모르겠음,약간 매콤했다,약간 뻑뻑했다,아주 짰다,약간 뻑뻑했다,3,143
주말 브런치 시간,직접 요리한 브런치의 맛,170,"주말 오전에는 특별히 부지런을 떨어서 평소보다 조금 더 정성 들여 브런치를 만들어봤다. 냉장고에 남아 있던 시금치와 방울토마토, 그리고 달걀로 오믈렛을 부치고, 바삭하게 구운 식빵 위에 아보카도와 치즈를 얹었다. 평소엔 사먹던 카페 브런치와는 다르게 재료를 고르고 손질하는 과정부터 내 취향에 맞게 간을 조절할 수 있어서 만족스러웠다. 특히 오믈렛이 예상보다 훨씬 부드럽고 촉촉하게 완성되어 자꾸만 포크가 갔다.",내가 이번 주말 브런치에서 오믈렛을 만들 때 사용한 재료로 알맞은 것은 무엇인가?,잘 모르겠음,"감자, 양파, 베이컨","시금치, 방울토마토, 달걀","브로콜리, 당근, 치즈","시금치, 방울토마토, 달걀",3,176
주말 브런치 시간,직접 요리한 브런치의 맛,170,"요즘은 주말마다 새로운 브런치 메뉴에 도전하고 있다. 지난번에는 처음으로 시금치와 연어를 넣은 오픈 샌드위치를 만들어 봤는데, 부드러운 크림치즈와 짭조름한 연어가 의외로 잘 어울려서 놀랐다. 샐러드는 오렌지 드레싱을 직접 만들어 곁들였더니 상큼한 맛이 입안을 감돌았다. 가족들도 평소와는 다른 맛이라며 칭찬을 아끼지 않아 뿌듯했다. 이렇게 직접 만든 요리를 함께 먹으니 주말이 더 특별하게 느껴졌다.",내가 이번 주말에 직접 만든 브런치 메뉴에 들어가지 않은 재료는 무엇이었나요?,잘 모르겠음,연어,시금치,계란,계란,4,172
주말 브런치 시간,직접 요리한 브런치의 맛,170,"최근에는 일요일마다 새로운 브런치 메뉴를 직접 만들어보는 취미가 생겼다. 이번에는 부드러운 스크램블에그와 아보카도, 그리고 토마토를 곁들인 오픈 샌드위치를 준비했다. 계란을 약불에서 천천히 저으니 평소보다 훨씬 촉촉하고 고소하게 완성되어, 빵 위에 올렸을 때도 흐르지 않고 잘 어울렸다. 가족들도 예전보다 더 맛있다며 칭찬을 아끼지 않아 뿌듯한 주말이 되었다.",이번에 직접 만든 브런치 샌드위치에 곁들인 재료로 언급된 것은 무엇인가요?,잘 모르겠음,베이컨과 시금치,아보카도와 토마토,치즈와 햄,아보카도와 토마토,3,156
주말 브런치 시간,집에서 만든 브런치의 메뉴와 그 레시피,170,"주말에 친구가 놀러와서 간단하게 브런치를 준비해봤다. 냉장고에 있던 달걀과 우유, 치즈로 오믈렛을 만들고, 식빵을 살짝 구워 아보카도와 토마토 슬라이스를 얹어봤다. 오믈렛에는 파프리카와 양파도 다져 넣었더니 식감이 더 좋아졌다. 친구가 맛있다며 레시피를 물어봐서, 오믈렛을 만들 때 우유를 조금 넣으면 더 부드러워진다는 팁도 알려줬다.",브런치 메뉴로 오믈렛을 만들 때 부드럽게 만드는 데 도움이 된 재료는 무엇인가요?,잘 모르겠음,아보카도,우유,토마토,우유,3,146
주말 브런치 시간,집에서 만든 브런치의 메뉴와 그 레시피,170,"오늘은 평소보다 조금 더 여유롭게 일어나 주방에 들어섰다. 갑자기 부드러운 오믈렛이 먹고 싶어져서 달걀 두 개에 우유를 조금 섞고 소금을 넣어 거품기로 잘 풀었다. 팬에 버터를 두르고 약불에서 천천히 익힌 뒤, 치즈와 토마토, 다진 파슬리를 안에 넣고 반으로 접었다. 옆에는 바삭하게 구운 베이컨과 아보카도 슬라이스, 그리고 직접 볶은 감자까지 곁들여서 그럴듯한 브런치 한 접시를 완성했다.",내가 만든 오믈렛 안에 넣은 재료로 언급되지 않은 것은 무엇인가?,잘 모르겠음,치즈,토마토,버섯,버섯,4,164
주말 브런치 시간,집에서 만든 브런치의 메뉴와 그 레시피,170,"며칠 전 갑자기 브런치가 먹고 싶어서 집에 있는 재료로 간단하게 만들어 보기로 했다. 냉장고를 열어보니 달걀, 아보카도, 토마토, 그리고 식빵이 남아 있었다. 달걀은 소금과 후추로 간을 해서 스크램블드에그로 만들고, 아보카도는 잘 으깨어 소금과 레몬즙을 살짝 넣었다. 식빵은 오븐에 바삭하게 구운 다음 으깬 아보카도와 스크램블드에그, 그리고 토마토 조각을 얹어 먹었더니 생각보다 훨씬 맛있었다. 커피 한 잔까지 곁들이니 완벽한 브런치였다.",브런치를 만들 때 식빵 위에 얹은 재료로 옳은 것을 고르세요.,잘 모르겠음,"스크램블드에그, 아보카도, 토마토","치즈, 햄, 양상추","베이컨, 감자, 시금치","스크램블드에그, 아보카도, 토마토",2,188
주말 브런치 시간,집에서 만든 브런치의 메뉴와 그 레시피,170,"브런치를 먹기 위해 특별히 준비한 것은 내가 좋아하는 토마토 바질 오픈 샌드위치였다. 바삭하게 구운 식빵 위에 마늘을 살짝 문지른 뒤, 얇게 썬 토마토와 직접 키운 바질잎을 넉넉히 올렸다. 그 위에 올리브오일과 소금, 후추를 뿌리고, 마지막으로 모짜렐라 치즈를 살짝 얹어 오븐에 잠깐 구웠더니 치즈가 살짝 녹으며 풍미가 더해졌다. 향긋한 커피 한 잔과 곁들이니 주말 아침이 꽤 그럴듯해졌다.",내가 브런치로 만든 오픈 샌드위치에 사용한 치즈는 무엇이었나요?,잘 모르겠음,체다 치즈,모짜렐라 치즈,고르곤졸라 치즈,모짜렐라 치즈,3,163
주말 브런치 시간,친구와 브런치 카페를 방문한 경험,170,"평소보다 늦게 일어나 한가롭게 준비를 마치고, 오랜만에 연락 온 민지와 근처 브런치 카페에 갔다. 창가 자리에 앉아 민트색 벽을 배경으로 사진도 찍고, 나는 에그 베네딕트, 민지는 팬케이크를 주문했다. 브런치에 곁들인 자몽에이드가 상큼해서 기분이 더 좋아졌다. 민지는 오랜만이라며 근황을 들려주었고, 우리는 다음엔 다른 메뉴도 먹어보자고 약속했다.",발화에서 내가 브런치로 주문한 음식은 무엇이었나요?,잘 모르겠음,팬케이크,에그 베네딕트,샐러드,에그 베네딕트,3,150
주말 브런치 시간,친구와 브런치 카페를 방문한 경험,170,"주말에 오랜만에 만난 친구와 집 근처에 새로 생긴 브런치 카페에 갔다. 내부는 따뜻한 조명 덕분에 아늑했고, 창가 자리에 앉아 느긋하게 수다를 떨었다. 나는 에그 베네딕트와 상큼한 자몽 주스를 주문했고, 친구는 크로크무슈와 아메리카노를 골랐다. 브런치가 나오자 서로의 음식을 한 입씩 맛보며 서로의 취향에 대해 이야기하는 시간이 참 즐거웠다. 식사를 마치고 카페에서 나온 뒤에는 근처 공원을 함께 산책하며 기분 좋은 하루를 보냈다.",발화에서 친구가 카페에서 주문한 메뉴는 무엇이었나요?,잘 모르겠음,에그 베네딕트와 자몽 주스,크로크무슈와 아메리카노,팬케이크와 라떼,크로크무슈와 아메리카노,3,182
주말 브런치 시간,친구와 브런치 카페를 방문한 경험,170,"지난 주말에 비가 내릴 듯 흐린 날씨였지만, 오랜만에 민지와 브런치 카페에 다녀왔다. 평소엔 사람이 많다고 들어서 걱정했는데, 비 덕분인지 자리가 넉넉했다. 우리는 오믈렛과 팬케이크를 주문했고, 민지는 라떼를 나는 자몽에이드를 시켰다. 오랜만에 친구와 이런 시간을 보내니 소소한 대화도 특별하게 느껴졌다.",카페에서 내가 주문한 음료는 무엇이었나요?,잘 모르겠음,아메리카노,자몽에이드,라떼,아메리카노,2,132
주말 브런치 시간,친구와 브런치 카페를 방문한 경험,170,"브런치를 먹으러 친구와 작은 카페에 갔던 날이 떠오른다. 원래는 유명한 팬케이크를 먹어보고 싶었지만, 막상 가보니 브런치 메뉴 중 프렌치토스트와 에그베네딕트가 더 눈에 띄었다. 친구는 에그베네딕트를 선택했고, 나는 프렌치토스트에 과일이 곁들여진 메뉴를 주문했다. 창가 자리에 앉아 따뜻한 라떼와 함께 오랜만에 진솔한 이야기를 나눌 수 있어 참 좋았다. 식사 후 카페 사장님이 직접 구운 쿠키를 서비스로 주셔서 뜻밖의 선물에 기분이 더욱 좋아졌다.",발화에서 친구가 브런치로 선택한 메뉴는 무엇이었나요?,잘 모르겠음,프렌치토스트,팬케이크,에그베네딕트,에그베네딕트,4,190
직장 생활,사장님과의 기막힌 만남 사건,170,"며칠 전, 카페에서 노트북으로 자료를 정리하다가 누군가 옆에 앉길래 무심코 인사했는데, 그분이 우리 회사 사장님이었다. 평소 사무실에서는 엄격한 이미지였는데, 카페에서는 평범한 이웃처럼 웃으며 말을 건네셨다. 커피 취향에 대해 이야기하다가 내가 카라멜 마키아토를 좋아한다고 하니, 사장님도 어릴 때부터 그 메뉴만 마신다고 했다. 뜻밖의 공통점에 함께 웃고, 일 얘기는 일절 꺼내지 않아 오히려 편안했다.",카페에서 내가 사장님과 대화를 나누게 된 계기는 무엇이었나요?,잘 모르겠음,사장님이 나를 먼저 찾아와서,카페에서 우연히 옆자리에 앉으면서,내가 사장님께 먼저 인사했기 때문에,카페에서 우연히 옆자리에 앉으면서,3,174
직장 생활,사장님과의 기막힌 만남 사건,170,"출근길에 평소와 달리 지하철에서 우산을 놓고 내렸는데, 회사 로비에서 낯익은 분이 우산을 들고 기다리고 계셨다. 가까이 가보니 그분이 바로 우리 회사 사장님이셨다. 사장님도 같은 지하철 칸에 계셨는데, 내가 허둥지둥 내리는 모습을 보고 우산을 챙겨 오셨다고 하셨다. 어색했지만 그 덕분에 처음으로 사장님과 이런 뜻밖의 대화를 나눌 수 있었다.",내가 사장님과 처음으로 대화를 나누게 된 계기는 무엇이었나요?,잘 모르겠음,회사 엘리베이터에서 마주쳐서,지하철에서 우산을 챙겨주셔서,점심 식사 중에 우연히 옆자리에 앉아서,지하철에서 우산을 챙겨주셔서,3,145
직장 생활,사장님과의 기막힌 만남 사건,170,"회사에서 평소처럼 점심을 먹으러 식당에 갔는데, 그날따라 자리가 부족해서 우연히 사장님과 같은 테이블에 앉게 되었다. 처음에는 어색했지만, 사장님이 먼저 직원들에게 요즘 힘든 점이 있는지 물어봐 주셔서 조금씩 분위기가 풀렸다. 나는 최근 프로젝트에서 겪은 어려움을 조심스럽게 말씀드렸더니, 사장님께서 직접 조언을 해주셔서 정말 뜻밖이었다. 덕분에 동료들과 사장님 모두와 조금 더 가까워진 느낌이 들었다.",사장님과의 점심 자리에서 내가 이야기한 내용은 무엇이었나요?,잘 모르겠음,회사 식당 음식에 대한 의견,최근 프로젝트에서 겪은 어려움,주말에 다녀온 여행 이야기,회사 식당 음식에 대한 의견,2,175
직장 생활,사장님과의 기막힌 만남 사건,170,"출근길에 버스가 갑자기 고장 나는 바람에 평소보다 30분이나 늦게 도착했다. 숨이 차도록 달려 겨우 회사 입구에 도착했는데, 마침 그 순간 사장님이 건물 앞을 지나가고 계셨다. 땀에 젖은 채 인사를 드렸더니 사장님께서 오히려 걱정하시며 사무실까지 같이 걸어가자고 하셨다. 덕분에 어색했던 사장님과 처음으로 개인적으로 이런저런 대화를 나눌 수 있었고, 오히려 평소보다 더 편안한 분위기로 하루를 시작하게 됐다.",버스가 고장 나서 회사에 늦게 도착한 화자는 회사 입구에서 사장님과 어떤 일을 겪었나요?,잘 모르겠음,사장님께 혼이 났다,사장님과 함께 사무실까지 걸어가며 대화를 나눴다,사장님을 보지 못했다,사장님과 함께 사무실까지 걸어가며 대화를 나눴다,3,174
직장 생활,직장에서 겪은 가장 힘들었던 상황,170,"프로젝트 마감일을 앞두고 갑자기 팀원 한 명이 건강 문제로 장기간 병가를 내게 되었는데, 그 동료가 맡았던 핵심 업무까지 제가 모두 책임지게 되어서 정말 힘들었던 기억이 있다. 그때 밤늦게까지 야근을 계속하며 해결책을 찾으려고 고군분투했지만, 몸과 마음이 모두 지쳐서 잠깐이라도 쉬고 싶다는 생각이 간절했다. 그래도 동료들과 서로 격려하며 조금씩 문제를 해결해나가던 과정에서 동료애를 다시 한 번 느낄 수 있었다.",발화자가 힘들었던 이유는 무엇이었나요?,잘 모르겠음,동료와 의견 충돌이 심해서,예상치 못한 추가 업무를 맡게 되어서,업무 성과에 대한 칭찬을 받지 못해서,예상치 못한 추가 업무를 맡게 되어서,3,175
직장 생활,직장에서 겪은 가장 힘들었던 상황,170,"며칠 전 업무 마감일이 갑자기 앞당겨져서 팀원들과 밤늦게까지 남아야 했던 기억이 아직도 생생하다. 집에 있는 강아지가 혼자 기다리고 있다는 생각에 마음이 불편했지만, 팀원들 모두 피곤한 얼굴로 서로를 격려하며 일을 마무리했다. 그날 퇴근길에 편의점에서 간단히 요기를 하며 다들 오늘을 잘 버텼다며 웃었다. 덕분에 동료들과 조금 더 가까워진 것 같아서 힘들었지만 의미 있는 하루였다.",화자가 직장에서 힘들었던 상황에서 가장 걱정했던 것은 무엇이었나요?,잘 모르겠음,집에 있는 강아지가 혼자 있다는 것,팀원들과의 업무 분담,식사를 거른 것,집에 있는 강아지가 혼자 있다는 것,2,162
직장 생활,직장에서 겪은 가장 힘들었던 상황,170,"프로젝트 마감일이 다가오던 어느 날, 팀원 한 명이 갑자기 건강 문제로 출근하지 못하게 되었다. 이미 인력이 부족한 상황이었는데 갑작스러운 변수로 남은 인원 모두가 업무 부담이 크게 늘어났다. 나는 원래 맡은 일 외에도 동료의 업무까지 분담하게 되어 며칠간 거의 야근을 반복했다. 그때는 몸도 힘들었지만, 실수 없이 프로젝트를 끝내야 한다는 압박감에 정신적으로도 많이 지쳤던 기억이 난다.",발화자가 업무 부담이 크게 늘어난 가장 직접적인 이유는 무엇이었나요?,잘 모르겠음,프로젝트 마감일이 평소보다 빨랐기 때문,팀원이 건강 문제로 출근하지 못했기 때문,업무가 예상보다 복잡했기 때문,팀원이 건강 문제로 출근하지 못했기 때문,3,164
직장 생활,직장에서 겪은 가장 힘들었던 상황,170,최근에 프로젝트 마감일을 앞두고 팀원 한 명이 갑작스럽게 병가를 내는 바람에 남은 인원들이 분담해야 했던 일이 정말 많아졌어요. 저도 밤늦게까지 자료를 정리하고 수정하느라 집에 거의 들어가지 못했죠. 그때 동료와 잠깐 편의점에서 컵라면을 먹으며 서로를 위로했던 기억이 아직도 선명해요. 그때만큼 지치고 힘들었던 적은 없었던 것 같아요.,발화에서 프로젝트 마감일을 앞두고 팀원들이 겪었던 어려움은 무엇이었나요?,잘 모르겠음,팀원 한 명이 병가를 내서 일이 늘어남,회의가 너무 많아서 힘들었음,상사가 업무를 몰아줘서 힘들었음,팀원 한 명이 병가를 내서 일이 늘어남,2,143
직장 생활,직장에서의 유쾌한 에피소드,170,"출근하자마자 사무실에 들어섰는데, 누군가 제 자리에 작은 선인장을 놓아두었더라고요. 처음엔 누가 두고 간 건지 몰라서 의아해하다가, 옆자리 동료가 저번에 제가 식물을 잘 못 키운다고 했던 걸 기억하고 준비했다는 걸 알게 됐어요. 덕분에 다 같이 웃으면서 선인장 이름을 짓는 시간도 가졌고, 그날 하루가 더 즐겁게 느껴졌습니다.",사무실에서 동료들이 함께 했던 활동은 무엇이었나요?,잘 모르겠음,선인장에 물 주기,선인장 이름 짓기,식물 화분 옮기기,선인장 이름 짓기,3,138
직장 생활,직장에서의 유쾌한 에피소드,170,"며칠 전 팀장님께서 갑자기 커피를 사오신다고 하셔서 모두가 기대했어요. 평소와 다르게 팀장님이 커피 주문을 메모지에 적으셨는데, 제가 장난삼아 제 주문란에 '행복 한 잔'이라고 썼죠. 그런데 팀장님이 진짜로 커피숍에서 '행복 한 잔'을 주문하셨고, 직원분이 귀엽게 하트 스티커를 붙여 주셨어요. 그 덕분에 사무실 분위기가 한참 웃음바다가 되어 하루 종일 기분이 좋았답니다.",누가 '행복 한 잔'이라는 문구를 커피 주문란에 적었나요?,잘 모르겠음,팀장님,커피숍 직원,화자,화자,4,160
직장 생활,직장에서의 유쾌한 에피소드,170,"몇 달 전 금요일 오후, 팀장님이 갑자기 회의실에 모두를 부르셔서 무슨 일인가 걱정했어요. 그런데 회의실에 들어가니 작은 케이크와 풍선이 준비되어 있었고, 알고 보니 저희 팀 막내의 입사 1주년을 기념하는 깜짝 파티였어요. 팀장님이 직접 손편지도 써오셔서 다들 깜짝 놀라고 감동했죠. 다 같이 케이크를 먹으며 서로의 첫 출근 에피소드를 이야기하다가 웃음이 끊이질 않았던 하루였어요.",팀장님이 준비한 깜짝 파티에서 모두가 크게 감동했던 이유는 무엇이었나요?,잘 모르겠음,팀장님이 직접 손편지를 써오셨기 때문,풍선 색깔이 예뻤기 때문,회의가 일찍 끝나서 기뻤기 때문,팀장님이 직접 손편지를 써오셨기 때문,2,162
직장 생활,직장에서의 유쾌한 에피소드,170,"회의 중에 팀장님이 실수로 커피를 엎질렀는데, 그 순간 동료 민수가 번개같이 일어나서 물티슈를 건네주며 '팀장님, 저도 아침에 커피 쏟았어요!'라고 말해 모두가 웃음을 터뜨렸다. 그 덕분에 무거웠던 분위기가 한순간에 밝아져서, 이후 발표도 훨씬 편하게 진행할 수 있었다. 나중에 팀장님이 민수에게 고맙다고 음료를 사주시겠다고 하셔서, 퇴근 후 다 같이 카페에 들러 이야기를 나누며 즐거운 시간을 보냈다.",회의 중 팀장님이 커피를 엎질렀을 때 동료 민수가 한 행동은 무엇이었나요?,잘 모르겠음,물티슈를 건네주며 농담을 했다,회의실을 나갔다,팀장님에게 사과를 요구했다,물티슈를 건네주며 농담을 했다,2,172
직장 생활,첫 프로젝트 성공 이야기,170,"처음 맡았던 프로젝트를 준비할 때 팀원들과 의견 충돌이 많아서 밤늦게까지 회의하곤 했다. 발표 당일에는 자료가 갑자기 사라지는 바람에 마음이 조마조마했지만, 동료가 백업 파일을 찾아줘서 무사히 발표를 끝낼 수 있었다. 결국 좋은 평가를 받아 모두가 함께 회식을 하며 기뻐했다.",프로젝트 발표 당일 어떤 문제로 인해 긴장감이 높아졌는가?,잘 모르겠음,회의가 취소되어서,자료가 갑자기 사라져서,팀장이 아파서 결석해서,자료가 갑자기 사라져서,3,117
직장 생활,첫 프로젝트 성공 이야기,170,"출근한 지 3개월 만에 맡게 된 첫 프로젝트는 생각보다 훨씬 어려웠다. 팀원들과 밤늦게까지 회의하고, 자료를 수십 번 수정하며 서로 아이디어를 나눴다. 힘들었지만 결과 발표 날, 팀장님이 우리 발표를 듣고 미소 지으시며 칭찬해주셨다. 팀원들과 박수치고 서로를 격려하며 뿌듯함을 느꼈고, 그날 저녁엔 다 같이 삼겹살을 먹으러 가서 고생했다고 서로를 토닥였다.",첫 프로젝트 발표 후 팀원들이 함께한 일은 무엇이었나요?,잘 모르겠음,집에 바로 갔다,삼겹살을 먹으러 갔다,카페에서 케이크를 먹었다,삼겹살을 먹으러 갔다,3,152
직장 생활,첫 프로젝트 성공 이야기,170,"입사한 지 얼마 안 됐을 때, 선배들과 함께 맡게 된 첫 프로젝트가 아직도 생생하게 기억난다. 처음엔 실수도 많았지만, 팀원들이 힘을 합쳐 야근도 불사하며 열심히 준비했다. 발표 당일엔 긴장으로 손에 땀이 났지만, 다행히 내가 준비한 자료가 큰 호응을 얻었다. 프로젝트가 성공적으로 끝난 뒤 팀장님께서 직접 치킨을 사주셨고, 그 자리에서 모두가 서로를 격려하며 뿌듯함을 나눴다.",첫 프로젝트가 성공적으로 끝난 뒤 팀원들이 함께 한 일은 무엇이었나요?,잘 모르겠음,노래방에 갔다.,영화를 봤다.,치킨을 먹으며 서로를 격려했다.,치킨을 먹으며 서로를 격려했다.,4,159
직장 생활,첫 프로젝트 성공 이야기,170,"팀에 합류한 지 한 달쯤 되었을 때, 처음으로 맡은 프로젝트가 있었습니다. 처음이라 모든 게 낯설었고, 밤늦게까지 자료를 정리하거나 동료들에게 질문하며 준비했어요. 발표 당일, 긴장했지만 팀원들이 제 의견에 귀 기울여주고, 발표가 끝난 뒤 박수를 받았던 순간이 아직도 선명하게 기억납니다. 그 경험 덕분에 이후의 업무에도 자신감이 생겼습니다.",발화자가 프로젝트 준비를 하며 밤늦게까지 한 일은 무엇이었나요?,잘 모르겠음,동료들과 회식하기,자료를 정리하거나 동료들에게 질문하기,상사에게 보고서 제출하기,자료를 정리하거나 동료들에게 질문하기,3,147
직장 생활,늦게 시작한 직장 생활,170,"졸업 후 곧바로 취업하지 않고 여러 가지 경험을 쌓다가 서른을 넘어서 첫 직장에 들어가게 되었다. 처음엔 또래 동료들에 비해 뒤처진다는 생각에 자신감이 없었지만, 다양한 아르바이트와 봉사활동에서 쌓은 경험 덕분에 예상치 못한 상황에도 유연하게 대처할 수 있었다. 특히 부서에서 갑자기 맡게 된 프로젝트도 예전에 해본 팀워크 덕분에 잘 이끌 수 있었고, 선배들도 그런 점을 높이 평가해주셔서 조금씩 자존감이 올라갔다.",내가 첫 직장을 늦게 시작했음에도 불구하고 동료들에게 긍정적으로 평가받게 된 이유는 무엇이었나요?,잘 모르겠음,해외 유학 경험 덕분에,다양한 아르바이트와 봉사활동에서 쌓은 경험 덕분에,IT 자격증이 많아서,다양한 아르바이트와 봉사활동에서 쌓은 경험 덕분에,3,175
직장 생활,늦게 시작한 직장 생활,170,"몇 년간 다른 분야에서 다양한 경험을 쌓은 뒤에야 정식으로 첫 직장에 입사하게 됐다. 동기들보다 나이가 많아 처음엔 걱정이 컸지만, 오히려 그동안 겪었던 일들이 업무에 도움이 됐다. 프로젝트 회의 때 예전 아르바이트 경험을 바탕으로 의견을 제시하니 팀원들이 신선하게 받아들였고, 그 덕분에 자연스럽게 팀에 녹아들 수 있었다. 연차가 낮아도 자신만의 강점을 보여줄 수 있다는 사실을 새삼 느꼈다.",내가 첫 직장에서 팀원들에게 긍정적인 인상을 준 계기는 무엇이었는가?,잘 모르겠음,연차가 높아서,예전 아르바이트 경험을 바탕으로 의견을 제시해서,팀장과 오래 알아서,예전 아르바이트 경험을 바탕으로 의견을 제시해서,3,166
직장 생활,늦게 시작한 직장 생활,170,"며칠 전, 회사 동기들과 점심을 먹으며 직장 생활을 늦게 시작한 이야기를 나누게 되었다. 나는 대학을 졸업하고 바로 취업하지 않고, 여행도 다니고 다양한 아르바이트를 경험한 뒤에 지금의 회사에 들어오게 되었다. 그래서 내 나이가 동기들보다 몇 살 많다 보니 처음에는 어색하고 걱정도 많았지만, 여러 경험 덕분에 다양한 상황에서 유연하게 대처할 수 있어 동기들이 곧잘 나에게 조언을 구하곤 한다. 그런 모습을 보며 처음의 걱정이 오히려 내 강점이 된 것 같아 뿌듯함을 느꼈다.",화자는 대학 졸업 후 무엇을 한 뒤에 직장을 시작했다고 했나요?,잘 모르겠음,곧장 취업했다,여행과 여러 아르바이트를 했다,군 복무를 했다,여행과 여러 아르바이트를 했다,3,197
직장 생활,늦게 시작한 직장 생활,170,"내 또래 친구들이 대부분 사회에 진출한 지 몇 년이 지난 후에야 첫 직장에 들어가게 됐다. 처음엔 나이 어린 동료들과 대화하는 게 어색하고, 내가 뭘 놓치고 있는 건 아닌지 걱정도 많았다. 그래도 점심시간마다 선배가 먼저 다가와서 회사 생활에 적응하는 데 큰 힘이 됐다. 어느 날엔 실수로 중요한 자료를 잘못 전달했는데, 팀장님이 내 입장을 이해해주고 다시 설명해주셔서 자신감을 조금 되찾을 수 있었다.",회사 생활에 적응하는 데 큰 힘이 된 것은 무엇이었나요?,잘 모르겠음,동료들의 무관심,점심시간마다 선배의 관심과 도움,팀장님의 엄격한 지시,점심시간마다 선배의 관심과 도움,3,166
직장 생활,직장에서 만난 멘토와의 관계,170,"처음 프로젝트를 맡았을 때 막막함을 느꼈지만, 팀의 선배인 지수 선배가 점심시간마다 조용히 조언을 해줘서 큰 힘이 되었던 기억이 떠오른다. 내가 실수할 때마다 혼내기보다는 비슷한 경험을 공유해주며 방법을 함께 고민해준 덕분에 부담감도 많이 줄었고, 점차 자신감도 생겼다. 얼마 전에는 선배가 직접 만든 자료를 공유해주며 '네가 성장하는 걸 보는 게 뿌듯하다'고 말해줘 정말 감사했다.",지수 선배가 나에게 가장 크게 도움을 준 방식은 무엇이었나요?,잘 모르겠음,프로젝트를 대신 진행해줌,실수에 대해 혼내줌,비슷한 경험을 공유하며 조언해줌,비슷한 경험을 공유하며 조언해줌,4,163
직장 생활,직장에서 만난 멘토와의 관계,170,"회사에서 새 프로젝트를 맡게 됐을 때 많이 긴장했는데, 그때 박 차장님이 먼저 다가와 조언을 해주셨다. 매주 점심시간에 따로 시간을 내서 내 고민을 들어주시고, 실수했을 때도 질책보다는 어떻게 개선할 수 있을지 함께 고민해주셔서 큰 힘이 됐다. 어느 날은 내가 만든 자료를 꼼꼼히 검토해주고, 직접 피드백을 문서로 정리해 보내주셨다. 그 덕분에 자신감이 생겨 프로젝트를 잘 마무리할 수 있었다.",박 차장님이 내 자료를 검토한 후 어떤 방식으로 피드백을 전달해주었는가?,잘 모르겠음,회의 시간에 구두로만 전달했다,문서로 정리해 보내주었다,다른 동료를 통해 전달했다,문서로 정리해 보내주었다,3,165
직장 생활,직장에서 만난 멘토와의 관계,170,"최근 프로젝트가 너무 벅차서 고민이 많았을 때, 선배인 민정 선생님이 먼저 점심을 같이 하자고 제안해주셨다. 식사 내내 제 이야기를 진심으로 들어주시고, 본인도 비슷한 시절이 있었다며 따뜻하게 위로해주셨다. 특히 실패를 두려워하지 말고 작은 성공을 쌓아가라는 조언이 정말 큰 힘이 됐다. 그날 이후로 힘들 때마다 민정 선생님께 가끔씩 조언을 구하며 많이 배우고 있다.",민정 선생님이 점심 시간에 해준 조언은 무엇이었나요?,잘 모르겠음,실패를 두려워하지 말고 작은 성공을 쌓아가라고 했다,상사에게 무조건 순종하라고 했다,팀을 바꾸는 것이 좋겠다고 했다,실패를 두려워하지 말고 작은 성공을 쌓아가라고 했다,2,155
직장 생활,직장에서 만난 멘토와의 관계,170,"점심시간에 우연히 같은 부서의 선배와 함께 식사를 하게 되었는데, 그날 이후로 자연스럽게 업무에 대해 조언을 많이 듣게 되었다. 선배는 내가 맡은 프로젝트에서 막힐 때마다 직접 경험담을 들려주며 도와주었고, 실수할 때도 혼내기보다는 어떻게 하면 더 나아질 수 있는지 구체적으로 알려주었다. 어느새 나는 선배에게 고민도 털어놓게 되었고, 업무뿐 아니라 인간적으로도 존경하게 되었다.",화자는 선배와 어떤 계기로 더 가까워지게 되었나요?,잘 모르겠음,프로젝트를 함께 해서,점심을 같이 먹은 후 자연스럽게,동호회 활동을 같이 하면서,점심을 같이 먹은 후 자연스럽게,3,163
직장 생활,첫 프로젝트 실패로 느낀 후회,170,"프로젝트가 막바지에 접어들 무렵, 팀원들과 소통이 부족했던 게 자꾸 마음에 걸렸다. 처음이라 모든 걸 혼자 해결하려고 했고, 결국 중요한 자료를 누락해서 일정이 늦어졌다. 그때 팀장이 다정하게 조언해주셨지만, 내 실수로 팀원들에게 부담을 줬다는 생각에 한동안 마음이 무거웠다. 다음엔 더 솔직하게 도움을 요청하고 싶다는 다짐을 하게 됐다.",발화에서 프로젝트 일정이 늦어진 주된 원인으로 언급된 것은 무엇인가요?,잘 모르겠음,팀장의 부주의,중요한 자료 누락,과도한 업무 분배,중요한 자료 누락,3,145
직장 생활,첫 프로젝트 실패로 느낀 후회,170,프로젝트가 끝나고 회의실에 혼자 남아있던 시간이 생각난다. 처음 맡은 일이라 욕심이 앞서 팀원들에게 충분히 의견을 묻지 않고 내 방식대로 진행했던 것이 결국 실패로 이어졌다. 그때 팀장이 내게 조용히 다가와 '다음엔 함께 고민해보자'고 말해줘서 마음이 놓이면서도 미안함이 컸다. 다음번엔 서두르지 않고 모두의 의견을 꼭 듣겠다고 다짐했다.,발화에서 프로젝트 실패의 가장 큰 원인으로 화자는 무엇을 언급했나요?,잘 모르겠음,팀장의 지시 부족,본인의 욕심과 독단적인 진행,일정이 너무 촉박했음,본인의 욕심과 독단적인 진행,3,145
직장 생활,첫 프로젝트 실패로 느낀 후회,170,"입사한 지 얼마 되지 않아 처음 맡은 프로젝트에서 중요한 자료를 잘못 정리해 팀원들에게 혼란을 준 적이 있다. 그때는 긴장한 나머지 동료에게 충분히 확인을 받지 않고 혼자 처리하다 실수가 발생했다. 이후로는 작업을 끝내기 전에 항상 동료와 두 번씩 검토하는 습관이 생겼다. 그 경험 덕분에 실수는 줄었지만, 처음에 좀 더 도움을 청했다면 팀에 부담을 덜 줄 수 있었을 텐데 하는 후회가 남는다.",화자는 어떤 계기로 동료와 두 번씩 작업을 검토하는 습관을 갖게 되었나요?,잘 모르겠음,자료를 잘못 정리한 경험 때문,상사에게 칭찬을 받아서,프로젝트 일정이 빨라져서,자료를 잘못 정리한 경험 때문,2,161
직장 생활,첫 프로젝트 실패로 느낀 후회,170,"팀원들과 함께 처음 맡은 프로젝트에서 기대에 부응하지 못한 결과를 내고 말았다. 초기 회의 때 내 아이디어에 너무 집착해서 다른 의견을 충분히 듣지 않았던 점이 계속 아쉬움으로 남는다. 발표 전날 밤, 팀원 중 한 명이 제안했던 대안을 진지하게 고려했다면 더 나은 결과가 있었을까 하는 생각이 머릿속을 떠나지 않았다. 앞으로는 나만의 생각에만 매달리지 않고 팀원들과 더 활발하게 소통해야겠다는 다짐을 하게 되었다.",발화자에게 프로젝트 실패 후 아쉬움으로 남은 점은 무엇이었는가?,잘 모르겠음,프로젝트 일정을 잘못 맞춘 점,팀원 의견을 충분히 듣지 않은 점,발표 자료를 늦게 만든 점,팀원 의견을 충분히 듣지 않은 점,3,173
직장 생활,퇴사 후 느낀 성장과 공허함,170,"며칠 전 회사에서 마지막 근무를 마치고 집에 돌아오는 길에 괜히 익숙했던 거리와 건물들을 천천히 바라봤다. 입사 초기엔 작은 실수에도 조바심이 났지만, 시간이 흐르면서 점차 동료들과 협업하는 법도 배우고 내 의견을 내는 데 자신감도 생겼다. 그런데 막상 퇴사하고 나니 그동안 바쁘게 움직이던 일상에서 갑자기 멈춰 선 느낌이 들면서 뭔가 허전함이 크게 밀려왔다. 그래도 그 안에서 내가 얼마나 성장했는지 생각해보면 스스로 뿌듯해지기도 했다.",회사를 퇴사한 뒤 화자는 무엇을 느꼈는가?,잘 모르겠음,회사에 대한 미움,공허함과 성장에 대한 뿌듯함,새로운 직장을 바로 구한 기쁨,공허함과 성장에 대한 뿌듯함,3,185
직장 생활,퇴사 후 느낀 성장과 공허함,170,"며칠 전, 몇 년간 다녔던 회사를 그만두고 집에 머무는 시간이 길어지면서 여러 가지 감정이 교차했다. 처음엔 자유로움에 들떠 이것저것 배우고 싶어졌지만, 예상보다 시간이 천천히 흐르는 느낌에 문득 허전함도 느꼈다. 매일 아침 일어나 출근 준비를 하던 익숙한 루틴이 사라지니 나만의 시간 관리가 쉽지 않았다. 그럼에도 불구하고, 혼자만의 시간을 보내며 스스로에 대해 더 깊이 생각해볼 수 있었고, 예전엔 미처 몰랐던 나의 성향이나 관심사도 새롭게 발견하게 되었다. 이런 변화 속에서 성장과 공허함을 동시에 경험했다.",회사를 그만둔 뒤 화자가 새롭게 발견하게 된 것은 무엇이었나요?,잘 모르겠음,집안일의 어려움,나의 성향과 관심사,새로운 직장 동료,나의 성향과 관심사,3,217
직장 생활,퇴사 후 느낀 성장과 공허함,170,"며칠 전 회사에서 마지막으로 인사하고 사무실을 나섰을 때 이상하게 마음이 허전했다. 그동안 힘들었던 기억도 많았지만 동료들과 함께 웃었던 순간들이 떠올랐다. 퇴사 후에는 매일 아침 여유롭게 커피를 마시며 책을 읽는 시간을 가졌다. 예전엔 미처 몰랐던 내 취향과 새로운 목표도 발견했지만, 문득 문득 예전 회사에서의 소소한 대화들이 그리워진다.",퇴사 후 내가 매일 아침에 하는 활동은 무엇인가?,잘 모르겠음,운동을 한다,커피를 마시며 책을 읽는다,영화를 본다,커피를 마시며 책을 읽는다,3,146
직장 생활,퇴사 후 느낀 성장과 공허함,170,"며칠 전, 오랜 시간 다닌 회사를 그만두고 처음으로 해가 지는 풍경을 여유롭게 바라봤다. 처음에는 모든 게 자유롭게 느껴져 기뻤지만, 이내 매일 아침 출근하던 습관이 사라지니 허전함이 몰려왔다. 그래도 회사에서 쌓은 경험 덕분에 스스로 계획을 세워 하루를 보내고 있다는 점에서 성장한 나를 느꼈다. 이전과는 달리 사소한 일에도 감사함을 느끼게 되었고, 새로운 목표를 고민하는 시간이 많아졌다.",퇴사 후 작성자는 어떤 변화를 가장 크게 느꼈는가?,잘 모르겠음,새로운 동료를 만난 것,하루를 계획적으로 보내게 된 것,바로 다른 회사에 취직한 것,하루를 계획적으로 보내게 된 것,3,166
직장 생활,회사 워크샵에서의 에피소드,170,"지난주 금요일, 회사 동료들과 바닷가 근처 펜션에서 워크샵을 했다. 점심에는 조별로 미션을 수행하는 레크리에이션이 있었는데, 우리 조는 제한 시간 내에 물수건으로 탑 쌓기를 했고, 예기치 않게 내가 마지막에 수건을 얹으면서 조가 1등을 했다. 상품으로 모두가 원하던 무선 이어폰을 받았고, 저녁 바비큐 파티 때 그 이어폰을 나눠 갖기로 했다. 동료들과 함께한 그 순간이 오랫동안 기억에 남을 것 같다.",워크샵 레크리에이션에서 우리 조가 1등을 하게 된 결정적인 순간은 무엇이었나요?,잘 모르겠음,다른 조가 실수해서,내가 마지막에 수건을 얹어서,조장이 응원을 크게 해서,내가 마지막에 수건을 얹어서,3,168
직장 생활,회사 워크샵에서의 에피소드,170,"회사에서 처음으로 워크샵에 참가했을 때가 생각난다. 단체 미션으로 팀별 연극을 준비했는데, 내가 맡은 역할은 예상치 못하게 악당 캐릭터였다. 처음에는 창피해서 대사도 제대로 못 외웠지만, 팀원들이 계속 응원해줘서 점점 자신감이 생겼다. 결국 무대에서 모두가 박수를 쳐줄 정도로 몰입해서 연기했고, 그 덕분에 팀워크가 훨씬 끈끈해진 느낌이었다.",워크샵 단체 미션에서 내가 맡았던 역할은 무엇이었나?,잘 모르겠음,주인공 캐릭터,악당 캐릭터,해설자 역할,악당 캐릭터,3,148
직장 생활,회사 워크샵에서의 에피소드,170,"회사에서 워크샵을 다녀온 날, 평소에 말을 많이 나누지 않던 다른 부서 동료와 같은 조가 되어 팀 미션을 수행하게 되었다. 처음엔 어색했지만, 조별 발표 준비를 하며 서로의 장점을 발견하게 되어 자연스럽게 대화가 많아졌다. 특히 점심시간에 옆 테이블에서 들려오는 퀴즈 소리에 같이 웃기도 했고, 그 덕분에 점점 분위기가 편안해졌다. 그날 이후로 사무실에서 마주칠 때마다 인사를 주고받으며 훨씬 가까워진 느낌이 들어 뿌듯했다.",워크샵에서 화자가 평소에 많이 대화하지 않던 동료와 가까워지게 된 계기는 무엇이었나요?,잘 모르겠음,회사에서 같이 퀴즈를 풀어서,조별 미션을 함께 하면서,같이 점심을 먹어서,조별 미션을 함께 하면서,3,179
직장 생활,회사 워크샵에서의 에피소드,170,"회사에서 처음으로 워크샵에 참석했는데, 예상과 달리 단순한 강의만 있는 줄 알았더니 조별로 요리 대회가 열렸어요. 저희 조는 비빔국수를 만들기로 했는데, 평소 요리를 거의 안 하던 저는 면 삶는 것부터 쉽지 않더라고요. 그래도 조원들이 서로 도우며 고명도 정성껏 올리고, 마지막엔 팀장님이 직접 맛을 보시고 칭찬도 해주셔서 뿌듯했어요. 평소엔 대화가 적던 동료들과 많이 가까워진 기분이 들었답니다.",워크샵에서 저희 조가 만들기로 한 음식은 무엇이었나요?,잘 모르겠음,김밥,비빔국수,샐러드,비빔국수,3,169
직장 생활,보스와의 관계와 상사간의 갈등 경험,170,"프로젝트 마감이 다가오던 어느 날, 상사와 의견 충돌이 있었다. 나는 좀 더 창의적인 방법을 제안했지만 상사는 기존 방식을 고수하자고 했다. 회의 중에 내 제안을 설명할 기회조차 없이 결론이 났고, 그날 집에 돌아와 꽤 답답한 마음이 들었다. 이후 동료와 이야기를 나누며 기분을 풀었고, 다음에는 좀 더 설득력 있게 내 생각을 전달해야겠다고 다짐했다.",발화자가 상사와 겪었던 갈등의 원인은 무엇이었나요?,잘 모르겠음,발화자가 지각해서,발화자가 창의적인 방법을 제안해서,상사가 회의에 참석하지 않아서,발화자가 창의적인 방법을 제안해서,3,146
직장 생활,보스와의 관계와 상사간의 갈등 경험,170,"팀 프로젝트 마감이 다가오던 어느 날, 상사와 의견 충돌이 있었다. 내가 준비한 자료가 충분하다고 생각했지만, 상사는 더 많은 데이터를 요구하셨다. 처음엔 억울했지만, 추가 자료를 준비하는 과정에서 동료와 협력하게 되었고, 그 결과 프로젝트의 완성도가 높아졌다. 이후 상사와 대화를 통해 서로의 입장을 이해할 수 있었다.",발화에서 상사가 요구한 것은 무엇이었나요?,잘 모르겠음,더 많은 데이터,휴가 일정 변경,회의 시간 단축,더 많은 데이터,2,137
직장 생활,보스와의 관계와 상사간의 갈등 경험,170,"며칠 전, 팀 프로젝트 진행 중에 상사와 의견 충돌이 있었다. 나는 일정상 추가 자료 조사 시간이 필요하다고 주장했지만, 상사는 무조건 계획대로 진행하라고 했다. 결국 회의가 길어졌고, 내 입장을 제대로 설명하지 못해 아쉬웠다. 이후 상사와 따로 대화를 시도했지만, 상사는 바쁘다며 자리를 떴다. 이런 상황이 반복되니 동료들도 내게 조심스럽게 다가오는 분위기가 느껴져 답답했다.",상사와의 갈등 이후 동료들이 보인 반응은 무엇이었나?,잘 모르겠음,더 친근하게 다가왔다,조심스럽게 다가오는 분위기를 보였다,전혀 관심을 보이지 않았다,조심스럽게 다가오는 분위기를 보였다,3,161
직장 생활,보스와의 관계와 상사간의 갈등 경험,170,"며칠 전 점심시간에 팀장님과 함께 식사를 하던 중, 최근 진행된 프로젝트 방향성에 대해 의견 차이가 생겼다. 나는 좀 더 창의적인 접근이 필요하다고 생각했지만, 팀장님은 안정적인 방법을 선호하셨다. 서로의 생각을 이야기하다가 목소리가 약간 높아지기도 했지만, 대화를 마치고 나니 오히려 솔직하게 의견을 나눠서 더 가까워진 느낌이었다. 이후 팀장님께서 먼저 커피를 사주시며, 앞으로는 의견이 다르더라도 자유롭게 말해달라고 하셔서 마음이 한결 편해졌다.",팀장님과 점심을 먹으며 생긴 일로 인해 발화자는 어떤 감정을 느꼈는가?,잘 모르겠음,불편함만 남았다.,서로 멀어진 것 같다.,오히려 더 가까워졌다고 느꼈다.,오히려 더 가까워졌다고 느꼈다.,4,194
직장 생활,사회생활을 하면서 느낀 가장 큰 변화,170,"회사에 다니기 전에는 혼자서 하는 일이 대부분이었지만, 직장 생활을 시작한 이후로는 팀원들과 협력하는 법을 배우게 되었다. 예전에는 내 의견만 고집하는 경향이 있었는데, 지금은 동료들의 이야기를 먼저 듣고 그들의 생각을 반영하려고 노력한다. 덕분에 더 좋은 결과가 나올 때도 많아졌고, 사람들과 더 가까워진 느낌을 받는다.",직장 생활을 시작한 후 화자가 변화한 점으로 알맞은 것은 무엇인가요?,잘 모르겠음,혼자 일하는 것을 더 선호하게 되었다,동료들의 의견을 먼저 듣고 반영하려고 한다,자신의 의견만 고집하게 되었다,혼자 일하는 것을 더 선호하게 되었다,2,138
직장 생활,사회생활을 하면서 느낀 가장 큰 변화,170,"요즘 들어서 가장 크게 느끼는 변화는 사람들과의 대화 방식이에요. 예전에는 감정을 바로 드러내거나 하고 싶은 말을 곧장 하는 편이었는데, 회사에서 다양한 연령대의 동료들과 일하다 보니 상대방의 입장을 한 번 더 생각하게 되고, 때로는 하고 싶은 말을 조금 돌려서 하기도 하더라고요. 이런 변화 덕분에 예전보다 대인 관계가 훨씬 원만해진 것 같고, 동료들과의 오해도 줄어들었어요.",회사 생활을 하면서 화자가 가장 크게 달라졌다고 느끼는 점은 무엇인가요?,잘 모르겠음,업무 속도가 빨라진 것,대화 방식이 달라진 것,점심 메뉴를 자주 바꾸는 것,대화 방식이 달라진 것,3,159
직장 생활,사회생활을 하면서 느낀 가장 큰 변화,170,"요즘 들어 가장 크게 느끼는 변화는 사람들과의 약속 시간을 훨씬 더 철저하게 지키게 된 거다. 예전에는 친구들이랑 만날 때 몇 분 늦는 건 대수롭지 않게 여겼는데, 회사 생활을 하면서는 누군가를 기다리게 하면 안 된다는 생각이 깊어졌다. 특히 부서 회의나 팀원들과의 점심 약속에 늦었던 적이 한 번 있었는데, 그때 모두가 나를 기다리며 불편해하는 눈치에 정말 미안함을 느꼈다. 그 일을 계기로 알람을 여러 번 맞춰두고, 미리 준비해서 약속 장소에 일찍 도착하려고 노력하게 됐다.",회사 생활을 하면서 발화자가 달라진 점은 무엇인가요?,잘 모르겠음,회의 시간에 자주 지각하게 되었다,약속 시간을 더 잘 지키게 되었다,팀원들과의 약속을 자주 잊어버리게 되었다,약속 시간을 더 잘 지키게 되었다,3,197
직장 생활,사회생활을 하면서 느낀 가장 큰 변화,170,"몇 년 전만 해도 혼자 일하는 게 편해서 팀 프로젝트가 부담스러웠는데, 요즘은 누군가와 의견을 나누고 같이 해결책을 찾아가는 과정이 오히려 큰 힘이 된다는 걸 느낀다. 처음엔 작은 오해도 금방 걱정했지만, 이제는 대화를 통해 풀 수 있다는 자신감도 생겼다. 이런 변화가 예전과 가장 달라진 점 같다.",예전과 달리 화자는 어떤 상황에서 자신감을 느끼게 되었나요?,잘 모르겠음,혼자 조용히 일할 때,대화를 통해 오해를 풀 때,팀 프로젝트가 없을 때,대화를 통해 오해를 풀 때,3,123
직장 생활,직장에서 만난 멘토와의 관계,170,"며칠 전 프로젝트 회의가 끝난 뒤, 팀장님께서 커피를 사주시며 저에게 직장 생활에서 겪었던 어려움과 그때 어떻게 극복했는지 이야기해주셨다. 그중 신입 시절 실수를 솔직하게 인정하고 동료들과 소통했던 경험이 인상 깊었다. 그 이야기를 들으면서 저도 실수에 두려워하지 말고 솔직하게 다가가야겠다고 마음먹었다. 이후 작은 실수에도 숨기지 않고 먼저 말씀드렸더니 팀장님이 제 용기를 칭찬해주셨고, 팀원들과의 관계도 훨씬 편안해진 느낌이었다.",화자가 팀장님과의 대화에서 배운 점은 무엇이었나요?,잘 모르겠음,실수를 숨기지 않고 솔직하게 말하는 것의 중요성,업무 능력을 키우는 방법,회의에서 발표를 잘하는 방법,실수를 숨기지 않고 솔직하게 말하는 것의 중요성,2,188
직장 생활,직장에서 만난 멘토와의 관계,170,"며칠 전, 팀 프로젝트가 막바지에 이르러 업무 부담이 많아졌을 때 선배인 민지 언니가 저를 따로 불러 커피를 사주며 이런저런 조언을 해줬어요. 실수할까봐 걱정이 많았던 제게 민지 언니는 자신의 첫 프로젝트 경험을 들려주며 실패도 과정의 일부라고 위로해줬죠. 덕분에 마음이 한결 가벼워져서, 그날 이후로 힘든 일이 생길 때마다 언니에게 먼저 연락해 조언을 구하게 되었어요.",화자는 어떤 계기로 민지 언니와 더 자주 연락하게 되었나요?,잘 모르겠음,팀 프로젝트가 완전히 끝나서,민지 언니가 화자에게 사과해서,민지 언니가 조언을 해주고 위로해주어서,민지 언니가 조언을 해주고 위로해주어서,4,156
직장 생활,직장에서 만난 멘토와의 관계,170,"입사하고 얼마 지나지 않아 선배인 수진 언니와 프로젝트를 같이 하게 되었는데, 그때부터 자연스럽게 멘토처럼 저를 챙겨주셨어요. 언니는 점심시간에 저를 데리고 회사 근처 맛집도 알려주고, 힘든 일이 있으면 조용히 카페에서 얘기도 들어주셨어요. 최근엔 제 발표 연습을 도와주면서 직접 피드백까지 해주셔서 정말 큰 힘이 되었던 기억이 납니다.",수진 언니가 최근에 도와준 일은 무엇이었나요?,잘 모르겠음,새로운 맛집을 소개해주었다,발표 연습을 도와주고 피드백을 해주었다,프로젝트에서 대신 일해주었다,발표 연습을 도와주고 피드백을 해주었다,3,144
직장 생활,직장에서 만난 멘토와의 관계,170,"처음 팀에 합류했을 때 낯설고 긴장되는 마음이 컸지만, 부서의 선배인 지영 선배가 점심시간마다 저를 따로 불러 이런저런 조언을 해주셔서 큰 힘이 됐다. 특히 실수를 했을 때 혼내기보다는 본인도 비슷한 경험이 있었다며 경험담을 나누어 주셔서 덜 위축될 수 있었다. 최근엔 지영 선배가 맡은 프로젝트에 저를 일부러 참여시켜 주셔서, 실제로 함께 일하면서 많이 배우고 있다.",화자가 직장 선배인 지영 선배와 어떤 활동을 통해 더 가까워졌는가?,잘 모르겠음,같이 저녁을 먹으면서,프로젝트에 함께 참여하면서,업무 외 동호회 활동을 하면서,프로젝트에 함께 참여하면서,3,154
직장 생활,직장에서의 우정 이야기,170,"점심시간에 회사 동료인 지연이와 사내 카페에 갔는데, 평소보다 많이 웃으며 고민을 털어놓았다. 사소한 일로 상사와 오해가 생겼다며 속상해했는데, 나도 비슷한 경험이 있어 자연스럽게 공감하며 내 이야기를 들려주었다. 대화를 나누다 보니 서로 생각지도 못한 해결 방법을 찾게 되어 기분이 한결 나아졌다. 그날 이후 지연이와 더 가까워졌고, 업무 외에도 서로 힘이 되어주는 든든한 동료가 되었다.",발화에서 화자와 동료 지연이가 가까워진 계기는 무엇이었나요?,잘 모르겠음,함께 프로젝트를 완수해서,점심시간에 카페에서 고민을 나누며 공감했기 때문에,같은 부서로 이동하게 되어,점심시간에 카페에서 고민을 나누며 공감했기 때문에,3,166
직장 생활,직장에서의 우정 이야기,170,"점심시간마다 혼자 밥을 먹던 내가 어느 날 우연히 복사기 앞에서 자주 마주치던 진수와 자연스럽게 대화를 나누게 되었다. 그날 이후로 우리는 서로의 업무 스트레스를 털어놓기도 하고, 회사 근처에 새로 생긴 분식집을 함께 찾아가기도 했다. 진수 덕분에 회사 생활이 훨씬 덜 외롭고, 힘든 날에도 잠깐이라도 웃을 수 있는 시간이 생겨서 참 고마웠다. 덕분에 요즘엔 아침에 출근하는 길이 예전보다 한결 가볍다.",화자가 회사 생활이 덜 외로워진 계기는 무엇인가요?,잘 모르겠음,복사기를 새로 샀기 때문,진수와 우연히 대화를 시작한 후 우정을 쌓았기 때문,분식집이 회사 근처에 생겼기 때문,진수와 우연히 대화를 시작한 후 우정을 쌓았기 때문,3,168
직장 생활,직장에서의 우정 이야기,170,"회사에서 진행한 프로젝트가 한창 바쁠 때, 점심시간마다 동료 지현이와 회사 근처 작은 카페에 갔던 기억이 떠오른다. 서로 힘든 점을 털어놓기도 하고, 가끔은 사소한 농담에 크게 웃기도 했다. 어느 날은 지현이가 직접 구운 쿠키를 나눠주며 힘내자고 했는데, 그 따뜻함 덕분에 한 주가 훨씬 가볍게 느껴졌다. 단순한 동료가 아니라 서로를 챙겨주는 친구가 회사에 있다는 게 얼마나 큰 힘이 되는지 다시 한 번 느꼈다.","직장에서 힘든 시기, 화자는 동료 지현이와 무엇을 하며 위로를 받았는가?",잘 모르겠음,함께 카페에 가며 대화했다,회사에서 보드게임을 했다,함께 운동을 했다,함께 카페에 가며 대화했다,2,170
직장 생활,직장에서의 우정 이야기,170,"며칠 전 점심시간에 회사 동료 민정이와 처음으로 단둘이 식사를 하게 되었다. 평소엔 여러 명이 함께 했지만, 이날은 둘만 남아 자연스럽게 서로의 취미와 가족 이야기를 나누게 됐다. 민정이는 주말마다 등산을 즐기고, 가끔 어머니와 직접 빵을 구운다고 했다. 대화를 나누면서 생각보다 많은 공통점이 있다는 걸 알게 되어 반가웠고, 그날 이후로 민정이와 업무 외에도 소소한 일상 이야기를 자주 나누게 되었다.",민정이가 주말에 어머니와 함께 하는 활동은 무엇인가요?,잘 모르겠음,자전거 타기,빵 만들기,영화 보기,빵 만들기,3,169
직장 생활,처음으로 받은 월급으로 뭘 했는지,170,"며칠 전 처음으로 월급을 받았던 날이 아직도 생생하다. 통장에 입금된 금액을 확인하자마자 부모님께 작은 선물이라도 드리고 싶어서 근처 꽃집에서 예쁜 꽃다발을 골랐다. 그리고 가족들과 함께 저녁 식사를 하며 그동안 힘들었던 순간과 보람 있었던 기억들을 이야기했다. 처음 받은 월급이라 어떻게 써야 할지 고민했지만, 가장 먼저 가족에게 감사의 마음을 전할 수 있어서 뿌듯했다.",처음 받은 월급으로 화자가 가장 먼저 한 일은 무엇이었나요?,잘 모르겠음,가족들과 여행을 갔다.,부모님께 꽃다발을 샀다.,친구들과 영화를 봤다.,부모님께 꽃다발을 샀다.,3,158
직장 생활,처음으로 받은 월급으로 뭘 했는지,170,"첫 월급을 받던 날이 아직도 생생하다. 오후에 급여가 입금됐다는 문자를 받고 마음이 설렜다. 퇴근 후 평소 고마웠던 부모님께 작은 선물을 드리고 싶어 동네 빵집에서 케이크를 사고, 집에 가는 길에 부모님이 좋아하시는 꽃다발도 챙겼다. 가족들과 소박하게 축하하며 함께 저녁을 먹으니, 그동안의 고생이 모두 보상받는 느낌이었다.",화자는 첫 월급을 받은 후 어떤 선물을 부모님께 드렸나요?,잘 모르겠음,향수와 책,케이크와 꽃다발,지갑과 시계,케이크와 꽃다발,3,138
직장 생활,처음으로 받은 월급으로 뭘 했는지,170,"첫 월급이 입금된 날, 퇴근길에 평소 눈여겨보던 서점에 들렀다. 마음에 품고만 있던 소설책 두 권을 골라 계산대에 올려놓으니 가슴이 두근거렸다. 집에 돌아오는 길에 엄마가 좋아하는 딸기케이크도 사서 들고 갔다. 책을 읽으며 케이크를 나눠 먹던 그 밤이 내겐 아주 특별하게 남아 있다.",첫 월급을 받은 날에 작성자는 어떤 케이크를 사서 집에 가져갔나요?,잘 모르겠음,치즈케이크,딸기케이크,초콜릿케이크,딸기케이크,3,118
직장 생활,처음으로 받은 월급으로 뭘 했는지,170,"처음 월급을 받았을 때 기분이 묘하게 들떴다. 평소엔 잘 가지 않던 빵집에 들러 부모님께 드릴 케이크를 골랐고, 집에 돌아와 가족 모두와 함께 조용히 축하하는 시간을 가졌다. 특별한 선물은 아니었지만, 내가 번 돈으로 가족을 위해 무언가를 했다는 사실이 오래도록 기억에 남는다. 그날 저녁은 소박했지만 마음만은 누구보다 풍요로웠던 것 같다.",내가 처음 받은 월급으로 부모님께 해드린 일은 무엇인가요?,잘 모르겠음,여행 경비를 드렸다,케이크를 사서 가족과 함께 먹었다,옷을 선물했다,케이크를 사서 가족과 함께 먹었다,3,143
직장 생활,첫 직장의 첫 날,170,"출근길에 평소보다 일찍 일어나 준비를 마치고, 지하철을 타는 순간부터 긴장이 되기 시작했다. 회사 건물 앞에 도착하니 가슴이 두근거렸고, 안내를 받아 사무실에 들어서자 상사와 동료들이 친절하게 인사를 건네 주었다. 점심시간에는 선배가 근처 식당에 데려가 이런저런 조언을 해줬는데, 그중 커피 취향을 물어본 점이 인상 깊었다. 모든 것이 낯설고 어색했지만, 기대와 설렘이 함께했던 하루였다.",점심시간에 선배가 해준 행동으로 맞는 것은 무엇인가요?,잘 모르겠음,사무실을 구경시켜줬다,커피 취향을 물어봤다,회사 근처 공원을 안내했다,커피 취향을 물어봤다,3,167
직장 생활,첫 직장의 첫 날,170,"처음 출근하던 날을 아직도 또렷하게 기억한다. 회사 건물 앞에 도착했을 때 두근거리는 마음을 진정시키려 몇 번이나 심호흡을 했다. 엘리베이터에서 만난 한 선배가 먼저 인사를 건네줘 조금은 안심이 됐다. 자리 안내를 받고 컴퓨터를 켜는 데, 익숙하지 않은 사무실 분위기와 조용한 동료들의 모습에 긴장이 풀리지 않았다. 점심시간에는 신입사원들끼리 모여 근처 김밥집에서 간단하게 식사를 하며 서로 자기소개를 했다. 집에 돌아오는 길에 오늘 하루를 잘 버텼다는 생각에 스스로에게 작은 칭찬을 해주었다.",신입사원들이 첫 점심을 먹은 장소는 어디였나요?,잘 모르겠음,회사 구내식당,근처 김밥집,사무실 내에서 도시락,근처 김밥집,3,210
직장 생활,첫 직장의 첫 날,170,"출근길에 평소보다 일찍 일어나 준비를 했지만, 새로운 환경에 대한 긴장감에 아침밥이 잘 넘어가지 않았다. 사무실에 도착하니 환하게 인사해 주는 동료들이 있어 긴장이 조금 풀렸다. 점심시간에는 선배들이 근처 분식집에 데려가 떡볶이와 김밥을 함께 먹으면서 서로 자기소개를 했다. 오후에는 팀장님께서 업무에 필요한 시스템 사용법을 차근차근 알려주셔서 덜 두려웠다. 퇴근길엔 설렘과 피곤함이 함께 밀려왔다.",첫 직장에서 점심시간에 동료들과 무엇을 먹었나요?,잘 모르겠음,치킨과 피자,떡볶이와 김밥,햄버거와 감자튀김,떡볶이와 김밥,3,173
직장 생활,첫 직장의 첫 날,170,"출근길 지하철에서 계속 긴장해서 손에 땀이 맺혔다. 사무실 문을 열자 직원들이 환하게 인사해주었고, 안내를 맡은 선배가 내 자리를 직접 소개해주었다. 점심시간에는 모두가 함께 근처 식당에 갔는데, 메뉴를 고르기 망설이자 선배가 추천해준 제육볶음을 먹었다. 오후에는 사내 시스템을 익히느라 머리가 복잡했지만, 친절하게 설명해준 덕분에 무사히 하루를 마칠 수 있었다.",첫 출근 날 점심시간에 내가 먹은 음식은 무엇이었나?,잘 모르겠음,김치찌개,비빔밥,제육볶음,제육볶음,4,157
직장 생활,회사 생활 중 특별히 기억에 남는 일,170,"며칠 전 팀장님이 갑자기 점심시간에 저를 불러내셔서 회사 근처에 있는 작은 분식집에 데려가셨어요. 평소엔 다 같이 식사하는데 그날은 단둘이 앉아 오랜만에 이런저런 이야기를 나눴죠. 팀장님께서 직접 떡볶이와 김밥을 주문해주셨고, 예전 신입 시절의 실수담도 편하게 얘기해주셔서 긴장이 많이 풀렸어요. 그때 받은 격려 덕분에 오후 업무도 힘내서 할 수 있었던 기억이 납니다.",발화자가 점심을 먹으러 간 곳에서 팀장님이 주문한 음식은 무엇이었나요?,잘 모르겠음,떡볶이와 김밥,라면과 만두,비빔밥과 된장찌개,떡볶이와 김밥,2,157
직장 생활,회사 생활 중 특별히 기억에 남는 일,170,"회의가 끝난 후 갑자기 팀장님께서 저를 따로 부르셔서 깜짝 놀랐던 적이 있어요. 무슨 실수를 했나 걱정했는데, 예상과 달리 팀 프로젝트에서 제가 보여준 성실함과 창의적인 아이디어 덕분에 부서 우수사원으로 추천하겠다는 말씀이었어요. 평소 잘 티 내지 않으시던 분이어서 더욱 감동적이었고, 그날 저녁에는 가족들과 함께 조촐하게 축하 파티를 열기도 했습니다.",발화자가 팀장님께 따로 불려간 이유는 무엇이었나요?,잘 모르겠음,실수에 대한 질책을 받기 위해서,프로젝트 성과에 대한 칭찬과 우수사원 추천을 받기 위해서,업무 분장 변경을 듣기 위해서,프로젝트 성과에 대한 칭찬과 우수사원 추천을 받기 위해서,3,151
직장 생활,회사 생활 중 특별히 기억에 남는 일,170,"몇 달 전, 팀장님께서 갑자기 저에게 중요한 발표를 맡기셨던 일이 있었다. 준비 시간이 이틀밖에 없어서 밤늦게까지 자료를 만들고 동료와 함께 연습했다. 발표 당일엔 너무 긴장했지만, 동료들이 앞자리에서 미소로 응원해줘서 큰 힘이 됐다. 발표를 무사히 끝내고 팀장님께 칭찬을 들었을 때, 그동안의 고생이 한순간에 보상받는 느낌이었다.",발화자의 발표 준비를 도와준 사람은 누구였나요?,잘 모르겠음,팀장님,동료,가족,동료,3,142
직장 생활,회사 생활 중 특별히 기억에 남는 일,170,"몇 달 전, 부서 동료들과 함께 새로운 프로젝트를 시작하게 되었을 때가 아직도 선명하게 기억난다. 각자 역할을 나누고 매일 아침 간단한 회의를 하면서 점점 팀워크가 좋아지는 것을 느꼈다. 특히 마감 하루 전날, 갑작스럽게 시스템 오류가 발생해서 모두가 밤늦게까지 사무실에 남아 문제를 해결했던 일이 떠오른다. 피곤했지만 함께 고생한 덕분에 결과 발표 때 좋은 평가를 받았고, 그날 이후로 동료들과 더 가까워진 것 같다.",프로젝트 마감 하루 전날 회사에서 어떤 일이 발생했는가?,잘 모르겠음,중요한 손님이 방문했다,시스템 오류가 발생했다,회의가 취소되었다,시스템 오류가 발생했다,3,175
직장 생활,회사에서의 연말파티와 팀빌딩 이야기,170,"며칠 전 회사에서 연말파티가 열렸는데, 이번에는 평소와 다르게 각 팀이 직접 준비한 공연을 선보이는 시간이 있어서 모두가 꽤 긴장했었다. 우리 팀은 90년대 노래에 맞춰 댄스 퍼포먼스를 준비했는데, 평소 조용하던 동료가 갑자기 센터에서 열정적으로 춤을 춰서 모두가 깜짝 놀랐다. 그 덕분에 분위기가 한층 밝아졌고, 우리 팀이 가장 창의적인 팀으로 뽑혀 작은 상품도 받았다.",우리 팀이 연말파티에서 준비한 공연은 무엇이었나요?,잘 모르겠음,연극 공연,90년대 노래에 맞춘 댄스 퍼포먼스,코미디 콩트,90년대 노래에 맞춘 댄스 퍼포먼스,3,157
직장 생활,회사에서의 연말파티와 팀빌딩 이야기,170,"최근 회사에서 연말파티를 준비하게 되면서 팀원들과 함께 장기자랑 연습을 하게 됐다. 평소엔 업무 이야기만 하던 사이였는데, 연습하면서 서로의 새로운 모습을 많이 알게 되어 신선했다. 특히 막내인 수진씨가 춤을 정말 잘 춰서 모두 놀랐고, 그 덕분에 우리 팀이 장기자랑에서 상도 받았다. 파티가 끝난 뒤엔 다 같이 근처 카페에 모여 올해 고생 많았다는 이야기를 나누며 훈훈하게 마무리했다.",장기자랑에서 팀이 상을 받는 데 가장 크게 기여한 사람은 누구였나요?,잘 모르겠음,팀장님,수진씨,연습에 소극적이던 동료,수진씨,3,162
직장 생활,회사에서의 연말파티와 팀빌딩 이야기,170,"지난주에 우리 팀은 회사에서 연말파티를 했는데, 평소에는 말이 적던 민지 대리가 갑자기 노래자랑에서 솔로 무대를 선보여서 모두가 깜짝 놀랐다. 덕분에 분위기가 한껏 밝아졌고, 이후 이어진 팀빌딩 게임에서는 평소에 소극적이던 동료들도 적극적으로 참여했다. 특히, 풍선 터뜨리기 게임에서 내가 속한 조가 마지막까지 남아 우승해서 작은 상품도 받았다. 평소와는 다른 모습을 볼 수 있어 서로 더 가까워진 느낌이었다.",연말파티에서 분위기가 밝아지는 계기가 된 민지 대리의 행동은 무엇이었나요?,잘 모르겠음,팀빌딩 게임에서 우승했다,솔로 무대를 선보였다,상품을 나눠줬다,솔로 무대를 선보였다,3,175
직장 생활,회사에서의 연말파티와 팀빌딩 이야기,170,"매년 열리는 연말파티가 올해는 좀 특별했다. 팀원들이 각자 준비한 장기자랑이 있었는데, 나는 평소엔 잘 안 하던 춤을 며칠 밤새 연습해서 무대에 섰다. 실수도 있었지만 팀원들이 박수와 응원을 해줘서 긴장이 풀렸다. 장기자랑이 끝난 뒤에는 조별로 미션을 수행하는 게임도 했는데, 우리 팀은 단합이 잘 돼서 2등을 했다. 평소엔 업무 얘기만 하던 팀원들과 자연스럽게 사적인 이야기도 나눌 수 있어 뭔가 더 가까워진 느낌이었다.",올해 연말파티에서 내가 직접 무대에서 한 활동은 무엇이었나요?,잘 모르겠음,노래 부르기,춤추기,마술 보여주기,춤추기,3,177
집에서의 이야기,집에서 반려동물과 보내는 하루,170,"햇살이 거실에 가득 들어오던 오후, 반려견 보리가 소파에 누워 졸고 있길래 슬쩍 다가가서 배를 살살 문질러줬다. 이따금 꼬리를 살랑살랑 흔들고, 때로는 내 손을 핥으며 고마움을 표현하는 모습이 너무 귀여웠다. 저녁에는 보리와 짧게 산책을 다녀왔는데, 집에 돌아오자마자 제일 좋아하는 인형을 입에 물고 와 나에게 건넸다. 덕분에 오늘도 웃으며 하루를 마무리했다.",보리가 저녁에 집에 돌아온 뒤에 가장 먼저 한 행동은 무엇이었나요?,잘 모르겠음,꼬리를 흔들며 잠들었다,인형을 입에 물고 와서 건넸다,밥을 먹었다,인형을 입에 물고 와서 건넸다,3,153
집에서의 이야기,집에서 반려동물과 보내는 하루,170,"창밖에 비가 내리는 오후, 거실 소파에 앉아 반려견 토토와 시간을 보냈다. 토토는 평소와 달리 장난감 대신 내 무릎 위에 누워 조용히 쉬는 모습이었다. 책을 읽다가 토토가 잠든 모습을 바라보니 왠지 모르게 마음이 편안해졌다. 잠시 후 토토가 잠에서 깨어나 꼬리를 흔들며 나에게 다가왔고, 나는 작은 간식을 꺼내 주며 함께 영화를 보았다. 평범하지만 소중하게 느껴진 하루였다.",비가 오는 날 토토가 평소와 달리 무엇을 하지 않았는가?,잘 모르겠음,간식을 먹지 않았다,장난감을 가지고 놀지 않았다,산책을 나가지 않았다,장난감을 가지고 놀지 않았다,3,156
집에서의 이야기,집에서 반려동물과 보내는 하루,170,며칠 전부터 집안에 새로운 장난감을 들여놓았더니 고양이 미소가 하루 종일 그것만 쫓아다니며 놀더라. 나는 소파에 앉아 책을 읽으면서도 미소가 공을 잡으려고 점프할 때마다 자꾸 웃음이 났다. 한참을 뛰놀다가 지쳤는지 미소가 내 무릎 위에 살짝 올라와 꾸벅꾸벅 졸기 시작했다. 그 모습이 너무 귀여워서 핸드폰으로 사진을 여러 장 찍었다. 저녁에는 같이 창밖을 구경하며 하루를 마무리했다.,내가 고양이 미소와 함께한 하루 중 내가 책을 읽을 때 미소는 무엇을 하고 있었나?,잘 모르겠음,창밖을 구경했다.,장난감을 쫓아다녔다.,내 무릎에서 잠들었다.,장난감을 쫓아다녔다.,3,162
집에서의 이야기,집에서 반려동물과 보내는 하루,170,"창밖에서 빗소리가 들리던 오후, 고양이 미미가 제 무릎 위로 조용히 올라왔다. 평소에는 혼자 장난감을 굴리며 노는 걸 좋아하는데, 비 오는 날이면 꼭 내 옆에 붙어 있으려고 한다. 나는 미미의 부드러운 털을 천천히 쓰다듬으면서, 창문 너머로 떨어지는 빗방울을 바라보았다. 그러다 미미가 갑자기 큰 하품을 하길래 나도 같이 하품을 따라 하며 소파에 몸을 더 깊이 기대었다. 이런 날엔 미미와 함께 조용히 시간을 보내는 게 참 소중하게 느껴진다.","비 오는 날, 고양이 미미는 평소와 다르게 무엇을 하려고 했나요?",잘 모르겠음,장난감을 갖고 놀려고 했다,창밖을 보며 울었다,사람 옆에 꼭 붙어 있으려고 했다,사람 옆에 꼭 붙어 있으려고 했다,4,183
집에서의 이야기,집에서 영화나 드라마 보며 느낀 점,170,"며칠 전 가족들과 거실에 모여 오래 기다렸던 드라마의 마지막 회를 함께 시청했다. 모두가 각자 좋아하는 간식을 준비해 놓고, 주요 장면마다 감탄하거나 웃음을 터뜨리며 이야기를 나누었다. 드라마가 끝나자 다들 여운이 남는다며 아쉬워했다. 특히 동생은 주인공의 결정에 대해 자신의 생각을 열정적으로 이야기했고, 나는 그 장면이 현실적이어서 더 공감이 갔다. 이런 시간을 보내며 가족들과 감정을 공유할 수 있어 참 소중하다고 느꼈다.",드라마를 보며 동생이 특히 열정적으로 이야기한 것은 무엇에 관한 것이었나요?,잘 모르겠음,주인공의 의상에 대해,주인공의 결정에 대해,드라마의 배경음악에 대해,주인공의 결정에 대해,3,182
집에서의 이야기,집에서 영화나 드라마 보며 느낀 점,170,"비오는 저녁, 가족들과 거실에 모여서 예전부터 보고 싶었던 영화 한 편을 함께 봤다. 평소에는 각자 방에서 시간을 보내곤 했는데, 오랜만에 한 공간에서 웃고 이야기하니 왠지 모르게 마음이 따뜻해졌다. 영화가 끝난 뒤 등장인물의 행동에 대해 서로 다른 의견을 나누며 꽤 오랫동안 대화를 이어갔다. 그 순간, 평범한 하루도 특별하게 느껴질 수 있다는 생각이 들어서 소중했다.",화자가 가족들과 영화 관람 후에 했던 활동은 무엇이었나요?,잘 모르겠음,함께 저녁 식사를 했다.,등장인물의 행동에 대해 대화를 나눴다.,산책을 했다.,등장인물의 행동에 대해 대화를 나눴다.,3,155
집에서의 이야기,집에서 영화나 드라마 보며 느낀 점,170,"이번 주말에는 오랜만에 가족들이 모두 모여 거실에서 영화를 보기로 했어요. 원래는 각자 방에서 휴대폰으로 짧은 영상을 자주 봤는데, 이렇게 모여서 큰 화면으로 감상하니 분위기가 훨씬 특별하게 느껴졌어요. 영화가 끝나고 나서는 다 같이 장면 하나하나를 다시 얘기하며 웃기도 하고, 서로 느낀 점을 공유하는 시간이 참 소중하게 느껴졌어요.",발화자가 가족들과 함께 영화를 본 후에 한 행동은 무엇이었나요?,잘 모르겠음,혼자서 조용히 방에 들어갔다.,영화의 장면을 다시 보며 이야기를 나눴다.,바로 잠자리에 들었다.,영화의 장면을 다시 보며 이야기를 나눴다.,3,142
집에서의 이야기,집에서 영화나 드라마 보며 느낀 점,170,"며칠 전 저녁에 가족들과 함께 거실에 모여서 오랜만에 코미디 영화를 봤다. 평소 각자 방에서 시간을 보내느라 대화가 적었는데, 영화를 보면서 다 같이 웃고 서로 재밌는 장면을 따라 하기도 해서 분위기가 한결 밝아졌다. 영화를 다 본 후에는 영화 속 등장인물에 대해 서로 의견을 나누며 자연스럽게 대화가 이어졌고, 그 덕분에 가족들과 한층 더 가까워진 느낌이 들어서 기분이 좋았다.",발화자가 가족들과 영화를 본 후에 느낀 변화로 알맞은 것은?,잘 모르겠음,집안일 분담이 늘었다.,가족들과의 대화가 자연스러워졌다.,영화를 보고 바로 각자 방으로 흩어졌다.,가족들과의 대화가 자연스러워졌다.,3,157
집에서의 이야기,집에서 첫 요리 도전기,170,"주방에서 냄비를 처음 꺼내 들었을 때 은근히 떨렸다. 엄마가 항상 쉽게 해내던 계란찜을 나도 만들 수 있을 거라 생각했지만, 생각보다 물의 양 조절이 어려웠다. 레시피를 여러 번 읽고, 계란을 조심스럽게 풀어 물과 섞었는데 거품이 너무 많이 생겨버렸다. 그래도 용기를 내어 쪄보니 겉은 익었지만 안은 덜 익어 살짝 실망했다. 그럼에도 가족들이 한입 먹고 '처음치고 괜찮다'며 웃어줘서 조금 뿌듯했다.",내가 처음 요리에 도전하며 만들었던 음식은 무엇이었나요?,잘 모르겠음,김치찌개,계란찜,떡볶이,계란찜,3,167
집에서의 이야기,집에서 첫 요리 도전기,170,"주말에 가족들이 모두 외출해서 혼자 집을 지키게 된 날, 처음으로 된장찌개를 만들어보기로 마음먹었다. 냉장고에서 애호박, 두부, 양파를 꺼내 손질하고 멸치로 육수를 내기 시작했다. 평소 엄마가 하던 모습을 떠올리며 순서대로 재료를 넣었지만, 간을 맞추는 게 생각보다 어려웠다. 그래도 마지막에 파를 송송 썰어 올리고 조심스럽게 한 숟갈 떠먹어 보니, 약간 싱거웠지만 그럴듯한 맛이 나서 뿌듯했다.",내가 된장찌개를 만들 때 마지막에 올린 재료는 무엇이었나요?,잘 모르겠음,두부,애호박,파,파,4,169
집에서의 이야기,집에서 첫 요리 도전기,170,"며칠 전, 갑자기 요리가 해보고 싶어서 인터넷에서 간단해 보이는 토마토 달걀볶음 레시피를 찾아 시도했다. 계란을 풀고 토마토를 썰면서 괜히 긴장됐다. 팬에 기름을 두르고 달걀을 볶다가 토마토를 넣었는데, 생각보다 물이 많이 생겨서 맛이 심심했다. 그래도 완성된 요리를 접시에 담아 혼자 사진도 찍고, 나름 뿌듯한 마음으로 먹어보니 소금 간이 부족했지만 의외로 먹을 만했다. 다음에는 간을 좀 더 세게 하고, 다른 야채도 추가해볼 생각이다.",내가 요리를 하면서 가장 부족하다고 느낀 점은 무엇이었나요?,잘 모르겠음,요리 시간이 너무 길었던 점,소금 간이 부족했던 점,재료가 부족했던 점,소금 간이 부족했던 점,3,185
집에서의 이야기,집에서 첫 요리 도전기,170,"며칠 전부터 요리에 도전해보고 싶다는 생각이 들어서 인터넷에서 계란찜 레시피를 찾아봤다. 재료가 간단해 보여서 쉽게 할 줄 알았는데, 계란을 너무 세게 휘저어서 거품이 잔뜩 생기고, 전자레인지 시간도 제대로 맞추지 못해 한 번은 국물이 넘쳤다. 두 번째 도전에서는 물의 양을 줄이고, 계란을 살살 저어 부드럽게 만들었더니 훨씬 먹음직스럽게 완성됐다. 덕분에 부모님께서도 맛있다고 칭찬해주셔서 뿌듯한 하루였다.",처음 계란찜을 만들었을 때 생긴 문제는 무엇이었나요?,잘 모르겠음,재료가 부족했다.,계란을 너무 세게 저어서 거품이 생기고 국물이 넘쳤다.,간을 너무 세게 했다.,계란을 너무 세게 저어서 거품이 생기고 국물이 넘쳤다.,3,175
집에서의 이야기,집에서의 DIY 리모델링 경험,170,"몇 달 전, 거실 벽지를 직접 바꿔보기로 마음먹고 인터넷에서 셀프 벽지 붙이기 영상을 여러 개 찾아봤다. 영상에서 본 대로 커다란 롤을 힘겹게 들어 올리고, 접착제를 고르게 펴 바른 뒤 조심스럽게 벽에 붙였다. 예상보다 롤이 무거워서 팔이 금방 아파왔지만, 포기하지 않고 끝까지 붙였다. 완성된 벽을 보니 약간 삐뚤어졌지만, 직접 한 덕분에 더 애착이 간다.",발화자가 거실 벽지를 붙일 때 따라한 것은 무엇이었나요?,잘 모르겠음,친구의 설명,잡지 기사,인터넷 영상,인터넷 영상,4,148
집에서의 이야기,집에서의 DIY 리모델링 경험,170,"며칠 전부터 거실 분위기를 바꿔보고 싶어서 혼자 힘으로 셀프 페인팅에 도전했다. 우선 인터넷에서 벽 페인트와 붓, 마스킹 테이프를 주문하고, 오래된 액자와 장식품도 치웠다. 페인트칠을 하다가 팔이 아파서 잠시 쉬었지만, 색이 바뀌는 걸 보니 신기하고 뿌듯했다. 마무리로 직접 만든 쿠션을 소파에 올려두니 집이 한층 더 아늑하게 느껴졌다.",발화자가 집안 분위기를 바꾸기 위해 마지막에 한 행동은 무엇이었나요?,잘 모르겠음,인터넷에서 페인트를 주문했다,벽에 액자를 걸었다,직접 만든 쿠션을 소파에 올려두었다,직접 만든 쿠션을 소파에 올려두었다,4,143
집에서의 이야기,집에서의 DIY 리모델링 경험,170,"며칠 전부터 거실 벽지가 낡아 보여 직접 셀프로 벽지 교체를 해보기로 결심했다. 처음에는 벽지를 깔끔하게 떼어내는 것조차 생각보다 어려웠지만, 유튜브에서 방법을 찾아보며 천천히 따라 했다. 특히 구석 부분이 잘 안 떨어져서 작은 칼을 써야 했고, 풀칠도 고르게 바르는 게 쉽지 않았다. 고양이가 계속 옆에서 구경하는 바람에 집중이 흐트러지기도 했지만, 결국 하루가 거의 다 지나고 나서야 벽지를 다 붙일 수 있었다. 힘들었지만 완성된 거실을 보니 뿌듯함이 컸다.",벽지 작업 중 집중을 방해한 것은 무엇이었나요?,잘 모르겠음,고양이의 울음소리,고양이의 행동,전화벨 소리,고양이의 행동,3,193
집에서의 이야기,집에서의 DIY 리모델링 경험,170,"며칠 전 가족들과 함께 거실 벽면을 새로 꾸미기로 했다. 다 같이 인터넷에서 벽지 고르는 데만도 한참 걸렸고, 직접 벽지 붙이기를 시작하니 처음엔 손에 풀이 잔뜩 묻어 고생했다. 동생이 자꾸 삐뚤게 붙여서 웃음이 터지기도 했다. 결국엔 모두 힘을 합쳐서 생각보다 훨씬 예쁘게 완성할 수 있었다. 벽이 새롭게 변하니 집 분위기도 한결 밝아진 것 같았다.",벽지 작업을 하던 중에 가족 중 누가 벽지를 삐뚤게 붙였는가?,잘 모르겠음,아버지,동생,나,동생,3,144
집에서의 이야기,집에서의 휴식 시간 속에서의 일상,170,"비 오는 날, 창밖을 바라보며 소파에 누워 있었던 시간이 떠오른다. 잔잔한 빗소리를 들으면서 내가 좋아하는 재즈 음악을 작게 틀고, 오랜만에 엄마가 구워준 쿠키를 하나씩 집어 먹었다. 그날은 가족 모두 각자 방에서 조용히 시간을 보내고 있었지만, 나는 혼자만의 휴식 시간에 작은 행복을 느꼈다. 쿠키의 달콤한 맛과 빗소리가 어우러져서 평소보다 더 깊은 안정을 느낄 수 있었다.",화자가 휴식 시간에 소파에 누워서 들었던 음악 장르는 무엇이었나요?,잘 모르겠음,클래식,재즈,록,재즈,3,157
집에서의 이야기,집에서의 휴식 시간 속에서의 일상,170,"주말 오후에 소파에 누워 창밖으로 비가 내리는 소리를 들으며 따뜻한 녹차를 한 잔 마셨다. 책을 읽으려고 했지만, 창밖 풍경이 마음을 차분하게 만들어 그냥 멍하니 비 내리는 모습을 바라봤다. 고양이가 내 옆에서 조용히 숨을 골랐고, 빗소리와 고양이의 부드러운 숨소리가 어우러져 오랜만에 완벽한 휴식 시간을 보낸 것 같다.",내가 휴식 시간에 했던 일로 올바른 것은 무엇인가요?,잘 모르겠음,뜨거운 커피를 마셨다,창밖의 비를 바라봤다,친구와 전화 통화를 했다,창밖의 비를 바라봤다,3,134
집에서의 이야기,집에서의 휴식 시간 속에서의 일상,170,"지난주에 비가 내리던 저녁, 소파에 기대어 따뜻한 차를 한 잔 마시며 좋아하는 소설책을 읽었다. 창밖에서 들려오는 빗소리와 조명이 만들어내는 은은한 분위기 덕분에 마음이 한결 편안해졌다. 가족들은 각자 방에서 시간을 보내고 있었고, 오랜만에 혼자만의 여유를 만끽했다. 책 속 주인공의 감정에 빠져들다가, 나도 모르게 시간이 훌쩍 흘러버렸다.",비가 오던 저녁에 내가 한 활동은 무엇이었나요?,잘 모르겠음,가족과 보드게임을 했다,소설책을 읽으며 차를 마셨다,방 청소를 했다,소설책을 읽으며 차를 마셨다,3,146
집에서의 이야기,집에서의 휴식 시간 속에서의 일상,170,"창밖에서 빗소리가 들리는 저녁에 소파에 앉아 책을 펼쳤다. 따뜻한 차를 옆에 두고, 오랜만에 좋아하는 소설을 천천히 읽으니 시간이 금방 흘렀다. 갑자기 고양이가 무릎 위로 올라와서 책장을 넘기는 손을 바라봤다. 책 한 장을 넘길 때마다 고양이도 고개를 갸웃거려, 그 모습이 귀여워 잠시 책을 덮고 쓰다듬어 주었다. 이 순간만큼은 아무 걱정 없이 마음이 편안해졌다.",발화자가 책을 읽는 동안 고양이는 무엇을 했나요?,잘 모르겠음,창밖을 바라봤다,무릎 위로 올라와 책장을 넘기는 손을 바라봤다,방 안을 뛰어다녔다,무릎 위로 올라와 책장을 넘기는 손을 바라봤다,3,152
책과의 생활,나를 바꾼 책 이야기,170,"며칠 전 우연히 친구가 빌려준 '모든 순간의 심리학'이라는 책을 읽으면서 내 일상에 작은 변화가 생겼다. 책 속에 나오는 한 구절, '감정은 흘러가는 것'이라는 말을 곱씹으며, 예전 같으면 사소한 일에도 금방 짜증내던 내가 최근엔 한 박자 쉬어가며 감정을 바라보게 되었다. 예를 들어 지하철에서 밀치고 가는 사람을 만났을 때도, 그동안은 불쾌함이 오래 남았지만, 이제는 잠깐 불편해도 금세 마음이 가라앉는 걸 느꼈다. 덕분에 하루가 한결 가벼워진 것 같아 신기했다.",화자가 최근 감정을 다루는 데 영향을 준 책에서 가장 인상 깊었던 구절은 무엇이었나요?,잘 모르겠음,감정은 흘러가는 것,행복은 선택이다,과거를 잊어라,감정은 흘러가는 것,2,195
책과의 생활,나를 바꾼 책 이야기,170,"며칠 전, 우연히 도서관에서 '작은 것들의 신'이라는 소설을 집어 들었다. 평소라면 잘 선택하지 않았을 법한 책이었지만, 첫 장을 펼치는 순간부터 빠져들었다. 주인공이 겪는 상실과 성장의 과정을 따라가며 나도 내 삶의 작은 순간들을 돌아보게 되었다. 책을 다 읽고 난 뒤에는, 평소 소홀히 여겼던 일상 속 소중함을 더 많이 느끼게 되었고, 나 자신에게 조금 더 친절해지기로 마음먹었다.",화자는 어떤 책을 읽고 일상 속 소중함을 더 많이 느끼게 되었나요?,잘 모르겠음,작은 것들의 신,어린 왕자,데미안,작은 것들의 신,2,161
책과의 생활,나를 바꾼 책 이야기,170,"며칠 전, 우연히 도서관에서 집어 든 책 한 권이 내 일상을 바꿨다. 예전에는 아침마다 스마트폰을 먼저 확인하는 게 습관이었는데, 그 책을 읽고 나서는 아침에 일어나면 창문을 열고 잠시 산책을 하고 있다. 책에서 제안한 작은 변화들이 생각보다 마음을 차분하게 해주었고, 덕분에 하루를 좀 더 여유 있게 시작하게 되었다. 이런 경험을 통해 책이 주는 영향력을 새삼 느꼈다.",발화자가 책을 읽고 바꾼 아침 습관은 무엇인가요?,잘 모르겠음,아침마다 음악을 듣기 시작했다,아침에 산책을 하게 되었다,아침에 커피를 마시게 되었다,아침에 산책을 하게 되었다,3,153
책과의 생활,나를 바꾼 책 이야기,170,"며칠 전 우연히 친구가 추천해준 '어른의 어휘력'이라는 책을 읽기 시작했다. 처음엔 그저 어휘를 늘리고 싶다는 생각뿐이었는데, 책을 읽다 보니 말과 글을 대하는 내 태도 자체가 바뀌는 느낌을 받았다. 일상에서 무심코 쓰던 단어들이 얼마나 나의 생각을 제한했는지 깨닫게 되었고, 그래서 최근에는 대화를 할 때 좀 더 신중하게 단어를 고르게 된다. 이 책을 읽고 나서 평소와는 다르게 친구에게도 내 생각을 차분하게 설명할 수 있었고, 상대방의 말도 더욱 잘 이해하게 된 것 같다.",내가 친구에게 추천받아 읽게 된 책의 제목은 무엇인가요?,잘 모르겠음,어른의 어휘력,말의 품격,나는 나로 살기로 했다,어른의 어휘력,2,197
책과의 생활,다시는 읽고 싶지 않은 책과 그 이유,170,"며칠 전 친구 추천으로 한 소설을 읽게 되었는데, 주인공이 반복적으로 실수를 저지르고 주변 인물들과 오해만 쌓여가는 전개가 너무 답답했다. 마지막까지 희망적인 결말도 아니었고, 등장인물들 사이의 감정이해도 제대로 안 되어서 몰입하기 어려웠다. 특히 긴장감을 주려고 했던 장면들이 오히려 억지스럽게 느껴져서 읽으면서 점점 지치기만 했다. 이런 책은 다시 펼쳐보고 싶지 않다는 생각이 들었다.",화자가 그 소설을 다시 읽고 싶지 않다고 느낀 가장 큰 이유는 무엇이었나요?,잘 모르겠음,등장인물 이름이 어려워서,주인공의 반복되는 실수와 답답한 전개,책이 너무 짧아서,주인공의 반복되는 실수와 답답한 전개,3,167
책과의 생활,다시는 읽고 싶지 않은 책과 그 이유,170,"며칠 전에 친구가 추천해준 책을 읽었는데, 기대와는 달리 내용이 너무 무겁고 우울해서 읽는 내내 마음이 불편했다. 주인공이 계속 불행한 일만 겪어서 감정적으로 힘들었고, 마지막까지도 희망적인 부분이 거의 없었다. 평소엔 다양한 장르를 즐기지만, 이번 책은 읽고 나서도 기분이 가라앉아 며칠 동안 다른 책을 손에 잡기도 힘들었다. 아마 이런 분위기의 책은 앞으로 다시 읽고 싶지 않을 것 같다.",화자가 다시 읽고 싶지 않은 이유는 무엇인가요?,잘 모르겠음,등장인물이 너무 많아서,결말이 해피엔딩이 아니라서,내용이 무겁고 우울해서,내용이 무겁고 우울해서,4,164
책과의 생활,다시는 읽고 싶지 않은 책과 그 이유,170,"며칠 전 책장 정리를 하다가 예전에 읽었던 한 소설이 눈에 들어왔다. 그 책을 집어 들자마자 불편했던 감정이 떠올랐다. 이야기 전개가 지나치게 우울하고 등장인물 대부분이 서로에게 상처를 주는 내용이어서 읽는 내내 답답함을 느꼈다. 마지막 장을 덮은 후에는 한동안 기분이 가라앉았던 기억이 있어서, 다시는 그 책을 읽고 싶지 않다는 생각이 들었다.",내가 다시 읽고 싶지 않은 이유는 무엇인가?,잘 모르겠음,이야기가 너무 짧아서,등장인물들이 서로에게 상처를 주는 내용이어서,책 표지가 마음에 들지 않아서,등장인물들이 서로에게 상처를 주는 내용이어서,3,145
책과의 생활,다시는 읽고 싶지 않은 책과 그 이유,170,"며칠 전 친구의 추천으로 읽기 시작한 소설이 있었는데, 기대와는 달리 이야기 전개가 너무 느리고 등장인물들의 행동도 이해하기 어려워서 집중하기 힘들었다. 중간쯤까지 억지로 참고 읽었지만, 갑작스럽게 결말이 나와 허무함만 남았다. 평소 책을 웬만하면 끝까지 읽는 편인데, 이번에는 정말 다시 손에 들고 싶지 않을 정도로 지루하고 답답한 경험이었다. 다음엔 취향을 더 잘 파악하고 책을 골라야겠다는 생각이 들었다.",발화자가 책을 다시 읽고 싶지 않다고 느낀 가장 큰 이유는 무엇이었나요?,잘 모르겠음,등장인물 수가 너무 많아서,이야기 전개가 느리고 결말이 허무해서,책이 너무 두꺼워서 읽기 힘들어서,이야기 전개가 느리고 결말이 허무해서,3,175
책과의 생활,마음에 특별히 남은 구절과 그 이유,170,"며칠 전, 친구가 추천해준 소설을 읽다가 마음에 깊이 남는 구절을 만났다. '누군가를 진심으로 이해한다는 것은 그 사람의 슬픔까지 함께 느끼는 것이다'라는 문장이었는데, 그 순간 내가 가족이나 친구들의 고민을 쉽게 넘겼던 적이 떠올랐다. 그래서 앞으로는 내 주변 사람들의 감정에 좀 더 귀 기울이고 공감하려고 다짐하게 되었다.",화자가 책에서 인상 깊게 남았던 구절은 어떤 내용이었는가?,잘 모르겠음,행복은 스스로 찾아야 한다는 내용,누군가를 진심으로 이해한다는 것은 그 사람의 슬픔까지 함께 느끼는 것이라는 내용,지식은 경험에서 온다는 내용,누군가를 진심으로 이해한다는 것은 그 사람의 슬픔까지 함께 느끼는 것이라는 내용,3,138
책과의 생활,마음에 특별히 남은 구절과 그 이유,170,"며칠 전, 오랜만에 꺼낸 소설책을 읽다가 '가장 어두운 밤도 결국은 새벽을 품고 있다'라는 구절을 발견했다. 그 문장을 처음 접했을 때, 최근 힘들었던 시기가 자연스럽게 떠올랐다. 한동안 앞이 보이지 않을 만큼 답답했는데, 이 구절이 작은 위로가 되었다. 어두운 시간도 언젠가는 지나간다는 사실을 다시금 느끼며 책장을 덮었다.",화자가 특별히 마음에 남은 소설책의 구절은 어떤 의미로 다가왔나요?,잘 모르겠음,새벽에 일찍 일어나라는 조언으로 다가왔다,힘든 시기가 결국 지나간다는 위로로 다가왔다,어두운 밤에 책을 읽으라는 의미로 다가왔다,힘든 시기가 결국 지나간다는 위로로 다가왔다,3,138
책과의 생활,마음에 특별히 남은 구절과 그 이유,170,"며칠 전 읽은 소설에서 '바람이 분다고 모두 흔들리는 것은 아니다'라는 구절이 유난히 오래 마음에 남았다. 예전엔 작은 변화에도 쉽게 흔들렸던 나 자신이 떠올랐기 때문이다. 요즘은 힘든 일이 닥쳐도 예전만큼 흔들리지 않는 내 모습을 발견하며, 이 문장이 나에게 위로와 용기를 준다는 생각이 들었다. 책을 덮은 뒤에도 그 말이 계속 머릿속을 맴돌았다.",화자가 최근 마음에 남았던 소설 속 구절은 어떤 의미로 다가왔는가?,잘 모르겠음,계속 도전하라는 뜻으로,작은 변화에도 쉽게 흔들리지 말라는 의미로,모든 변화는 나쁜 것이라는 의미로,작은 변화에도 쉽게 흔들리지 말라는 의미로,3,146
책과의 생활,마음에 특별히 남은 구절과 그 이유,170,"책을 읽다가 마음에 깊이 남는 구절을 만난 적이 있다. 그 구절은 '지금의 내가 언젠가의 나에게 용기가 된다'라는 문장이었는데, 무심코 넘길 수도 있었지만, 그날따라 유난히 힘든 하루를 보내고 있어서인지 한참을 그 문장을 바라봤다. 그 순간 내 과거의 작은 용기들이 모여 지금의 나를 만들었구나, 생각하며 스스로를 위로하게 되었다.",화자가 힘든 하루를 보내던 중에 마음에 남은 구절은 무엇에 관한 것이었는가?,잘 모르겠음,과거의 용기가 현재의 자신을 만든다는 내용,친구와의 우정에 관한 내용,미래에 대한 걱정에 관한 내용,과거의 용기가 현재의 자신을 만든다는 내용,2,140
책과의 생활,어릴 적 가장 좋아했던 책,170,"주황색 표지가 인상적이었던 동화책 한 권이 지금도 기억난다. 할머니 댁에 놀러갈 때마다 그 책을 들고 다녔는데, 책 속 주인공이 용기를 내어 친구를 도와주는 장면이 나오면 나도 모르게 가슴이 뛰곤 했다. 방학 때는 그 책을 여러 번 반복해서 읽으면서 글자를 따라 소리 내어 읽기도 했고, 그림을 따라 그려보기도 했다. 책장이 해질 정도로 읽어서 엄마가 새로 테이프로 표지를 붙여주셨던 일도 있었다.",어릴 적 내가 가장 좋아했던 책의 표지는 어떤 색이었나요?,잘 모르겠음,파란색,초록색,주황색,주황색,4,164
책과의 생활,어릴 적 가장 좋아했던 책,170,"초등학교 시절, 엄마가 도서관에서 빌려오신 '마법의 사과나무'라는 책을 처음 읽었을 때가 아직도 선명하다. 주인공이 사과나무와 친구가 되면서 겪는 여러 모험이 너무 신기해서, 밤마다 몰래 손전등을 켜고 몇 번이고 반복해서 읽었던 기억이 난다. 그때는 책을 덮으면 나도 사과나무와 대화를 나눌 수 있을 것 같은 착각이 들 정도로 이야기에 빠져들었고, 친구들에게도 자랑하곤 했다.",내가 어린 시절 반복해서 읽었던 책의 제목은 무엇이었나요?,잘 모르겠음,마법의 사과나무,비밀의 화원,소년 탐정 김전일,마법의 사과나무,2,160
책과의 생활,어릴 적 가장 좋아했던 책,170,"초등학교 시절에 자주 읽던 책 중에서 가장 기억에 남는 건 동화책 ‘마법의 시간여행’이었다. 매번 방과 후 집에 돌아오면 학교 책가방을 벗어두고 방 한쪽에 쌓아둔 시리즈를 꺼내어 한 권씩 읽는 시간이 정말 기다려졌다. 특히 공룡 시대로 모험을 떠나는 편이 재미있었고, 그때마다 상상 속에서 주인공들과 함께 탐험하는 기분이 들었다. 엄마가 간식으로 사과를 깎아주면 책장을 넘기며 한 입씩 먹던 그 순간들이 아직도 소중하게 기억에 남아 있다.",발화자가 가장 기억에 남는 책을 읽으며 엄마가 해준 것은 무엇인가요?,잘 모르겠음,따뜻한 우유를 주었다.,사과를 깎아주었다.,책을 함께 읽어주었다.,사과를 깎아주었다.,3,183
책과의 생활,어릴 적 가장 좋아했던 책,170,"유치원 시절, 엄마가 잠자기 전에 읽어주던 '마법의 연필'이라는 그림책을 가장 좋아했다. 그림 속 작은 소년이 연필로 무엇이든 그리면 실제로 나타나 친구들과 모험을 떠나는 이야기였는데, 책을 다 읽고 나면 꼭 나도 연필을 들고 종이에 뭔가를 그리곤 했다. 그때마다 엄마가 내가 그린 그림을 칭찬해줘서, 그 책이 더 특별하게 느껴졌다.","내가 어릴 적 가장 좋아했던 책에서 소년이 연필로 그린 것이 실제로 나타났을 때, 나는 책을 읽고 주로 무엇을 했는가?",잘 모르겠음,종이에 연필로 그림을 그렸다,친구들과 밖에서 놀았다,아빠에게 이야기를 들려줬다,종이에 연필로 그림을 그렸다,2,140
책과의 생활,책 속에 등장한 가장 인상 깊었던 장면,170,"며칠 전 읽던 소설에서 주인공이 깊은 산속에서 길을 잃고 나무 아래에 앉아 있던 장면이 유난히 기억에 남는다. 주인공은 두려움과 외로움 속에서도 하늘을 바라보며 자신을 다독였다. 그 순간 숲속의 작은 바람 소리와 빛이 어우러져 주변이 평화롭게 느껴졌다고 묘사되어 있었는데, 나도 마치 그 자리에 있는 듯한 기분이 들어 한동안 책장을 넘기지 못하고 머물렀다.",주인공이 깊은 산속에서 길을 잃었을 때 어떤 행동을 했는가?,잘 모르겠음,작은 동물을 쫓아갔다,나무 아래에 앉아 하늘을 바라보았다,큰 소리로 노래를 불렀다,나무 아래에 앉아 하늘을 바라보았다,3,149
책과의 생활,책 속에 등장한 가장 인상 깊었던 장면,170,"며칠 전 침대에 누워서 읽던 소설에서 주인공이 폭우 속에서 낡은 우산을 쓰고 오랜만에 아버지를 찾아가는 장면이 나왔는데, 그 부분이 유독 마음에 남았다. 주인공의 두려움과 기대가 섞인 마음이 우산 끝에 맺힌 빗방울처럼 느껴져서 한참 동안 그 페이지를 넘기지 못하고 있었다. 읽는 내내 내가 마치 그 골목길을 같이 걷는 것처럼 숨소리까지 선명하게 들렸던 것 같다.",화자가 소설에서 인상 깊게 본 장면에서 주인공이 무엇을 들고 있었나요?,잘 모르겠음,꽃다발,낡은 우산,책가방,낡은 우산,3,150
책과의 생활,책 속에 등장한 가장 인상 깊었던 장면,170,"며칠 전 읽은 소설에서 주인공이 폭풍우가 몰아치는 밤에 혼자 낡은 등불을 들고 숲길을 걷는 장면이 유난히 뇌리에 남았다. 그 순간 주인공이 두려움을 극복하고 숨겨진 오두막을 찾아가는 과정이 손에 잡힐 듯 생생하게 느껴졌다. 책을 읽는 내내 등불 불빛에 비친 숲속 그림자와 빗방울 소리가 상상되어, 마치 내가 직접 그 길을 걷는 듯한 기분이 들었다. 그 장면 덕분에 책에 더욱 몰입하게 되었고, 주인공의 용기와 성장에 깊이 공감하게 되었다.",화자가 소설 속에서 인상 깊게 느낀 장면의 특징으로 알맞은 것은 무엇인가요?,잘 모르겠음,주인공이 도시에서 친구를 만나는 장면,주인공이 낡은 등불을 들고 폭풍우 속 숲길을 걷는 장면,주인공이 책을 읽는 장면,주인공이 도시에서 친구를 만나는 장면,2,181
책과의 생활,책 속에 등장한 가장 인상 깊었던 장면,170,"며칠 전 읽었던 소설에서 한 장면이 아직도 머릿속에 남아 있다. 주인공이 바닷가에서 우연히 오래된 일기장을 발견하는데, 그 안에 적힌 누군가의 간절한 소원이 펼쳐졌다. 일기장 주인은 늘 바다를 두려워했지만, 마지막엔 용기를 내어 파도 속으로 걸어 들어간다. 그 모습에서 두려움을 극복하는 용기를 느낄 수 있었고, 나도 어려운 일이 있을 때마다 이 장면을 떠올리게 될 것 같다.",주인공이 바닷가에서 발견한 것은 무엇이었나요?,잘 모르겠음,오래된 사진첩,오래된 일기장,유리병에 든 편지,오래된 일기장,3,157
첫 경험,첫 고백 이야기,170,"며칠 전에는 평소보다 더 일찍 집에 돌아오는 길에 마음속으로 오랫동안 좋아했던 친구에게 용기 내서 고백하기로 결심했다. 카페에서 마주 앉아 한참 동안 망설이다가 결국 내 마음을 솔직하게 털어놓았는데, 손이 떨려서 종이컵을 쥐고 있던 손까지 덜덜 떨렸다. 친구가 잠깐 놀란 듯했지만 이내 조용히 웃으며 고맙다고 답해주어서, 마음 한구석이 후련해졌다. 결과가 어찌 되었든 그날의 용기는 내게 큰 의미가 되었다.",화자는 고백할 때 어떤 행동을 했다고 언급했나요?,잘 모르겠음,종이컵을 떨어뜨렸다,손이 떨려서 종이컵을 쥐었다,종이컵에 글씨를 썼다,손이 떨려서 종이컵을 쥐었다,3,172
첫 경험,첫 고백 이야기,170,"며칠 전, 친구들과 떨리는 마음으로 벚꽃 구경을 갔다가 오랫동안 좋아하던 사람에게 처음으로 내 마음을 고백했어. 말하기 전까지 계속 손에 땀이 나고 심장이 너무 빨리 뛰어서 속으로 여러 번 연습했지. 결국 벚나무 아래에서 조심스럽게 내 마음을 전했는데, 상대방이 놀란 표정으로 잠깐 멈췄다가 부드럽게 웃으면서 고맙다고 해줬어. 비록 바로 대답을 듣지는 못했지만, 용기 내길 정말 잘했다고 생각했어.",화자가 고백을 한 장소는 어디였나요?,잘 모르겠음,카페 안,벚나무 아래,학교 운동장,벚나무 아래,3,168
첫 경험,첫 고백 이야기,170,"며칠 전 친구들과 카페에 모여 있다가 우연히 좋아하는 사람과 단둘이 남게 되었어요. 그때 갑자기 심장이 두근거리고 손에 땀이 났죠. 평소에는 농담도 잘했는데, 막상 내 마음을 말하려니 말문이 막혔어요. 그래도 용기를 내서 '사실 너를 좋아해'라고 조심스럽게 고백했어요. 상대가 잠시 놀란 듯하다가 미소를 지으며 고맙다고 답해줘서 안도감이 들었어요. 집에 돌아오는 길에 창밖을 보면서 처음으로 누군가에게 내 마음을 전했다는 사실에 한참을 멍하니 있었던 기억이 남아요.","발화자가 고백을 한 후, 상대방은 어떻게 반응했나요?",잘 모르겠음,당황하며 자리를 피했다,고맙다고 미소 지었다,아무 말 없이 떠났다,고맙다고 미소 지었다,3,199
첫 경험,첫 고백 이야기,170,"며칠 전 학교 도서관에서 늦게까지 공부하다가 우연히 마음에 두고 있던 친구와 마주쳤다. 그동안 속마음을 숨기고 있었는데, 그날은 이상하게 용기가 나서 조심스럽게 내 마음을 털어놓았다. 순간 얼굴이 화끈거렸지만, 친구가 미소를 지으며 고맙다고 해줘서 안도감이 들었다. 비록 바로 사귀게 된 것은 아니지만, 솔직하게 내 마음을 전했다는 사실에 후회는 없다.",화자가 고백을 하게 된 장소는 어디인가요?,잘 모르겠음,학교 운동장,카페,학교 도서관,학교 도서관,4,151
첫 경험,첫 사랑 이별 후의 감정,170,"며칠 전 친구와 함께 걷다가 우연히 첫사랑과 자주 가던 카페 앞을 지나치게 되었다. 평소엔 아무렇지 않던 그 거리가 갑자기 낯설게 느껴졌고, 마음이 묘하게 쿡 찔렸다. 그때 기억이 떠올라 잠시 멍하니 서 있었는데, 친구가 괜찮냐고 묻자 괜히 웃으며 아무 일 없다고 했다. 집에 돌아오는 길에 괜히 혼자 여러 생각이 밀려와 한참 동안 창밖을 바라보았다.",화자가 첫사랑을 떠올리게 된 계기는 무엇이었나요?,잘 모르겠음,친구가 첫사랑 얘기를 꺼내서,첫사랑이 있는 카페 앞을 지나쳐서,집에 돌아와 창밖을 봐서,첫사랑이 있는 카페 앞을 지나쳐서,3,144
첫 경험,첫 사랑 이별 후의 감정,170,"며칠 전, 우연히 첫사랑과 함께 걷던 거리를 지나게 되었다. 그때 우리가 나눴던 대화와 웃음이 떠오르면서 괜히 마음 한구석이 먹먹해졌다. 헤어진 지는 꽤 되었지만, 익숙한 풍경을 마주하니 그 사람의 목소리와 표정이 선명하게 떠올랐다. 이제는 그리움보다는 아쉬움이 더 크게 남아, 한동안은 그 거리를 피하게 될 것 같다.",화자는 첫사랑과 관련된 어떤 장소에서 감정이 북받쳤다고 했나요?,잘 모르겠음,첫사랑과 함께 걷던 거리,카페에서 혼자 있을 때,공원에서 운동할 때,첫사랑과 함께 걷던 거리,2,134
첫 경험,첫 사랑 이별 후의 감정,170,"며칠 전에는 친구와 오랜만에 카페에 갔는데, 창밖을 바라보다가 갑자기 예전에 함께 걷던 골목이 떠올랐다. 별 생각 없이 지나가던 장소였지만, 그날따라 이상하게 마음이 먹먹해지더라. 그 사람이 자주 웃던 모습, 소소한 대화들이 하나하나 선명하게 기억나서 괜히 눈시울이 붉어졌다. 평소엔 잘 버티는 줄 알았는데, 막상 이런 순간이 오면 아직도 많이 그립다는 걸 느끼게 된다.",카페에서 화자가 갑자기 떠올린 것은 무엇이었나요?,잘 모르겠음,예전 연인과 함께 걷던 골목,학교에서의 추억,가족과의 여행,예전 연인과 함께 걷던 골목,2,157
첫 경험,첫 사랑 이별 후의 감정,170,"며칠 전 우연히 예전 사진첩을 정리하다가 첫사랑과 함께 찍은 사진을 발견했다. 사진 속 웃고 있는 내 모습이 낯설게 느껴졌다. 그때의 감정이 다시 떠올라서 가슴이 먹먹해졌지만, 예전과 달리 더 이상 눈물이 나지 않았다. 오히려 그 시절의 설렘과 아쉬움이 모두 소중한 추억이 된 것 같아 마음 한켠이 따뜻해지는 기분이었다. 시간이 지나면서 이별의 아픔도 점점 잊히고, 나 자신을 더 잘 이해하게 된 것 같다.",사진을 정리하던 중 느낀 감정에 대한 설명으로 가장 알맞은 것은?,잘 모르겠음,이별의 아픔에 여전히 눈물을 흘렸다.,예전 사진을 보고 화가 났다.,옛 추억이 소중하게 느껴지며 따뜻해졌다.,옛 추억이 소중하게 느껴지며 따뜻해졌다.,4,167
첫 경험,첫 차량 구매 경험,170,"며칠 전, 처음으로 중고차를 직접 구매했다. 차종을 고르기까지 인터넷 후기와 친구 조언을 참고했지만, 실제로 매장에 가서 차량을 살펴보니 생각보다 훨씬 신경 쓸 부분이 많았다. 시동을 걸어 소음도 확인했고, 트렁크 공간과 뒷좌석도 꼼꼼히 살폈다. 계약 직전에 직원이 제안한 추가 옵션은 예산을 생각해 모두 거절했다. 집에 돌아오는 길, 내가 선택한 흰색 소형차가 정말 내 차라는 사실에 실감이 났다.",내가 차량을 구매하면서 매장에서 직접 확인한 항목이 아닌 것은 무엇인가?,잘 모르겠음,차량의 시동 소음,트렁크와 뒷좌석 공간,직원이 제안한 추가 옵션의 실제 기능,직원이 제안한 추가 옵션의 실제 기능,4,168
첫 경험,첫 차량 구매 경험,170,"평소 대중교통만 이용하다가 친구의 추천으로 처음 자동차를 사게 되었다. 중고차 시장에 직접 가보니 생각보다 다양한 차들이 많아서 한참을 고민했다. 결국 연비가 좋고 가격이 적당한 은색 소형차를 골랐다. 계약서를 작성할 때 손이 약간 떨렸지만, 내 이름으로 된 자동차 등록증을 받았을 때는 뿌듯함과 설렘이 동시에 밀려왔다. 첫 운전이라 긴장했지만, 차 안에서 라디오를 들으며 집으로 돌아오던 그 기분이 아직도 기억에 남는다.",내가 처음 산 자동차의 색상은 무엇이었나요?,잘 모르겠음,빨간색,은색,파란색,은색,3,179
첫 경험,첫 차량 구매 경험,170,"처음으로 자동차를 구매하던 날이 아직도 기억에 남는다. 예산에 맞춰 중고차 매장을 여러 군데 둘러봤는데, 생각보다 선택지가 많아서 꽤 고민했다. 마음에 들었던 흰색 소형차는 엔진 소리가 좋아서 시운전 후 바로 계약했다. 계약을 마치고 집에 돌아오는 길에 부모님께 사진을 보내드렸더니, 아버지께서 직접 번호판을 확인하러 오셨다. 그날 저녁 가족 모두와 함께 처음으로 새 차를 타고 근처 호숫가까지 드라이브를 다녀온 경험이 참 특별했다.",내가 처음 구매한 자동차의 색상은 무엇이었나요?,잘 모르겠음,빨간색,흰색,검은색,흰색,3,184
첫 경험,첫 차량 구매 경험,170,"차를 직접 구매해본 건 이번이 처음이었다. 온라인으로 정보를 많이 찾아봤지만, 막상 전시장에 가니 생각보다 더 긴장됐다. 직원분이 친절하게 설명해주셔서 마음이 놓였다. 여러 색상 중에 흰색과 파란색 사이에서 고민했는데, 가족들이 흰색이 관리하기 쉽다고 해서 결국 흰색으로 결정했다. 계약서를 쓸 때는 손이 조금 떨렸지만, 드디어 내 이름으로 된 차를 갖게 되니 뿌듯했다.",발화자가 가족들의 조언을 듣고 선택한 차량의 색상은 무엇인가요?,잘 모르겠음,파란색,흰색,빨간색,흰색,3,158
첫 경험,첫 학교 관찰 일기,170,"처음 학교에 관찰자로 들어갔던 날이 아직도 생생하다. 긴장해서 교실 문 앞에서 한참을 망설였는데, 담임선생님께서 환하게 웃으시며 들어오라고 손짓해주셨다. 학생들은 나를 신기하게 쳐다보기도 하고, 조용히 인사를 건네주기도 했다. 수업 시간에 학생들이 손을 번쩍 들고 발표하는 모습을 보면서 나도 모르게 미소가 나왔다. 마지막에는 한 학생이 직접 그린 그림을 선물로 건네줬는데, 덕분에 마음이 따뜻해졌다.","관찰 첫날, 학생 중 한 명이 화자에게 무엇을 선물했나요?",잘 모르겠음,손편지,직접 그린 그림,사탕,직접 그린 그림,3,174
첫 경험,첫 학교 관찰 일기,170,"학교에서 처음으로 1학년 교실을 관찰하는 기회가 생겼다. 문을 열고 들어가니 아이들이 조용히 책을 읽고 있었고, 담임 선생님께서는 각자의 책상 사이를 오가며 아이들과 눈을 맞추고 계셨다. 한 학생이 손을 들자 선생님은 친절하게 다가가 무릎을 꿇고 대답해 주셨다. 수업이 끝난 뒤에는 아이들이 스스로 의자를 정리하는 모습을 보며 작은 책임감이 어떻게 길러지는지 느꼈다.",관찰 중에 선생님이 학생의 질문에 어떻게 반응했는가?,잘 모르겠음,학생 곁에 다가가 무릎을 꿇고 대답했다,질문을 무시했다,수업을 중단하고 모두에게 설명했다,학생 곁에 다가가 무릎을 꿇고 대답했다,2,156
첫 경험,첫 학교 관찰 일기,170,"며칠 전, 처음으로 학교에서 친구들과 함께 체육시간을 지켜보는 관찰 과제를 받았다. 운동장 구석에 앉아 친구들이 축구를 하는 모습을 자세히 보면서, 누가 어떻게 움직이고 공을 주고받는지 적어야 했다. 처음엔 어색하고 심심할 줄 알았지만, 관찰하는 동안 친구들이 평소와 달리 서로 도와주거나 실수를 하면서 웃는 모습들이 새롭게 느껴졌다. 특히 평소 말이 적었던 민수가 골을 넣었을 때 다 같이 박수를 쳐주던 순간이 가장 기억에 남았다.",관찰 일기에서 친구들이 운동장에서 한 활동은 무엇이었나요?,잘 모르겠음,농구,축구,줄넘기,축구,3,182
첫 경험,첫 학교 관찰 일기,170,"며칠 전, 학교에서 처음으로 1학년 반을 관찰하게 되었다. 아이들이 수업 시간에 손을 들고 발표하는 모습이 인상 깊었다. 한 학생이 수줍게 친구에게 연필을 빌려달라고 속삭였고, 다른 친구는 조용히 미소 지으며 연필을 건네주었다. 쉬는 시간에는 교실 가득 웃음소리가 퍼졌고, 책상 위에는 색색의 필통과 간식이 펼쳐져 있었다. 관찰을 마치고 나오며 아이들의 소박한 친절과 교실의 활기찬 분위기가 오래도록 기억에 남았다.",관찰 중 한 학생이 친구에게 무엇을 빌려달라고 했나요?,잘 모르겠음,지우개,연필,색연필,연필,3,177
첫 경험,첫 해외여행에서의 불안과 설렘,170,"며칠 전 비행기를 타고 처음으로 일본에 도착했을 때, 낯선 공항 풍경과 익숙하지 않은 일본어 안내 방송에 심장이 두근거렸다. 출입국 심사대 앞에서 여권을 자꾸 손에 쥐고 확인하느라 손에 땀까지 났던 기억이 난다. 하지만 숙소를 찾아가는 길에 친절하게 길을 안내해 준 현지인을 만나면서 조금씩 마음이 놓이고 설렘이 커졌다. 결국 무사히 숙소에 도착해 창문을 열고 바깥 풍경을 바라보며, 불안과 기대가 섞인 감정이 여행의 시작을 더욱 특별하게 만들었다.",발화자의 첫 해외여행에서 불안한 마음이 누그러진 계기는 무엇이었나요?,잘 모르겠음,숙소가 아주 가까웠기 때문,현지인의 친절한 길 안내를 받았기 때문,공항에서 바로 택시를 탔기 때문,현지인의 친절한 길 안내를 받았기 때문,3,188
첫 경험,첫 해외여행에서의 불안과 설렘,170,"공항에 도착했을 때부터 심장이 두근거려 잠시 가방을 내려놓고 숨을 골랐다. 낯선 표지판과 익숙하지 않은 언어가 가득한 공간에서 짧은 영어로 길을 물었던 순간, 손에 땀이 맺혔지만 친절하게 안내해주는 직원 덕분에 안심할 수 있었다. 비행기 안에서 창밖 풍경을 바라보며 설렘과 불안이 동시에 밀려왔고, 낯선 나라에 첫발을 내딛는 기분이란 참 묘했다.",공항에서 길을 물을 때 어떤 감정이 들었다고 했나요?,잘 모르겠음,긴장과 불안이 느껴졌다.,전혀 신경 쓰지 않았다.,화가 났다.,긴장과 불안이 느껴졌다.,2,146
첫 경험,첫 해외여행에서의 불안과 설렘,170,"비행기가 이륙할 때 창밖으로 펼쳐진 구름을 처음 봤을 때 심장이 두근거렸다. 낯선 공항에 도착해서 언어가 잘 통하지 않아 길을 묻는 것도 쉽지 않았지만, 작은 지도를 들고 호텔을 찾아다니는 내 모습이 신기했다. 숙소에 도착해 짐을 풀며 창밖 야경을 바라보던 순간, 두려움과 기대감이 동시에 밀려와 오래도록 창문 앞에 서 있었다. 이후로 혼자 여행할 용기가 생겼던 그 첫날이 아직도 생생하다.","해외여행 첫날, 내가 호텔을 찾아다닐 때 들고 있던 것은 무엇이었나요?",잘 모르겠음,여권,작은 지도,카메라,작은 지도,3,162
첫 경험,첫 해외여행에서의 불안과 설렘,170,"비행기 창밖으로 구름이 펼쳐진 걸 보니 실감이 났다. 한국을 떠나 처음으로 다른 나라에 간다는 생각에 가슴이 뛰었다. 낯선 공항에서 길을 잃을까 걱정이 들었지만, 괜히 지도 앱을 여러 번 확인하며 불안함을 달랬다. 새로운 음식을 맛보고, 다른 언어를 듣는 순간마다 낯섦과 설렘이 동시에 밀려왔다. 숙소에 도착해서야 비로소 긴장이 풀렸고, 그제서야 진짜 모험이 시작된 느낌이었다.",화자는 해외여행 중 불안함을 달래기 위해 무엇을 여러 번 확인했나요?,잘 모르겠음,여권 사진,지도 앱,비행기 표,지도 앱,3,160
취미생활,나만의 독특한 취미 이야기,170,"며칠 전에는 종이로 미니어처 가구를 만드는 취미에 다시 몰두했다. 작은 소파와 책장을 만들면서 색종이와 풀을 세심하게 다루는 일이 꽤 집중력을 요했다. 친구가 놀러와서 완성된 미니어처를 보고 감탄하길래, 그 자리에서 직접 작은 테이블을 만들어보라고 권해주기도 했다. 완성된 가구들을 작은 상자에 차곡차곡 진열해두니 뿌듯함이 밀려왔다.",화자는 미니어처 가구를 만들 때 친구에게 어떤 것을 권했나요?,잘 모르겠음,함께 그림을 그려보자고 권했다,직접 작은 테이블을 만들어보라고 권했다,완성된 가구를 선물로 주었다,직접 작은 테이블을 만들어보라고 권했다,3,144
취미생활,나만의 독특한 취미 이야기,170,"요즘 나는 동전을 활용해 작은 조각상을 만드는 취미에 푹 빠져 있다. 집 근처 벼룩시장에서 구한 오래된 동전들을 하나씩 모아, 얇은 철사를 이용해 연결하거나 붙이면서 동물 모양이나 추상적인 형태로 만들고 있다. 처음에는 손끝이 아파 포기할까 고민했지만, 완성된 작품을 선반 위에 올려둘 때마다 뿌듯함이 느껴진다. 친구들도 놀러 오면 내가 만든 동전 조각상에 관심을 보여, 취미를 통해 새로운 대화가 시작되는 점도 좋다.",내가 동전을 활용해 만드는 작품은 주로 어떤 형태인가?,잘 모르겠음,음식 모형,동물 모양이나 추상적인 형태,자동차 모형,동물 모양이나 추상적인 형태,3,176
취미생활,나만의 독특한 취미 이야기,170,"며칠 전에는 친구들과의 모임 대신 혼자 색다른 취미를 즐기기로 했어. 나는 평소 도시의 오래된 건물 사진을 찍는 걸 좋아하는데, 이번엔 일부러 사람들이 잘 찾지 않는 작은 골목길을 돌아다녔지. 예상치 못한 담장의 벽화나, 창문에 걸린 고양이 인형처럼 평소 지나치던 소소한 것들을 발견하는 재미가 컸어. 특히 낡은 우체통 옆에서 찍은 사진이 이번에 가장 마음에 들었어.",내가 이번에 골목길을 돌아다니며 특히 마음에 들었던 사진은 무엇과 관련이 있었나요?,잘 모르겠음,고양이 인형,우체통,벽화,우체통,3,153
취미생활,나만의 독특한 취미 이야기,170,"비 오는 날이면 집안에서 작은 종이배를 만드는 것이 나만의 소소한 취미다. 어릴 때부터 시작해서 지금까지 습관처럼 이어오고 있는데, 색색의 종이를 접어 만든 배를 물이 고인 베란다 화분 받침에 띄워 놓으면 왠지 모를 평온함이 찾아온다. 가끔 친구들이 오면 그 종이배에 짧은 메시지를 써서 건네기도 한다.",발화자가 비 오는 날 종이배를 띄우는 장소는 어디인가요?,잘 모르겠음,집 앞 도로,베란다 화분 받침,욕실 바닥,베란다 화분 받침,3,126
취미생활,취미로 배운 가장 의미있는 것,170,"몇 달 전부터 수채화 그리기를 취미로 시작했는데, 처음에는 붓을 잡는 것도 익숙하지 않아 종종 그림이 번지거나 색이 어둡게 나와 속상하기도 했다. 그러다 지난주에는 우연히 창밖의 저녁노을을 보며 풍경을 그렸는데, 색이 자연스럽게 섞이고 내가 표현하고 싶었던 분위기가 그림에 그대로 담겼다. 그 순간 비로소 그림을 통해 느낀 감정과 기억을 표현할 수 있다는 게 얼마나 소중한지 깨달았다.",발화자가 수채화로 그린 그림의 소재는 무엇이었나요?,잘 모르겠음,창밖의 저녁노을,호수 위의 배,아름다운 정원,창밖의 저녁노을,2,162
취미생활,취미로 배운 가장 의미있는 것,170,"요즘 수채화 그리기에 푹 빠져 지내고 있다. 처음엔 붓을 어떻게 잡아야 할지조차 몰랐는데, 선생님과 친구들의 조언을 듣고 천천히 따라 하다 보니 점점 손에 익었다. 며칠 전에는 내가 직접 그리고 싶은 풍경을 사진으로 찍어와 스케치부터 색칠까지 혼자 해냈다. 완성한 그림을 벽에 걸어두니 성취감이 컸고, 무엇보다 내 감정과 생각을 그림에 담아낼 수 있다는 점이 가장 의미 있게 느껴졌다.",발화자가 그림을 그릴 때 참고한 것은 무엇이었나요?,잘 모르겠음,인터넷에서 찾은 이미지,직접 찍은 사진,기존에 있던 포스터,직접 찍은 사진,3,160
취미생활,취미로 배운 가장 의미있는 것,170,"친구의 권유로 도예 수업에 참여한 적이 있다. 처음에는 흙을 만지는 게 서툴러서 모양도 제대로 잡지 못했지만, 점점 손에 익으면서 내 손길로 그릇이 만들어지는 과정이 무척 신기했다. 완성된 머그컵을 집에서 사용할 때마다 작은 성취감과 뿌듯함이 느껴져서, 나에게 도예는 단순한 취미를 넘어 소중한 경험이 되었다.",내가 친구의 권유로 참여했던 취미 활동은 무엇이었나요?,잘 모르겠음,플라워 클래스,도예 수업,요가 클래스,도예 수업,3,131
취미생활,취미로 배운 가장 의미있는 것,170,"요즘 내가 가장 의미 있게 느끼는 취미는 도예이다. 처음에는 흙을 만지는 게 어색했지만, 매주 토요일마다 도자기 공방에 가서 직접 컵이나 작은 접시를 만들어보는 과정에서 집중력도 좋아지고 마음이 차분해지는 것을 경험했다. 완성된 작품을 집에 두면 뿌듯함이 오래 간다.",내가 취미로 배우면서 의미를 느낀 활동은 무엇인가?,잘 모르겠음,도예,수채화 그리기,요리,도예,2,113
취미생활,취미를 찾게된 계기,170,"몇 주 전, 친구가 갑자기 주말에 같이 도자기 공방에 가보자고 제안했다. 처음엔 흙을 만지는 게 어색하고 어려울 것 같아 망설였는데, 막상 해보니 집중하면서 잡념이 사라지고 마음이 편안해지는 걸 느꼈다. 완성된 작은 컵을 보니 뿌듯함도 느껴졌다. 그 경험 이후로 도자기 만들기가 내 새로운 취미가 되었고, 주말마다 새로운 그릇을 만들어보는 재미에 푹 빠져 있다.",발화자가 새로운 취미를 가지게 된 계기는 무엇이었나요?,잘 모르겠음,가족의 권유로 시작했다,유튜브 영상을 보고 흥미를 느꼈다,친구의 제안으로 도자기 공방에 간 경험 때문이다,친구의 제안으로 도자기 공방에 간 경험 때문이다,4,151
취미생활,취미를 찾게된 계기,170,"며칠 전 우연히 친구가 만든 수채화 그림을 보게 되었는데, 그림 속 풍경이 너무 아름다워서 한참을 바라보았다. 문득 나도 직접 무언가를 그려보고 싶다는 생각이 들었다. 그동안 그림은 나와 거리가 먼 취미라고 생각했지만, 그날 이후로 인터넷에서 그림 도구와 수채화 기초 영상을 찾아보며 하나씩 따라 하기 시작했다. 색이 번지며 만들어내는 느낌이 신기하고, 하루의 스트레스가 조금씩 풀리는 기분이 들어 요즘에는 시간이 날 때마다 작은 그림을 그리고 있다.",내가 수채화 그리기를 취미로 삼게 된 계기는 무엇이었나요?,잘 모르겠음,취미를 추천하는 책을 읽어서,친구의 수채화 그림을 보고 감동해서,미술 학원에서 우연히 시작해서,취미를 추천하는 책을 읽어서,2,190
취미생활,취미를 찾게된 계기,170,"며칠 전 친구와 함께 동네 도서관에 갔다가 우연히 작은 그림 전시를 보게 되었어요. 전시된 그림들이 너무 따뜻하고 재미있어서 그 자리에서 한참을 구경했죠. 집에 돌아와 문득 나도 색연필로 뭔가 그려보고 싶다는 생각이 들어 어릴 때 쓰던 스케치북을 꺼냈어요. 손이 어색했지만 오랜만에 색을 입히는 그 시간이 뜻밖에 즐거워서, 그날 이후로 시간이 날 때마다 틈틈이 그림을 그리고 있어요.",내가 그림을 그리고 싶다는 생각을 하게 된 계기는 무엇이었나요?,잘 모르겠음,친구가 그림을 그려줬기 때문,도서관에서 작은 그림 전시를 봤기 때문,미술 수업을 듣기 시작했기 때문,도서관에서 작은 그림 전시를 봤기 때문,3,160
취미생활,취미를 찾게된 계기,170,"며칠 전, 친구가 직접 만든 도자기 머그컵을 선물해줬다. 평소에 손재주가 없다고 생각했는데 그 컵을 보니 나도 한번 해보고 싶다는 생각이 들었다. 그래서 지난 주말, 도자기 공방 체험을 신청해 처음으로 흙을 만져봤다. 손끝으로 형태를 만들어가는 과정이 생각보다 집중이 잘 되었고, 완성된 작품을 보며 뿌듯함을 느꼈다. 앞으로도 시간이 날 때마다 새로운 형태의 그릇을 만들어볼 생각이다.",도자기 공방 체험을 하게 된 계기는 무엇이었는가?,잘 모르겠음,친구가 도자기 공방 체험을 같이 가자고 해서,직접 만든 도자기 머그컵을 선물 받고 흥미가 생겨서,유튜브에서 도자기 만드는 영상을 보고 따라 하고 싶어서,직접 만든 도자기 머그컵을 선물 받고 흥미가 생겨서,3,163
취미생활,취미를 통해 얻은 인간관계,170,"요즘 사진 동호회에 참여하면서 새로운 사람들을 많이 알게 되었다. 처음에는 낯설었지만, 매주 함께 출사를 다니다 보니 어느새 자연스럽게 친해졌다. 특히 지난번 호숫가에서 만난 수진 씨와는 취향이 비슷해서 금방 가까워졌다. 사진을 찍으며 서로의 노하우를 공유하고, 촬영이 끝난 후에는 근처 카페에서 이야기꽃을 피우기도 했다. 이런 취미 덕분에 전에는 몰랐던 다양한 직업과 생각을 가진 사람들을 만나게 되어 내 일상에 큰 활력이 되고 있다.",발화에서 화자가 사진 동호회에서 새롭게 가까워진 사람은 누구입니까?,잘 모르겠음,지훈 씨,수진 씨,민수 씨,수진 씨,3,185
취미생활,취미를 통해 얻은 인간관계,170,"토요일 오후마다 그림 동호회에 나가기로 한 이후로, 정말 다양한 사람들과 친해질 수 있었다. 처음에는 낯선 분위기라 어색했지만, 함께 그림을 그리다 보니 자연스럽게 대화가 오갔다. 특히 지난주에는 서로의 작품에 대해 솔직하게 의견을 나누는 시간을 가졌는데, 그때 옆자리에 앉은 민지와 취향이 비슷하다는 걸 알게 되어 연락처도 주고받았다. 취미를 공유하면서 이렇게 새로운 친구를 만나게 될 줄은 생각도 못했다.",발화자가 동호회에서 새롭게 알게 된 사람의 이름은 무엇인가요?,잘 모르겠음,민지,수진,지훈,민지,2,174
취미생활,취미를 통해 얻은 인간관계,170,"지난달에 처음으로 도예 공방에 등록해서 주말마다 나가고 있어. 처음에는 그냥 흙을 만지는 게 좋아서 시작했는데, 생각보다 다양한 연령대 사람들이 모여 있더라고. 그 중에서 내 옆자리에 앉는 분이랑 자연스럽게 이야기를 나누게 됐어. 서로 만든 그릇을 보여주며 칭찬도 하고, 집에서 쓰는 방법도 공유하다 보니 어느새 연락처도 주고받게 되었지. 이번 주에는 그분이 추천한 카페에 같이 가기로 약속했어.",화자는 도예 공방에서 어떤 계기로 새로운 사람과 가까워졌나요?,잘 모르겠음,공방에서 우연히 마주쳐서,서로 만든 그릇을 보여주며 이야기하며,카페에서 처음 만났기 때문에,서로 만든 그릇을 보여주며 이야기하며,3,168
취미생활,취미를 통해 얻은 인간관계,170,"동호회에서 우연히 만난 사람들과 함께 등산을 다니기 시작한 지 벌써 반년이 지났다. 처음에는 서로 어색해서 말도 잘 못 했지만, 산을 오르며 힘든 구간에서 서로 도와주고, 정상에서 간식도 나누어 먹으면서 점점 가까워졌다. 어느 날은 한 회원이 직접 만든 도시락을 준비해 와서 다 같이 나눠 먹었는데, 그날 이후로 우리 모임이 더 돈독해진 것 같다. 요즘은 등산이 끝나고 근처 카페에서 커피를 마시며 서로의 고민이나 일상을 자연스럽게 나누는 사이가 되었다.",등산 동호회에서 회원들이 더욱 가까워진 계기는 무엇이었나요?,잘 모르겠음,함께 영화관에 간 후,회원이 직접 만든 도시락을 나눠 먹은 후,등산 장비를 같이 구매한 후,회원이 직접 만든 도시락을 나눠 먹은 후,3,189
취미생활,평상시 즐겨하는 취미 활동,170,"집 근처 공원에서 걷는 것을 자주 한다. 바쁜 하루를 보내다가 저녁에 공원을 한 바퀴 돌면 머리가 맑아지고 기분이 좋아진다. 최근에는 이어폰으로 좋아하는 팟캐스트를 들으면서 걷는 재미에 푹 빠졌다. 노을 질 무렵, 벤치에 잠깐 앉아 풍경을 감상하는 것도 빼놓을 수 없는 즐거움이다. 어제는 산책 중에 우연히 고양이 한 마리가 다가와 손을 내밀었더니, 아주 살짝 손등을 핥고는 도망쳤다. 그런 소소한 순간들이 내게 큰 행복을 준다.",화자가 산책할 때 주로 무엇을 하며 걷는다고 했나요?,잘 모르겠음,음악을 크게 틀어놓는다,팟캐스트를 듣는다,친구와 통화한다,팟캐스트를 듣는다,3,178
취미생활,평상시 즐겨하는 취미 활동,170,"늘 퇴근하고 집에 돌아오면 책상 한쪽에 놓인 작은 퍼즐 상자를 꺼내는 게 습관처럼 되었다. 하루 동안 쌓인 피로를 잊고 싶을 때면 퍼즐 조각 하나하나를 맞추는 데 집중하다 보면 어느새 마음이 차분해진다. 얼마 전에는 친구가 선물해 준 풍경 사진 퍼즐을 완성하는 데 무려 일주일이 걸렸다. 조각이 비슷비슷해서 중간에 포기하고 싶었지만, 완성 후 뿌듯함이 정말 컸다.",발화에서 화자가 최근 완성한 퍼즐의 주제는 무엇이었나요?,잘 모르겠음,만화 캐릭터,풍경 사진,동물 그림,풍경 사진,3,150
취미생활,평상시 즐겨하는 취미 활동,170,"책상 한쪽에 작은 화분을 두고 키우는 것이 요즘 내 취미다. 처음에는 싱싱한 초록잎이 보기 좋아서 시작했지만, 시간이 지나며 식물이 조금씩 자라는 모습을 매일 관찰하는 재미에 푹 빠졌다. 물을 줄 때마다 잎에 물방울이 맺히는 모습이 신기해서 사진을 찍어 두기도 한다. 며칠 전에는 화분을 햇볕이 더 잘 드는 창가로 옮겨줬더니 잎이 더 짙은 초록으로 변하는 걸 보고 뿌듯함을 느꼈다.",화분을 어디에 옮긴 후 식물의 잎 색이 더 짙어졌는가?,잘 모르겠음,책상 한쪽,햇볕이 더 잘 드는 창가,거실 중앙,햇볕이 더 잘 드는 창가,3,157
취미생활,평상시 즐겨하는 취미 활동,170,"며칠 전, 집 근처 공원에서 새로운 러닝 코스를 발견했다. 평소와 달리 이번에는 음악 대신 오디오북을 들으며 달려봤는데, 덕분에 시간 가는 줄 모르고 금방 한 바퀴를 돌았다. 운동하면서 동시에 책도 읽는 기분이라 꽤 뿌듯했고, 달리기를 마치고 나니 머릿속이 한결 맑아진 느낌이었다. 앞으로는 러닝할 때마다 오디오북을 들어보려고 한다.",발화자가 이번에 러닝할 때 평소와 다르게 한 점은 무엇인가요?,잘 모르겠음,공원에서 달리기를 멈췄다,음악 대신 오디오북을 들었다,러닝을 하지 않았다,음악 대신 오디오북을 들었다,3,141
취미생활,국제 친구를 만든 언어 학습의 여정,170,"며칠 전 언어 교환 앱에서 우연히 만난 멕시코 친구와 첫 영상 통화를 했다. 긴장해서 준비한 스페인어 문장들을 잊어버릴까봐 메모를 옆에 두고 시작했다. 대화 중에 서로의 일상 사진을 보여주며 음식 이야기로 웃음이 터졌고, 친구가 직접 만든 타코 레시피를 알려줬다. 덕분에 새로운 언어뿐 아니라 문화도 배우는 소중한 시간이었고, 나중에 꼭 멕시코 여행을 가보고 싶어졌다.",화자는 영상 통화 도중 친구가 무엇을 알려줬다고 했나요?,잘 모르겠음,자신의 취미,타코 레시피,한국 음식 레시피,타코 레시피,3,155
취미생활,국제 친구를 만든 언어 학습의 여정,170,며칠 전 언어 교환 앱에서 만난 이탈리아 친구와 처음으로 화상 통화를 했다. 긴장했지만 서로의 취미와 가족 이야기를 나누면서 점점 자연스럽게 대화할 수 있었다. 특히 그 친구가 직접 만든 파스타 사진을 보여주며 만드는 과정을 설명해줘서 나도 언젠가 꼭 따라 해보고 싶다는 생각이 들었다. 대화가 끝난 후에는 그날 배운 새로운 단어와 표현을 작은 노트에 적으며 복습했다.,화상 통화 중 이탈리아 친구가 보여준 것은 무엇이었나요?,잘 모르겠음,자신이 여행한 도시 사진,자신이 직접 만든 파스타 사진,가족과 함께 찍은 사진,자신이 직접 만든 파스타 사진,3,153
취미생활,국제 친구를 만든 언어 학습의 여정,170,"언어 교환 앱에서 처음 만난 멕시코 친구 마리아와 매주 수요일마다 화상 통화를 하게 됐다. 처음엔 간단한 인사와 자기소개 정도만 겨우 했는데, 시간이 지나면서 서로 가족 이야기나 각자 좋아하는 음식에 대해 얘기할 수 있을 만큼 실력이 늘었다. 어느 날은 내가 김치찌개를 소개해줬더니, 마리아도 자기가 만든 타코 사진을 보여주며 조리법을 설명해줬다. 이렇게 자연스럽게 서로의 문화를 배우며 언어 실력이 조금씩 성장하는 게 뿌듯하다.",화자와 마리아가 음식 이야기를 나눌 때 마리아는 무엇을 했나요?,잘 모르겠음,김치찌개를 만들었다고 말했다,타코 사진을 보여주며 조리법을 설명했다,한국 음식을 먹어봤다고 했다,타코 사진을 보여주며 조리법을 설명했다,3,181
취미생활,국제 친구를 만든 언어 학습의 여정,170,"몇 달 전부터 언어 교환 앱에서 일본인 친구를 만나 매주 영상 통화를 하고 있다. 처음에는 서툰 일본어로 인사만 겨우 했지만, 시간이 지날수록 서로의 취미나 가족 이야기까지 자연스럽게 나누게 되었다. 최근에는 서로 좋아하는 음식 사진을 공유하면서, 상대방 나라의 명절 문화도 배웠다. 소소한 실수에 함께 웃으며 언어 실력뿐 아니라 우정도 깊어진 듯해 뿌듯하다.",언어 교환 앱을 통해 내가 일본인 친구와 함께 한 활동이 아닌 것은 무엇인가요?,잘 모르겠음,서로의 취미에 대해 이야기했다,명절 문화를 배웠다,같이 등산을 했다,같이 등산을 했다,4,151
취미생활,나의 첫 직접 키운 식물 이야기,170,"며칠 전부터 창가에 작은 화분을 두고 키우기 시작한 바질이 조금씩 자라는 모습을 보며 신기함을 느꼈다. 처음엔 잎이 너무 작아서 잘 자랄까 걱정도 했지만, 매일 아침마다 분무기로 물을 주고 잎을 살펴보는 시간이 점점 기다려졌다. 특히 지난주에는 잎에서 은은한 향기가 나기 시작해서, 그 향을 맡으며 정말 내가 직접 키운 식물이란 실감이 들었다. 오늘은 바질 잎을 한 장 따서 샐러드에 넣어 먹어봤는데, 평소보다 훨씬 상큼한 맛이 나서 뿌듯함을 느꼈다.",화자가 바질을 키우며 처음으로 직접 해본 일은 무엇인가요?,잘 모르겠음,바질 잎을 말려 차로 마셨다.,바질 잎을 샐러드에 넣어 먹었다.,바질을 친구에게 선물했다.,바질 잎을 샐러드에 넣어 먹었다.,3,187
취미생활,나의 첫 직접 키운 식물 이야기,170,"평소에는 식물에 큰 관심이 없었지만, 친구가 작은 선인장을 선물해준 후로 내 방 한켠에서 직접 물을 주며 키우기 시작했다. 처음엔 물을 너무 자주 줘서 선인장이 조금 시들었는데, 인터넷에서 물 주는 간격을 찾아본 뒤로 조금씩 회복하는 모습을 볼 수 있었다. 며칠 전에는 선인장에 작은 분홍색 꽃이 피어서 너무 신기하고 기뻤다. 그 꽃을 보며 식물을 돌보는 재미를 새삼 느꼈다.",내가 처음에 선인장을 키우면서 겪었던 문제는 무엇이었나요?,잘 모르겠음,물을 너무 적게 줌,물을 너무 자주 줌,햇빛이 너무 강했음,물을 너무 자주 줌,3,155
취미생활,나의 첫 직접 키운 식물 이야기,170,"며칠 전부터 창가에 작은 화분을 두고 직접 식물을 키우기 시작했다. 처음에는 물을 어느 정도 줘야 하는지 감이 안 잡혀 인터넷을 찾아보고 시도해봤는데, 하루는 잎이 축 처져서 너무 놀랐다. 그래서 다음 날부터는 물 주는 양을 조금씩 조절했고, 마침내 새 잎이 돋아나는 걸 봤을 때 굉장히 뿌듯했다. 매일 아침마다 화분을 살펴보는 일이 자연스럽게 습관이 되어버려서 이제는 식물이 잘 자라는 모습을 보는 게 큰 즐거움이 됐다.",식물이 축 처진 것을 본 뒤 내가 한 행동은 무엇이었나요?,잘 모르겠음,화분 위치를 바꿨다,물 주는 양을 조절했다,새 화분을 샀다,물 주는 양을 조절했다,3,174
취미생활,나의 첫 직접 키운 식물 이야기,170,"며칠 전 작은 화분을 선물 받아 처음으로 식물을 직접 키우게 되었다. 이름 모를 초록색 식물이었는데, 매일 아침 물을 주고 창가에 두면서 조금씩 달라지는 모습이 신기했다. 처음엔 잎이 축 처져 걱정했지만, 나중엔 줄기도 곧게 서고 새잎이 돋아났다. 며칠 동안 출근길마다 화분을 확인하는 것이 일상이 되었고, 퇴근 후엔 혹시 잎에 먼지가 쌓이지 않았는지 살펴보았다. 식물이 내 손길에 반응하는 것을 보며 작은 성취감과 뿌듯함을 느꼈다.",발화자가 식물에 대해 한 행동으로 알맞은 것은 무엇인가요?,잘 모르겠음,잎에 먼지가 쌓였는지 확인했다.,화분에 꽃을 심었다.,식물을 매일 저녁마다 햇볕에 뒀다.,잎에 먼지가 쌓였는지 확인했다.,2,181
취미생활,연기 공부를 시작한 이유와 그 과정,170,"며칠 전 우연히 친구가 참여하는 연극 공연을 보게 되었는데, 무대 위에서 자유롭게 감정을 표현하는 모습이 인상적이었다. 나도 저렇게 내면의 감정을 솔직하게 드러내보고 싶어서 연기 학원에 등록했다. 첫 수업에서는 어색함이 컸지만, 다양한 상황극을 통해 점차 자신감이 붙었다. 최근에는 짧은 대사를 소리 내어 읽는 연습을 반복하며 발음과 억양을 조절하는 방법도 배우고 있다.",내가 연기 학원에 등록하게 된 계기는 무엇이었나요?,잘 모르겠음,친구의 권유 때문,우연히 본 연극 공연에서 감명받아서,배우가 되고 싶어서,우연히 본 연극 공연에서 감명받아서,3,158
취미생활,연기 공부를 시작한 이유와 그 과정,170,"친구가 학교 연극 동아리에서 주연을 맡은 모습을 본 뒤로 나도 연기에 관심이 생겼다. 처음에는 단순한 호기심이었지만, 실제로 연기 학원에 등록해 다양한 감정 표현과 발성 연습을 하면서 점점 재미를 느끼게 되었다. 특히, 소극장 무대에서 짧은 대사를 소화하며 관객의 반응을 바로 느낄 수 있었던 경험이 가장 인상 깊었다. 그 덕분에 자신감도 많이 늘었고, 새로운 취미로 연기에 꾸준히 도전하고 있다.",발화자가 연기 학원에서 주로 연습한 것은 무엇이었나요?,잘 모르겠음,춤 동작과 안무,감정 표현과 발성,의상 제작과 무대 세팅,감정 표현과 발성,3,166
취미생활,연기 공부를 시작한 이유와 그 과정,170,"며칠 전 친구와 연극을 보러 갔다가 무대 위 배우들의 몰입감에 큰 감동을 받았다. 집에 돌아와 그날 본 장면들이 머릿속에서 떠나지 않아 결국 연기 학원에 등록했다. 처음에는 낯선 사람들 앞에서 감정을 표현하는 게 어색했지만, 선생님께서 작은 역할이라도 최선을 다해 몰입해보라고 조언해주셨다. 연습을 반복하면서 점점 자신감이 붙었고, 수업이 끝난 뒤엔 종종 친구들과 대본을 읽으며 배운 표현들을 연습하고 있다.",연기 학원에서 낯선 사람들 앞에서 어색함을 극복하는 데 어떤 조언을 받았는가?,잘 모르겠음,무대에서 크게 소리 지르라고 했다.,작은 역할이라도 최선을 다해 몰입해보라고 했다.,감정을 숨기라고 했다.,작은 역할이라도 최선을 다해 몰입해보라고 했다.,3,173
취미생활,연기 공부를 시작한 이유와 그 과정,170,"며칠 전 친구와 연기에 대해 얘기하다가 예전부터 무대에서 자유롭게 표현하는 것에 관심이 많았다는 사실을 다시 깨달았어요. 그래서 용기를 내어 근처 문화센터에서 진행하는 연기 입문 강좌에 등록했죠. 처음엔 대사 외우는 것도 어렵고, 낯선 사람들 앞에서 감정을 드러내는 게 많이 어색했지만, 매주 연습하면서 점점 더 자신감이 생기더라고요. 선생님께서 동작 하나하나에 신경 쓰라고 조언해주셔서 거울을 보며 연습한 것도 큰 도움이 됐어요.",연기 강좌에서 자신감을 얻는 데 도움이 된 것은 무엇이었나요?,잘 모르겠음,선생님의 조언을 무시하는 것,거울을 보며 연습한 것,대사를 외우지 않는 것,거울을 보며 연습한 것,3,184
취미생활,"우연히 시작한 요가, 이제는 일상의 일부",170,"며칠 전 친구가 갑자기 요가 수업에 같이 가보자고 해서 별 기대 없이 따라갔는데, 생각보다 몸이 개운해져서 놀랐다. 그 이후로 집 근처 문화센터에 등록해서 일주일에 세 번씩 다니고 있다. 처음엔 동작도 잘 안 되고 몸이 뻣뻣해서 민망했지만, 시간이 지나면서 조금씩 유연해지는 게 느껴진다. 요즘에는 하루를 요가로 시작하면 기분도 한결 좋아져서, 아침에 일어나면 가장 먼저 매트 위에 앉는 게 습관이 됐다.",요가를 시작하게 된 계기는 무엇이었는가?,잘 모르겠음,친구의 권유로 따라갔기 때문,건강이 나빠져서 시작했다,스스로 흥미가 생겨서 시작했다,친구의 권유로 따라갔기 때문,2,168
취미생활,"우연히 시작한 요가, 이제는 일상의 일부",170,"친구가 요가 수업 체험권이 남았다며 같이 가자고 권유했던 날이 아직도 기억난다. 처음엔 유연하지도 않고 동작도 어려워서 멋쩍게 웃기만 했지만, 점차 몸이 풀리면서 매주 요가를 기다리게 되었다. 요즘엔 하루를 마치기 전에 꼭 요가 매트 위에 앉아야 마음이 편해질 정도다. 몸이 가벼워진 건 물론, 마음까지 차분해지는 느낌이 든다.",요가를 처음 시작하게 된 계기는 무엇이었나요?,잘 모르겠음,건강을 위해 스스로 결심해서,우연히 친구의 권유로 수업을 따라가게 되어,TV 프로그램을 보고 흥미가 생겨서,우연히 친구의 권유로 수업을 따라가게 되어,3,138
취미생활,"우연히 시작한 요가, 이제는 일상의 일부",170,"친구가 갑자기 요가 수업이 무료라며 같이 가자고 해서 별 생각 없이 따라간 적이 있었어요. 처음에는 동작이 어색하고 몸이 잘 따라주지 않아서 민망했지만, 수업이 끝난 뒤 느껴지는 개운함이 신기했죠. 그날 이후로 일주일에 세 번씩 요가 매트를 펴게 됐고, 어느새 요가가 하루의 스트레스를 푸는 가장 좋은 시간이 되었어요. 이제는 요가를 하지 않으면 뭔가 허전할 정도로 제 일상의 한 부분이 되었답니다.",요가를 처음 시작하게 된 계기는 무엇이었나요?,잘 모르겠음,건강상의 이유로 직접 찾아감,친구의 권유로 무료 수업에 참여함,요가 강사의 추천을 받음,친구의 권유로 무료 수업에 참여함,3,166
취미생활,"우연히 시작한 요가, 이제는 일상의 일부",170,"친구가 요가 수업에 같이 가자고 권해서 별 생각 없이 따라갔다가 의외로 재미있어서 어느새 한 달 넘게 꾸준히 다니고 있다. 처음엔 몸이 뻣뻣해서 동작 따라하기도 힘들었지만, 점차 유연해지는 느낌이 들면서 매일 요가 매트에 앉는 시간이 기대된다. 요즘엔 아침에 일어나면 자연스럽게 스트레칭을 하게 되고, 마음이 복잡할 때도 요가 호흡을 떠올리며 차분해지는 걸 느낀다. 이렇게 내 일상에 요가가 스며들 줄은 정말 몰랐다.",내가 요가를 시작하게 된 계기는 무엇인가요?,잘 모르겠음,친구의 권유로 우연히 따라갔다.,건강 문제로 의사 추천을 받았다.,TV 프로그램을 보고 혼자 시작했다.,친구의 권유로 우연히 따라갔다.,2,175
취미생활,자전거 타기를 시작한 이유와 변화,170,"며칠 전 퇴근길에 버스를 놓쳐 집까지 걸어가던 중, 평소엔 잘 보지 못했던 자전거 도로를 발견했다. 그 길을 따라 자전거를 타는 사람들을 보니 왠지 모르게 부러움이 생겼다. 그날 이후로 중고 자전거를 구입해 주말마다 동네 공원을 돌기 시작했다. 자전거를 타면서 자연스럽게 운동도 되고, 스트레스를 푸는 데도 큰 도움이 됐다. 무엇보다 바람을 맞으며 달릴 때 느끼는 자유로움이 요즘 가장 큰 즐거움이다.",내가 자전거를 타기 시작한 계기는 무엇이었나?,잘 모르겠음,친구의 권유를 받아서,퇴근길에 자전거 타는 사람들을 보고,건강검진 결과가 좋지 않아서,퇴근길에 자전거 타는 사람들을 보고,3,167
취미생활,자전거 타기를 시작한 이유와 변화,170,"최근 들어 스트레스를 해소할 방법이 필요하다고 느꼈다. 친구가 자전거를 타고 한강을 달리는 모습을 보며 나도 한 번 시도해보기로 결심했다. 처음에는 오래 가지 못하고 금방 지쳤지만, 점차 체력이 늘고 주말마다 멀리까지 달릴 수 있게 됐다. 무엇보다 바람을 맞으며 달릴 때 기분이 상쾌해져서, 예전보다 긍정적인 마음가짐을 갖게 된 것 같다. 자연스럽게 식습관도 건강하게 바뀌어, 예전보다 군것질을 덜 하게 되었다.",자전거를 타기 시작한 후 생긴 가장 큰 변화는 무엇인가?,잘 모르겠음,자주 여행을 다니게 되었다,군것질을 더 자주 하게 되었다,긍정적인 마음가짐을 갖게 되었다,긍정적인 마음가짐을 갖게 되었다,4,174
취미생활,자전거 타기를 시작한 이유와 변화,170,"며칠 전 우연히 동네 공원에서 자전거를 타는 사람들을 보며 어릴 적 자전거를 배우던 기억이 떠올랐다. 그날 집에 돌아와 충동적으로 중고 자전거를 구입했고, 이후로 매일 저녁 근처 하천길을 달리고 있다. 처음엔 체력이 부족해 숨이 차고 다리가 아팠지만, 일주일쯤 지나자 점점 멀리까지 갈 수 있게 되었다. 혼자만의 시간을 즐기며 스트레스가 줄고, 아침에도 몸이 가벼워진 기분이 들어서 일상이 훨씬 활기차졌다.",내가 자전거를 타기 시작하게 된 계기는 무엇이었나?,잘 모르겠음,친구의 권유로 시작했다.,건강 문제로 시작했다.,공원에서 자전거 타는 사람들을 보고 충동적으로 시작했다.,공원에서 자전거 타는 사람들을 보고 충동적으로 시작했다.,4,171
취미생활,자전거 타기를 시작한 이유와 변화,170,"며칠 전, 친구가 자전거를 타고 한강을 달리는 모습을 보고 나도 자전거 타기에 도전하게 됐다. 처음에는 균형 잡는 것도 어려웠지만, 점점 속도감과 바람을 느끼는 재미에 빠졌다. 덕분에 예전보다 주말마다 집에만 있지 않고 밖에서 시간을 보내는 일이 많아졌고, 평소보다 몸이 가벼워진 느낌도 든다. 무엇보다 새로운 취미를 통해 친구와 더 자주 만나게 되어 기쁘다.",자전거 타기를 시작한 계기로 언급된 것은 무엇인가요?,잘 모르겠음,다이어트를 위해서,친구가 자전거 타는 모습을 보고,출퇴근을 위해서,친구가 자전거 타는 모습을 보고,3,151
취미생활,가장 오래하고 있는 취미,170,"내가 가장 오래 이어온 취미는 바로 그림 그리기이다. 처음에는 색연필로 친구 얼굴을 따라 그리던 게 시작이었는데, 시간이 흐르면서 수채화와 디지털 드로잉까지 다양한 방식에 도전해봤다. 최근에는 주로 저녁마다 작은 스케치북에 하루 동안 인상적이었던 장면을 그려 남기고 있다. 그림을 그릴 때면 잡생각이 사라지고 오로지 선과 색에만 집중할 수 있어서 마음이 한결 가벼워진다.",내가 그림을 그릴 때 주로 사용하는 도구로 언급된 것은 무엇인가?,잘 모르겠음,색연필,피아노,카메라,색연필,2,158
취미생활,가장 오래하고 있는 취미,170,"주말마다 작은 스케치북을 들고 근처 공원에 가서 풍경을 그리는 게 나의 오랜 취미다. 고등학생 때 친구의 권유로 처음 시작한 이후로, 지금까지 열심히 이어오고 있다. 최근에는 연필 대신 수채화 물감도 시도해보면서 다양한 색감을 표현하는 재미에 푹 빠졌다. 공원에서 바람 소리와 새소리를 들으며 그림을 그릴 때면 마음이 한결 가벼워지는 기분이다.",화자가 최근에 시도해본 새로운 그림 재료는 무엇인가요?,잘 모르겠음,파스텔,수채화 물감,유성 사인펜,수채화 물감,3,145
취미생활,가장 오래하고 있는 취미,170,"매주 목요일 저녁이면 동네 도서관에서 열리는 독서 모임에 참석한다. 처음엔 낯설고 어색했지만, 시간이 지나면서 나만의 독서 습관도 생기고 다양한 사람들과 책에 대해 이야기하는 게 점점 즐거워졌다. 바쁜 일상 속에서도 이 모임에 꾸준히 참여하는 덕분에 지금까지 가장 오래 이어온 취미가 되었다. 가끔은 내가 읽지 않을 법한 장르의 책도 접하게 되어, 취향의 폭이 넓어진 것 같아 뿌듯하다.",내가 가장 오래 이어온 취미는 무엇인가?,잘 모르겠음,요리 모임 참석,독서 모임 참여,사진 동호회 활동,독서 모임 참여,3,162
취미생활,가장 오래하고 있는 취미,170,"내가 가장 오랫동안 이어온 취미는 바로 퍼즐 맞추기다. 처음에는 조그마한 100피스짜리로 시작했는데, 점점 더 큰 퍼즐에 도전하게 되었다. 최근에는 2000피스짜리 풍경 퍼즐을 완성했는데, 그 과정에서 친구와 함께 시간을 보내기도 하고, 완성한 퍼즐을 액자에 넣어 방에 걸어두기도 했다. 퍼즐을 맞추는 동안 집중력도 좋아지고, 성취감을 느껴서 항상 새로운 도안을 찾아보고 있다.",내가 가장 최근에 완성한 퍼즐의 조각 수는 얼마였는가?,잘 모르겠음,100피스,500피스,2000피스,2000피스,4,163
취미생활,같이 취미를 공유하는 사람들,170,"어릴 때부터 그림 그리기를 좋아했지만 주변에 같이 그리는 친구가 없어 혼자만의 취미라고 생각했다. 그런데 회사에서 우연히 점심시간에 노트에 그림을 그리고 있던 동료를 발견했다. 서로의 스케치북을 보여주며 점점 대화를 나누게 되었고, 이후 매주 퇴근 후 카페에서 함께 그림을 그리기로 약속했다. 예전에는 주로 인물화를 그렸지만, 그 친구 덕분에 풍경화에도 도전하게 되었고, 그림 그리기가 더 즐거워졌다.",내가 회사 동료와 함께 하게 된 취미는 무엇인가요?,잘 모르겠음,음악 감상,그림 그리기,독서 모임,그림 그리기,3,172
취미생활,같이 취미를 공유하는 사람들,170,"지난 주말에는 취미로 하는 사진 동호회 친구들과 함께 근교 공원에서 출사를 다녀왔다. 처음 만난 사람도 있었는데, 각자 카메라 모델이 달라서 장비 이야기를 하며 금세 친해질 수 있었다. 촬영 중 갑자기 비가 내려 모두 급하게 큰 나무 아래로 모였고, 그곳에서 비를 피하며 서로 찍은 사진을 보여주기도 했다. 우산을 나눠쓰며 돌아오는 길에 다음엔 바닷가로 출사 가자는 이야기도 나왔다.",발화에서 사진 동호회 사람들이 비를 피한 장소는 어디였습니까?,잘 모르겠음,카페 안,큰 나무 아래,정류장 쉼터,큰 나무 아래,3,159
취미생활,같이 취미를 공유하는 사람들,170,"요즘에는 동호회에서 만난 친구들과 주말마다 공원에서 그림을 그리고 있어. 처음에는 낯설었지만, 점점 서로의 그림 스타일에 대해 조언도 해주고 색다른 재료를 추천해주면서 친해졌지. 지난주에는 민수가 자신의 수채화 붓을 빌려줘서, 평소와는 다른 느낌의 그림을 완성할 수 있었어. 그림을 다 그리고 난 뒤엔 근처 카페에서 각자가 그린 작품에 대해 이야기하며, 서로의 소소한 일상까지 나누는 시간이 점점 소중하게 느껴져.",민수가 동호회 모임에서 나에게 빌려준 것은 무엇이었나?,잘 모르겠음,수채화 붓,수채화 물감,스케치북,수채화 붓,2,177
취미생활,같이 취미를 공유하는 사람들,170,"최근에 회사 동료인 민수와 점심시간마다 작은 그림을 그려 서로 교환하는 취미를 시작했다. 처음엔 서로 스타일이 달라 어색했지만, 점점 서로의 그림에 영감을 받아 새로운 색을 시도하거나, 평소에 안 쓰던 재료를 써보게 되었다. 지난주에는 민수가 직접 만든 수채화 엽서를 주었는데, 나는 그 엽서를 보고 갑자기 초록색 배경에 분홍색 꽃을 그려보고 싶어졌다. 덕분에 나의 그림에도 변화가 생기고, 자연스럽게 대화도 더 많아졌다.","민수가 준 수채화 엽서를 본 후, 화자는 어떤 그림을 그리고 싶어졌나요?",잘 모르겠음,노란색 배경에 파란색 새,초록색 배경에 분홍색 꽃,파란 하늘과 흰 구름,초록색 배경에 분홍색 꽃,3,179
취미생활,다른 사람들에게 추천하고 싶은 취미,170,"최근 들어 작은 테라리움을 만드는 취미에 푹 빠졌다. 처음에는 식물을 잘 키울 자신이 없었지만, 유리병에 조약돌과 이끼, 작은 식물을 하나씩 배치하다 보니 자연스럽게 손재주도 늘고 스트레스도 풀렸다. 특히 완성한 테라리움을 창가에 두면 햇살에 비치는 초록빛이 방을 환하게 만들어줘서 뿌듯함이 크다. 주변 친구들에게도 이 취미를 권했더니, 모두 직접 만든 테라리움을 집에 두고 좋아했다.",발화자가 최근에 창가에 두고 뿌듯함을 느꼈던 것은 무엇인가요?,잘 모르겠음,직접 만든 도자기,완성한 테라리움,구입한 액자,직접 만든 도자기,2,164
취미생활,다른 사람들에게 추천하고 싶은 취미,170,"최근에 친구의 권유로 도자기 공방에 다녀온 적이 있는데, 흙을 직접 만지며 그릇을 만드는 과정이 생각보다 마음을 차분하게 해주고 스트레스도 풀려서 너무 좋았어요. 완성된 머그컵에 직접 이름을 새기니 세상에 하나뿐인 물건이 생긴 기분이 들었고, 주변 사람들에게도 이 경험을 꼭 추천하고 싶었어요.",화자는 도자기 공방에서 무엇을 만들고 어떤 특별한 경험을 했다고 했나요?,잘 모르겠음,접시를 만들고 그림을 그렸다,머그컵을 만들고 이름을 새겼다,화분을 만들고 색칠을 했다,머그컵을 만들고 이름을 새겼다,3,125
취미생활,다른 사람들에게 추천하고 싶은 취미,170,"최근에 캘리그래피를 배우기 시작했는데, 평소 글씨를 예쁘게 쓰고 싶다는 생각이 많았던 나에게 정말 잘 맞는 취미였다. 붓펜을 처음 잡았을 때는 생각보다 손에 힘을 빼는 게 어려웠지만, 글자를 하나하나 완성할 때마다 성취감이 느껴졌다. 지난주에는 친구 생일을 맞아 직접 쓴 카드도 만들어 주었는데, 친구가 감동받는 모습을 보며 나도 덩달아 기뻤다. 집중하면서 마음이 차분해지는 이 느낌을 주변 사람들에게 꼭 추천하고 싶다.",화자는 캘리그래피를 통해 어떤 상황에서 성취감을 느꼈다고 했나요?,잘 모르겠음,친구와 함께 연습할 때,글자를 하나하나 완성할 때,붓펜을 처음 샀을 때,글자를 하나하나 완성할 때,3,178
취미생활,다른 사람들에게 추천하고 싶은 취미,170,"요즘 내가 푹 빠진 취미는 도자기 공예인데, 처음엔 흙을 만지는 게 서툴러서 모양이 삐뚤빼뚤했지만 점점 손에 익으면서 내 스타일의 컵이나 접시를 만들 수 있게 되었어. 특히 지난 주에는 친구 생일 선물로 직접 만든 머그잔을 선물했는데, 친구가 정말 감동받으면서 고마워하더라고. 그때 내 손으로 무언가를 만들어 누군가에게 기쁨을 줄 수 있다는 게 얼마나 특별한 경험인지 알게 됐어. 취미로 시작했지만 이제는 일상에 활력이 되는 소중한 시간이 되었단 생각이 들어.",내가 친구에게 선물로 만든 도자기 작품은 무엇이었을까?,잘 모르겠음,화분,머그잔,접시,머그잔,3,192
취미생활,최근에 시작한 새로운 취미,170,"며칠 전부터 친구의 추천으로 작은 도자기 공방에 다니기 시작했다. 처음에는 흙을 만지는 느낌이 어색하고 손에 잘 익지 않아 컵 하나를 빚는 데에도 시간이 오래 걸렸다. 하지만 흙이 물과 만나 점점 형태를 잡아가는 과정을 직접 경험하니 무언가 내 손으로 창조하는 즐거움이 생겼다. 오늘은 직접 만든 머그잔에 색을 입혀보았는데, 나만의 무늬와 색깔을 생각하면서 집중하니 잡생각이 사라지고 마음이 한결 편안해졌다.",발화자가 오늘 도자기 공방에서 한 일은 무엇이었나요?,잘 모르겠음,새로운 흙을 사러 갔다,직접 만든 머그잔에 색을 칠했다,도자기로 접시를 만들었다,직접 만든 머그잔에 색을 칠했다,3,172
취미생활,최근에 시작한 새로운 취미,170,"며칠 전부터 수채화 그리기를 시작했다. 처음에는 색을 섞는 게 생각보다 어려워서 멋진 하늘을 표현하고 싶었지만 자꾸 색이 탁해져서 속상했다. 그래도 포기하지 않고 유튜브 영상을 참고하며 노란색과 파란색을 조심스럽게 섞었더니, 드디어 마음에 드는 밝은 초록색을 만들어낼 수 있었다. 완성된 그림을 가족에게 보여줬더니 모두 예쁘다고 칭찬해줘서 정말 기뻤다.",발화자가 수채화 그리기를 하면서 가장 먼저 성공적으로 만든 색은 무엇이었나요?,잘 모르겠음,주황색,초록색,보라색,초록색,3,152
취미생활,최근에 시작한 새로운 취미,170,"몇 주 전 친구가 갑자기 자전거를 타자고 권유해서 별생각 없이 동네 자전거 대여소에서 자전거를 빌려 타봤다. 처음에는 중심 잡는 게 어려워 조금 휘청거렸지만, 바람을 맞으며 강가를 달릴 때 기분이 정말 상쾌했다. 집에 돌아와 다리는 약간 아팠지만, 오랜만에 땀을 흘려서 그런지 기분이 개운했다. 그날 이후 주말마다 자전거를 타는 게 나만의 소소한 즐거움이 되었다.",발화자가 친구와 함께 처음 자전거를 탄 장소는 어디였나요?,잘 모르겠음,공원,동네 자전거 대여소,학교 운동장,동네 자전거 대여소,3,152
취미생활,최근에 시작한 새로운 취미,170,"며칠 전 친구의 권유로 도자기 공방에 처음 가보게 되었는데, 처음에는 흙을 만지는 게 어색하고 손에 자꾸 묻어서 불편했지만, 점점 손끝으로 형태를 만들어가는 과정이 재미있게 느껴졌어요. 완성된 컵은 조금 삐뚤었지만 직접 만든 거라 그런지 평소 쓰던 컵보다 더 애착이 가고, 조만간 그 공방에서 작은 접시도 만들어 볼까 고민 중입니다.",발화자가 도자기 공방에서 처음 만든 물건은 무엇인가요?,잘 모르겠음,접시,컵,화분,컵,3,139
취미생활,취미를 통해 얻은 것,170,"최근에 도자기 공예를 배우기 시작했는데, 처음에는 흙을 만지는 게 어색하고 생각보다 힘들어서 손에 힘이 들어가곤 했다. 하지만 시간이 지나면서 점점 흙의 질감에도 익숙해지고, 내가 만든 컵이나 그릇이 완성되는 모습을 보며 뿌듯함을 느꼈다. 특히 완성된 작품에 유약을 바르고 굽는 마지막 과정에서 작은 실수가 큰 차이를 만든다는 걸 알게 되어 더 세심하게 집중하게 되었다. 도자기 공예를 통해 인내심과 세심함을 기르게 된 것 같다.",도자기 공예를 하면서 발화자가 얻게 된 것은 무엇이었나요?,잘 모르겠음,빠른 손놀림과 체력,인내심과 세심함,요리 실력과 창의력,인내심과 세심함,3,180
취미생활,취미를 통해 얻은 것,170,"비가 많이 내리던 어느 날, 평소보다 일찍 퇴근해서 도자기 공방에 들렀다. 처음엔 손재주가 없어서 접시 하나 만드는 데에도 애를 먹었지만, 차분히 흙을 만지다 보니 복잡했던 생각들이 정리되는 느낌이 들었다. 완성된 작품을 보며 뿌듯함도 느꼈고, 무엇보다 나만의 시간을 보내며 스트레스를 해소할 수 있었다. 이 경험 덕분에 요즘엔 어려운 일이 있어도 도자기 만들기로 마음을 다스릴 수 있게 됐다.",발화자가 취미 활동을 통해 얻게 된 가장 큰 변화는 무엇이었나요?,잘 모르겠음,다양한 친구를 사귈 수 있게 됨,스트레스를 해소하고 마음을 다스릴 수 있게 됨,새로운 직업을 갖게 됨,스트레스를 해소하고 마음을 다스릴 수 있게 됨,3,165
취미생활,취미를 통해 얻은 것,170,"최근에 수채화 그리기에 푹 빠져 지내고 있다. 처음에는 붓을 잡는 것도 어색했지만, 매주 그림을 그리다 보니 점점 손에 익어가고 색을 섞는 재미도 알게 됐다. 무엇보다 완성된 그림을 벽에 걸어두면 내 방이 훨씬 밝아진 느낌이 들어 뿌듯하다. 스트레스가 쌓일 때마다 그림을 그리면 마음이 차분해지고, 덕분에 집중력도 좋아졌다는 것을 스스로 느낀다.",수채화 그리기를 통해 내가 느낀 변화로 옳은 것은 무엇인가?,잘 모르겠음,그림을 그릴 때마다 방이 어두워졌다,스트레스 해소와 집중력 향상을 경험했다,붓을 잡는 것이 점점 어려워졌다,스트레스 해소와 집중력 향상을 경험했다,3,145
취미생활,취미를 통해 얻은 것,170,"요즘 들어 퇴근 후에 집 근처 공방에서 도자기를 빚는 취미를 갖게 됐다. 처음엔 손에 진흙이 묻는 게 어색하고 모양도 원하는 대로 잘 나오지 않아 답답했지만, 점차 손끝의 감각이 익숙해지면서 나만의 그릇이 완성되는 과정을 즐기게 됐다. 무엇보다 도자기를 만드는 동안 잡생각이 사라지고, 오롯이 흙과 나만의 시간을 보낼 수 있다는 점이 큰 위안이 되었다.",도자기 공방에서 취미를 가지며 작성자가 얻은 가장 큰 위안은 무엇이었나요?,잘 모르겠음,흙의 종류를 배우는 것,친구들과 만나는 것,잡생각이 사라지고 자신만의 시간을 갖는 것,잡생각이 사라지고 자신만의 시간을 갖는 것,4,146
취미생활,요가로 인해 바뀐 일상 루틴,170,"며칠 전부터 평소보다 30분 일찍 일어나 집에서 요가를 시작했다. 처음엔 몸이 뻣뻣해 힘들었지만, 요가 매트를 깔고 조용히 스트레칭을 하다 보니 점점 아침에 개운함을 느끼게 되었다. 특히 해가 창문으로 스며들 때 깊게 호흡하며 자세를 잡으면 마음이 한결 차분해진다. 덕분에 예전엔 급하게 준비하던 아침 시간이 훨씬 여유로워졌고, 하루 종일 집중력도 높아진 것 같아 기분이 좋았다.",요가를 하면서 화자가 느낀 긍정적인 변화로 적절한 것은 무엇인가요?,잘 모르겠음,아침 준비 시간이 더 바빠졌다,집중력이 떨어졌다,아침 시간이 여유로워지고 집중력이 높아졌다,아침 시간이 여유로워지고 집중력이 높아졌다,4,160
취미생활,요가로 인해 바뀐 일상 루틴,170,"몇 달 전부터 퇴근 후 요가 수업에 다니기 시작했다. 처음에는 동작이 어려워서 근육통도 심했지만, 점차 익숙해지면서 하루를 정리하는 시간이 되어버렸다. 예전에는 집에 오면 바로 소파에 누워 TV를 보곤 했는데, 지금은 요가 매트를 펼치고 스트레칭을 하며 하루를 되돌아보는 습관이 생겼다. 이 변화 덕분에 잠도 더 잘 오고, 다음 날 아침에도 몸이 한결 가벼워진 느낌이 들어서 만족스럽다.",요가를 시작한 후 발화자가 집에 오면 주로 하는 행동은 무엇인가요?,잘 모르겠음,바로 소파에 누워 TV를 본다,요가 매트를 펼치고 스트레칭을 한다,간식을 먹으며 휴대폰을 본다,요가 매트를 펼치고 스트레칭을 한다,3,162
취미생활,요가로 인해 바뀐 일상 루틴,170,"며칠 전부터 평소보다 일찍 일어나 요가를 시작했다. 처음에는 스트레칭 동작이 어색했지만, 시간이 지나면서 몸이 점점 유연해지는 느낌이 들었다. 요가를 하고 난 뒤엔 마음까지 차분해져 하루를 더 여유롭게 시작할 수 있었다. 예전엔 아침마다 급하게 준비하느라 정신없었는데, 요가 덕분에 아침시간이 한결 평온해졌고, 아침식사도 거르지 않게 되었다.",요가를 시작한 후 어떤 변화가 생겼는지 올바르게 고른 것은?,잘 모르겠음,아침식사를 거르게 되었다.,아침이 더 분주해졌다.,아침시간이 평온해지고 식사도 챙기게 되었다.,아침시간이 평온해지고 식사도 챙기게 되었다.,4,148
취미생활,요가로 인해 바뀐 일상 루틴,170,"며칠 전부터 저녁 식사 후에 요가 매트를 펼치고 30분 정도 요가를 하기로 마음먹었다. 예전에는 저녁을 먹고 바로 TV만 봤는데, 요가를 하니 몸도 가볍고 마음도 한결 편안해졌다. 특히 호흡에 집중하며 스트레칭을 하다 보니 하루 동안 쌓였던 긴장도 조금씩 풀리는 느낌이었다. 덕분에 요즘은 잠도 더 잘 오고, 아침에 일어났을 때 몸이 덜 무거운 것 같아 기분이 좋다.",요가를 시작한 후 작성자는 저녁 식사 후에 무엇을 하게 되었나요?,잘 모르겠음,TV 시청,요가,산책,요가,3,151
취미생활,요가를 시작하게 된 계기,170,"최근 직장에서 오랜 시간 앉아 있다 보니 허리와 어깨가 자주 뻐근해져서 고민이 많았다. 친구가 요가 수업에 다니기 시작했다며 한 번 같이 가보자고 권유했다. 처음엔 망설였지만, 친구의 추천에 따라 주말 오전에 근처 문화센터에서 열리는 요가 체험 강좌에 참석했다. 예상보다 몸이 훨씬 부드러워지는 느낌을 받아서, 이후로 매주 꾸준히 참여하게 되었다.",내가 요가를 시작하게 된 계기는 무엇이었나요?,잘 모르겠음,직장 동료의 권유로 시작했다.,친구의 추천으로 체험 강좌에 갔다.,우연히 인터넷 광고를 보고 시작했다.,친구의 추천으로 체험 강좌에 갔다.,3,147
취미생활,요가를 시작하게 된 계기,170,"비 오는 날 퇴근길에 우연히 오래된 친구를 만났다. 그녀가 최근 요가를 시작했다며 한결 밝아진 모습을 보여줘서 인상적이었다. 스트레칭으로 몸이 가벼워지고, 집중력이 높아졌다는 말을 듣고 나도 흥미가 생겼다. 그래서 다음 주말, 그녀가 다니는 요가 스튜디오에 함께 가보기로 약속했다. 혼자서는 용기가 부족했지만, 친구 덕분에 한 번 도전해보고 싶다는 생각이 들었다.",발화자가 요가를 시작해보고 싶다고 느낀 주된 이유는 무엇인가요?,잘 모르겠음,TV 프로그램을 보고 영감을 받아서,친구의 변화된 모습을 보고 자극을 받아서,건강이 갑자기 나빠져서,친구의 변화된 모습을 보고 자극을 받아서,3,156
취미생활,요가를 시작하게 된 계기,170,"며칠 전 친구가 갑작스럽게 허리 통증으로 고생하는 모습을 보고 건강에 대한 걱정이 커졌다. 예전부터 자세가 좋지 않다는 이야기를 자주 들었지만 대수롭지 않게 넘겼었는데, 이번엔 왠지 내 이야기도 같다는 생각이 들었다. 그래서 인터넷을 뒤지다가 요가가 자세 교정과 스트레스 해소에 좋다는 후기를 많이 보게 되었고, 결국 집 근처 요가원을 찾아 등록했다. 첫 수업에서 땀을 꽤 흘렸지만, 오히려 몸이 가벼워지는 느낌이 들어 앞으로 꾸준히 다녀볼 생각이다.",내가 요가를 시작하게 된 직접적인 계기는 무엇이었나요?,잘 모르겠음,친구의 권유,자세 교정에 관심이 많아서,친구가 허리 통증을 겪는 것을 보고 건강에 대해 걱정이 들어서,친구가 허리 통증을 겪는 것을 보고 건강에 대해 걱정이 들어서,4,190
취미생활,요가를 시작하게 된 계기,170,"며칠 전 회사에서 계속 앉아만 있다 보니 허리도 아프고 몸이 뻐근해서 뭔가 운동을 시작해야겠다고 생각했다. 친구가 요가를 배우고 있는데, 자세가 많이 좋아졌다고 하길래 호기심이 생겼다. 처음에는 별 기대 없이 친구가 추천해준 요가원을 찾아가서 체험 수업을 들었는데, 예상외로 몸이 시원해지고 마음도 차분해지는 느낌이 들어서 바로 등록했다. 요가 매트에 앉아 숨을 깊게 쉬는 것만으로도 몸과 마음이 달라지는 걸 느꼈다.",내가 요가를 시작하게 된 가장 큰 계기는 무엇이었나요?,잘 모르겠음,친구와 함께 운동하려고,허리 통증과 몸의 뻐근함을 해소하고 싶어서,요가 선생님의 추천을 받아서,허리 통증과 몸의 뻐근함을 해소하고 싶어서,3,177
취미생활,요가를 통해 알게 된 나의 새로운 모습,170,"며칠 전부터 집 근처 문화센터에서 요가 수업을 듣기 시작했다. 처음에는 동작이 어색하고 몸이 잘 따라주지 않아 당황스러웠지만, 수업이 끝날 때마다 마음이 한결 차분해지는 것을 느꼈다. 특히 내 호흡에 집중하는 시간이 점점 길어지면서 평소에는 인지하지 못했던 내 불안감이나 긴장도 조금씩 줄어드는 것 같았다. 수업이 끝난 뒤 거울을 보니 얼굴이 전보다 훨씬 편안해 보여서 나도 모르게 미소가 지어졌다.",요가 수업을 들으며 내가 새롭게 발견한 변화로 언급된 것은 무엇인가요?,잘 모르겠음,요가 동작이 쉬워진 것,불안감이 줄어든 것,음식 취향이 바뀐 것,불안감이 줄어든 것,3,168
취미생활,요가를 통해 알게 된 나의 새로운 모습,170,"며칠 전부터 집 근처 요가 스튜디오에 다니기 시작했다. 처음엔 몸이 뻣뻣해서 동작을 따라하기도 힘들었는데, 세 번째 수업쯤 되니 오히려 집중이 잘 되고 마음이 차분해지는 걸 느꼈다. 특히 마지막에 매트에 누워 눈을 감는 시간이 마음에 들었다. 평소엔 조용히 있으면 오히려 잡생각이 많았는데, 요가할 때는 오히려 생각이 줄고 내 호흡에만 집중하게 되었다. 이런 나의 집중력을 처음 알게 되어 신기했다.",내가 요가 수업에서 가장 마음에 들었던 시간은 언제였나요?,잘 모르겠음,처음 인사하는 시간,동작을 따라하는 시간,매트에 누워 눈을 감는 시간,매트에 누워 눈을 감는 시간,4,167
취미생활,요가를 통해 알게 된 나의 새로운 모습,170,"며칠 전, 평소와는 달리 요가 수업에서 새로운 동작에 도전해보았다. 처음에는 몸이 굳어서 잘 안 될 줄 알았는데, 예상과 달리 집중하니 어느새 균형을 잡고 있었다. 선생님이 칭찬해주시자 부끄러우면서도 자신감이 생겼다. 요가를 하면서 내 몸과 마음에 대해 더 잘 알게 되었고, 평소에는 몰랐던 인내심도 있다는 걸 발견했다. 수업이 끝나고 집에 돌아와 내 일상 속 작은 변화들을 떠올리며 스스로에게 놀랐다.",요가 수업에서 내가 느낀 감정은 무엇이었는가?,잘 모르겠음,실망감과 좌절,부끄러움과 자신감,화남과 불안,부끄러움과 자신감,3,169
취미생활,요가를 통해 알게 된 나의 새로운 모습,170,"며칠 전 요가 수업에서 처음으로 거울 앞에서 자세를 따라 해봤다. 평소에는 내 몸의 움직임을 잘 의식하지 못했는데, 거울 속에 비친 내 모습이 생각보다 유연해 보여서 놀랐다. 특히 한쪽 다리로 서서 균형을 잡는 동작에서는 예전 같으면 금방 흔들렸을 텐데, 이번엔 끝까지 버틸 수 있었다. 수업이 끝나고 나니 몸뿐만 아니라 마음도 차분해진 느낌이었다. 요가를 시작한 이후로 내 안에 숨겨진 집중력과 인내심을 새롭게 발견하게 되어 기뻤다.",요가 수업 중 거울 앞에서 자신을 본 후 화자는 무엇에 가장 놀랐는가?,잘 모르겠음,자신의 유연함,다른 사람의 실력,요가 강사의 지도,자신의 유연함,2,181
취미생활,요가와 함께한 힐링 여행,170,"지난달에 친구와 둘이 강릉 근교에 있는 작은 요가 리트릿에 다녀왔다. 숙소에 도착하자마자 바로 숲속 데크에서 요가 매트를 펼쳤고, 평소와 다르게 바람 소리와 나뭇잎 흔들리는 소리까지 들리니 자세를 더 오래 유지할 수 있었다. 저녁에는 명상 시간도 있었는데, 친구가 잠들 뻔해서 서로 웃음이 터졌다. 도시에서 벗어나 자연에서 온전히 몸과 마음을 쉬게 된 뜻깊은 경험이었다.",요가 리트릿에서 친구와 함께 웃음을 터뜨린 이유는 무엇이었나요?,잘 모르겠음,명상 시간에 친구가 균형을 잃었기 때문,친구가 요가 강사에게 질문을 많이 해서,명상 시간에 친구가 잠들 뻔했기 때문,명상 시간에 친구가 잠들 뻔했기 때문,4,156
취미생활,요가와 함께한 힐링 여행,170,"몇 달 전, 친구와 함께 조용한 산속 리트릿 센터에서 요가와 명상을 즐기는 여행을 다녀왔다. 아침마다 새소리를 들으며 요가 매트를 펴고, 바람에 나뭇잎이 흔들리는 소리에 맞춰 호흡을 고르게 하니 몸과 마음이 한결 편안해졌다. 요가가 끝난 뒤엔 직접 만든 허브티를 마시며 서로의 일상을 나누는 시간도 가졌다. 평소와는 달리 휴대폰을 꺼두고 자연에만 집중하니 잡생각이 사라지고 머리가 맑아지는 기분이었다.",요가 여행 중 발화자가 요가가 끝난 후에 했던 활동은 무엇이었나요?,잘 모르겠음,산책을 했다.,허브티를 마시며 이야기를 나눴다.,사진 촬영을 했다.,허브티를 마시며 이야기를 나눴다.,3,170
취미생활,요가와 함께한 힐링 여행,170,"며칠 전, 친구들과 바닷가 근처 작은 펜션에 모여 요가 여행을 다녀왔다. 새벽에 파도 소리를 들으며 해변에서 선생님과 함께 요가를 하니 평소보다 훨씬 집중이 잘 됐다. 동작을 따라 하다 보니 몸이 점점 풀리고, 바람에 실린 짠내와 서늘한 공기가 어우러져 마음까지 가벼워지는 느낌이었다. 요가를 마친 뒤엔 준비해 간 따뜻한 허브차를 마시며 서로의 이야기를 나누었는데, 그 순간이 가장 기억에 남는다.",해변에서 요가를 마친 뒤에 나와 친구들은 무엇을 하며 대화를 나누었는가?,잘 모르겠음,바닷물에 발을 담갔다,따뜻한 허브차를 마셨다,모래사장 산책을 했다,따뜻한 허브차를 마셨다,3,166
취미생활,요가와 함께한 힐링 여행,170,요가를 좋아하는 친구와 함께 제주도 한적한 마을에서 열린 요가 리트릿에 참가했다. 이른 아침마다 새소리를 들으며 해변에서 선생님의 안내에 따라 천천히 호흡하고 몸을 풀었다. 요가가 끝난 후엔 준비된 건강식 도시락을 먹으며 참가자들과 서로의 경험을 나눴다. 평소엔 느끼지 못했던 몸의 유연함과 마음의 평온함을 동시에 느껴볼 수 있는 소중한 시간이었다.,요가 리트릿에서 아침에 참가자들은 무엇을 하며 하루를 시작했나요?,잘 모르겠음,마을 산책을 했다,해변에서 요가를 했다,수영장에서 수영을 했다,해변에서 요가를 했다,3,149
취미생활,처음 요가 수업을 받고 느낀 감정,170,"며칠 전 친구의 권유로 요가 수업에 처음 참여하게 되었는데, 처음엔 몸이 굳어서 동작을 따라하기가 쉽지 않았다. 선생님이 천천히 호흡을 알려주시고 자세를 잡아주셔서 조금씩 긴장이 풀렸다. 수업이 끝나고 나니 온몸이 가볍고 머릿속이 맑아진 느낌이 들었다. 나와 비슷하게 처음 온 사람들이 수업 후에 웃으며 서로 경험을 이야기하는 모습도 인상적이었다.",요가 수업에서 긴장이 풀리게 된 계기는 무엇이었나요?,잘 모르겠음,처음부터 동작을 잘 따라해서,선생님이 호흡과 자세를 차근차근 알려줘서,다른 사람들과 경쟁해서,선생님이 호흡과 자세를 차근차근 알려줘서,3,148
취미생활,처음 요가 수업을 받고 느낀 감정,170,"며칠 전 친구가 요가 수업에 함께 가자고 권해서 처음으로 요가를 해보았다. 처음에는 동작이 익숙하지 않아 몸이 잘 따라주지 않았고, 중간중간 중심을 잃어 약간 민망하기도 했다. 하지만 숨을 깊게 들이마시고 내쉬면서 마음이 차분해지는 느낌이 들었고, 수업이 끝날 때쯤엔 온몸이 개운하고 생각보다 뿌듯했다. 다음에도 한 번 더 도전해보고 싶다는 생각이 들었다.",요가 수업을 처음 받았을 때 내가 느꼈던 감정으로 가장 알맞은 것은 무엇인가요?,잘 모르겠음,계속해서 불편함만 느꼈다,처음엔 어색했지만 점점 뿌듯함을 느꼈다,처음부터 너무 쉬워서 지루했다,처음엔 어색했지만 점점 뿌듯함을 느꼈다,3,151
취미생활,처음 요가 수업을 받고 느낀 감정,170,"친구의 권유로 요가 수업에 처음 참여했는데, 시작 전에 매트를 펼치고 앉아 있을 때부터 조금 긴장된 마음이 들었어요. 동작을 따라 하면서 몸이 뻣뻣해지는 걸 뚜렷하게 느꼈고, 강사님의 부드러운 목소리와 천천히 흐르는 음악이 마음을 편안하게 해줬어요. 마지막 명상 시간에는 예상치 못하게 감정이 차분해지면서 조용한 기쁨이 밀려왔고, 몸의 작은 움직임에도 집중할 수 있다는 것이 신기했어요.",요가 수업에서 강사님의 어떤 점이 화자의 마음을 편안하게 해주었나요?,잘 모르겠음,엄격한 지시,부드러운 목소리,빠른 동작 설명,부드러운 목소리,3,165
취미생활,처음 요가 수업을 받고 느낀 감정,170,"며칠 전, 친구의 권유로 요가 수업에 처음 참여했다. 처음엔 스트레칭조차 어색하고 동작을 따라가기 버거웠지만, 수업이 끝날 무렵 몸이 가벼워진 느낌이 들었다. 강사님이 자세를 하나하나 교정해주셔서 민망함보단 감사함이 더 컸고, 특히 마무리 명상 시간에는 생각보다 마음이 평온해지는 걸 느껴 신기했다. 수업 후 몸의 긴장이 풀려 기분 좋은 피로감이 남았고, 앞으로 꾸준히 다녀보고 싶다는 생각이 들었다.",요가 수업에서 강사님이 해준 행동으로 인해 화자가 느낀 감정은 무엇이었나요?,잘 모르겠음,부끄러움이 커졌다,감사함이 더 컸다,화가 났다,부끄러움이 커졌다,2,171
취미생활,다양한 사람들과의 취미 모임 이야기,170,"최근에 온라인에서 알게 된 사람들과 독서 모임에 참여하게 됐다. 처음 만나는 자리라 긴장했지만, 모두 각자의 직업과 취미 이야기를 나누면서 금세 분위기가 편해졌다. 한 친구는 직접 그린 그림을 보여주기도 했고, 또 다른 사람은 자기가 쓴 시를 낭독해서 모두가 감탄했다. 책 이야기를 넘어 각자 일상에서 느끼는 고민과 기쁨도 공유하며, 서로 다른 생각과 취향을 존중하는 시간이 정말 소중하게 느껴졌다.","독서 모임에서 어떤 사람이 자기가 쓴 시를 낭독했을 때, 모임의 분위기는 어땠나요?",잘 모르겠음,조용하고 어색했다,모두가 감탄했다,사람들이 대화를 멈췄다,모두가 감탄했다,3,168
취미생활,다양한 사람들과의 취미 모임 이야기,170,"최근에 수채화 그리기 모임에 처음 참석했던 날이 기억에 남는다. 평소에 혼자 그림을 그렸지만, 다양한 연령대의 사람들이 모여 각자 좋아하는 색이나 풍경에 대해 이야기하는 분위기가 신선하게 느껴졌다. 특히, 한 참가자가 도시의 야경을 표현한 그림을 보여주며 영감을 얻은 계기를 설명해주어서 내 그림에도 새로운 시도를 해볼 용기가 생겼다.",발화자가 수채화 모임에서 영감을 얻은 계기는 무엇이었나요?,잘 모르겠음,모임에서 간식을 먹으면서 대화한 것,한 참가자가 도시의 야경 그림과 영감 이야기를 들려준 것,어린 참가자가 동물을 그리는 모습을 본 것,한 참가자가 도시의 야경 그림과 영감 이야기를 들려준 것,3,143
취미생활,다양한 사람들과의 취미 모임 이야기,170,"최근에 도자기 공방에서 열리는 취미 모임에 처음으로 참석했다. 다들 각자 만든 컵과 그릇을 가져와 서로의 작품을 감상하고 제작 과정에 대한 이야기를 나누었다. 나는 유약을 고르는 데 어려움을 겪었다고 털어놓았더니, 어떤 분이 본인의 실수담을 이야기하며 공감해주었다. 덕분에 어색함도 금방 사라졌고, 다음 번에는 같이 접시 만들기에 도전하자는 약속도 하게 되었다.",도자기 모임에서 내가 겪은 어려움은 무엇이었나?,잘 모르겠음,도자기를 굽는 순서 기억하기,유약을 고르는 것,참가자 이름 외우기,유약을 고르는 것,3,155
취미생활,다양한 사람들과의 취미 모임 이야기,170,"처음으로 참여한 사진 동호회에서는 모두가 각자 좋아하는 피사체를 이야기하며 서로의 사진을 감상하는 시간을 가졌어요. 저는 산책길에서 찍은 고양이 사진을 보여줬고, 어떤 분은 오래된 기차역을 배경으로 한 풍경 사진을 자랑하셨죠. 모임이 끝나고 나서는 다 함께 근처 카페에 들러서 촬영 팁도 공유하며 친목을 쌓았답니다.",발화에서 어떤 사진을 자랑한 사람에 대한 내용이 언급되었나요?,잘 모르겠음,고양이 사진을 자랑한 사람,기차역 풍경 사진을 자랑한 사람,산과 호수 사진을 자랑한 사람,기차역 풍경 사진을 자랑한 사람,3,135
취미생활,독특한 취미를 가진 사람을 만나게 된 이야기,170,"며칠 전 친구 소개로 새로운 사람을 만났는데, 그 사람이 소금으로 미니어처 정원을 만드는 취미가 있다고 해서 정말 신기했다. 집에 초대받아 직접 그 과정을 구경했는데, 작은 통에 여러 색깔의 소금을 층층이 쌓고, 작은 나무와 벤치 모형을 얹으니 미니 정원이 완성됐다. 나는 평소에 소금이 요리에만 쓰인다고 생각했는데, 이렇게 예술적으로도 활용될 수 있다는 걸 처음 알았다. 그 사람이 소금의 종류와 색을 고르는 데 굉장히 신경을 쓴다는 점도 인상적이었다.",내가 방문한 집에서 본 미니어처 정원은 어떤 재료로 만들어졌는가?,잘 모르겠음,모래,소금,종이,소금,3,190
취미생활,독특한 취미를 가진 사람을 만나게 된 이야기,170,"며칠 전 도서관에서 우연히 옆자리에 앉은 분과 대화를 나눴는데, 그분의 취미가 좀 독특해서 인상적이었다. 직접 작은 손톱만 한 미니어처 음식을 만드는 걸 좋아한다고 하셨다. 진짜 식재료를 아주 작게 다듬어 미니 오븐에 굽기도 한다는데, 사진을 보여주셨는데 정말 실제 음식과 똑같이 생겨서 깜짝 놀랐다. 그분은 이렇게 만든 미니어처 음식들을 모아 작은 전시회를 열기도 했다고 했다. 나도 새로운 취미를 찾아보고 싶다는 생각이 들었다.",도서관에서 만난 분의 취미에 대해 맞게 설명된 것을 고르세요.,잘 모르겠음,진짜 음식을 대형으로 만드는 취미였다.,작은 미니어처 음식을 실제 재료로 만들어 전시회를 열기도 했다.,종이로 만든 음식 모형을 모으는 취미였다.,작은 미니어처 음식을 실제 재료로 만들어 전시회를 열기도 했다.,3,182
취미생활,독특한 취미를 가진 사람을 만나게 된 이야기,170,"며칠 전 카페에서 책을 읽고 있는데 옆자리에 앉은 분과 자연스럽게 대화를 나누게 되었어. 그분은 오래된 엽서와 우표를 수집하는 게 취미라고 했지. 직접 여행을 다니면서 각 나라의 우체국에서 엽서를 보내는 것을 좋아한다고 하더라. 덕분에 그분의 앨범에는 세계 곳곳의 풍경과 우표가 가득하다고 했어. 나도 우표에 그런 매력이 있을지 몰랐는데, 그분의 이야기를 듣고 나니 나만의 특별한 취미를 찾아보고 싶다는 생각이 들었어.",카페에서 만난 사람의 취미에 대해 알 수 있는 것은 무엇인가요?,잘 모르겠음,다양한 나라의 요리를 만드는 것,오래된 엽서와 우표를 수집하는 것,세계 각국의 동전을 모으는 것,오래된 엽서와 우표를 수집하는 것,3,177
취미생활,독특한 취미를 가진 사람을 만나게 된 이야기,170,"친구의 소개로 만난 지연 씨는 직접 작은 유리병 안에 미니어처 정원을 만드는 취미를 갖고 있었다. 처음엔 그저 예쁘게 꾸미는 것이라고 생각했는데, 그녀는 병마다 특별한 테마를 정해 이야기를 담는다고 했다. 최근엔 고양이가 산책하는 정원을 표현했다고 자랑하며 작은 병 안에 들어간 나무, 벤치, 그리고 고양이 피규어를 보여줬다. 나도 흥미가 생겨서 그 자리에서 작은 병 하나를 부탁했고, 며칠 뒤 내 이름이 새겨진 미니어처 정원을 선물받았다.",지연 씨가 최근에 만든 미니어처 정원의 테마는 무엇이었나요?,잘 모르겠음,고양이가 산책하는 정원,도서관이 있는 마을,해변의 일몰 풍경,고양이가 산책하는 정원,2,185
취미생활,동네 볼링장에서의 우정 이야기,170,"며칠 전, 퇴근 후에 동네 볼링장에 들렀다. 오랜만에 만난 친구들과 볼링을 치며 자연스럽게 웃음이 터졌다. 볼링 실력이 제일 부족한 나는 첫 게임에서 연속으로 핀을 거의 못 쓰러뜨렸지만, 친구들은 오히려 장난스럽게 응원해줬다. 세 번째 게임쯤 되자 긴장이 풀려 스트라이크를 한 번 성공했고, 모두가 하이파이브를 해줬다. 볼링 점수보다 친구들과 함께한 시간이 더 소중하게 느껴졌다.",발화에서 화자가 스트라이크를 성공한 시점은 몇 번째 게임쯤인가요?,잘 모르겠음,첫 번째 게임,두 번째 게임,세 번째 게임,세 번째 게임,4,161
취미생활,동네 볼링장에서의 우정 이야기,170,"며칠 전 퇴근 후에 예전부터 친하게 지내던 동네 친구들과 볼링장에 갔다. 각자 힘든 일상을 잠시 내려놓고 서로의 투구 실력을 응원하며 웃음이 끊이지 않았다. 특히, 볼링 초보였던 민재가 스트라이크를 쳤을 때 모두가 일어나서 하이파이브를 해줬다. 그 순간만큼은 어릴 적 놀이터에서 뛰놀던 시절로 돌아간 것 같아서 마음이 따뜻해졌다. 이런 소소한 시간이 쌓여서 우리 우정이 더 깊어지는 것 같다.",볼링장에서 민재가 스트라이크를 쳤을 때 친구들이 보인 반응은 무엇이었나요?,잘 모르겠음,조용히 박수를 쳤다,함께 일어나서 하이파이브를 해줬다,그냥 넘어갔다,함께 일어나서 하이파이브를 해줬다,3,164
취미생활,동네 볼링장에서의 우정 이야기,170,"며칠 전 비가 부슬부슬 내리던 저녁, 친구 민지와 동네 볼링장에 다녀왔다. 예전부터 서로 실력을 겨루곤 했는데, 이번에는 민지가 새로 산 볼링화를 자랑하더니 연달아 스트라이크를 쳐서 깜짝 놀랐다. 나는 초반에 계속 핀을 하나씩 남기다가 마지막 게임에서 드디어 스페어 처리를 성공했다. 민지가 박수를 쳐 주고, 우리는 오랜만에 함께 피자를 시켜 먹으면서 볼링장 한쪽에 앉아 이런저런 이야기를 나눴다. 집에 돌아가는 길에 민지가 오늘은 정말 기분이 좋다고 말해줘서 나도 덩달아 흐뭇했다.",발화에서 친구 민지가 볼링장에서 자랑한 것은 무엇이었나요?,잘 모르겠음,새로 산 볼링화,볼링 점수표,빨간색 볼링공,새로 산 볼링화,2,204
취미생활,동네 볼링장에서의 우정 이야기,170,"지난주 금요일 저녁, 볼링을 좋아하는 친구들과 동네 볼링장에 모였다. 평소엔 나보다 성적이 좋았던 지훈이가 이날은 컨디션이 안 좋아 계속 실투를 하더니, 중반쯤엔 오히려 나에게 점수를 역전당했다. 그 순간 우리 모두가 깔깔 웃으며 지훈이를 응원했고, 결국 마지막 프레임에서 지훈이가 스트라이크를 치며 기분이 한껏 풀렸다. 볼링 실력도 중요하지만, 이렇게 서로 격려하며 즐거운 추억을 쌓는 시간이 더 소중하다는 걸 새삼 느꼈다.",볼링장에서 있었던 일 중에서 지훈이가 마지막 프레임에 무엇을 했나요?,잘 모르겠음,마지막 프레임에서 실투를 했다.,마지막 프레임에서 스트라이크를 쳤다.,마지막 프레임에서 점수를 역전당했다.,마지막 프레임에서 스트라이크를 쳤다.,3,181
취미생활,"등산으로 필요한 체력, 정신건강 챙기기",170,"며칠 전 친구와 함께 근처 산에 올랐는데, 오랜만이라 그런지 초반부터 숨이 차기 시작했다. 그래도 중간중간 쉬면서 천천히 올라가니 정상에 도착했을 땐 성취감이 정말 컸다. 산 위에서 바람을 맞으며 도시를 내려다보니 마음이 한결 가벼워졌고, 쌓였던 스트레스도 사라지는 것 같았다. 다음엔 준비운동도 더 열심히 하고 간식을 챙겨가야겠다고 다짐했다.",화자는 산에 오르면서 무엇을 느꼈는가?,잘 모르겠음,오르는 내내 지루함만 느꼈다,정상에서 성취감과 마음의 가벼움을 느꼈다,도시가 산보다 더 좋다고 느꼈다,정상에서 성취감과 마음의 가벼움을 느꼈다,3,147
취미생활,"등산으로 필요한 체력, 정신건강 챙기기",170,"지난 주말에는 친구와 함께 근처에 있는 작은 산을 다녀왔다. 오랜만에 오르는 산길은 생각보다 가파르고 숨이 차서 중간중간 쉬어야 했다. 하지만 정상에 도착해서 시원한 바람을 맞으니 온몸에 쌓였던 스트레스가 조금씩 풀리는 느낌이었다. 평소 집에만 있다가 오랜만에 땀을 흘리니 몸도 개운해지고, 친구와 이런저런 이야기를 하며 올라가니 마음도 한결 가벼워졌다. 다음에는 더 긴 코스를 도전해보고 싶다는 생각이 들었다.",필자가 산에 오르며 느낀 점으로 알맞은 것은 무엇인가요?,잘 모르겠음,힘들어서 등산을 포기했다.,등산하며 친구와 이야기를 나눴다.,정상에 도착했지만 스트레스가 더 쌓였다.,등산하며 친구와 이야기를 나눴다.,3,176
취미생활,"등산으로 필요한 체력, 정신건강 챙기기",170,"주말마다 근처 산을 오르기로 결심한 이후로 체력에 큰 변화가 생겼다. 예전에는 계단 몇 층만 올라가도 숨이 찼는데, 이제는 산 정상까지 오르는 것도 덜 힘들게 느껴진다. 특히 스트레스를 받을 때 산길을 걷다 보면 잡생각이 줄고, 정상에서 바라보는 풍경 덕분에 마음도 한결 가벼워지는 것 같다. 이번에는 친구와 함께 새로운 등산로에 도전해봤는데, 힘들었지만 함께 격려하면서 웃으며 올라간 게 기억에 남는다.",발화자의 등산 경험에 대해 알 수 있는 내용은 무엇인가요?,잘 모르겠음,혼자 산에 오르는 것을 즐긴다,등산을 시작한 이후 체력과 기분 모두 긍정적인 변화를 느꼈다,계단 오르기가 여전히 힘들다,등산을 시작한 이후 체력과 기분 모두 긍정적인 변화를 느꼈다,3,170
취미생활,"등산으로 필요한 체력, 정신건강 챙기기",170,"최근에 오랜만에 친구와 함께 근처 산을 올랐다. 처음에는 경사가 꽤 가팔라서 숨이 차오르고 다리가 무거웠지만, 중간쯤 올라가니 숲에서 나는 향기와 바람이 기분을 상쾌하게 해줬다. 꼭대기에 도착했을 때의 성취감과 탁 트인 풍경을 보며 평소 쌓인 스트레스가 조금은 풀리는 것 같았다. 내려올 때는 근육이 떨렸지만, 오랜만에 몸도 마음도 개운해져서 앞으로 자주 등산을 다녀야겠다고 다짐했다.",발화에서 화자가 등산을 하며 특히 기분이 상쾌해졌다고 느낀 계기는 무엇이었나요?,잘 모르겠음,꼭대기에서 음식을 먹어서,중간쯤 올라가 숲의 향기와 바람을 느껴서,내려올 때 친구와 이야기해서,중간쯤 올라가 숲의 향기와 바람을 느껴서,3,164
취미생활,어릴 적 동네 친구들과 했던 축구 이야기,170,"주말 오후마다 동네 작은 공터에 모여 축구를 했던 기억이 아직도 생생하다. 그때는 신발도 제대로 갖추지 못해서 운동화가 아닌 슬리퍼를 신고 뛴 적도 많았다. 골대 대신 벽돌 두 개를 세워두고, 축구공이 없을 땐 낡은 농구공을 대신 사용했다. 내가 골키퍼를 맡았던 날, 친구 민수가 강하게 찬 공이 내 손을 맞고 튕겨 나갔는데, 그 덕분에 모두가 내 선방을 칭찬해줬다. 경기가 끝나면 땀에 젖은 옷차림으로 바로 옆 분식집에서 떡볶이를 나눠 먹으며 다시 웃고 떠들곤 했다.",발화에서 골키퍼를 맡은 사람이 직접 경험한 일은 무엇인가요?,잘 모르겠음,친구가 골을 넣는 것을 봄,강하게 찬 공을 손으로 막아냄,슬리퍼를 잃어버림,강하게 찬 공을 손으로 막아냄,3,192
취미생활,어릴 적 동네 친구들과 했던 축구 이야기,170,"주말 오후마다 동네 놀이터에 모여서 친구들과 축구를 했던 기억이 아직도 생생하다. 작은 돌멩이로 골대를 대신 세우고, 골키퍼를 정할 땐 항상 가위바위보로 결정했다. 공이 빠지면 다같이 뛰어가서 찾고, 가끔은 지나가던 어른이 우리 경기 잠깐 구경하기도 했다. 내가 한 번은 마지막에 결승골을 넣어서 친구들이 모두 내 이름을 외쳤는데, 그때 정말 뿌듯했다.",골키퍼를 어떻게 정했는지에 대해 올바르게 설명한 것은 무엇인가요?,잘 모르겠음,친구 중 키가 가장 큰 사람이 맡았다,가위바위보로 결정했다,순서를 정해서 돌아가며 맡았다,가위바위보로 결정했다,3,149
취미생활,어릴 적 동네 친구들과 했던 축구 이야기,170,"언젠가 비가 온 다음날, 동네 골목에 물이 고여 있었는데도 친구들과 신나게 축구를 했던 기억이 난다. 바지랑 신발은 흙탕물에 다 젖었지만, 우리는 서로 미끄러지며 웃고 넘어지면서도 공을 쫓았다. 그날 엄마가 축구 끝나고 들어오라고 소리쳤을 때, 다들 아쉬워서 한 번만 더 하자고 떼를 썼다. 결국 옷이 다 젖은 채로 집에 들어가 혼났지만, 그 덕분에 더 오래 기억에 남는 추억이 된 것 같다.","발화에서 친구들과 축구를 하던 날, 골목에 어떤 일이 있었는가?",잘 모르겠음,골목에 꽃이 피어 있었다,골목에 눈이 쌓여 있었다,골목에 물이 고여 있었다,골목에 물이 고여 있었다,4,160
취미생활,어릴 적 동네 친구들과 했던 축구 이야기,170,"동네 골목길에서 친구들과 축구하던 기억이 아직도 생생하다. 비 오는 날에도 운동장이 아니라 아파트 주차장에서 비를 맞으며 축구공을 찼다. 한 번은 비 때문에 공이 미끄러져서 내가 골키퍼였는데 엉겁결에 얼굴로 공을 막기도 했다. 친구들은 그걸 보고 다 같이 웃었고, 그날 이후로 친구들이 내 별명을 ‘철벽’이라고 부르기 시작했다. 집에 돌아갈 때는 옷이 흙투성이가 됐지만, 그런 추억들이 오히려 소중하게 느껴진다.",발화에서 내가 골키퍼일 때 어떤 일이 있었나요?,잘 모르겠음,공을 얼굴로 막았다,비에 젖은 공이 멀리 날아갔다,친구가 실수로 나를 밀었다,공을 얼굴로 막았다,2,175
취미생활,자신만의 취미를 소개하는 이야기,170,"최근 들어 나는 작은 수첩에 매일의 날씨와 기분, 그리고 그날 읽은 책에서 인상 깊었던 문장을 적는 습관을 들이고 있다. 평소에는 그냥 지나칠 수 있었던 순간들이 기록으로 남으니 하루하루가 더 특별하게 느껴진다. 며칠 전에는 친구가 내 수첩을 구경하다가 손글씨가 예쁘다며 칭찬해 주었는데, 그 말에 괜히 뿌듯해져서 앞으로도 더 열심히 기록해야겠다는 생각이 들었다.",발화자에게 친구가 어떤 칭찬을 해주었는가?,잘 모르겠음,책을 많이 읽는다고 칭찬했다.,수첩이 예쁘다고 칭찬했다.,손글씨가 예쁘다고 칭찬했다.,손글씨가 예쁘다고 칭찬했다.,4,153
취미생활,자신만의 취미를 소개하는 이야기,170,"며칠 전, 오래된 필름카메라를 꺼내어 동네 뒷산을 산책하며 사진을 찍었다. 햇살이 나뭇잎 사이로 스며드는 풍경이나 작은 곤충들의 움직임을 포착하는 게 내게는 큰 즐거움이다. 현상소에서 사진을 찾아올 때마다 어떤 장면이 남아 있을지 기대하게 된다. 이 과정이 내 마음을 차분하게 만들어주고, 한 장면에 집중하면서 일상에서 놓치기 쉬운 순간들을 다시 바라볼 수 있게 된다.",내가 사진을 찍으러 간 장소는 어디였나요?,잘 모르겠음,도시의 번화가,동네 뒷산,해변,동네 뒷산,3,156
취미생활,자신만의 취미를 소개하는 이야기,170,"매주 금요일 저녁이면 직접 만든 미니어처 집을 조립하는 시간이 찾아온다. 작은 가구나 소품을 세밀하게 조립하다 보면 시간이 금방 지나간다. 이번에는 작은 서재를 만들어 보았는데, 책장에 책을 하나씩 꽂는 작업이 가장 재미있었다. 완성 후에는 방 한쪽에 전시하고 그 앞에서 사진도 찍으며 뿌듯함을 느꼈다. 이 취미를 시작하면서 집중력도 늘고, 스트레스도 많이 줄어들었다.",발화자가 미니어처 집을 만들 때 가장 재미있게 느꼈던 작업은 무엇인가요?,잘 모르겠음,작은 소품을 구입하는 것,책장에 책을 하나씩 꽂는 것,완성한 후 사진을 찍는 것,책장에 책을 하나씩 꽂는 것,3,157
취미생활,자신만의 취미를 소개하는 이야기,170,최근에는 집 근처 공원에서 만년필로 일기를 쓰는 취미에 푹 빠져 있다. 만년필 특유의 잉크 흐름과 종이 위에서 느껴지는 미묘한 저항감이 생각보다 큰 힐링이 된다. 특히 어두운 파란색 잉크를 쓸 때마다 어릴 적 아버지 책상 서랍에서 몰래 만년필을 꺼내 써보던 추억이 떠오른다. 요즘은 쓰고 싶은 글귀가 있으면 일기 마지막 부분에 짧게 적어두기도 한다.,내가 일기를 쓸 때 자주 사용하는 잉크 색깔은 무엇인가?,잘 모르겠음,밝은 초록색,진한 빨간색,어두운 파란색,어두운 파란색,4,144
취미생활,자신만의 취미를 소개하는 이야기,170,"며칠 전부터 종이접기라는 취미에 푹 빠져 있다. 예전엔 단순히 종이비행기나 종이학만 만들었는데, 요즘은 유튜브 영상을 참고해서 복잡한 동물 모양이나 꽃도 도전해 보고 있다. 집중해서 손끝으로 하나하나 접다 보면 잡생각도 사라지고 시간이 훌쩍 지나간다. 완성된 작품을 책상 위에 하나씩 늘어놓으며 뿌듯함을 느끼는 게 요즘의 소소한 행복이다.",요즘 내가 유튜브 영상을 참고해서 도전하고 있는 종이접기 작품에는 무엇이 포함되어 있는가?,잘 모르겠음,종이로 만든 음식 모형,복잡한 동물 모양과 꽃,자동차와 로봇,종이로 만든 음식 모형,2,145
취미생활,제과 취미로 시작한 홈베이킹,170,"주말 오후마다 오븐 앞에 서는 시간이 점점 기다려진다. 처음에는 쿠키 믹스로 간단히 시작했지만, 요즘은 레시피를 변형해 새로운 맛을 시도하는 게 재미있다. 얼마 전에는 딸기잼을 직접 끓여서 롤케이크 속에 넣어봤다. 생크림 양을 조절하다가 한 번은 너무 묽어져서 모양이 흐트러졌지만, 가족들이 달콤하고 상큼하다며 남김없이 먹어줘서 뿌듯했다.",최근에 내가 롤케이크 속에 넣으려고 직접 만든 재료는 무엇이었나요?,잘 모르겠음,바나나잼,딸기잼,초코크림,딸기잼,3,146
취미생활,제과 취미로 시작한 홈베이킹,170,"지난주에 친구가 직접 구운 쿠키를 선물해줘서 나도 홈베이킹에 도전해 보기로 했다. 처음에는 밀가루와 버터의 비율을 맞추는 게 어려웠지만, 여러 번 시도하다 보니 손에 익었다. 오븐에서 노릇하게 구워진 쿠키 냄새가 집안 가득 퍼질 때마다 뿌듯함이 느껴진다. 이번에는 초콜릿 칩 대신 말린 크랜베리를 넣어 색다른 맛을 시도했더니 가족들이 평소보다 더 맛있다고 칭찬해줬다. 다음에는 케이크에도 도전해볼 생각이다.",화자가 이번에 쿠키를 만들 때 초콜릿 칩 대신 넣은 재료는 무엇인가요?,잘 모르겠음,호두,말린 크랜베리,아몬드,말린 크랜베리,3,174
취미생활,제과 취미로 시작한 홈베이킹,170,"몇 달 전부터 집에서 빵을 직접 만들어보고 싶다는 생각이 들어 유튜브에서 영상을 찾아보며 홈베이킹을 시작했다. 처음엔 머핀 반죽이 너무 질어서 오븐 안에서 제대로 부풀지 않았는데, 두 번째 도전에서는 계란을 실온에 꺼내두고 천천히 반죽하니 훨씬 촉촉하게 완성됐다. 베이킹을 하면서 오븐 앞에서 굽는 냄새를 맡을 때마다 기분이 좋아진다.",처음 머핀을 구웠을 때 실패했던 가장 큰 이유는 무엇이었나요?,잘 모르겠음,반죽이 너무 질었다.,오븐을 예열하지 않았다.,설탕을 덜 넣었다.,반죽이 너무 질었다.,2,142
취미생활,제과 취미로 시작한 홈베이킹,170,"며칠 전 친구 생일이 다가와서 직접 케이크를 만들어보기로 결심했다. 머랭 치는 게 생각보다 힘들었지만, 재료 하나하나 계량하며 오븐 앞에서 케이크가 구워지는 모습을 지켜보는 시간이 꽤 설레었다. 크림 바르기는 손에 익지 않아 조금 울퉁불퉁하게 되었지만, 친구가 직접 만든 케이크라며 기뻐해줘서 뿌듯했다. 홈베이킹이 어렵다는 생각이 들었지만, 완성 후의 보람이 커서 앞으로도 종종 시도해보고 싶다는 생각이 들었다.",발화자의 첫 홈베이킹에서 가장 어려웠던 과정은 무엇이었나요?,잘 모르겠음,크림 바르기,재료 구입하기,머랭 치기,머랭 치기,4,177
취미생활,취미로 시작해 전문적으로 배우게 된 경험,170,"얼마 전 친구가 초대한 사진 동호회에 처음 나갔다가 카메라에 푹 빠져버렸다. 단순히 스마트폰으로 풍경을 찍는 것과는 달리, 수동으로 조리개와 셔터 속도를 조절하는 재미가 생각보다 컸다. 이후로 매주 주말마다 동호회 선배들과 출사를 다니면서 실력을 키웠고, 결국에는 전문 강사에게 개인 레슨까지 받게 됐다. 내가 찍은 사진이 동호회 전시회에 걸렸을 때 느꼈던 뿌듯함은 아직도 잊을 수 없다.",화자가 사진 실력을 키우기 위해 했던 활동이 아닌 것은 무엇인가요?,잘 모르겠음,동호회 선배들과 출사 다님,스마트폰으로만 사진 찍음,전문 강사에게 개인 레슨 받음,스마트폰으로만 사진 찍음,3,164
취미생활,취미로 시작해 전문적으로 배우게 된 경험,170,"며칠 전에는 내가 처음 수채화를 그리기 시작했을 때가 떠올랐다. 단순히 스트레스를 풀고 싶어 동네 문화센터 강좌를 등록했는데, 생각보다 그림 그리는 시간이 너무 즐거워서 어느 순간 더 깊이 배우고 싶다는 욕심이 생겼다. 그래서 결국 유명한 화실에 등록해서 본격적으로 배웠고, 선생님께서 내 그림을 전시회에 출품해보는 건 어떠냐고 제안하셨을 때는 정말 감격스러웠다.",화실 선생님이 내게 어떤 제안을 했는지 고르시오.,잘 모르겠음,화실에서 청소를 도와달라고 했다.,전시회에 그림을 출품해보자고 했다.,수채화 말고 유화를 배우자고 했다.,전시회에 그림을 출품해보자고 했다.,3,155
취미생활,취미로 시작해 전문적으로 배우게 된 경험,170,"최근에 친구의 추천으로 우연히 도예 체험 수업에 참여했는데, 흙을 만지며 모양을 만들어가는 과정이 너무 재미있어서 이후로 주말마다 도예 공방을 찾아가게 됐다. 처음에는 단순히 그릇을 만드는 것이 목표였지만, 점점 더 다양한 기법에 관심이 생겨 정식 도예 강좌에 등록해 체계적으로 배우기 시작했다. 지금은 나만의 작품을 전시회에 출품하는 것을 목표로 열심히 연습 중이다.",화자가 전문적으로 배우기 시작한 계기는 무엇이었나요?,잘 모르겠음,도예 공방에서 일하게 되어,도예 체험 수업이 너무 재미있어서,친구와 내기를 해서,도예 체험 수업이 너무 재미있어서,3,157
취미생활,취미로 시작해 전문적으로 배우게 된 경험,170,"몇 년 전 친구가 수채화 수업에 함께 가자고 제안해서 별 생각 없이 따라갔던 기억이 난다. 그때까지만 해도 그림에는 크게 관심이 없었는데, 직접 물감을 섞고 종이에 색이 번지는 모습을 보니 생각보다 훨씬 재미있었다. 집에 돌아와서도 유튜브로 그림 그리는 영상을 찾아보고, 혼자 연습하다 보니 점점 실력이 늘어서 결국 지역 미술학원에 등록하게 됐다. 요즘은 일주일에 세 번씩 학원에 가서 체계적으로 배우고 있고, 언젠가는 내 작품으로 작은 전시회를 여는 게 목표가 되었다.",처음에 발화자가 수채화를 시작하게 된 계기는 무엇이었나요?,잘 모르겠음,유튜브 영상을 보고 관심이 생겨서,친구의 제안으로 수업에 따라가게 되어,미술학원 홍보를 보고 등록해서,친구의 제안으로 수업에 따라가게 되어,3,196
취미생활,취미를 통해 배운 생각,170,"창밖에 비가 내리던 어느 주말, 오랜만에 수채화 도구를 꺼내 들었어요. 평소엔 완벽하게 그리려 애쓰곤 했지만, 그날은 일부러 물을 많이 써서 색이 번지도록 내버려뒀죠. 생각보다 결과가 자연스럽고 멋져서 깜짝 놀랐어요. 그 경험 덕분에 꼭 모든 걸 내 뜻대로 통제하지 않아도 때로는 더 좋은 결과가 나온다는 걸 느꼈습니다.",발화자가 수채화를 그릴 때 평소와 달리 시도한 방법은 무엇인가요?,잘 모르겠음,붓 대신 연필을 사용함,물을 많이 써서 색이 번지게 함,유화물감을 섞어서 그림,물을 많이 써서 색이 번지게 함,3,134
취미생활,취미를 통해 배운 생각,170,"몇 달 전부터 친구의 권유로 도자기 공예를 시작했다. 처음에는 흙이 손에 묻는 느낌이 불편했지만, 점차 물레를 돌리며 작은 그릇을 빚는 시간이 기다려지기 시작했다. 작품이 생각처럼 나오지 않아 실망할 때도 있었지만, 오히려 실수에서 새로운 모양이 탄생하는 경험을 하면서 완벽하지 않아도 나만의 결과물을 사랑하게 됐다. 덕분에 예전보다 실패를 두려워하지 않게 되었고, 예상치 못한 변화도 즐길 수 있게 됐다.",도자기 공예를 하면서 내가 얻게 된 가장 큰 변화는 무엇이었는가?,잘 모르겠음,실패를 두려워하지 않게 됨,손재주가 좋아짐,더 많은 친구를 사귐,실패를 두려워하지 않게 됨,2,172
취미생활,취미를 통해 배운 생각,170,"며칠 전부터 친구의 권유로 색연필 드로잉을 시작했다. 처음에는 종이에 그림을 그리는 것이 서툴러서 선이 자꾸 삐뚤어졌지만, 차츰 색을 섞는 요령도 익히고 사물을 자세히 관찰하는 습관도 생겼다. 그림을 그리면서 조급해하지 않고 천천히 과정을 즐기다 보니, 결과에 연연하지 않고 그 자체로 만족감을 느끼는 법을 배웠다.",색연필 드로잉을 하며 화자가 새롭게 갖게 된 태도는 무엇이었나요?,잘 모르겠음,완벽한 결과에만 집중하기,과정을 즐기며 결과에 연연하지 않기,남의 그림과 비교하며 불안해하기,과정을 즐기며 결과에 연연하지 않기,3,134
취미생활,취미를 통해 배운 생각,170,"최근에 친구의 권유로 도예 수업을 듣게 되었는데, 처음엔 흙이 손에 묻는 게 조금 불편했지만, 점차 손끝에 집중하며 도자기를 만들어가는 과정이 오히려 마음을 편안하게 해줬다. 완벽하게 만들려고 조바심내기보단, 흙이 주는 느낌을 그대로 받아들이니 오히려 더 멋진 결과물이 나와서 놀랐다. 이 경험을 통해 완벽함보다 과정에서 느끼는 재미와 여유가 더 중요하다는 생각을 하게 되었다.",도예 수업을 들으면서 내가 가장 크게 깨달은 점은 무엇이었나요?,잘 모르겠음,친구와의 우정이 깊어졌다는 것,과정보다 결과가 중요하다는 것,완벽함보다는 과정의 재미와 여유가 중요하다는 것,완벽함보다는 과정의 재미와 여유가 중요하다는 것,4,161
취미생활,터키여행으로 촉발된 바둑에 대한 관심,170,"친구와 함께 이스탄불 시장을 둘러보다가 현지인들이 작은 카페에서 바둑 비슷한 게임을 두고 있는 모습을 보게 되었어. 규칙을 잘 몰랐지만 묘하게 집중하게 되더라. 한국에 돌아온 뒤 바둑 학원에 등록해서 첫 수업을 들었는데, 바둑판에 돌을 올려두는 순간마다 터키에서의 그 조용한 분위기가 떠올라 신기한 느낌이 들었어.",내가 바둑에 관심을 갖게 된 계기는 무엇이었나?,잘 모르겠음,한국 드라마를 보고,터키 카페에서 현지인들이 두는 모습을 보고,가족 모임에서 추천받아서,터키 카페에서 현지인들이 두는 모습을 보고,3,133
취미생활,터키여행으로 촉발된 바둑에 대한 관심,170,"몇 달 전 터키 이스탄불을 여행하면서 작은 찻집에 들렀다가 현지인들이 바둑을 두는 모습을 우연히 보게 되었다. 그들은 손짓과 눈빛으로 조용히 승부를 겨루고 있었고, 나는 그 분위기에 매료되어 옆에 앉아 한참을 구경했다. 돌아와서 인터넷으로 바둑 규칙을 찾아보고, 직접 바둑판을 구매해 친구와 처음으로 대국을 해봤다. 아직 실력은 부족하지만, 그때 느꼈던 긴장감과 집중력이 떠올라 바둑을 더 배우고 싶다는 생각이 들었다.",내가 바둑에 흥미를 갖게 된 계기는 무엇이었나요?,잘 모르겠음,친구의 권유로 바둑 학원에 간 경험,터키 찻집에서 현지인들의 바둑 대국을 본 경험,어릴 적부터 가족과 함께 바둑을 둔 경험,터키 찻집에서 현지인들의 바둑 대국을 본 경험,3,178
취미생활,터키여행으로 촉발된 바둑에 대한 관심,170,"며칠 전 친구와 터키에서 찍은 사진을 정리하다가 이스탄불의 작은 찻집에서 바둑판을 마주했던 순간이 떠올랐다. 그곳에서 현지인과 바둑을 두게 되었고, 서툰 실력임에도 불구하고 서로 손짓과 미소로 소통하며 한 수씩 돌을 놓았다. 그날 이후로 바둑의 묘미에 빠져, 집에 돌아와 혼자 연습도 하고 온라인 강의도 찾아보기 시작했다. 여행 덕분에 새로운 취미가 생긴 것이 무척 신기하고 뿌듯했다.",내가 바둑에 흥미를 갖게 된 계기는 무엇이었나요?,잘 모르겠음,친구가 바둑을 가르쳐줘서,터키 찻집에서 현지인과 바둑을 둔 경험 때문에,텔레비전에서 바둑 경기를 보고,터키 찻집에서 현지인과 바둑을 둔 경험 때문에,3,163
취미생활,터키여행으로 촉발된 바둑에 대한 관심,170,"며칠 전 친구와 터키를 여행하다가 작은 찻집에서 현지인들이 무언가 집중해서 두는 모습을 보았다. 가까이 다가가 보니 바둑판 위에 흑백돌을 빠르게 놓으며 진지하게 대국을 펼치고 있었다. 익숙한 풍경이 아니라 신기해서 옆에 앉아 구경했는데, 한 분이 다정하게 돌을 쥐는 법을 알려주셨다. 그날 이후 바둑에 대한 흥미가 생겨 숙소에 돌아와 간단한 규칙을 찾아보고, 다음날엔 직접 작은 바둑판을 사서 연습도 해보았다.",여행 중 바둑에 관심을 갖게 된 계기는 무엇이었는가?,잘 모르겠음,바둑 책을 우연히 읽어서,현지인들이 바둑 두는 모습을 보고,인터넷 영상으로 바둑을 접해서,현지인들이 바둑 두는 모습을 보고,3,173
취미생활,오래전 취미로 시작한 활동,170,"며칠 전 책장 정리를 하다가 어릴 적 종이접기 노트가 눈에 들어왔다. 초등학생 때 친구들과 종이비행기나 학을 접으며 시간 가는 줄 몰랐던 기억이 떠올랐다. 그중에서도 종이로 만든 꽃바구니를 제일 좋아했는데, 완성된 작품을 엄마에게 자랑스럽게 선물했던 일이 아직도 생생하다. 오랜만에 그 시절의 노트를 펼쳐 종이접기를 다시 해보니 손이 서툴렀지만 마음만은 예전처럼 설렜다.",발화에서 화자가 어릴 적 종이접기로 가장 좋아했던 것은 무엇이었나요?,잘 모르겠음,종이비행기,학,꽃바구니,꽃바구니,4,158
취미생활,오래전 취미로 시작한 활동,170,"지난 주말에 책장 정리를 하다가 한때 열심히 만들던 모형 비행기 키트를 발견했다. 고등학생 때 우연히 친구가 조립하는 걸 보고 따라 시작했는데, 작은 부품을 하나하나 맞추며 완성해가는 과정이 참 재밌었다. 당시엔 용돈을 모아 새 키트를 살 때마다 설렘이 컸고, 완성한 비행기를 방 한켠에 진열해두는 게 나만의 뿌듯함이었다. 오랜만에 먼지를 털어내며 그 시절의 집중과 즐거움을 잠시 떠올렸다.",내가 취미로 만들던 모형 비행기 키트를 처음 접하게 된 계기는 무엇이었는가?,잘 모르겠음,용돈을 모으면서 자연스럽게 시작했다.,책장에서 우연히 발견해서 시작했다.,친구가 조립하는 걸 보고 따라 시작했다.,친구가 조립하는 걸 보고 따라 시작했다.,4,164
취미생활,오래전 취미로 시작한 활동,170,"몇 년 전 친구의 권유로 처음 도예 공방에 갔던 기억이 아직도 생생하다. 손에 흙을 묻히며 작은 컵을 빚는 과정이 생각보다 집중이 필요했지만, 완성된 컵을 직접 유약에 담그고 구워볼 때의 설렘이 컸다. 그 후에도 종종 공방을 찾아 새로운 그릇을 만들어보며 스트레스를 풀곤 한다.",처음 도예 공방을 가게 된 계기는 무엇이었나요?,잘 모르겠음,직장 동료의 권유,우연히 인터넷을 보고,친구의 권유,친구의 권유,4,114
취미생활,오래전 취미로 시작한 활동,170,"몇 해 전 친구의 권유로 도자기 공방을 처음 방문했던 기억이 아직도 생생하다. 물레를 돌리며 흙의 질감을 손끝으로 느끼는 순간이 무척 신기했고, 서툰 손길로 만든 첫 번째 머그잔은 모양이 삐뚤빼뚤했지만 오히려 그 투박함이 내겐 특별하게 느껴졌다. 그 이후로 시간 날 때마다 공방에 들러 조그만 접시나 컵을 만들어 가족에게 선물하곤 한다.",내가 취미로 만들기 시작한 첫 번째 작품은 무엇이었나요?,잘 모르겠음,접시,머그잔,화분,머그잔,3,140
취미생활,취미로 인해 겪은 독특한 경험,170,"지난 주말에 도자기 공방에서 만든 머그컵을 친구에게 선물하려고 포장하다가, 손잡이에 작은 금이 간 것을 발견했다. 만들 때는 몰랐는데, 유약을 바르는 과정에서 금이 생긴 것 같아 아쉬움이 컸다. 그래도 친구는 세상에 하나뿐인 나만의 컵이라며 정말 좋아했다. 완벽하지 않아도 내 손으로 만든 것이라 더 의미 있다는 생각이 들어 뿌듯했다. 다음에는 더 신경 써서 만들어보고 싶다.",도자기 머그컵의 손잡이에 생긴 문제는 무엇이었나요?,잘 모르겠음,색이 고르지 않았다,작은 금이 갔다,손잡이가 떨어졌다,작은 금이 갔다,3,158
취미생활,취미로 인해 겪은 독특한 경험,170,"지난달에 친구들과 보드게임 카페에 갔던 일이 생각난다. 평소엔 주로 혼자 퍼즐 맞추기를 즐겼는데, 그날은 팀을 나눠 협동하는 게임을 하게 되었다. 예상치 못하게 내가 규칙을 가장 빨리 이해해서 팀원들에게 설명해주기도 하고, 중간에 룰북을 해석하다가 다 같이 웃음을 터뜨리기도 했다. 결국 우리가 마지막 라운드에서 역전승을 거두었을 때, 평소와는 전혀 다른 긴장감과 짜릿함을 느꼈다.",보드게임 카페에서 화자가 팀원들에게 해준 행동으로 옳은 것은 무엇인가요?,잘 모르겠음,게임 규칙을 가장 먼저 이해하고 팀원들에게 설명해주었다.,혼자 게임을 하다가 조용히 집에 돌아갔다.,카페에서 새로운 퍼즐을 혼자 맞췄다.,게임 규칙을 가장 먼저 이해하고 팀원들에게 설명해주었다.,2,163
취미생활,취미로 인해 겪은 독특한 경험,170,"지난 주말, 도자기 공방에서 처음으로 물레를 돌려보았다. 평소에는 그림 그리기만 했는데, 친구의 권유로 새로운 취미를 시도한 것이다. 손끝에 진흙이 닿는 촉감이 생각보다 부드러워서 놀랐고, 집중해서 모양을 만들다 보니 시간이 금방 흘렀다. 완성된 컵은 약간 비뚤었지만 직접 만든 것이라 그런지 정이 가고, 집에 돌아와 그 컵으로 따뜻한 차를 마셨더니 평소와는 다르게 소소한 뿌듯함이 느껴졌다.",내가 이번에 도자기 공방에서 처음으로 만든 것은 무엇이었나요?,잘 모르겠음,접시,컵,화분,컵,3,167
취미생활,취미로 인해 겪은 독특한 경험,170,"최근에 친구와 함께 수채화 동호회에 가입하게 되었는데, 첫 모임에서 예상치 못한 일이 생겼다. 모두 각자 그림을 그리던 중 갑자기 한 회원이 자신이 키우는 앵무새를 데려왔고, 그 새가 물통을 엎질러 내 그림 위에 물감이 번져버렸다. 처음엔 당황했지만, 결과적으로 우연히 생긴 무늬가 생각보다 멋져서 오히려 작품이 더 흥미로워졌다. 그 경험 덕분에 앞으로 일부러 물을 흘려가며 그림을 그려볼 생각이 들었다.",수채화 동호회에서 내 그림에 예상치 못한 효과를 준 동물은 무엇이었나요?,잘 모르겠음,강아지,앵무새,고양이,앵무새,3,170
취미생활,취미를 가지게 된 계기,170,"언젠가 친구와 우연히 작은 사진 전시회를 방문했던 일이 있다. 그곳에서 본 사진들이 내 마음을 깊이 울려서, 그날 이후 자연스럽게 사진을 찍기 시작했다. 처음엔 핸드폰으로 주변 풍경을 담는 것부터 시작했는데, 점점 재미가 붙으면서 중고 카메라를 구입하게 되었다. 사진을 찍으며 혼자 산책하는 시간이 점점 소중하게 느껴졌고, 덕분에 평소 지나쳤던 작은 것들도 새롭게 바라보게 되었다.",내가 사진에 관심을 갖게 된 결정적인 계기는 무엇이었나요?,잘 모르겠음,가족의 권유,우연히 본 사진 전시회 방문,유명 작가의 강연 참석,우연히 본 사진 전시회 방문,3,162
취미생활,취미를 가지게 된 계기,170,"친구가 갑자기 기타를 배우기 시작했다고 자랑하는 바람에 처음엔 그냥 구경만 하려고 연습실에 따라갔다. 그런데 친구가 간단한 코드 몇 개를 직접 가르쳐줬고, 생각보다 손에 잘 익어서 그날 집에 돌아오는 길에 중고로 저렴한 기타를 하나 샀다. 연습실에서의 즐거운 경험과 친구의 권유가 기타를 배우게 된 결정적인 계기가 되었다.",발화자가 기타를 배우기 시작한 계기로 알맞은 것은 무엇인가요?,잘 모르겠음,가족의 추천으로 시작했다,유명한 기타리스트 영상을 보고 시작했다,친구의 권유와 연습실에서의 경험으로 시작했다,친구의 권유와 연습실에서의 경험으로 시작했다,4,136
취미생활,취미를 가지게 된 계기,170,"친구가 주말마다 사진을 찍으러 다니는 모습을 보면서 자연스럽게 호기심이 생겼다. 어느 날 친구의 권유로 함께 카메라를 들고 공원에 나가 봤는데, 평소에 무심코 지나쳤던 풍경들이 사진을 통해 색다르게 보였다. 처음에는 어떻게 찍어야 할지 몰라 서툴렀지만, 점점 구도를 잡는 재미와 순간을 담는 설렘에 빠지게 되었다. 그 이후로 매주 짧은 산책이라도 꼭 카메라를 챙기게 되었다.",발화자가 사진에 관심을 갖게 된 계기는 무엇이었나요?,잘 모르겠음,친구가 사진 찍는 모습을 보고 호기심이 생겨서,가족이 사진 작가여서,책에서 사진에 관한 글을 읽어서,친구가 사진 찍는 모습을 보고 호기심이 생겨서,2,158
취미생활,취미를 가지게 된 계기,170,"며칠 전 친구가 갑자기 도예 공방 체험권이 생겼다며 같이 가자고 연락했다. 평소에는 흙을 만지는 것에 별로 관심이 없었지만, 친구와 특별한 추억을 만들고 싶어서 흔쾌히 따라갔다. 처음에는 손끝에 묻는 흙이 어색하고 손재주가 없는 것 같아 쭈뼛거렸지만, 점점 내 손으로 모양이 만들어지는 과정이 재미있게 느껴졌다. 완성된 작은 컵을 집에 가져와 매일 아침마다 커피를 마시며 뿌듯함을 느낀다. 이 경험 덕분에 도예가 새로운 취미가 되었다.",발화자가 도예 공방 체험에 참여하게 된 직접적인 계기는 무엇이었나요?,잘 모르겠음,평소 도예에 관심이 많아서,친구가 체험권이 생겨 같이 가자고 해서,도예 수업을 듣기 위해 직접 신청해서,친구가 체험권이 생겨 같이 가자고 해서,3,183
취미생활,취미생활을 통해 알게된 새로운 사실,170,"주말마다 참여하는 도예 동호회에서 이번에는 새로운 유약을 써서 머그컵을 만들어보았다. 평소에는 흙이 건조할 때까지 기다리는 시간이 지루했지만, 이번에는 동호회 친구와 건조 시간을 활용해 도자기의 유약 색이 어떻게 변화하는지 비교 실험을 해보았다. 그 결과 유약이 두껍게 발린 부분과 얇게 발린 부분의 색이 확연히 달라진다는 것을 직접 눈으로 확인할 수 있었고, 유약이 생각보다 예민한 재료라는 사실에 조금 놀랐다.","도예 동호회에서 실험한 결과, 유약의 어떤 점에 대해 놀랐는가?",잘 모르겠음,유약이 흙과 잘 섞이지 않는다는 점,유약이 예민한 재료라는 점,유약이 건조 속도를 늦춘다는 점,유약이 예민한 재료라는 점,3,176
취미생활,취미생활을 통해 알게된 새로운 사실,170,"책을 좋아해서 독서 모임에 꾸준히 참석하고 있다. 지난번 모임에서 서로 좋아하는 책을 소개하는 시간을 가졌는데, 한 회원이 만화책의 스토리 구성 방식에 대해 열정적으로 설명해 주었다. 만화책도 일반 소설처럼 기승전결 구조를 따르며, 대사와 그림이 서로 보완적으로 작용한다는 사실을 처음 알게 되어 신기했다. 그날 이후로 만화책을 읽을 때마다 그림과 글의 상호작용에 더 집중하게 되었다.",독서 모임에서 한 회원이 만화책에 대해 설명하며 강조한 점은 무엇이었나요?,잘 모르겠음,만화책의 출판사별 특징,"만화책의 기승전결 구조와 대사, 그림의 상호작용",만화책의 종이 질감과 표지 디자인,"만화책의 기승전결 구조와 대사, 그림의 상호작용",3,164
취미생활,취미생활을 통해 알게된 새로운 사실,170,"최근에 친구 추천으로 도자기 공방을 다니기 시작했다. 흙을 만지며 작은 컵을 만들어보니 생각보다 힘이 많이 들어가고, 물의 양을 조금만 달리해도 작품의 모양이 확 달라지는 걸 경험했다. 또, 도자기를 구울 때 온도가 높아질수록 색이 진해진다는 점도 직접 실험해보고서야 알게 되었다. 여러 번 실패 끝에 내가 원하는 색과 모양의 컵을 완성했을 때 정말 뿌듯했다.",도자기 공방에서 내가 직접 실험해보고 알게 된 사실은 무엇이었는가?,잘 모르겠음,물의 양이 많을수록 흙이 무거워진다는 점,온도가 높을수록 도자기 색이 진해진다는 점,흙의 종류에 따라 굽는 시간이 다르다는 점,온도가 높을수록 도자기 색이 진해진다는 점,3,150
취미생활,취미생활을 통해 알게된 새로운 사실,170,"얼마 전부터 작은 화분에 다양한 허브를 키우는 취미를 갖게 되었는데, 처음엔 그냥 흙에 씨앗만 심으면 금방 자랄 줄 알았다. 하지만 며칠이 지나도 싹이 트지 않아 인터넷에서 키우는 법을 찾아보았다. 그제서야 로즈마리 씨앗은 발아가 잘 되려면 밤에 온도를 낮춰줘야 하고, 라벤더는 햇볕이 하루 종일 잘 드는 곳이어야 싹이 튼다는 사실을 알았다. 이후로 화분의 위치와 물 주는 시간도 바꿨더니 허브들이 하나둘씩 싹을 틔워주는 걸 직접 볼 수 있어서 무척 뿌듯했다.",화분에서 허브를 키우며 알게 된 로즈마리 씨앗의 발아를 돕는 방법은 무엇이었나요?,잘 모르겠음,밤에 온도를 낮춰주는 것,매일 거름을 주는 것,흙을 자주 갈아주는 것,밤에 온도를 낮춰주는 것,2,190
취미생활,필요한 휴식을 취할 때의 기분,170,"휴일 오후, 평소처럼 독서에 푹 빠져 있었는데 갑자기 집중이 잘 안 되고 머리가 무거워졌다. 그동안 무리하게 책을 읽었던 것 같아 소파에 누워 조용히 눈을 감았다. 쏟아지던 햇살이 따뜻하게 느껴졌고, 짧은 낮잠을 자고 일어나니 마음도 한결 가벼워졌다. 다시 책을 펼쳤을 때는 오히려 내용이 더 잘 이해되어서 신기했다. 잠시 멈추고 쉬는 게 얼마나 소중한지 새삼 느끼는 하루였다.",발화에서 화자는 어떻게 휴식을 취했는가?,잘 모르겠음,산책을 했다,소파에 누워 낮잠을 잤다,음악을 들었다,소파에 누워 낮잠을 잤다,3,157
취미생활,필요한 휴식을 취할 때의 기분,170,"최근 들어 취미로 하던 그림 그리기를 너무 열심히 하다 보니 손목이 아파서 며칠 동안 붓을 잡지 않았다. 처음엔 시간이 아까워서 불안하기도 했지만, 오랜만에 쉬면서 좋아하는 음악도 듣고 창밖 풍경도 천천히 감상할 수 있었다. 덕분에 다시 그림을 시작했을 때 마음이 한결 가벼워지고, 색을 고르는 데에도 예전보다 훨씬 즐거움을 느낄 수 있었다.",발화자가 그림을 쉬는 동안 했던 일로 언급되지 않은 것은 무엇인가요?,잘 모르겠음,좋아하는 음악 듣기,창밖 풍경 감상하기,요리하기,요리하기,4,142
취미생활,필요한 휴식을 취할 때의 기분,170,"며칠간 업무에 치여 제대로 쉬지 못했더니 몸도 마음도 무거웠다. 그래서 퇴근 후에는 모든 연락을 잠시 미뤄두고, 좋아하는 음악을 틀어놓고 조용히 방 안에 앉아 있었다. 아무것도 하지 않고 창밖을 바라보는 시간이 이렇게 소중하다는 걸 새삼 깨달았다. 그 순간만큼은 머릿속이 맑아지는 기분이 들었고, 평소와 달리 소소한 행복도 느꼈다.",화자는 어떻게 휴식을 취하면서 머릿속이 맑아지는 기분을 느꼈나요?,잘 모르겠음,모든 연락을 미뤄두고 음악을 들으며 창밖을 바라봄,친구와 통화하며 산책함,영화를 보면서 간식을 먹음,모든 연락을 미뤄두고 음악을 들으며 창밖을 바라봄,2,140
취미생활,필요한 휴식을 취할 때의 기분,170,"지난주에 연속으로 바빴던 탓에 몸이 점점 무거워지는 느낌이 들었다. 그래서 좋아하는 퍼즐 맞추기를 하며 쉬기로 했다. 천천히 퍼즐 조각을 하나하나 맞추다 보니 머릿속이 맑아지고, 잡생각도 사라졌다. 휴식이란 단순히 아무것도 안 하는 게 아니라, 이렇게 내가 좋아하는 일에 집중하며 에너지를 회복하는 시간임을 새삼 느꼈다. 퍼즐을 완성한 후엔 가볍게 스트레칭도 했는데, 기분이 훨씬 나아졌다.",발화자가 휴식을 취할 때 집중했던 취미 활동은 무엇이었나요?,잘 모르겠음,그림 그리기,퍼즐 맞추기,요리하기,퍼즐 맞추기,3,167
취미생활,나의 독특한 취미 생활,170,"며칠 전, 오래된 지도 수집이란 나만의 취미에 푹 빠져서 방 한쪽에 지도 전시 코너를 만들었다. 특히 1970년대 서울 지도를 구해서 비교하는 재미가 쏠쏠했다. 친구가 놀러 와서 예전 버스 노선이 이렇게 달랐냐며 신기해하던 모습이 기억에 남는다. 지도마다 색이 바래고, 손때가 묻어 있어 시간이 흐른 흔적을 느낄 수 있는 점이 이 취미의 매력 같다.",내가 친구와 함께 지도 전시 코너에서 주로 비교했던 것은 무엇이었나요?,잘 모르겠음,예전 버스 노선,지도에 나온 식당 위치,지도 제작자의 이름,예전 버스 노선,2,144
취미생활,나의 독특한 취미 생활,170,"최근에 우연히 알게 된 종이접기 동호회에 참여하면서 색다른 취미를 갖게 되었어. 어릴 적 종이학 한두 마리 접어본 게 전부였는데, 동호회에서는 복잡한 곤충이나 동물도 정교하게 접더라구. 지난번 모임에서는 노란색 종이로 고양이 얼굴을 접었는데, 입체감이 살아 있어서 뿌듯했어. 집에 돌아와서 내 책상 위에 올려두니 친구가 와서 어디서 산 거냐고 묻기도 했지. 이런 소소한 만족감이 요즘 내 일상에 큰 활력이 되는 것 같아.",발화자가 최근 동호회에서 접었던 동물은 무엇이었나요?,잘 모르겠음,강아지,고양이,토끼,고양이,3,176
취미생활,나의 독특한 취미 생활,170,"비오는 날이면 집에서 빈티지 라디오를 고치는 취미에 푹 빠진다. 예전에는 라디오가 고장나면 버렸는데, 어느 날 우연히 친구가 준 오래된 라디오를 분해해보면서부터 흥미가 생겼다. 작은 나사와 회로를 맞추다보면 시간이 금방 지나간다. 오늘도 낡은 라디오에서 나오는 작은 잡음을 들으면서, 언제쯤이면 맑은 소리가 나올지 기대에 부풀어 있었다.",내가 취미로 고치고 있는 물건은 무엇인가요?,잘 모르겠음,빈티지 라디오,오래된 시계,중고 컴퓨터,빈티지 라디오,2,145
취미생활,나의 독특한 취미 생활,170,"비 오는 날이면 혼자 창문 앞에 앉아 작은 유리병에 떨어지는 빗방울 소리를 녹음하는 취미가 있다. 녹음한 소리를 밤에 다시 들으면서 그날의 기분이나 생각을 짧게 메모하는데, 그 메모와 소리를 나중에 비교해보면 날씨에 따라 내 감정이 미묘하게 달라진다는 걸 알 수 있어서 흥미롭다.",나는 비 오는 날 어떤 소리를 녹음하는 취미가 있다고 했나요?,잘 모르겠음,고양이 우는 소리,빗방울이 유리병에 떨어지는 소리,바람 부는 소리,빗방울이 유리병에 떨어지는 소리,3,116
취미생활,창작활동을 시작하게 된 계기,170,"며칠 전 친구와 오랜만에 산책을 하다가 길가에 놓여 있던 작은 스케치북을 주웠다. 스케치북에는 낙서와 짧은 시가 적혀 있었는데, 그걸 보면서 문득 나도 내 감정을 그림이나 글로 남기고 싶다는 생각이 들었다. 집에 돌아와 예전부터 사놓고 쓰지 않던 수채화 물감과 노트를 꺼내 처음으로 나만의 이야기를 그림과 글로 표현해 보았다. 비록 서툴렀지만 마음이 꽤 가벼워지는 기분이었다.",내가 창작활동을 시작하게 된 계기는 무엇이었나요?,잘 모르겠음,친구의 권유로,길에서 주운 스케치북을 보고 영감을 받아서,미술 수업에서 칭찬을 받아서,길에서 주운 스케치북을 보고 영감을 받아서,3,158
취미생활,창작활동을 시작하게 된 계기,170,"주말마다 반복되는 일상이 지루하게 느껴지던 어느 날, 친구가 직접 만든 소설을 읽어보라고 건네줬다. 평소 창작에는 관심이 없었지만, 그 이야기를 읽으며 내 안에도 무언가 표현하고 싶다는 생각이 처음 들었다. 그 뒤로 저녁마다 짧은 글을 써보는 습관이 생겼고, 글을 쓸 때마다 내 생각과 감정이 정리되는 기분이 들어 창작이 점점 즐거워졌다.",내가 창작 활동을 시작하게 된 직접적인 계기는 무엇이었나요?,잘 모르겠음,친구가 직접 만든 소설을 읽고 나서,책방에서 우연히 글쓰기 강연을 듣고 나서,가족의 권유로 시작하게 되어서,친구가 직접 만든 소설을 읽고 나서,2,142
취미생활,창작활동을 시작하게 된 계기,170,"며칠 전 친구와 오랜만에 산책을 하다가 어릴 때 그림 그리기를 좋아했다는 이야기를 나누게 되었어요. 그때부터 이상하게도 예전처럼 다시 그림을 그리고 싶다는 생각이 자주 들더라고요. 집에 돌아와 오래된 스케치북을 찾아 꺼내 보니, 낙서 같던 예전 그림들이 추억처럼 느껴졌습니다. 결국 그날 밤, 새로 산 색연필로 풍경을 그리기 시작했는데, 오랜만에 집중하면서 마음이 편안해지는 걸 느꼈어요.",화자가 그림을 다시 그리고 싶다는 생각을 하게 된 계기는 무엇이었나요?,잘 모르겠음,친구가 그림을 그려달라고 해서,친구와 산책하며 어릴 적 그림을 좋아했다는 이야기를 나눈 후,스케치북을 새로 샀기 때문에,친구와 산책하며 어릴 적 그림을 좋아했다는 이야기를 나눈 후,3,166
취미생활,창작활동을 시작하게 된 계기,170,"몇 달 전 친구와의 대화 중 그림 그리는 취미가 있다는 이야기를 듣고 갑자기 내 안에 있던 창작에 대한 호기심이 자극되었다. 평소엔 미술에 큰 관심이 없었는데, 친구가 직접 만든 소품이나 그림을 보여주며 느낀 자부심이 인상 깊었다. 그날 이후 나도 작은 스케치북을 사서 매일 한 장씩 그림을 그리기 시작했고, 생각보다 나만의 감정을 표현하는 것이 즐겁다는 걸 알게 되었다. 이 취미를 시작하며 내 일상이 훨씬 더 다채로워졌다.",화자가 창작활동을 시작하게 된 가장 직접적인 계기는 무엇이었나요?,잘 모르겠음,친구의 그림 실력을 부러워해서,친구가 그림을 그린다는 이야기를 듣고 호기심이 생겨서,스스로 미술에 대한 관심이 많아서,친구가 그림을 그린다는 이야기를 듣고 호기심이 생겨서,3,175
취미생활,첫 킥보드 경험 이야기,170,"며칠 전 친구가 전동 킥보드를 빌려줬다며 타보라고 해서 망설이다가 결국 도전해봤다. 처음 올라탔을 땐 균형 잡는 게 생각보다 어려웠지만, 친구가 옆에서 잡아줘서 조금씩 자신감이 생겼다. 시속을 천천히 올리면서 바람을 맞으니 기분이 상쾌해졌다. 중간에 잠깐 브레이크 잡는 걸 깜빡해서 약간 휘청였지만, 다행히 넘어지진 않았다. 다음엔 혼자서도 탈 수 있을 것 같다는 생각이 들었다.",내가 킥보드를 처음 탈 때 옆에서 도와준 사람은 누구였나요?,잘 모르겠음,동생,친구,이웃,친구,3,161
취미생활,첫 킥보드 경험 이야기,170,"며칠 전 친구가 전동 킥보드를 빌려줘서 처음으로 타보게 됐다. 처음엔 출발하는 방법도 몰라 한참을 어색하게 서 있었는데, 친구가 가르쳐준 대로 천천히 페달을 밟으니 금방 앞으로 나아갔다. 바람을 맞으며 골목길을 달릴 때는 생각보다 속도가 빨라 살짝 무섭기도 했지만, 곧 익숙해져서 신나게 웃으며 친구와 나란히 달렸다. 처음엔 넘어질까봐 걱정했지만 다행히 무사히 집까지 돌아올 수 있어 뿌듯했다.",발화에서 화자가 킥보드를 처음 탈 때 어떤 감정을 느꼈는가?,잘 모르겠음,처음부터 아주 자신감이 있었다.,처음엔 어색하고 걱정됐지만 곧 익숙해졌다.,처음부터 두려워서 시도하지 않았다.,처음엔 어색하고 걱정됐지만 곧 익숙해졌다.,3,167
취미생활,첫 킥보드 경험 이야기,170,"며칠 전 친구가 전동킥보드를 빌려줬다. 처음엔 조심스럽게 출발 버튼을 눌렀는데 생각보다 빠르게 앞으로 나가 깜짝 놀랐다. 균형을 잡는 게 쉽지 않아 몇 번이나 휘청거렸고, 특히 커브를 돌 때는 온 신경을 발끝에 집중했다. 중간에 비둘기가 길을 가로질러 잠깐 멈춰 서기도 했다. 도착하니 손에 땀이 맺혀 있었지만 신선한 바람을 맞으며 이동하는 느낌이 무척 짜릿했다.",발화에서 내가 킥보드를 타다 잠깐 멈추게 된 원인은 무엇이었나?,잘 모르겠음,신호등이 빨간불이어서,비둘기가 길을 가로질러서,킥보드 배터리가 다 닳아서,비둘기가 길을 가로질러서,3,152
취미생활,첫 킥보드 경험 이야기,170,"친구가 전동 킥보드를 빌려줘서 처음으로 타봤던 날이 기억난다. 평소엔 겁이 많아 망설였지만, 친구가 옆에서 천천히 설명해주고 직접 시범도 보여주어서 용기를 낼 수 있었다. 처음에는 출발할 때 균형을 잡기 힘들었지만, 몇 번 반복하니 바람을 가르며 달리는 기분이 정말 상쾌했다. 짧은 거리였지만, 평소에 느껴보지 못한 자유로움과 작은 성취감이 하루 종일 기분 좋게 남았다.",발화에서 킥보드를 처음 탈 때 누가 설명을 해주었는가?,잘 모르겠음,아버지,친구,혼자 배웠다,친구,3,157
취미생활,취미를 통해 배운 가장 중요한 교훈,170,"새로운 것을 배우는 데 주저하던 내게 도자기 공방에서의 첫 경험은 큰 변화를 주었다. 처음엔 손끝이 서툴러 계속 작품이 망가졌고, 실수할 때마다 포기하고 싶었지만 선생님이 조용히 옆에서 기다려 주셨다. 어느 날은 흙을 빚다 우연히 예쁜 무늬가 나와서 기뻤고, 그 순간 실수도 과정의 일부임을 느꼈다. 도자기를 만들며 꾸준히 시도하는 것이 결국 나를 성장시킨다는 중요한 교훈을 얻었다.",도자기 공방에서 내가 깨달은 가장 중요한 교훈은 무엇과 관련이 있었나요?,잘 모르겠음,실수도 과정의 일부임을 깨달음,빠르게 완성하는 법을 배움,새로운 취미를 친구들과 함께함,실수도 과정의 일부임을 깨달음,2,161
취미생활,취미를 통해 배운 가장 중요한 교훈,170,"몇 달 전부터 도자기 만들기에 빠져서 주말마다 공방에 다니고 있다. 처음에는 흙이 내 손에서 전혀 뜻대로 움직이지 않아 실망스럽기도 했지만, 점차 손끝에 집중하고 천천히 모양을 다듬는 과정에서 인내심을 배웠다. 완성된 작품이 매번 완벽하지는 않지만, 노력과 시간이 쌓이면 분명 나만의 개성이 드러난다는 사실을 깨달았다.",도자기 만들기를 통해 내가 배운 가장 중요한 교훈은 무엇이었는가?,잘 모르겠음,모든 작품이 완벽해야 한다는 점,인내심과 시간의 중요성,빠른 결과가 가장 좋다는 점,인내심과 시간의 중요성,3,136
취미생활,취미를 통해 배운 가장 중요한 교훈,170,"최근에 친구의 권유로 도자기 공예를 시작하게 되었는데, 처음엔 손에 흙이 묻는 게 어색하고 작품이 자꾸 망가져서 답답했다. 하지만 여러 번 실패를 겪으면서 완벽하지 않아도 괜찮다는 생각을 하게 되었고, 완성된 작품을 보며 스스로 뿌듯함을 느꼈다. 이 취미를 통해 느긋하게 과정 자체를 즐기는 법을 배웠고, 실패도 성장의 일부라는 교훈을 얻었다.",도자기 공예를 하면서 내가 가장 크게 배운 점은 무엇인가요?,잘 모르겠음,손에 흙 묻는 것을 두려워하지 않는 법,실패도 성장의 일부라는 점,완벽한 작품만이 가치 있다는 점,실패도 성장의 일부라는 점,3,145
취미생활,취미를 통해 배운 가장 중요한 교훈,170,"집에서 시간을 보내는 게 지루하게 느껴지던 어느 날, 친구가 추천해준 수채화 그리기를 시작하게 됐다. 처음엔 물감이 번져서 원하는 색을 내기 어려웠고, 실수할 때마다 금방 좌절했었다. 하지만 조금씩 연습하다 보니 실패도 그림의 일부가 될 수 있다는 걸 알게 됐다. 완벽하지 않아도 내 손으로 그린 그림은 특별하게 느껴졌고, 실수에 너무 얽매이지 않고 과정 자체를 즐기는 것이 얼마나 중요한지 깨달았다. 덕분에 다른 일상에서도 스스로를 덜 탓하게 되었다.",발화자가 수채화 그리기를 통해 배운 가장 중요한 교훈은 무엇이었나요?,잘 모르겠음,실패한 그림은 버려야 한다는 것,과정을 즐기고 실수를 받아들이는 것이 중요하다는 것,색을 정확하게 섞는 방법을 익히는 것이 필요하다는 것,과정을 즐기고 실수를 받아들이는 것이 중요하다는 것,3,190
취미생활,취미생활을 통해 만난 사람들,170,"수요일 저녁마다 참여하는 사진 동호회에서는 매번 새로운 이야기가 펼쳐진다. 지난주에는 처음 본 민수라는 분이 자신의 흑백사진 작품집을 가져와서 다 같이 감상했는데, 각 사진에 얽힌 사연을 들으며 시간 가는 줄 몰랐다. 특히 동물원에서 찍었다는 코끼리 사진이 인상적이었다. 이야기를 나누다 보니, 같은 취미를 가진 사람들과는 금방 친해질 수 있다는 사실을 새삼 느꼈다.",사진 동호회에서 민수가 가져온 것은 무엇이었나요?,잘 모르겠음,자신이 그린 그림집,자신의 흑백사진 작품집,코끼리 인형,자신의 흑백사진 작품집,3,156
취미생활,취미생활을 통해 만난 사람들,170,"요즘 주말마다 참여하는 도예 공방에서 새로운 친구를 사귀게 되었다. 처음 만난 날은 서로 어색했지만, 흙을 만지며 자연스럽게 대화가 이어졌다. 특히 민지라는 친구는 나와 비슷한 취향을 가지고 있어서, 우리가 만든 머그잔 색깔을 고를 때도 의견이 척척 맞았다. 수업이 끝난 후엔 근처 카페에 들러 우리가 만든 작품에 대해 이야기하며 더 친해졌다. 이런 소소한 시간이 나에게 큰 활력이 되는 것 같다.",도예 공방에서 새로 사귄 친구와 어떤 점에서 취향이 비슷하다고 느꼈는가?,잘 모르겠음,좋아하는 음악이 같아서,머그잔 색깔을 고를 때 의견이 잘 맞아서,좋아하는 음식이 같아서,좋아하는 음악이 같아서,2,165
취미생활,취미생활을 통해 만난 사람들,170,"요가 동호회에 처음 나갔을 때는 낯선 사람들과 어색함이 컸지만, 몇 번 모임을 거치면서 자연스럽게 친해졌다. 특히 지난주에는 세미나 끝나고 지혜 씨와 근처 카페에서 허브차를 마시며 서로의 취미 이야기를 나눴다. 그 자리에서 지혜 씨가 수제 비누 만드는 법을 알려주겠다고 약속해줘서 다음 모임이 벌써 기대된다.",화자는 요가 동호회 모임 이후 지혜 씨와 무엇을 하며 시간을 보냈나요?,잘 모르겠음,함께 영화관에 갔다,카페에서 허브차를 마셨다,공원에서 산책을 했다,카페에서 허브차를 마셨다,3,130
취미생활,취미생활을 통해 만난 사람들,170,"최근에 수채화 동호회에 가입하게 되면서 매주 금요일마다 모임에 참석하고 있다. 지난 모임에서 처음 본 지연이라는 분과 함께 풍경화를 그렸는데, 그녀가 사용하는 색 조합이 인상적이었다. 그림을 그리는 동안 서로의 작업 방식에 대해 이야기하며 자연스럽게 친해졌고, 끝나고 근처 카페에서 따뜻한 차를 마시며 서로의 그림에 대해 감상도 나눴다. 이런 만남이 취미를 더 즐겁게 해주는 것 같다.",발화자가 지연과 함께 했던 활동이 아닌 것은 무엇인가요?,잘 모르겠음,풍경화 그리기,카페에서 차 마시기,동호회에서 요리하기,동호회에서 요리하기,4,163
취미생활,다이빙을 통해 보는 바다의 아름다움,170,"잠수복을 챙겨 입고 배를 타고 바다로 나갔다. 물에 들어가자마자 파란빛이 가득한 세상이 펼쳐졌다. 작은 물고기 떼가 내 옆을 스치고, 산호초 사이로 노란색 해마 한 마리가 느릿하게 움직였다. 수면 위에서는 느낄 수 없는 고요함과 신비로움이 나를 감쌌고, 내가 숨을 쉴 때마다 나오는 기포가 햇빛에 반짝였다. 오랜만에 바다 밑을 바라보며 자연이 주는 평온함에 감사함을 느꼈다.",발화자가 바다에서 본 해양 생물로 언급된 것은 무엇인가요?,잘 모르겠음,노란색 해마,푸른색 돌고래,빨간색 문어,노란색 해마,2,157
취미생활,다이빙을 통해 보는 바다의 아름다움,170,며칠 전 친구와 함께 처음으로 스쿠버다이빙을 경험했다. 물속으로 천천히 들어가자마자 시야에 펼쳐진 산호초와 알록달록한 물고기들이 너무 인상적이었다. 평소엔 사진으로만 보던 바다 풍경을 실제로 눈앞에서 보는 느낌이 정말 색달랐다. 특히 바닥 가까이에 서식하는 작은 해마를 발견했을 때는 숨을 참은 채 조심스럽게 관찰했다. 물속에서 들리는 내 호흡 소리와 잔잔한 파도 소리가 어우러져 마음까지 평온해진 하루였다.,화자가 다이빙 중에 특별히 관찰한 해양 생물은 무엇이었나요?,잘 모르겠음,거북이,해마,문어,해마,3,176
취미생활,다이빙을 통해 보는 바다의 아름다움,170,"며칠 전 친구들과 제주에서 다이빙을 했는데, 물속으로 들어가자마자 산호와 알록달록한 물고기들이 눈앞에 펼쳐졌어. 처음엔 숨쉬기나 균형 잡는 게 쉽지 않았지만, 조금씩 익숙해지면서 바다 밑에서 유유히 헤엄치는 거북이도 가까이에서 볼 수 있었지. 수면 위로 올라올 때는 물속에서 봤던 푸른 빛과 고요함이 계속 머릿속에 맴돌아서, 다시 일상으로 돌아와도 그 여운이 쉽게 가시질 않더라.",내가 다이빙을 하며 가까이에서 본 해양 생물은 무엇이었나?,잘 모르겠음,상어,거북이,문어,거북이,3,162
취미생활,다이빙을 통해 보는 바다의 아름다움,170,"파란 하늘 아래 선착장에서 장비를 점검할 때부터 심장이 뛰기 시작했다. 물에 들어가면 햇빛이 수면 위에서 반짝이고, 산호 사이를 유영하는 물고기 떼가 장관이었다. 특히 노란색과 파란색이 섞인 작은 물고기들이 내 곁을 따라오던 순간은 정말 잊을 수 없었다. 바닥에 앉아 조용히 숨을 고르며 주변을 바라보는 시간이 그 무엇보다 평화로웠다. 다이빙을 통해 바다가 얼마나 다양한 생명체와 색으로 가득 차 있는지 새삼 실감했다.",발화자가 다이빙 중에 곁을 따라온 물고기는 어떤 색이 섞여 있었다고 했나요?,잘 모르겠음,노란색과 파란색,초록색과 빨간색,하얀색과 검은색,노란색과 파란색,2,176
취미생활,등산을 통한 자연과의 소통 경험,170,"며칠 전, 친구와 함께 근교 산에 올랐던 기억이 아직도 생생하다. 오르막길을 따라 걷다가 잠시 숨을 고르며 주변을 둘러보니, 나뭇잎 사이로 부드럽게 스며드는 햇살과 멀리서 들려오는 새소리가 일상의 번잡함을 잊게 해줬다. 정상에 도착해 도시 풍경을 내려다보며, 자연과 조용히 대화하는 듯한 기분이 들었다. 내려오는 길에는 산딸기를 발견해 친구와 함께 나눠 먹으며 웃음이 끊이지 않았다.",발화에서 화자가 산 정상에 도착해 느꼈던 감정에 가장 가까운 것은 무엇인가요?,잘 모르겠음,피곤함,자연과의 교감,배고픔,자연과의 교감,3,163
취미생활,등산을 통한 자연과의 소통 경험,170,"한 달 전쯤, 평소와 달리 혼자 산에 오르기로 결심했다. 처음엔 나무와 바람 소리만 들리니 조금 외로운 느낌도 있었지만, 점점 주변의 새소리와 숲 내음, 발밑의 흙 감촉에 집중하게 되었다. 정상 근처에서 만난 다람쥐가 내 옆을 뛰어다니는 모습을 보고, 자연과 가까워진 느낌이 들어서 왠지 모르게 마음이 편안해졌다. 내려오는 길에는 작은 개울가에 잠시 앉아 흐르는 물 소리를 들으며 시간을 보내기도 했다.",등산 중 정상 근처에서 나를 기분 좋게 만든 동물은 무엇이었나요?,잘 모르겠음,토끼,다람쥐,고양이,다람쥐,3,168
취미생활,등산을 통한 자연과의 소통 경험,170,"주말에 친구와 함께 근처 산에 올랐다. 평소보다 날씨가 맑아서 멀리까지 경치가 잘 보였다. 등산로를 따라 걷다 보니 바람에 나뭇잎이 흔들리는 소리와 새들의 지저귐이 조용하게 어울려 마음이 차분해졌다. 정상에 도착해서는 눈앞에 펼쳐진 푸른 산줄기와 하늘을 한참 바라보며, 도시에서는 느끼기 힘든 자연의 여유로움을 만끽할 수 있었다.",등산을 하면서 화자가 자연을 가까이에서 느낀 순간은 무엇이었는가?,잘 모르겠음,비가 오는 소리를 들을 때,정상에서 산줄기와 하늘을 바라볼 때,도시의 소음을 들을 때,정상에서 산줄기와 하늘을 바라볼 때,3,141
취미생활,등산을 통한 자연과의 소통 경험,170,"며칠 전에는 평소와 다르게 혼자가 아니라 친구와 함께 근처에 있는 산을 올랐다. 오랜만에 신선한 공기를 마시며 산길을 걷다 보니 일상에서 느끼지 못했던 다양한 새소리와 나뭇잎 사이로 스며드는 햇살을 더 잘 느낄 수 있었다. 정상에 다다르니 친구와 자연스럽게 이런 순간을 공유하는 소중함에 대해 이야기하게 되었고, 평소에는 대수롭지 않게 여겼던 주변 풍경들이 더 특별하게 다가왔다.",산을 오르며 내가 친구와 함께 공감했던 주제는 무엇이었나요?,잘 모르겠음,정상에서 먹은 음식의 맛,자연과 함께하는 순간의 소중함,등산 장비의 최신 트렌드,자연과 함께하는 순간의 소중함,3,160
취미생활,미술 작품 완성 후의 희열,170,"며칠 전, 캔버스 앞에 앉아 붓을 드는 순간부터 마음이 설레기 시작했다. 색을 섞어가며 생각지 못한 색감이 만들어질 때마다 집중력이 높아졌다. 그림을 완성하고 나니 작품을 바라보는 동안 손끝의 떨림과 몰입의 흔적이 고스란히 남아 있다는 생각에 뿌듯함이 밀려왔다. 평소와는 다르게 이번엔 노란색을 배경에 넓게 써서 전체 분위기가 밝아졌던 것도 만족스러웠다.",이번에 완성한 미술 작품에서 화자는 어떤 색을 배경에 주로 사용했다고 했나요?,잘 모르겠음,파란색,초록색,노란색,노란색,4,151
취미생활,미술 작품 완성 후의 희열,170,"며칠 동안 색칠에 공을 들인 유화가 오늘 드디어 완성되었다. 처음엔 캔버스가 너무 커서 부담이 컸지만, 점차 색을 입히면서 몰입하게 되었고, 마지막 붓질을 할 때는 숨을 멈출 정도로 긴장됐다. 그림을 세워두고 멀리서 바라보니, 내가 상상했던 풍경이 실제로 펼쳐져 있다는 사실에 가슴이 벅차올랐다. 가족들도 환하게 웃으며 칭찬해줬고, 그제야 모든 피로가 눈 녹듯이 사라지는 것 같았다.",발화자가 유화를 완성한 뒤 가족들이 보인 반응은 무엇이었는가?,잘 모르겠음,무관심하게 지나쳤다,환하게 웃으며 칭찬해줬다,그림에 대해 지적을 했다,환하게 웃으며 칭찬해줬다,3,162
취미생활,미술 작품 완성 후의 희열,170,"캔버스에 물감을 한 겹 한 겹 쌓아가며 색이 조금씩 어우러지는 걸 보는 순간마다 몰입하게 된다. 어느새 손끝에 힘이 들어가고, 마지막 붓질을 끝냈을 때 마음이 뿌듯해진다. 완성된 그림을 창가에 세워 두고 멀리서 바라봤는데, 처음 구상했던 이미지보다 더 따뜻한 느낌이 묻어 나와 한참을 바라봤다. 그날따라 평소보다 색감을 과감하게 써서인지, 작품이 내 감정을 잘 담아낸 것 같아 오랜만에 진한 희열을 느꼈다.",발화자가 작품을 완성하고 느낀 특별한 점은 무엇이었나요?,잘 모르겠음,처음 구상한 이미지와 완전히 달라서 실망했다.,평소보다 색감을 과감하게 써서 감정이 잘 담긴 것 같았다.,작품을 완성하지 못해 아쉬웠다.,평소보다 색감을 과감하게 써서 감정이 잘 담긴 것 같았다.,3,170
취미생활,미술 작품 완성 후의 희열,170,"며칠 동안 머릿속에만 맴돌던 풍경을 캔버스에 옮기기 시작했다. 색감을 고르고 붓질 하나하나에 신경을 쓰다 보니 시간 가는 줄 몰랐다. 완성된 그림을 몇 걸음 떨어져 바라보니, 내가 상상했던 모습과 거의 비슷하게 나와서 스스로도 놀랐다. 작은 디테일까지 신경 쓴 덕분에 그림이 더 생동감 있게 느껴졌고, 작업을 끝낸 순간에는 뿌듯함이 밀려왔다. 완성된 작품을 가족에게 보여주니 모두가 감탄해 줘서 그 기쁨이 두 배가 되었다.",작품을 완성한 후 가족의 반응은 어땠나요?,잘 모르겠음,무관심했다,감탄해 주었다,비판했다,감탄해 주었다,3,177
취미생활,요리를 통해 느낀 성취감,170,"며칠 전 친구들이 집에 놀러 온다고 해서 평소에 해보고 싶었던 감바스를 직접 만들어보기로 결심했다. 처음엔 마늘을 너무 두껍게 썰어서 살짝 걱정됐지만, 올리브유에 새우와 마늘을 넣고 천천히 익히니 주방에 고소한 향이 가득 퍼졌다. 친구들이 한입 맛보고는 생각보다 훨씬 맛있다며 칭찬해줘서 정말 뿌듯했다. 직접 요리한 음식을 함께 나누는 순간, 그동안 레시피를 찾아보고 연습했던 시간이 헛되지 않았다는 생각이 들었다.",내가 감바스를 만들 때 실수한 부분은 무엇이었나요?,잘 모르겠음,올리브유를 적게 썼다,마늘을 너무 두껍게 썰었다,새우를 너무 오래 익혔다,마늘을 너무 두껍게 썰었다,3,177
취미생활,요리를 통해 느낀 성취감,170,"요즘에는 새로운 요리 레시피를 시도하는 것이 큰 즐거움이 되었다. 며칠 전에는 평소보다 손이 많이 가는 라자냐를 직접 만들어보았다. 처음엔 재료 준비부터 소스를 만드는 과정까지 어렵게 느껴졌지만, 오븐에서 노릇하게 구워진 라자냐를 꺼내 가족들과 함께 나눠먹으니 뿌듯함이 밀려왔다. 특히 동생이 평소엔 야채를 잘 안 먹는데 내가 만든 라자냐는 맛있다며 두 번이나 더 먹어서 기분이 정말 좋았다.",화자가 요리를 통해 성취감을 느낀 직접적인 계기는 무엇이었나요?,잘 모르겠음,직접 만든 라자냐를 혼자 다 먹어서,동생이 만든 라자냐를 맛있게 먹고 더 달라고 해서,새로운 레시피를 인터넷에서 찾아서,동생이 만든 라자냐를 맛있게 먹고 더 달라고 해서,3,166
취미생활,요리를 통해 느낀 성취감,170,"며칠 전 집에 있던 재료로 평소 도전해보고 싶었던 토마토 리조또를 만들어봤다. 레시피를 보며 하나하나 따라 했는데, 처음엔 밥이 질어질까봐 걱정됐다. 하지만 불 조절을 신경 써가며 계속 저으니 어느 순간 고소한 냄새와 함께 완성된 리조또를 보게 되었고, 가족들도 맛있다고 칭찬해줘서 정말 뿌듯했다. 내가 직접 만든 음식을 누군가와 나누는 기쁨이 이렇게 클 줄 몰랐다.",발화자가 요리를 하면서 가장 걱정했던 점은 무엇이었나요?,잘 모르겠음,재료가 부족할까봐,밥이 질어질까봐,간이 너무 셀까봐,밥이 질어질까봐,3,154
취미생활,요리를 통해 느낀 성취감,170,"며칠 전, 평소엔 시도하지 않던 까르보나라를 직접 만들어 보기로 했어. 레시피를 찾아가며 베이컨을 볶고, 달걀과 치즈를 섞어 소스를 준비하는 과정이 생각보다 까다로웠지. 파스타 면이 알맞게 익었을 때 소스를 넣으며 재빨리 섞어야 했는데, 순간 너무 익힐까 봐 조마조마했어. 완성된 파스타를 접시에 담아 한 입 먹어보니, 부드러운 소스와 짭조름한 베이컨이 조화를 이뤄 스스로 뿌듯함을 느꼈어. 직접 만든 음식이 주는 만족감이 이렇게 클 줄은 몰랐지.",발화자가 요리한 음식의 소스를 만들 때 사용한 재료로 언급된 것은 무엇인가요?,잘 모르겠음,생크림과 버터,달걀과 치즈,토마토와 바질,달걀과 치즈,3,189
취미생활,책 읽기를 통한 여행의 행복,170,"지난주에 동생이 추천해준 여행 에세이 한 권을 읽었다. 책 속에서 작가는 혼자서 남미 여러 나라를 다녔던 경험을 풀어내는데, 마치 내가 그곳을 함께 걷는 느낌이 들었다. 특히 볼리비아 소금사막을 묘사할 때는 나도 모르게 상상 속에서 하얀 소금 평원을 누비고 있었다. 실제로 여행을 떠나지는 못했지만, 책을 통해 새로운 풍경과 문화를 만나는 행복을 느낄 수 있었다.",화자가 상상 속에서 걷는 듯한 기분을 느꼈던 장소는 어디였나요?,잘 모르겠음,아프리카 사막,볼리비아 소금사막,호주 해변,볼리비아 소금사막,3,151
취미생활,책 읽기를 통한 여행의 행복,170,"며칠 전, 도서관에서 우연히 빌린 소설 한 권에 완전히 빠져들었다. 주인공이 유럽의 작은 마을들을 여행하는 내용이었는데, 실제로 그곳에 가본 적은 없지만 책을 읽으며 풍경과 향기, 사람들의 목소리까지 상상할 수 있었다. 책 한 권으로 낯선 곳을 걷고, 새로운 사람들과 대화하는 기분이 들어서 현실에서는 느끼기 어려운 설렘을 경험했다. 집에 있으면서도 마치 긴 여행을 다녀온 듯한 행복감에 푹 빠졌다.",화자는 어떤 방식으로 여행의 설렘을 느꼈다고 말하고 있나요?,잘 모르겠음,실제로 유럽을 여행하며,책을 읽으며 상상으로,친구와 여행 계획을 세우며,실제로 유럽을 여행하며,2,168
취미생활,책 읽기를 통한 여행의 행복,170,"창밖에 비가 내리던 어느 오후, 소파에 앉아 책 한 권을 펼쳤다. 책 속 주인공이 작은 유럽 도시를 여행하는 장면이 나왔는데, 마치 내가 그 골목길을 직접 걷는 기분이 들어 두근거렸다. 실제로 여행을 떠나지 않아도 다양한 풍경과 문화를 만날 수 있다는 사실에 감탄하며, 책 한 권이 주는 상상 여행의 행복을 다시 한 번 느꼈다. 그렇게 짧은 시간 동안 현실의 걱정을 잠시 잊고 마음이 한결 가벼워졌다.",화자는 책을 읽으며 어떤 도시를 여행하는 주인공 이야기를 접했습니까?,잘 모르겠음,작은 유럽 도시,대도시 서울,남미의 해변 도시,작은 유럽 도시,2,162
취미생활,책 읽기를 통한 여행의 행복,170,"며칠 전부터 읽기 시작한 소설 덕분에 요즘 집에서도 여행하는 기분을 만끽하고 있다. 책 속 주인공이 낯선 해변 마을을 걷는 장면을 읽을 때면 바닷바람 소리가 귓가에 들리는 듯했고, 길모퉁이 작은 카페에서 커피를 마시는 묘사를 보며 나도 그곳에 함께 있는 느낌이 들었다. 직접 떠나지 못해도 책 한 권이면 충분히 새로운 세상을 경험할 수 있다는 사실이 새삼 감사하게 느껴졌다.",책을 읽으며 화자가 가장 크게 느낀 점은 무엇이었나요?,잘 모르겠음,주인공이 여행을 많이 다녔다는 사실,집에서도 책으로 여행의 기분을 느낄 수 있다는 점,카페에서 커피를 마시는 장면이 재미있었다는 점,집에서도 책으로 여행의 기분을 느낄 수 있다는 점,3,154
친구와의 관계,친구 앞에서 가장 편안했던 순간,170,"며칠 전 비가 억수같이 쏟아지던 저녁에 친구 지현이랑 아무 계획도 없이 집에서 뒹굴며 라면을 끓여먹었다. 각자 침대에 누워서 아무 말 없이 서로 핸드폰만 하다가 갑자기 동시에 같은 영상을 보고 깔깔거리며 웃었던 순간이 있다. 그때 우리는 굳이 애써 대화하지 않아도 자연스럽게 편안함을 느꼈고, 오랜만에 마음이 정말 가벼워지는 경험을 했다. 이런 시간 덕분에 지현이와의 우정이 더욱 소중하게 느껴졌다.",발화자와 친구 지현이가 집에서 함께한 활동은 무엇이었나요?,잘 모르겠음,요리 대회를 열었다.,라면을 끓여먹으며 각자 핸드폰을 했다.,함께 책을 읽었다.,라면을 끓여먹으며 각자 핸드폰을 했다.,3,168
친구와의 관계,친구 앞에서 가장 편안했던 순간,170,"며칠 전 친구와 함께 한강공원에 돗자리를 깔고 앉아 있었던 시간이 아직도 기억에 남는다. 서로 각자 도시락을 싸왔는데, 나는 김밥이랑 오이를 준비했고 친구는 치킨을 사왔다. 별다른 대화 없이도 그냥 음악을 같이 들으며 하늘을 바라보고 있었는데, 묘하게 아무런 부담도 없고 마음이 편안했다. 그때 내가 갑자기 졸려서 잠깐 누웠더니, 친구가 아무 말 없이 내 옆에서 조용히 책을 읽어주는 모습이 고마웠다.","내가 한강공원에서 친구와 시간을 보낼 때, 친구가 내가 잠깐 누웠을 때 한 행동은 무엇이었나요?",잘 모르겠음,내 도시락을 먹었다,조용히 책을 읽어줬다,음악을 크게 틀었다,조용히 책을 읽어줬다,3,168
친구와의 관계,친구 앞에서 가장 편안했던 순간,170,"며칠 전 비가 오던 날, 친구 민지와 아무 약속 없이 집 근처 카페에 갔어요. 각자 커피를 마시면서 따로 대화도 없이 핸드폰을 하거나 멍하니 창밖을 바라봤죠. 누군가와 같이 있으면서도 굳이 이야기를 나누지 않아도 어색하지 않은 그 순간이 정말 편안하게 느껴졌어요. 민지와는 침묵조차도 부담 없이 공유할 수 있어서, 그날 이후로 더 가까워진 느낌이 들어요.","비가 오던 날, 화자가 친구 민지와 함께 카페에서 한 행동으로 알맞은 것은?",잘 모르겠음,서로 책을 읽으며 토론했다,조용히 각자 핸드폰을 하거나 창밖을 바라봤다,게임을 하며 크게 웃었다,조용히 각자 핸드폰을 하거나 창밖을 바라봤다,3,147
친구와의 관계,친구 앞에서 가장 편안했던 순간,170,"며칠 전 저녁, 갑자기 비가 쏟아져서 친구와 근처 카페에 들어가게 됐어. 서로 젖은 옷을 보며 우스꽝스럽게 웃다가, 아무 말 없이 창밖의 비를 구경했지. 따뜻한 커피를 나눠 마시면서 서로의 고민도 자연스럽게 털어놓았어. 그 순간엔 어색함이나 불필요한 겉치레 없이 오롯이 편안하게 있을 수 있었던 것 같아. 친구와의 이런 조용한 시간이 나에게 큰 위로와 안정감을 줬다는 걸 새삼 느꼈어.",비를 피해 친구와 들어간 장소에서 두 사람이 함께 한 일은 무엇이었나요?,잘 모르겠음,영화를 감상했다,커피를 마시며 고민을 나눴다,보드게임을 했다,커피를 마시며 고민을 나눴다,3,160
친구와의 관계,친구와 처음 만난 이야기,170,"중학교 시절 도서관에서 우연히 한 친구와 마주쳤던 일이 기억난다. 그때 나는 혼자 앉아 책을 읽고 있었는데, 옆자리에 앉은 친구가 내가 읽던 책을 보고 관심을 보였다. 우리는 서로 좋아하는 작가에 대해 이야기하며 금세 가까워졌고, 도서관을 나서면서 같이 떡볶이를 먹으러 가기로 했다. 그날 처음 만났지만, 금세 마음이 통해 지금까지도 소중한 친구로 남아 있다.",내가 도서관에서 처음 만난 친구와 가까워진 계기는 무엇이었나요?,잘 모르겠음,같은 반이었기 때문,같은 책을 읽으며 이야기해서,체육 시간에 만났기 때문,같은 책을 읽으며 이야기해서,3,151
친구와의 관계,친구와 처음 만난 이야기,170,"초등학교 3학년 때 전학을 가서 처음으로 새로운 반에 들어갔던 날이 아직도 기억난다. 긴장한 채로 교실에 들어갔는데, 가장 먼저 다가와서 말을 걸어준 친구가 있었다. 그 친구는 내가 앉을 자리를 안내해주고, 쉬는 시간마다 이것저것 학교에 대해 알려주었다. 덕분에 낯선 환경에서 금방 적응할 수 있었고, 그 친구와는 지금까지도 연락하며 지내고 있다.","전학 첫날, 나에게 먼저 다가와 준 친구가 한 행동으로 알맞은 것은?",잘 모르겠음,내가 앉을 자리를 안내해주었다.,간식을 나눠주었다.,운동장을 구경시켜주었다.,내가 앉을 자리를 안내해주었다.,2,147
친구와의 관계,친구와 처음 만난 이야기,170,"학교 도서관에서 혼자 책을 읽고 있었는데, 옆자리에 낯선 학생이 앉아서 조용히 노트북을 꺼냈다. 우연히 그 친구가 읽던 책이 내가 가장 좋아하는 소설이어서 용기 내어 말을 걸었다. 서로 좋아하는 작가에 대해 이야기하다 보니 금세 분위기가 풀렸고, 이후로 도서관에서 마주칠 때마다 자연스럽게 인사를 나누게 되었다. 그때부터 우리는 점심시간에 함께 식사를 하기도 하고, 종종 책을 추천해주며 친해지기 시작했다.",내가 처음 친구와 말을 걸게 된 계기는 무엇이었나요?,잘 모르겠음,도서관에서 우연히 마주쳐서,친구가 읽던 책이 내가 좋아하는 소설이라서,같은 수업을 들어서,친구가 읽던 책이 내가 좋아하는 소설이라서,3,173
친구와의 관계,친구와 처음 만난 이야기,170,"초등학교 5학년 때 전학을 가서 새로운 반에 들어갔을 때를 아직도 잊지 못한다. 수업이 끝나고 혼자 책상에 앉아 있었는데, 한 여자아이가 다가와서 같은 만화책을 좋아하냐고 물어봤다. 그 덕분에 금방 친해졌고, 점심시간마다 그 친구와 만화 주인공 이야기를 하며 놀았다. 그 친구 덕분에 낯선 학교생활이 한결 편안해졌던 기억이 난다.",발화자가 새로 전학 온 학교에서 친구와 친해지게 된 계기는 무엇이었나요?,잘 모르겠음,같은 운동을 좋아해서,같은 만화책을 좋아해서,같은 반에서 자주 만났기 때문에,같은 만화책을 좋아해서,3,139
친구와의 관계,친구와의 다툼과 화해 이야기,170,"며칠 전, 친구 민지와 사소한 오해로 크게 다투었다. 서로 감정이 상해서 한동안 연락을 피하다가, 어제 저녁에 민지에게 용기 내어 먼저 연락했다. 메시지를 보내면서도 혹시나 민지가 아직 화가 풀리지 않았을까 걱정했지만, 예상과 달리 민지도 내 마음을 이해해주고 서로 오해를 푸는 긴 대화를 나눴다. 덕분에 예전처럼 편하게 웃으며 이야기할 수 있게 되어 정말 다행이었다.",내가 친구 민지와 화해하게 된 계기는 무엇이었나요?,잘 모르겠음,민지가 먼저 사과해서,내가 먼저 연락해서,서로 우연히 마주쳐서,내가 먼저 연락해서,3,155
친구와의 관계,친구와의 다툼과 화해 이야기,170,"며칠 전, 동호와 사소한 오해로 크게 다투고 말았다. 각자 감정이 상해 서로 연락을 피했는데, 시간이 지나니 괜히 서운한 마음이 더 커졌다. 결국 내가 먼저 장문의 메시지를 보내 내 입장을 설명하고, 동호도 자신의 생각을 솔직하게 털어놓으면서 오해가 풀렸다. 오히려 이번 일을 계기로 서로를 더 잘 이해하게 된 느낌이 들어서 마음이 한결 가벼워졌다.",발화자와 동호가 화해하는 계기가 된 것은 무엇이었나요?,잘 모르겠음,동호가 먼저 사과해서,발화자가 먼저 장문의 메시지를 보내서,서로 우연히 길에서 마주쳐서,발화자가 먼저 장문의 메시지를 보내서,3,145
친구와의 관계,친구와의 다툼과 화해 이야기,170,"며칠 전 친구와 사소한 오해로 다투게 되었는데, 그날은 서로 감정이 격해져서 말도 제대로 하지 못했다. 며칠이 지나자 괜히 마음이 불편해서 용기를 내어 친구에게 먼저 연락을 했다. 처음엔 어색했지만, 솔직하게 내 감정을 전하고 친구의 이야기도 들으면서 점차 오해가 풀렸다. 결국 둘 다 웃으면서 예전처럼 장난도 치고, 약속했던 영화도 함께 보기로 했다. 이번 일을 겪으며 서로의 입장을 이해하는 것이 얼마나 중요한지 다시 한 번 느끼게 되었다.",화자는 친구와의 오해를 풀기 위해 어떤 행동을 먼저 했는가?,잘 모르겠음,직접 만나서 사과했다,먼저 연락을 했다,편지를 써서 보냈다,먼저 연락을 했다,3,185
친구와의 관계,친구와의 다툼과 화해 이야기,170,"며칠 전, 민지와 사소한 오해로 인해 언성이 높아졌던 일이 있었다. 평소엔 서로 농담도 잘 받아주는데, 그날따라 내가 예민하게 받아들였던 것 같다. 잠시 연락을 끊었지만, 시간이 지나고 내가 먼저 미안하다고 메시지를 보냈다. 민지도 바로 답장을 보내주며 오해였다는 걸 알게 됐다. 이후 우리는 직접 만나서 맛있는 케이크를 먹으며 서로의 기분을 솔직하게 얘기했다. 다투기 전보다 오히려 서로를 더 잘 이해하게 된 것 같아 한결 마음이 편해졌다.",화해를 위해 내가 민지에게 먼저 한 행동은 무엇이었나요?,잘 모르겠음,전화로 사과했다,메시지로 미안하다고 했다,케이크를 사줬다,메시지로 미안하다고 했다,3,185
친구와의 관계,친구와의 대화에서 얻은 깊은 인사이트,170,"며칠 전 카페에서 친구와 오랜만에 진지한 대화를 나누었다. 평소엔 가벼운 이야기가 많았지만, 이번엔 서로 고민하고 있는 일에 대해 솔직하게 털어놓게 되었다. 친구는 실패에 대한 두려움이 크다고 했는데, 오히려 그 경험들이 성장의 발판이 될 수 있다고 말했다. 그 이야기를 듣고 나 역시 나만 그런 줄 알았던 불안이 누구에게나 있을 수 있음을 깨달았다. 서로의 솔직함 덕분에 마음이 한결 가벼워졌고, 어려운 순간에도 서로를 지지할 수 있다는 믿음이 생겼다.",친구와의 대화에서 화자가 얻게 된 가장 큰 깨달음은 무엇이었나요?,잘 모르겠음,실패를 두려워하지 말라는 것이었다.,카페에서 공부하기가 어렵다는 것이었다.,친구가 자신을 질투하고 있었다는 것이었다.,실패를 두려워하지 말라는 것이었다.,2,190
친구와의 관계,친구와의 대화에서 얻은 깊은 인사이트,170,"며칠 전 산책을 하다가 오랜만에 만난 지현이와 카페에 들러 긴 대화를 나눴다. 요즘 고민이 많다고 털어놓자, 지현이는 자신도 비슷한 시기를 겪었다며, 그땐 완벽해지려고 애쓰기보다 부족함을 인정하는 게 오히려 편해졌다고 했다. 그 말이 참 깊이 와닿았고, 나 역시 내 모습 그대로를 받아들이는 연습을 해봐야겠다고 느꼈다. 평소 같으면 쉽게 지나쳤을 이야기지만, 그날은 지현이의 조언이 마음에 오래 남았다.",지현이가 친구에게 해준 조언의 핵심은 무엇이었나요?,잘 모르겠음,항상 완벽하게 행동하라고 말했다,부족함을 인정하는 게 편해질 수 있다고 말했다,힘들면 혼자서 해결하라고 말했다,항상 완벽하게 행동하라고 말했다,2,171
친구와의 관계,친구와의 대화에서 얻은 깊은 인사이트,170,"며칠 전, 오랜만에 지민이와 저녁을 먹으면서 각자 요즘 고민에 대해 이야기를 나눴다. 나는 일에 지쳐서 무기력하다고 털어놓았고, 지민이는 예전엔 작은 성취에도 스스로 칭찬했지만 요즘은 그걸 잊고 살았다고 했다. 그 말을 듣고 나도 내 스스로를 칭찬하거나 다독인 적이 언제였는지 떠올려봤다. 지민이와의 대화 덕분에 앞으로 작은 일이라도 나를 인정해주는 연습을 해보자는 생각이 들었다.",지민이가 최근에 자신이 잊고 지냈다고 말한 것은 무엇인가요?,잘 모르겠음,친구와 연락하는 것,스스로를 칭찬하는 것,운동을 하는 것,스스로를 칭찬하는 것,3,163
친구와의 관계,친구와의 대화에서 얻은 깊은 인사이트,170,"며칠 전 산책 중에 오랜만에 만난 지현이와 오랫동안 얘기를 나눴다. 고민이 많았던 내게 지현이는 자신도 예전에 비슷한 상황을 겪었다며, 어려운 순간일수록 자신의 감정과 생각을 솔직하게 받아들이는 것이 중요하다고 했다. 지현이의 경험담을 듣고 나니, 나만 힘든 게 아니라는 생각에 위로를 받았다. 집에 돌아오는 길에 마음이 한결 가벼워졌고, 앞으로 고민이 생기면 솔직하게 내 마음을 들여다보려고 다짐했다.",지현이가 내게 해준 조언의 핵심은 무엇이었나요?,잘 모르겠음,감정을 무시하라는 것,솔직하게 감정을 받아들이라는 것,고민을 남에게 털어놓지 말라는 것,솔직하게 감정을 받아들이라는 것,3,172
친구와의 관계,친구와의 뜻깊은 여행 경험,170,"며칠 전, 오랜만에 대학 시절 친구들과 바닷가로 여행을 다녀왔다. 처음엔 각자 바쁜 일정 때문에 모이는 게 쉽지 않았지만, 결국 모두 시간을 맞춰 만날 수 있었다. 해 질 무렵 모래사장에 앉아 서로의 근황을 나누고, 옛 추억을 이야기하며 많이 웃었다. 특히 내가 직접 준비한 작은 불꽃놀이를 함께 하며 사진도 남겼는데, 그 순간만큼은 학창 시절로 돌아간 듯했다. 오랜만에 이런 시간을 가져서인지, 모두들 다음 여행도 꼭 함께하자고 약속했다.",발화 내용에서 친구들이 함께 즐긴 활동은 무엇이었나요?,잘 모르겠음,바닷가에서 조개를 잡았다,작은 불꽃놀이를 했다,산 정상에서 일출을 봤다,작은 불꽃놀이를 했다,3,183
친구와의 관계,친구와의 뜻깊은 여행 경험,170,"며칠 전, 오랜만에 초등학교 때 친구들과 강릉으로 기차여행을 다녀왔다. 모두 각자의 삶에 바빠 자주 만나지 못했지만, 모처럼 시간을 맞춰 새벽 기차를 타고 떠나니 어린 시절로 돌아간 듯 설렜다. 해변에 앉아 파도를 바라보며 서로의 고민을 털어놓는 순간, 평소에 말하지 못했던 진솔한 이야기도 자연스럽게 나왔다. 여행의 마지막 밤에는 숙소 옥상에서 별을 보며 함께 미래에 대한 희망을 나눴는데, 이 시간이 우리 우정을 더 깊게 만들어준 것 같아 마음이 따뜻해졌다.",발화에서 친구들과의 여행 마지막 밤에 함께 했던 활동은 무엇인가요?,잘 모르겠음,해변에서 불꽃놀이를 했다,숙소 옥상에서 별을 보며 미래에 대한 이야기를 나눴다,바닷가에서 조개를 주웠다,숙소 옥상에서 별을 보며 미래에 대한 이야기를 나눴다,3,193
친구와의 관계,친구와의 뜻깊은 여행 경험,170,"지난달 비 오는 주말, 오랜만에 대학 시절 친구와 강릉으로 여행을 다녀왔다. 원래 계획했던 바다 산책은 빗속에 무산됐지만, 대신 작은 카페에서 따뜻한 커피를 마시며 서로의 근황을 깊이 나눌 수 있었다. 그동안 자주 못 만났던 아쉬움도 자연스레 풀렸고, 창밖으로 바다가 흐릿하게 보이던 풍경이 오래 기억에 남았다. 여행 마지막 날엔 친구가 직접 준비한 손편지를 건네줘서 감동받았고, 덕분에 우정이 더 단단해진 느낌이었다.",여행 마지막 날에 친구가 한 행동으로 인해 내가 느낀 감정은 무엇이었나요?,잘 모르겠음,실망감,감동,분노,감동,3,177
친구와의 관계,친구와의 뜻깊은 여행 경험,170,"중학교 졸업 후 오랜만에 친구 민지와 둘이서 기차를 타고 강릉에 다녀온 기억이 떠오른다. 바다를 바라보며 걷던 해변 산책길에서 서로의 고민을 깊이 나눴던 시간이 특히 소중했다. 그날 밤, 숙소에서 라면을 끓여 먹으며 파도 소리를 들었던 순간은 아직도 잊히지 않는다. 여행이 끝난 후에도 우리는 더 자주 연락하며 예전보다 훨씬 가까워졌다.",발화에서 친구와 강릉 여행 중 두 사람이 서로의 고민을 나누었던 장소는 어디였나요?,잘 모르겠음,기차 안,해변 산책길,숙소 방,해변 산책길,3,141
친구와의 관계,고등학교 동창회에서의 재회,170,"고등학교 졸업 후 처음으로 동창회에 참석하게 되어 조금 긴장했었다. 입구에서 예전에 친하게 지냈던 민호를 우연히 마주쳤는데, 어색할까 봐 걱정했던 것과 달리 예전처럼 자연스럽게 대화를 이어갈 수 있었다. 오랜만에 서로의 근황을 나누며 추억을 떠올리다가, 예전 수학여행 때 장난쳤던 일로 한참을 웃기도 했다. 특히 민호가 그날 처음으로 직접 운전해서 동창회장까지 왔다고 자랑스럽게 말하는 모습이 인상 깊었다.",민호가 동창회장에 올 때 자랑스럽게 말한 것은 무엇이었나요?,잘 모르겠음,새 정장을 입고 온 것,처음으로 직접 운전해서 온 것,회사에서 승진한 것,처음으로 직접 운전해서 온 것,3,174
친구와의 관계,고등학교 동창회에서의 재회,170,"며칠 전, 고등학교를 졸업한 지 꽤 됐는데 동창회에 참석하게 되었어. 오랜만에 보는 친구들이라 약간 어색할 줄 알았는데, 막상 만나니 예전 이야기로 금세 분위기가 풀렸지. 특히 체육대회 때 같이 이어달리기를 했던 민수랑은 그때 실수했던 일로 한참을 웃었어. 다들 각자의 길을 걷고 있지만, 고등학생 시절 얘기를 하다 보니 잠시나마 그 시절로 돌아간 기분이었어. 동창회 끝나고 민수랑 연락처도 다시 주고받았고, 다음엔 함께 농구하자고 약속했지.",동창회에서 발화자가 민수와 나눈 대화의 주제는 무엇이었나요?,잘 모르겠음,대학 생활,체육대회 이어달리기 실수,취업 준비,체육대회 이어달리기 실수,3,187
친구와의 관계,고등학교 동창회에서의 재회,170,"며칠 전 학교 근처 작은 식당에서 고등학교 동창들과 오랜만에 만나는 자리가 있었다. 서로의 근황을 나누며 예전 추억을 이야기하다 보니, 2학년 때 급식실에서 몰래 케이크를 나눠먹던 일까지 자연스럽게 떠올랐다. 특히 항상 조용했던 민수가 그때 케이크를 가져와서 우리 모두를 놀라게 했던 일이 아직도 선명하게 기억난다. 그날 민수는 다시 그 일화를 웃으며 이야기했고, 우리 모두 크게 웃었다.",동창회 자리에서 민수가 언급된 이유는 무엇인가요?,잘 모르겠음,민수가 급식실에서 노래를 불러서,민수가 케이크를 가져와서 친구들을 놀라게 했기 때문,민수가 선생님께 혼나서,민수가 케이크를 가져와서 친구들을 놀라게 했기 때문,3,164
친구와의 관계,고등학교 동창회에서의 재회,170,"몇 년 만에 고등학교 동창회에 참석하게 되어 조금 긴장했는데, 막상 가보니 예전과는 달라진 친구들의 모습이 신기했다. 특히 체육 시간마다 항상 짝이었던 민수는 예전처럼 유쾌하게 농담을 던져줬고, 서로의 근황을 이야기하다 보니 시간 가는 줄 몰랐다. 마지막에는 졸업식 때 찍은 단체 사진을 꺼내어 한참을 웃으며 추억을 되새겼다. 그날 이후로 예전보다 더 자주 연락하고 지내기로 약속했다.",동창회에서 졸업식 때의 무엇을 꺼내어 함께 봤는가?,잘 모르겠음,졸업식 때 사용한 교복,졸업식 때 찍은 단체 사진,졸업식 때 받은 상장,졸업식 때 찍은 단체 사진,3,163
친구와의 관계,친구와 함께한 뜻 깊은 순간,170,"평소에는 각자 바빠서 연락도 자주 못 하던 민지와 내가 며칠 전 갑작스럽게 비가 쏟아지던 날 우산 없이 만났던 기억이 난다. 우리는 비를 피해 작은 카페에 들어가서 뜨거운 코코아를 마시며 서로의 고민을 솔직하게 털어놨다. 그날 민지가 조용히 내 손을 잡고 네가 곁에 있어 정말 든든하다고 말해줬던 순간, 오래된 친구의 소중함을 다시 한 번 느낄 수 있었다.",비가 오던 날 화자는 친구 민지와 어디에서 서로의 고민을 나누었나요?,잘 모르겠음,작은 공원,작은 카페,도서관,작은 카페,3,145
친구와의 관계,친구와 함께한 뜻 깊은 순간,170,"며칠 전, 평소 자주 연락하던 친구가 갑자기 연락이 뜸해져서 걱정이 됐어요. 고민 끝에 직접 친구 집 근처로 찾아갔는데, 친구가 힘든 일이 있었다며 조용히 제 얘기를 들어줬으면 좋겠다고 하더라고요. 그날 우리는 근처 공원 벤치에 앉아 밤늦게까지 서로의 속마음을 나누었고, 덕분에 오히려 더 가까워졌다는 느낌이 들어 참 뜻깊었어요.",화자가 친구와 밤늦게까지 대화를 나누었던 장소는 어디였나요?,잘 모르겠음,카페,공원 벤치,도서관,공원 벤치,3,139
친구와의 관계,친구와 함께한 뜻 깊은 순간,170,"지난 주말에 오랜만에 초등학교 동창 민지를 만났다. 둘이서 어린 시절에 자주 가던 동네 작은 공원에 갔는데, 그때처럼 그네를 타며 서로 고민을 나누었다. 요즘 회사 생활이 힘들다고 털어놓으니 민지가 자기 일처럼 공감해주고 용기를 북돋아 주었다. 예전에는 단순히 놀던 친구였지만, 이번 만남을 통해 진심으로 서로를 위하는 사이가 되었다는 걸 느껴서 마음이 든든했다.",화자가 민지와 함께 했던 활동은 무엇이었나요?,잘 모르겠음,함께 영화 관람을 했다.,동네 작은 공원에서 그네를 탔다.,카페에서 책을 읽었다.,동네 작은 공원에서 그네를 탔다.,3,154
친구와의 관계,친구와 함께한 뜻 깊은 순간,170,"며칠 전, 오랜만에 친구와 도시 외곽에 있는 작은 호수로 드라이브를 다녀왔다. 평소 서로 바빠서 자주 못 보던 친구였는데, 조용한 호숫가 벤치에 앉아 각자 힘들었던 일과 고민을 솔직하게 털어놓았다. 한참 대화를 나눈 후에는 둘 다 마음이 한결 가벼워져서, 호수 주변을 산책하며 사진도 찍고, 즉석에서 산 편의점 삼각김밥을 나눠 먹으며 웃었다. 평범한 하루였지만, 그 순간이 참 소중하게 느껴졌다.",화자는 친구와 어떤 음식을 나눠 먹으며 웃었나요?,잘 모르겠음,도시락,샌드위치,삼각김밥,삼각김밥,4,166
친구와의 관계,친구와 함께한 뜻 깊은 순간,170,"며칠 전 오랜만에 대학 시절 친구와 만나 한강 공원에서 늦은 저녁을 함께 보냈다. 서로 바쁘다는 핑계로 자주 못 만났지만, 이날은 각자 힘들었던 일과 고민을 솔직하게 털어놓으며 웃기도 하고 진지해지기도 했다. 특히 친구가 직접 만든 샌드위치를 꺼내 건네주며, 이런 순간들이 정말 소중하다고 말해줘서 나도 모르게 울컥했다. 오랜만에 진심 어린 대화를 나누며 우리는 서로의 소중함을 다시 느꼈다.",친구와 함께한 한강 공원에서 친구가 나에게 어떤 음식을 건네주었나요?,잘 모르겠음,샐러드,샌드위치,김밥,샌드위치,3,165
친구와의 관계,친구와 함께한 뜻 깊은 순간,170,"며칠 전 친구와 함께 강가를 따라 산책하며 오랜만에 깊은 대화를 나눴다. 서로 힘들었던 시기와 그때 느꼈던 감정들, 그리고 앞으로의 꿈에 대해 솔직하게 이야기했다. 걷다가 갑자기 비가 쏟아졌는데, 우리는 그 비를 피하지 않고 그냥 웃으면서 걸었다. 평소라면 신경 썼을 작은 불편함도 친구와 함께라 그런지 오히려 추억이 되었다. 그날 이후로 친구와 더 깊이 연결된 느낌이 들어서 마음이 한결 든든해졌다.",비가 내릴 때 두 사람은 어떻게 행동했는가?,잘 모르겠음,비를 피해 급히 집으로 돌아갔다,우산을 펴고 조용히 앉아 있었다,비를 피하지 않고 웃으며 계속 걸었다,비를 피하지 않고 웃으며 계속 걸었다,4,168
친구와의 관계,친구와 함께한 뜻 깊은 순간,170,"며칠 전, 비가 부슬부슬 내리던 저녁에 오랜만에 중학교 친구와 동네 공원 벤치에 앉아 서로의 고민을 털어놓았다. 각자 힘들었던 일과 앞으로의 꿈에 대해 깊이 이야기하다가, 서로를 위로하며 웃고 울기도 했다. 그 시간 덕분에 마음속 무거웠던 감정이 한결 가벼워지고, 우리 우정이 더 깊어졌음을 실감할 수 있었다.","비가 오던 날, 화자가 친구와 함께 한 활동은 무엇이었나요?",잘 모르겠음,공원 벤치에서 고민을 나누었다.,카페에서 책을 읽었다.,영화를 보러 갔다.,공원 벤치에서 고민을 나누었다.,2,130
친구와의 관계,친구와 함께한 졸업여행,170,"며칠 전, 고등학교 졸업을 기념해서 친구들과 바닷가로 여행을 다녀왔다. 해질 무렵 모래사장에서 발을 담그며 다같이 사진을 찍었는데, 파도에 갑자기 한 친구의 신발이 떠내려가서 다들 깔깔 웃었다. 그 신발을 찾으려고 바닷물에 들어가다가 오히려 바지가 다 젖는 해프닝도 있었는데, 결국 신발은 못 찾았지만 모두 정말 즐거워했다. 돌아오는 버스 안에서 다같이 간식을 나눠 먹으며 그날의 추억을 오래 기억하기로 약속했다.",바닷가에서 신발이 파도에 떠내려간 친구를 돕다가 어떤 일이 벌어졌나요?,잘 모르겠음,신발을 바로 찾았다,바지가 모두 젖었다,간식을 잃어버렸다,바지가 모두 젖었다,3,176
친구와의 관계,친구와 함께한 졸업여행,170,"몇 년 전, 고등학교를 졸업하고 친구들과 제주도로 여행을 갔던 기억이 아직도 선명하다. 공항에서부터 들뜬 기분에 서로 사진을 찍으며 웃었고, 해가 질 무렵엔 해변에서 모래에 발을 묻고 노래를 부르기도 했다. 특히 민지가 즉석에서 준비한 작은 케이크로 친구 모두의 졸업을 축하해줬던 순간이 인상적이었다. 밤에는 게스트하우스 마당에서 쏟아지는 별을 보며 내일의 계획을 의논했다. 그때의 즐거움과 소중함을 오랜만에 다시 떠올려본다.",졸업여행에서 민지가 한 행동은 무엇이었나요?,잘 모르겠음,해변에서 수영을 했다,즉석에서 작은 케이크로 축하해줬다,기념품을 사줬다,즉석에서 작은 케이크로 축하해줬다,3,183
친구와의 관계,친구와 함께한 졸업여행,170,"며칠 전, 고등학교를 졸업한 기념으로 친구들과 제주도로 여행을 다녀왔다. 공항에서부터 설렘이 가득했고, 도착하자마자 우린 렌터카를 빌려 해변으로 달려갔다. 바닷바람을 맞으며 사진도 찍고, 근처 카페에서 한라봉 주스를 마셨다. 특히 둘째 날에는 새벽부터 일어나 성산일출봉에 올라가 해돋이를 봤는데, 친구들과 같이 힘들게 오르며 서로를 응원했던 순간이 기억에 남는다. 마지막 날엔 기념품 가게에서 서로에게 엽서를 써주며 소중한 추억을 남겼다.","여행 둘째 날 아침, 친구들과 함께 무엇을 했는가?",잘 모르겠음,한라봉 주스를 마셨다,성산일출봉에 올라 해돋이를 봤다,기념품 가게에서 엽서를 썼다,성산일출봉에 올라 해돋이를 봤다,3,191
친구와의 관계,친구와 함께한 졸업여행,170,"며칠 전, 고등학교 졸업을 기념해서 민수랑 강원도 바닷가로 여행을 다녀왔다. 기차에서 창밖을 보며 이런저런 이야기를 나누다 보니 예전 소풍 때 일이 떠올라 한참을 웃었다. 숙소에 짐을 풀고는 해변을 걷다가 갑자기 내린 소나기에 둘 다 온몸이 흠뻑 젖었지만, 오히려 그 덕분에 모닥불에 옹기종기 모여 앉아 더 깊은 대화를 나눌 수 있었다. 여행 마지막 날엔 작은 카페에서 서로에게 손편지를 써 주며 앞으로도 변치 않자고 약속했다.",발화자가 친구와 졸업여행 중 소나기를 맞은 뒤에 한 행동은 무엇인가요?,잘 모르겠음,해변에서 사진을 찍었다,모닥불 옆에 앉아 대화를 나눴다,근처 식당에서 식사를 했다,모닥불 옆에 앉아 대화를 나눴다,3,177
친구와의 관계,친구와의 야경 데이트,170,"최근에 친구와 한강 근처에 있는 작은 전망대에 올라가서 밤하늘을 바라본 기억이 선명하게 남아 있다. 우리는 따로 약속을 한 건 아니었지만, 각자 힘든 일이 있었다는 걸 알기에 말없이 걷다가 자연스럽게 그곳에 다다랐다. 야경이 정말 아름다웠고, 강물 위로 반짝이는 불빛들이 마치 우리 마음을 위로해 주는 듯했다. 따뜻한 음료를 나눠 마시며 서로의 고민을 조용히 들어주었던 그 밤이 오랜만에 정말 편안한 시간이었다.",친구와 야경을 보며 두 사람이 나눠 마신 것은 무엇이었나요?,잘 모르겠음,차가운 음료,따뜻한 음료,간단한 간식,따뜻한 음료,3,173
친구와의 관계,친구와의 야경 데이트,170,"며칠 전 친구와 함께 한강 근처 공원에서 야경을 보며 산책을 했던 기억이 아직도 생생하다. 서로 고민을 나누며 느릿하게 걷다가 갑자기 친구가 준비한 작은 피크닉 매트를 꺼내 깜짝 놀랐다. 매트 위에 앉아 치킨과 감자튀김을 먹으면서 평소에 못했던 진솔한 이야기를 나눌 수 있어 정말 소중한 시간이었다. 특히 다리 위로 불빛이 반짝이는 모습을 바라보며 사진도 많이 찍었는데, 그 순간이 참 행복하게 느껴졌다.",친구가 한강 공원에서 준비해 온 것은 무엇이었나요?,잘 모르겠음,치킨과 감자튀김,작은 피크닉 매트,불빛이 반짝이는 조명,작은 피크닉 매트,3,168
친구와의 관계,친구와의 야경 데이트,170,"주말 저녁, 오랜만에 만난 친구와 한강 근처 공원을 산책했다. 해가 지고 나서 갑자기 강 건너편 빌딩에 불이 하나씩 켜지기 시작했고, 우리는 벤치에 앉아 라면을 먹으며 야경을 감상했다. 특히 불꽃처럼 반짝이는 조명이 인상적이어서 둘 다 사진을 찍느라 바빴다. 친구는 야경을 보며 예전 수학여행 때 야경을 처음 봤던 기억을 꺼내 들려주기도 했다.",우리가 벤치에 앉아 무엇을 하며 야경을 감상했나요?,잘 모르겠음,커피를 마셨다,라면을 먹었다,아이스크림을 먹었다,라면을 먹었다,3,143
친구와의 관계,친구와의 야경 데이트,170,"며칠 전 친구와 한강 근처에서 저녁을 먹고 나서 갑자기 야경을 보러 가자는 제안이 나왔다. 평소엔 바빠서 이런 여유를 잘 못 즐겼는데, 그날따라 분위기가 좋아서 한강 다리 위를 천천히 걸었다. 바람이 살짝 불어서 시원했고, 불빛이 강물에 비치는 모습이 참 인상적이었다. 친구와 아무 말 없이 걷다가 갑자기 그 친구가 아이스크림을 사 와서, 야경을 보며 아이스크림을 나눠 먹는 순간이 참 특별하게 느껴졌다.",친구와 야경을 보며 함께 했던 특별한 행동은 무엇이었나요?,잘 모르겠음,사진을 찍었다,아이스크림을 나눠 먹었다,자전거를 탔다,아이스크림을 나눠 먹었다,3,168
친구와의 관계,친구와의 첫 만남,170,"기억에 남는 순간 중 하나는 비 오는 날 우산 없이 등굣길에 서 있었을 때였다. 그때 한 여자아이가 조심스럽게 다가와 우산을 함께 쓰자고 제안했다. 처음 보는 사이였지만 둘 다 젖은 신발을 보며 웃었고, 짧은 거리였지만 자연스럽게 대화를 나누며 금세 친해졌다. 그 이후로 우리는 서로의 별명도 만들어 부르고, 쉬는 시간마다 함께 간식을 나눠 먹으며 가까워졌다.","발화 내용에 따르면, 화자가 처음 친구를 만난 날 어떤 일이 계기가 되어 친해지게 되었나요?",잘 모르겠음,같은 반이 되어서,우산을 함께 쓰면서,수업 시간에 손을 들어서,우산을 함께 쓰면서,3,149
친구와의 관계,친구와의 첫 만남,170,"초등학교 3학년 때 전학을 가서 새로운 반에 들어갔던 기억이 생생하다. 모두 낯설고 어색했는데, 쉬는 시간에 한 아이가 먼저 다가와 연필을 빌려줄 수 있냐고 물었다. 그 작은 계기로 이야기를 나누게 되었고, 점심시간엔 같이 급식을 먹으며 서로의 취미와 좋아하는 만화에 대해 얘기했다. 그 친구가 나중에 집에 놀러 오라고 초대해 주었고, 그날 이후 자연스럽게 가까워졌다.",발화에서 화자와 처음 대화를 나누게 된 계기는 무엇이었나요?,잘 모르겠음,화자가 먼저 다가가 말을 걸었다.,친구가 연필을 빌려달라고 했다.,점심시간에 같이 밥을 먹었다.,친구가 연필을 빌려달라고 했다.,3,155
친구와의 관계,친구와의 첫 만남,170,"중학교에 처음 입학했을 때, 낯선 교실에서 조용히 앉아 있었는데 옆자리에 앉은 아이가 갑자기 저에게 필통을 빌릴 수 있냐고 물었어요. 그때 저는 조금 긴장했지만, 가지고 있던 예쁜 연필을 꺼내서 같이 쓰자고 했죠. 그 계기로 우리는 자연스럽게 이야기를 나누게 되었고, 서로 좋아하는 만화에 대해 얘기하면서 금방 가까워졌어요. 그 친구와 첫 점심시간을 같이 보냈던 기억이 아직도 생생하게 남아 있어요.",화자가 친구와 가까워지게 된 계기는 무엇이었나요?,잘 모르겠음,같이 점심을 먹어서,필통을 빌려주면서 대화를 시작해서,만화책을 선물해서,필통을 빌려주면서 대화를 시작해서,3,168
친구와의 관계,친구와의 첫 만남,170,"며칠 전 학교 도서관에서 우연히 만난 친구와의 첫 만남이 아직도 기억에 남는다. 그날은 비가 내려서 도서관 안이 꽤 붐볐는데, 내가 읽으려던 책을 그 친구가 먼저 집어 들었다. 서로 민망하게 웃으며 양보하겠다고 했더니, 그는 자주 오니 내가 먼저 읽으라고 해줬다. 책을 다 읽고 나서 고맙다고 인사하며 자연스럽게 이야기를 나누게 되었고, 취미도 비슷해서 연락처도 주고받았다. 짧은 시간이었지만 덕분에 새로운 친구가 생긴 기분 좋은 날이었다.",도서관에서 만난 새로운 친구와 내가 친해지게 된 계기는 무엇이었는가?,잘 모르겠음,같은 반이어서,책을 양보해줘서,운동장에서 만났기 때문에,책을 양보해줘서,3,185
특별한 날의 이야기,가장 기억에 남는 생일 파티 이야기,170,"초등학교 6학년 때 처음으로 친구들을 집에 초대해 생일 파티를 열었는데, 엄마가 직접 만든 초코케이크에 내 이름을 예쁘게 써주셔서 정말 감동했다. 친구들이 모두 각자 손수 만든 작은 선물을 준비해와서 선물 교환을 하며 서로에게 편지도 읽어줬다. 특히 지현이가 쓴 짧은 시를 듣고 모두 함께 웃으며 박수쳤던 순간이 아직도 생생하게 기억난다.",생일 파티에서 친구들이 한 특별한 활동은 무엇이었나요?,잘 모르겠음,엄마가 만든 케이크를 먹었다,직접 만든 선물로 교환하고 편지를 읽어줬다,밖에서 달리기 시합을 했다,직접 만든 선물로 교환하고 편지를 읽어줬다,3,142
특별한 날의 이야기,가장 기억에 남는 생일 파티 이야기,170,"며칠 전, 친구들이 갑자기 집으로 찾아와 생일 파티를 열어줘서 정말 놀랐다. 원래 별다른 계획이 없었는데, 다들 내가 좋아하는 딸기 케이크와 손수 쓴 편지까지 준비해 와서 감동받았다. 특히 민수가 직접 만든 종이 꽃다발을 건네며 축하해줬을 때는 울컥했다. 평범할 줄 알았던 하루가 소중한 추억이 되어 오래 기억에 남을 것 같다.",생일 파티에서 누가 종이 꽃다발을 만들어 선물했나요?,잘 모르겠음,지수,민수,영희,민수,3,136
특별한 날의 이야기,가장 기억에 남는 생일 파티 이야기,170,"생일 당일에 친구들이 깜짝 파티를 준비해줬던 기억이 떠오른다. 평소와 다름없이 학교에서 집에 돌아왔는데, 집안이 조용해 이상했다. 그런데 방 문을 열자 풍선과 색종이로 가득 꾸며진 거실에 친구들이 모두 모여 있었다. 내가 좋아하는 초콜릿 케이크까지 준비해줘서 정말 감동받았다. 특히 친구 민지가 손수 만든 생일 카드를 건네줬는데, 그 안에 써 있던 따뜻한 글귀 덕분에 눈물이 날 뻔했다.",생일 파티에서 친구들이 준비해 준 특별한 선물은 무엇이었나요?,잘 모르겠음,직접 만든 생일 카드,장난감 자동차,축구공,직접 만든 생일 카드,2,163
특별한 날의 이야기,가장 기억에 남는 생일 파티 이야기,170,"친구들이 모두 모여 깜짝 파티를 준비해 준 적이 있다. 그날은 평소와 다름없이 학교에 갔다가 집에 왔는데, 거실 불이 꺼져 있어서 무슨 일인가 했더니 갑자기 조명이 켜지면서 친구들이 생일 축하 노래를 불러 주었다. 직접 만든 케이크와 손편지도 받았고, 모두 함께 보드게임도 하면서 늦은 밤까지 웃으며 시간을 보냈다. 그날 받은 손편지는 지금도 책상 서랍에 소중하게 간직하고 있다.",발화자가 생일 파티에서 특별히 받은 선물은 무엇이었나요?,잘 모르겠음,직접 만든 케이크와 손편지,예쁜 목걸이와 인형,운동화와 꽃다발,직접 만든 케이크와 손편지,2,158
특별한 날의 이야기,가장 마음이 아팠던 순간 이야기,170,"며칠 전, 오랜만에 가족들과 저녁 식사를 하던 중에 평소 말이 적던 동생이 갑자기 조용히 울기 시작했다. 모두 당황했지만, 동생이 최근 학교에서 힘든 일이 있었다고 솔직하게 털어놓는 모습을 보니 마음이 너무 아팠다. 평소엔 밝게만 보였던 동생이 속으로는 많이 힘들어했다는 사실을 몰라 미안했고, 그날 이후로 동생에게 더 자주 안부를 묻고 작은 변화도 신경 쓰기로 다짐했다.",가족 식사 중 동생이 눈물을 보인 이유는 무엇이었나요?,잘 모르겠음,기쁜 일이 있어서,학교에서 힘든 일이 있어서,맛있는 음식을 먹어서,학교에서 힘든 일이 있어서,3,156
특별한 날의 이야기,가장 마음이 아팠던 순간 이야기,170,"며칠 전, 오랜만에 만난 친구와 카페에서 이야기를 나누다가 갑자기 예전에 같이 키우던 반려견 이야기가 나왔어. 그 순간 친구가 눈시울을 붉히며 얼마 전 반려견이 무지개다리를 건넜다고 말했지. 평소에 밝고 씩씩하던 친구가 힘들어하는 모습을 처음 봤고, 나도 그 반려견과 함께했던 추억이 떠올라 마음이 많이 아팠어. 그 자리에서 서로 위로하며 한참 동안 아무 말 없이 손을 꼭 잡고 있었던 기억이 아직도 선명하게 남아 있어.",화자가 가장 마음이 아팠던 이유는 무엇이었나요?,잘 모르겠음,카페에서 친구와 다퉜기 때문에,친구의 반려견이 세상을 떠난 이야기를 들었기 때문에,자신의 반려견이 아파서 병원에 갔기 때문에,친구의 반려견이 세상을 떠난 이야기를 들었기 때문에,3,175
특별한 날의 이야기,가장 마음이 아팠던 순간 이야기,170,"며칠 전, 오랜만에 연락 온 친구와 약속을 잡았는데, 막상 만난 자리에서 예전처럼 자연스럽게 대화가 이어지지 않았다. 어색한 침묵이 반복됐고, 예전의 웃음소리 대신 서로 눈치를 보며 시간만 흘러갔다. 예전에는 아무 말이나 해도 웃었던 사이였는데, 이제는 그 거리감이 너무 커져버린 것 같아 마음이 무거웠다. 집에 돌아오는 길에 문득, 변해버린 우정이 너무 아프게 느껴져 한참을 멍하니 걷게 되었다.",발화자가 집에 돌아오는 길에 느낀 감정은 무엇이었나요?,잘 모르겠음,기쁨,무거움,분노,무거움,3,168
특별한 날의 이야기,가장 마음이 아팠던 순간 이야기,170,"며칠 전 친구와 심하게 다툰 후 며칠 동안 연락이 끊겼던 일이 마음에 오래 남는다. 평소 소소한 이야기로도 웃음을 나누던 친구였기에, 서로 오해가 쌓이고 결국 말다툼까지 하게 된 상황이 너무 힘들었다. 그날 밤 혼자 방에 누워 친구에게 보냈던 메시지를 반복해서 읽으면서, 내가 너무 감정적으로 굴었던 건 아닐까 여러 번 돌아봤다. 시간이 지나 화해하게 되었지만, 그때 느꼈던 외로움과 후회가 아직도 선명하다.",발화자가 친구와 다툰 후 방에서 반복해서 읽은 것은 무엇이었나요?,잘 모르겠음,친구와 찍은 사진,친구에게 보냈던 메시지,가족에게 쓴 편지,친구에게 보냈던 메시지,3,170
특별한 날의 이야기,가장 행복했던 날의 이야기,170,"며칠 전, 평소와 다름없이 집에 돌아왔는데 가족들이 거실에 모여있더라고요. 무슨 일인가 싶었는데, 갑자기 조명이 꺼지고 생일 축하 노래가 울려 퍼졌어요. 저는 생일이 평일이라 별다른 기대를 안 하고 있었는데, 가족들이 제게 몰래 준비한 서프라이즈 파티였던 거죠. 직접 만든 케이크와 손편지까지 준비해줬는데, 그 순간 정말 감동해서 눈물이 날 뻔했어요. 평소 고마움을 표현하지 못했는데, 모두가 함께 웃으며 축하해주는 그 시간이 제 인생에서 가장 행복했던 날로 남았어요.",화자는 가족들이 준비한 생일 파티에서 어떤 선물을 받고 감동을 받았나요?,잘 모르겠음,직접 만든 케이크와 손편지,여행 티켓과 꽃다발,책과 의류 선물,직접 만든 케이크와 손편지,2,200
특별한 날의 이야기,가장 행복했던 날의 이야기,170,"며칠 전, 친구들이 갑자기 집 앞에 모여서 깜짝 생일파티를 열어줬다. 아무것도 모른 채 집에서 쉬고 있었는데, 초가 켜진 케이크와 함께 모두가 노래를 불러주는 모습에 눈물이 날 뻔했다. 직접 만든 손편지와 내가 좋아하는 음식을 준비해줘서 정말 감동받았다. 평범한 하루가 잊지 못할 추억으로 남아 그날이 내 인생에서 가장 행복했던 날이 되었다.",발화에서 친구들이 준비한 특별한 이벤트는 무엇이었나요?,잘 모르겠음,여행,깜짝 생일파티,영화 관람,깜짝 생일파티,3,143
특별한 날의 이야기,가장 행복했던 날의 이야기,170,"며칠 전, 동생이 준비한 깜짝 생일 파티 덕분에 정말 행복한 하루를 보냈다. 평소와 다를 바 없는 하루라고 생각하고 있었는데, 집에 들어서자마자 친구들과 가족들이 풍선과 케이크를 들고 기다리고 있었다. 동생이 직접 만든 사진 슬라이드쇼를 보며 다 같이 웃고 울었던 순간이 너무 소중하게 느껴졌다. 평소에는 잘 표현하지 않던 가족의 따뜻한 마음을 직접 느낄 수 있어서 오랫동안 기억에 남을 것 같다.",발화에서 동생이 준비한 깜짝 생일 파티에서 특별하게 준비한 것은 무엇이었나요?,잘 모르겠음,직접 만든 사진 슬라이드쇼,새로운 자전거,바다여행 티켓,직접 만든 사진 슬라이드쇼,2,165
특별한 날의 이야기,가장 행복했던 날의 이야기,170,"몇 년 전, 친구들과 바다로 여행을 갔던 그날이 아직도 잊히지 않는다. 처음으로 패러글라이딩을 경험했는데, 바람을 타고 하늘을 날며 아래로 펼쳐진 푸른 바다와 반짝이는 모래사장을 바라보는 순간 정말 자유롭고 행복하다고 느꼈다. 해변에서 친구들과 모래성도 쌓고, 직접 잡은 조개로 저녁을 만들어 먹으면서 많이 웃고, 사진도 정말 많이 남겼던 소중한 하루였다.",내가 가장 행복했던 날에 친구들과 무엇을 직접 잡아서 저녁을 만들어 먹었나요?,잘 모르겠음,생선,조개,게,조개,3,152
특별한 날의 이야기,첫사랑과의 첫 데이트 이야기,170,"며칠 전 우연히 연락이 닿았던 첫사랑과 오랜만에 만났던 기억이 떠올랐다. 그날 우리는 작은 동네 카페에서 만나 서로의 근황을 조심스럽게 물었다. 창가에 앉아 있던 우리는 서로 좋아하던 음악 이야기도 나누고, 학창시절 자주 가던 분식집도 추억했다. 긴장과 설렘이 섞인 분위기였지만, 마지막엔 그 친구가 직접 만든 작은 머리핀을 선물로 주었다. 그 순간 마음이 뭉클했다.",첫사랑과의 데이트에서 상대방이 준 선물은 무엇이었나요?,잘 모르겠음,직접 만든 머리핀,손수 쓴 편지,꽃다발,직접 만든 머리핀,2,155
특별한 날의 이야기,첫사랑과의 첫 데이트 이야기,170,"벚꽃이 만개한 어느 봄날, 오래전부터 좋아하던 민지와 처음으로 데이트를 하게 되어 설렜다. 우리는 동네 작은 공원에서 만났고, 내가 직접 싸온 김밥을 함께 먹으며 이런저런 이야기를 나눴다. 민지가 좋아한다던 딸기 우유도 준비해 갔더니 정말 기뻐했다. 처음엔 서로 어색했지만, 민지가 웃으면서 꽃잎을 머리에 올려주는 순간 쑥스러움도 사라졌다. 그날 찍은 사진은 아직도 내 방 책상 위에 소중히 두고 있다.",발화에서 화자가 민지를 위해 특별히 준비한 것은 무엇인가요?,잘 모르겠음,초콜릿과 꽃다발,딸기 우유와 김밥,책과 손편지,딸기 우유와 김밥,3,170
특별한 날의 이야기,첫사랑과의 첫 데이트 이야기,170,"며칠 전, 오래전 첫사랑이었던 지훈이와 처음 데이트했던 기억이 문득 떠올랐다. 그날 나는 분홍색 원피스를 입고 설렘 가득한 마음으로 약속 장소인 호수공원에 갔다. 지훈이는 내게 직접 만든 작은 꽃다발을 건네며 수줍게 웃었고, 우리는 오리배를 함께 탔다. 처음엔 어색했지만 오리배 위에서 서로 이야기를 나누며 금세 가까워졌다. 돌아오는 길에 지훈이가 사준 레몬아이스크림은 아직도 내게 특별한 맛으로 남아 있다.",발화 속에서 첫사랑과 함께 했던 활동으로 알맞은 것은 무엇인가요?,잘 모르겠음,놀이공원에서 롤러코스터 타기,오리배 타기,카페에서 케이크 먹기,오리배 타기,3,174
특별한 날의 이야기,첫사랑과의 첫 데이트 이야기,170,"며칠 전, 오래전 첫사랑과의 추억이 떠올랐다. 그날 우리는 근처 작은 미술관에서 열리는 전시를 함께 보러 갔다. 그림을 감상하며 서로의 생각을 조심스럽게 나눴는데, 말수가 적었던 내가 그림 앞에서는 평소보다 자연스럽게 감정을 표현했던 것이 신기했다. 전시가 끝난 뒤에는 근처 카페에 앉아 따뜻한 라떼를 마셨고, 창밖으로 내리는 가을비를 바라보며 서툰 농담도 주고받았다. 집에 돌아오는 길, 그날의 설렘과 어색함이 뒤섞인 기분이 오랫동안 가슴에 남아 있었다.",첫사랑과의 데이트에서 두 사람이 함께 방문한 곳은 어디였나요?,잘 모르겠음,작은 미술관,영화관,놀이공원,작은 미술관,2,195
특별한 날의 이야기,학교에서의 최고의 순간 이야기,170,"며칠 전 학교에서 열린 과학 발표 대회가 아직도 생생하게 기억난다. 평소에 발표를 잘 못해서 긴장했지만, 조원들과 밤늦게까지 실험 결과를 정리하고, 서로 발표 연습을 도와줬다. 결국 우리 조가 최우수상을 받았고, 친구들과 무대에서 상장과 트로피를 받으며 모두가 환하게 웃었다. 그때 느꼈던 뿌듯함과 기쁨은 정말 오랫동안 잊지 못할 것 같다.",발화에서 화자가 친구들과 함께 받은 상의 종류는 무엇인가요?,잘 모르겠음,장려상,최우수상,참가상,최우수상,3,144
특별한 날의 이야기,학교에서의 최고의 순간 이야기,170,"며칠 전, 학교 축제 준비를 도우면서 친구들과 무대 장식 작업을 맡았던 일이 아직도 기억에 남는다. 처음에는 서로 의견이 달라 다투기도 했지만, 결국 모두가 조금씩 양보하며 멋진 무대를 완성했다. 축제 당일, 무대에 불이 켜지자 친구들이 함께 만든 결과물을 보며 모두 감격해 눈시울이 붉어졌다. 그 순간만큼은 정말 우리 모두가 한마음이었다.",발화에서 친구들과 어떤 활동을 하며 최고의 순간을 경험했는가?,잘 모르겠음,운동장에서 달리기,무대 장식 작업,도서관에서 공부,무대 장식 작업,3,143
특별한 날의 이야기,학교에서의 최고의 순간 이야기,170,"며칠 전 교내 영어 말하기 대회에 참가하게 되었어요. 처음에는 무대에 오르는 게 너무 떨렸지만, 친구들이 객석에서 손을 흔들어 주는 걸 보고 용기가 났어요. 발표를 마치고 내려오니 선생님께서 환하게 웃으며 수고했다고 격려해주셨고, 제 이름이 최우수상으로 불렸을 때 믿기지 않을 만큼 기뻤어요. 상장과 꽃다발을 받으면서 친구들과 기쁨을 나누었던 그 순간이 학교 생활 중 가장 잊을 수 없는 특별한 추억으로 남았어요.",발화자가 영어 말하기 대회에서 상을 받게 된 계기로 언급한 것은 무엇인가요?,잘 모르겠음,친구들이 객석에서 손을 흔들어 준 것,발표 원고를 외운 것,선생님의 조언을 받은 것,친구들이 객석에서 손을 흔들어 준 것,2,174
특별한 날의 이야기,학교에서의 최고의 순간 이야기,170,"며칠 전, 우리 반이 학교 축제에서 직접 만든 연극을 무대에 올렸던 기억이 아직도 선명하다. 내가 맡은 역할이 대사도 많고 동작도 많아서 연습할 때마다 긴장됐는데, 막상 무대에 오르니 친구들과 함께라 그런지 실수 없이 잘 끝낼 수 있었다. 관객석에서 들려오는 박수 소리와 선생님이 눈에 띄게 미소를 지으시던 순간, 뭔가를 이뤄냈다는 뿌듯함이 온몸을 감쌌다. 그날 이후로 우리 반 친구들과 더 가까워졌고, 학교생활에 대한 자신감도 많이 생긴 것 같다.",발화자가 연극에서 맡았던 역할의 특징으로 알맞은 것은 무엇인가요?,잘 모르겠음,대사가 없고 조용한 역할이었다.,대사와 동작이 모두 많은 역할이었다.,주로 무대 뒤에서 준비를 돕는 역할이었다.,대사와 동작이 모두 많은 역할이었다.,3,187
펫과의 일상,강아지와의 산책 경험,170,평소처럼 저녁 무렵에 반려견 토리를 데리고 근처 공원 산책을 나갔다. 예상치 못하게 갑자기 비가 내리기 시작해 우산도 없이 급히 공원 벤치 아래로 뛰어들어가 비를 피했다. 토리는 빗방울을 신기하게 바라보다가 풀숲에서 무언가를 발견한 듯 코를 킁킁대며 한참이나 움직이지 않았다. 덕분에 나도 비 내리는 풍경을 한동안 조용히 감상할 수 있었다. 둘이 젖은 채로 집에 돌아오는 길이 오히려 더 즐겁게 느껴졌다.,산책 중 비를 피하기 위해 화자는 어디로 갔나요?,잘 모르겠음,공원 벤치 아래,근처 마트,큰 나무 아래,공원 벤치 아래,2,169
펫과의 일상,강아지와의 산책 경험,170,"며칠 전, 퇴근 후에 집 앞 공원을 강아지 몽이랑 산책했어. 갑자기 비가 조금씩 내리기 시작했는데, 몽이는 빗방울에 놀라기보다는 오히려 더 신나서 이리저리 뛰어다녔지. 나는 몽이가 젖을까 봐 우산을 펴 들었는데, 몽이는 우산 밑에 들어오는 걸 싫어했는지 계속 밖으로만 나가려고 하더라. 결국 나도 우산을 접고, 둘 다 빗속에서 뛰놀다가 집에 돌아오니 신발도 옷도 흠뻑 젖어버렸지만, 몽이의 밝은 표정을 보니 오히려 기분이 좋아졌던 기억이 남아.",강아지 몽이는 산책 중 비가 내릴 때 어떤 반응을 보였나요?,잘 모르겠음,겁을 먹고 집으로 돌아가려고 했다,빗방울에 신나서 뛰어다녔다,우산 밑으로 바로 들어왔다,빗방울에 신나서 뛰어다녔다,3,186
펫과의 일상,강아지와의 산책 경험,170,"비가 부슬부슬 내리는 날이었지만, 우산을 들고 우리 집 강아지 단추와 동네 공원을 한 바퀴 돌았다. 물웅덩이를 피해가려다 단추가 갑자기 멈춰서더니, 낙엽 더미를 킁킁거렸다. 그 속에서 작은 파란 공을 발견해 내게 가져다주었다. 덕분에 비 오는 산책도 지루할 틈이 없었다. 돌아오는 길엔 서로 젖은 발을 툭툭 털며, 단추가 조금 더 신난 듯 꼬리를 흔드는 모습이 귀여워서 한참을 웃었다.",산책 도중 단추가 낙엽 더미에서 발견한 것은 무엇이었나요?,잘 모르겠음,작은 파란 공,나뭇가지,빨간 리본,작은 파란 공,2,160
펫과의 일상,강아지와의 산책 경험,170,며칠 전 퇴근 후에 집에 도착하자마자 강아지 몽실이가 현관 앞에서 꼬리를 흔들며 기다리고 있었다. 오랜만에 저녁 산책을 나가기로 해서 몽실이에게 목줄을 채우고 동네 공원을 천천히 걸었다. 산책 중에 몽실이가 길가에 핀 노란 민들레 냄새를 킁킁 맡다가 갑자기 참새 두 마리를 발견하고 짧게 짖어서 놀랐다. 평소엔 조용한 편인데 그날따라 유난히 활발했다. 결국 산책 끝에는 몽실이가 지쳐서 벤치에 앉자마자 내 무릎에 올라와 숨을 헐떡였다.,산책 도중 몽실이가 갑자기 짖은 이유는 무엇이었나요?,잘 모르겠음,목줄이 불편해서,참새 두 마리를 발견해서,민들레 냄새가 싫어서,참새 두 마리를 발견해서,3,182
펫과의 일상,물고기와의 특별한 시간,170,"며칠 전 작은 수족관을 새로 꾸미고 나서, 물고기들이 새로운 환경에 어떻게 반응할지 궁금해서 한참을 지켜봤다. 특히 파란 줄무늬가 있는 구피가 수초 사이를 헤엄치며 다른 친구들과 장난치는 모습을 보며 나도 모르게 미소가 지어졌다. 저녁에는 조명을 은은하게 켜줬더니 물고기들이 훨씬 더 활발해지는 것 같아 신기했다. 하루의 스트레스를 잊고 잔잔한 물살을 바라보는 시간이 내게는 특별한 힐링이 되었다.",발화자가 새로 꾸민 수족관에서 가장 인상 깊게 본 물고기의 특징은 무엇인가요?,잘 모르겠음,빨간 지느러미가 있는 물고기,파란 줄무늬가 있는 구피,노란색 몸통을 가진 금붕어,파란 줄무늬가 있는 구피,3,169
펫과의 일상,물고기와의 특별한 시간,170,"며칠 전, 집에 돌아오자마자 유리 어항 앞에 한참을 앉아있었다. 평소엔 조용히 헤엄치던 금붕어가 내가 어항 근처에 가자 갑자기 수면 가까이로 올라와 입을 뻐끔거렸다. 혹시나 해서 사료를 조금 뿌려줬더니, 한 마리가 빠르게 다가와 먹기 시작했고, 뒤이어 다른 두 마리도 다투지 않고 나눠먹는 모습이 꽤 귀여웠다. 그날따라 금붕어들의 움직임이 평소보다 활발해 보여서, 나도 모르게 미소가 지어졌다.",금붕어들이 사료를 먹을 때 어떤 모습을 보였는가?,잘 모르겠음,서로 다투며 먹었다,빠르게 다가와 먹고 나눠먹었다,사료를 무시했다,빠르게 다가와 먹고 나눠먹었다,3,167
펫과의 일상,물고기와의 특별한 시간,170,"창가에 작은 어항을 두고 지내다 보니, 어느새 물고기들이 제 일상에 큰 위로가 되고 있다는 걸 느꼈다. 오늘은 평소보다 조금 이른 시간에 어항을 청소해 주었더니, 물고기들이 물속을 활발하게 헤엄치는 모습이 유난히 더 기분 좋게 다가왔다. 특히 붉은 꼬리를 가진 작은 금붕어 한 마리가 새로운 장식 옆에서 계속 맴돌며 호기심을 보이기도 해서, 그 모습을 한참 바라보며 미소를 지었다.",오늘 발화자가 어항을 청소한 시간은 평소에 비해 어땠나요?,잘 모르겠음,평소보다 늦었다,평소와 비슷했다,평소보다 이르렀다,평소보다 이르렀다,4,158
펫과의 일상,물고기와의 특별한 시간,170,"며칠 전 작은 어항에 새로 들인 금붕어 두 마리가 이제는 저를 알아보는 것 같아 신기했어요. 평소에는 조용히 움직이다가도, 제가 어항 앞에 다가가면 꼬리를 흔들며 다가오는 모습이 참 귀여웠죠. 먹이 주는 시간에 맞춰 입을 뻐끔거리기도 해서, 마치 대화하는 기분이 들었답니다. 어항 청소를 할 때면 금붕어들이 어리둥절해 하다가도, 금세 익숙해지는 모습이 인상적이었어요. 혼자 있는 시간이 지루하지 않게 해주는 소중한 친구들이에요.",발화자가 금붕어와 교감했다고 느낀 순간은 언제였나요?,잘 모르겠음,어항 청소를 할 때,먹이 주는 시간에 금붕어가 입을 뻐끔거릴 때,금붕어 두 마리를 새로 들였을 때,먹이 주는 시간에 금붕어가 입을 뻐끔거릴 때,3,182
펫과의 일상,새끼 고양이와의 첫 만남,170,"며칠 전, 집 근처 작은 공원 벤치 아래에서 조그만 고양이 울음소리가 들려왔다. 호기심에 다가가 보니 손바닥만 한 새끼 고양이가 떨고 있었다. 망설이다가 조심스럽게 품에 안고 집으로 데려왔는데, 처음엔 낯선 환경에 긴장한 듯 구석에 숨기만 했다. 하지만 따뜻한 담요를 깔아주고 조용히 옆에 앉아 있으니 조금씩 경계심을 풀고 나에게 다가와 손가락을 핥기도 했다. 그 순간, 무척 뿌듯하면서도 앞으로 이 작은 생명과 어떻게 지낼지 기대감이 커졌다.",새끼 고양이가 처음 집에 왔을 때 보인 행동은 무엇이었나요?,잘 모르겠음,밥을 먹으며 뛰어다녔다,구석에 숨었다,즉시 사람에게 다가왔다,구석에 숨었다,3,186
펫과의 일상,새끼 고양이와의 첫 만남,170,"며칠 전 집 근처 작은 동물 보호소에 들렀다가 회색 줄무늬가 예쁜 새끼 고양이 한 마리를 만났다. 원래 고양이를 키울 생각은 없었지만, 그 아이가 내 손가락을 조심스럽게 핥으며 눈을 동그랗게 뜨고 바라보는 모습을 보고 마음이 약해졌다. 결국 보호소 직원과 오래 이야기한 끝에 고양이를 집으로 데려오게 되었고, 첫날 밤에는 낯선 환경 때문인지 내 무릎 위에서 잠시 웅크리고 있다가 이내 작은 소리로 그르렁거리며 잠들었다.",새끼 고양이가 보호소에서 처음 주인과 만났을 때 어떤 행동을 했나요?,잘 모르겠음,주변을 돌아다니며 놀았다,손가락을 조심스럽게 핥았다,바로 크게 울었다,손가락을 조심스럽게 핥았다,3,174
펫과의 일상,새끼 고양이와의 첫 만남,170,"며칠 전 친구가 길에서 구조한 작은 고양이를 잠깐 돌봐달라고 부탁했다. 처음 집에 들어섰을 때 고양이는 구석에 몸을 웅크리고 있었지만, 내가 바닥에 조용히 앉아 있자 천천히 다가와 내 손을 냄새 맡았다. 내 손끝에 닿은 따뜻한 숨결과 아주 작은 울음소리가 아직도 귀에 맴돈다. 그날 이후로 고양이는 내 무릎 위에 올라와 잠드는 버릇이 생겼다.",고양이가 처음 집에 들어섰을 때 보인 행동은 무엇이었나요?,잘 모르겠음,바로 내 무릎에 올라왔다,구석에 몸을 웅크리고 있었다,집안을 뛰어다녔다,구석에 몸을 웅크리고 있었다,3,141
펫과의 일상,새끼 고양이와의 첫 만남,170,"며칠 전 친구가 갑자기 연락해서 작은 상자를 하나 들고 우리 집에 찾아왔다. 상자를 열어보니 조그맣고 회색빛의 새끼 고양이가 안에서 조심스럽게 고개를 내밀었다. 처음엔 낯선 환경 때문인지 침대 밑에 숨어서 나오지 않았지만, 조용히 손을 내밀어 천천히 다가가니 이내 내 손끝을 냄새 맡으며 경계심을 조금 풀었다. 그날 저녁, 우유를 따뜻하게 데워 작은 그릇에 담아주었더니 그제야 배고팠던 듯 허겁지겁 먹기 시작했다. 고양이의 부드러운 털과 작은 몸짓이 아직도 손끝에 남아 있다.",새끼 고양이가 집에 처음 왔을 때 보인 행동으로 알맞은 것은 무엇인가요?,잘 모르겠음,소리 내어 크게 울었다.,침대 밑에 숨어서 나오지 않았다.,바로 내 손을 핥았다.,침대 밑에 숨어서 나오지 않았다.,3,200
펫과의 일상,철새와 함께한 하루,170,"집 앞 작은 연못 근처를 산책하던 중, 색깔이 화려한 철새 한 마리가 나뭇가지에 앉아있는 걸 발견했다. 조용히 다가가 앉아 있으니 새가 겁내지 않고 내 곁에 머물렀다. 호기심이 생겨 조용히 스마트폰으로 사진을 찍었는데, 사진 속 새의 깃털이 햇빛에 반사되어 무지갯빛처럼 빛났다. 그 순간이 너무 신기해서 한참 동안 그 자리에 머물러 새와 시간을 보내며 자연의 소리를 들었다.",산책 중 화자가 철새를 처음 발견한 곳은 어디였나요?,잘 모르겠음,공원 벤치 위,집 앞 작은 연못 근처,마을 놀이터,집 앞 작은 연못 근처,3,155
펫과의 일상,철새와 함께한 하루,170,"창문을 열어두고 책을 읽고 있었는데, 갑자기 작은 철새 한 마리가 방 안으로 들어왔다. 처음엔 깜짝 놀랐지만, 녀석이 지저귀며 내 주위를 맴도는 모습이 귀여워 금세 긴장이 풀렸다. 먹을 게 필요할 것 같아 빵 부스러기를 접시에 담아놓자 조심스럽게 다가와 쪼아 먹었다. 잠시 내 손가락 위에 앉기도 했는데, 부드러운 깃털 감촉이 인상적이었다. 해가 질 무렵, 창문을 통해 다시 날아가는 모습을 보며 나도 모르게 손을 흔들었다.",방 안에 들어온 철새가 접시에서 먹은 것은 무엇이었나요?,잘 모르겠음,씨앗,빵 부스러기,쌀밥,빵 부스러기,3,176
펫과의 일상,철새와 함께한 하루,170,"며칠 전 뒷마당을 정리하다가 작은 철새 한 마리가 힘없이 나뒹구는 걸 발견했다. 처음엔 겁을 먹고 도망칠 줄 알았는데, 오히려 내 손바닥 위에 가만히 앉아 있었다. 조심스럽게 물을 한 방울 떨어뜨려주니 부리로 살짝 받아마시는 모습이 참 귀여웠다. 한참을 지켜보다가 주변에 뿌려둔 씨앗을 조금 건네주니, 그제야 기운을 차린 듯 깃털을 곧추세우고 주변을 살폈다. 결국 잠시 머물다 날아갔지만, 잠깐이었어도 특별한 하루였다.",내가 철새에게 직접 해준 행동으로 올바른 것은 무엇인가요?,잘 모르겠음,씨앗을 건네주었다,노래를 들려주었다,목욕을 시켜주었다,씨앗을 건네주었다,2,177
펫과의 일상,철새와 함께한 하루,170,"집 근처 공원 산책을 하던 중 갑자기 작은 철새 한 마리가 다리에 힘이 빠졌는지 풀밭에 앉아 있는 걸 발견했다. 조심스럽게 다가가 손바닥에 올려보니 별다른 저항 없이 가만히 있었다. 근처 동물병원에 전화를 걸어 조언을 구했고, 일시적으로 에너지가 떨어진 것 같으니 잠깐 쉬게 한 뒤 물을 살짝 주라는 말을 들었다. 집에서 가져온 텀블러 뚜껑에 물을 담아 가까이 대주니 새가 조심스럽게 물을 마셨고, 얼마 지나지 않아 힘을 되찾아 다시 날아올랐다. 그 순간을 보고 있자니 뜻밖의 작은 기쁨과 안도감이 함께 찾아왔다.",공원에서 만난 철새가 힘을 되찾는 데 도움이 되었던 것은 무엇이었나요?,잘 모르겠음,동물병원에서 받은 약,텀블러 뚜껑에 담은 물,새장에 잠시 넣어둠,텀블러 뚜껑에 담은 물,3,211
펫과의 일상,페럿과 함께한 재미난 놀이,170,"며칠 전, 거실에 장난감 터널을 여러 개 이어 붙여서 미로처럼 만들어봤다. 페럿 미노가 터널 안으로 쏙 들어가면 어디로 나올지 몰라서 숨죽이고 지켜보는 재미가 쏠쏠했다. 한참을 터널 속에서 이리저리 움직이던 미노가 갑자기 내 발 옆에서 얼굴을 쏙 내밀었을 때 깜짝 놀라면서도 둘이 동시에 웃음소리를 냈다. 그날 이후 미노는 터널 놀이를 제일 좋아하게 됐다.",페럿 미노가 터널 놀이를 할 때 어떤 일이 일어났는가?,잘 모르겠음,미노가 터널에서 잠이 들었다.,미노가 터널 속에서 내 발 옆으로 나왔다.,미노가 터널에서 장난감을 물어왔다.,미노가 터널 속에서 내 발 옆으로 나왔다.,3,148
펫과의 일상,페럿과 함께한 재미난 놀이,170,"최근에 집에서 작은 상자 여러 개를 이용해 미로를 만들고 페럿에게 새로운 놀이를 시켜줬다. 상자 안에 간식을 숨겨두었더니, 처음엔 머뭇거리던 페럿이 코를 킁킁거리며 점점 미로 속을 탐험하기 시작했다. 결국 가장 깊숙한 상자에서 간식을 찾아내 꼬리를 흔들며 기뻐하던 모습이 아직도 눈에 선하다.",나는 페럿과 어떤 도구를 활용한 놀이를 했는가?,잘 모르겠음,공을 굴리는 놀이,상자들로 만든 미로,물속에서 수영,상자들로 만든 미로,3,124
펫과의 일상,페럿과 함께한 재미난 놀이,170,"며칠 전 퇴근 후 집에 들어서자마자 페럿이 신나게 꼬리를 흔들며 다가와서, 갑자기 소파 밑으로 쏙 숨어버렸어요. 그래서 작은 장난감 공을 굴려주니 소파 밑에서 얼굴만 내밀고 한참을 구경하다가, 이내 용기를 내어 공을 쫓아다니기 시작했죠. 공을 잡았다가 놓쳤다가 반복하는 모습이 너무 귀여워서 저도 바닥에 엎드려 같이 놀았는데, 잠시 후엔 페럿이 제 신발끈을 몰래 물고 도망가는 바람에 한바탕 소동이 벌어졌답니다. 덕분에 집안 가득 웃음소리가 넘쳤어요.",페럿이 가장 처음 한 행동은 무엇이었나요?,잘 모르겠음,공을 쫓아다녔다,신발끈을 물었다,소파 밑으로 숨어버렸다,소파 밑으로 숨어버렸다,4,191
펫과의 일상,페럿과 함께한 재미난 놀이,170,"창밖에 비가 내리는 오후, 집에서 페럿인 두리와 함께 터널 장난감을 펼쳐 놓고 놀았다. 두리가 터널 안으로 들어가면 나는 반대편에서 작은 공을 굴려 보내주곤 했는데, 두리가 공을 향해 재빠르게 달려가는 모습이 정말 귀여웠다. 가끔은 터널 중간에 멈춰서 고개를 빼꼼 내밀고 나를 바라보는 모습에 웃음이 절로 나왔다. 오늘은 평소보다 더 활발하게 움직여서인지 두리도 금방 지쳤는지 내 무릎 위에 올라와서 잠깐 눈을 감았다.",두리와 함께 사용한 장난감은 무엇이었나요?,잘 모르겠음,터널 장난감,고양이 캣타워,빨간색 줄넘기,터널 장난감,2,175
학창 시절 추억,고등학교 때의 첫사랑 이야기,170,"고등학교 2학년 봄, 교내 미술 대회 준비로 자주 미술실에 남게 되었는데, 그때 같은 반 친구가 매번 남아서 조용히 그림을 그리고 있는 모습을 보게 됐다. 어느 날 우연히 둘이 남게 되어 처음으로 긴 대화를 나눴고, 그날 이후로 서로 그림을 보여주며 조금씩 가까워졌다. 방과 후 미술실에서 함께 음악을 들으며 그림을 그리던 시간이 지금도 종종 생각난다.",발화자가 첫사랑과 가까워지게 된 계기는 무엇이었나요?,잘 모르겠음,동아리 활동을 하면서,미술 대회를 준비하며 미술실에 남으면서,수학 공부를 함께 하면서,미술 대회를 준비하며 미술실에 남으면서,3,145
학창 시절 추억,고등학교 때의 첫사랑 이야기,170,"점심시간마다 매점에서 딸기우유를 사는 게 작은 즐거움이었는데, 어느 날 평소에 잘 이야기하지 않던 반 친구가 먼저 다가와 딸기우유를 나눠 마시자고 제안했다. 그날 이후로 우리는 서로의 자리를 찾아가며 매점에서 만나게 되었고, 자연스럽게 많은 대화를 나누게 되었다. 사소한 관심에서 시작된 만남이 점점 특별하게 느껴져, 한동안 그 친구가 내 일상의 설렘이 되었다.",매점에서 우연히 시작된 주인공의 일상 속 특별한 설렘의 계기는 무엇이었나요?,잘 모르겠음,딸기우유를 함께 나눠 마신 것,수업시간에 같은 조가 된 것,체육대회에서 같은 팀이 된 것,딸기우유를 함께 나눠 마신 것,2,154
학창 시절 추억,고등학교 때의 첫사랑 이야기,170,고등학교 2학년 때 도서관에서 우연히 마주친 반 친구에게 마음이 끌리기 시작했다. 그 친구가 좋아하는 책을 따라 읽으면서 이야기를 나누는 시간이 점점 늘어났다. 어느 날 같이 급식을 먹으러 가자는 용기를 내어 처음으로 식당에서 둘이 앉아 밥을 먹었다. 식판 위에 올려진 김치찌개와 달걀프라이를 보며 어색하게 웃던 그 순간이 아직도 선명하게 떠오른다.,도서관에서 마음이 끌린 친구와 처음으로 함께 했던 활동은 무엇이었나요?,잘 모르겠음,학교 운동장에서 축구를 했다,식당에서 밥을 먹었다,노래방에서 노래를 불렀다,식당에서 밥을 먹었다,3,147
학창 시절 추억,고등학교 때의 첫사랑 이야기,170,"벚꽃이 흩날리던 어느 봄날, 친구들과 운동장에서 농구를 하다가 우연히 같은 반 수진이가 지나가는 걸 봤다. 평소 말 한마디 못 해봤던 터라 괜히 심장이 두근거렸다. 그날 이후로 쉬는 시간마다 수진이가 교실에 들어올 때마다 괜히 창밖을 보는 척하거나, 친구들과 모여 있어도 자꾸 그녀가 신경 쓰였다. 결국 용기를 내어 같은 조가 된 과학 실습 시간에 조심스럽게 말을 걸었던 기억이 아직도 생생하다.",화자는 수진이에게 처음으로 말을 걸었던 상황은 무엇이었나요?,잘 모르겠음,운동장에서 농구를 하던 때,과학 실습 시간에 같은 조가 되었을 때,쉬는 시간에 교실에서 만났을 때,과학 실습 시간에 같은 조가 되었을 때,3,164
학창 시절 추억,외국어 수업에서 겪은 어려움,170,"중학교 2학년 때 영어 수업 시간에 선생님이 갑자기 즉석에서 짧은 영어 연설을 해보라고 하셨던 기억이 난다. 준비 없이 영어로 내 생각을 말하려니 머릿속이 하얘져서 단어가 잘 떠오르지 않았고, 급하게 생각난 단어들을 조합해 겨우 몇 문장 말했지만 문법도 틀리고 자신감도 없어서 목소리가 점점 작아졌던 경험이었다. 이후로 발표가 있을 때마다 미리 준비를 더 열심히 하게 되었다.",영어 연설을 하면서 내가 겪은 가장 큰 어려움은 무엇이었나?,잘 모르겠음,원어민 발음 따라하기,준비 없이 생각을 영어로 말하기,듣기 평가에서 문제 풀기,준비 없이 생각을 영어로 말하기,3,157
학창 시절 추억,외국어 수업에서 겪은 어려움,170,"중학교 2학년 때 영어 수업 시간에 선생님께서 갑자기 짝을 지어 영어로 대화를 하라고 하셨다. 나는 평소에 영어로 말해본 경험이 별로 없어서 어떤 문장으로 시작해야 할지 머릿속이 하얘졌고, 짝인 수진이도 비슷하게 긴장한 눈치였다. 결국 어색하게 'How are you?'라고 시작했지만, 그 뒤로는 서로 눈치만 보며 단답형 대답만 주고받다가 선생님이 오실 때마다 더욱 당황해서 말문이 막혔다. 수업이 끝나고 나서야 안도의 한숨을 쉬었다.",영어 수업 시간에 화자가 겪었던 가장 큰 어려움은 무엇이었나요?,잘 모르겠음,문법 문제를 푸는 것,영어로 대화하는 것,단어 암기 시험 보는 것,영어로 대화하는 것,3,186
학창 시절 추억,외국어 수업에서 겪은 어려움,170,"며칠 전 친구들과 학창 시절 이야기를 나누다가 고등학교 때 외국어 수업에서 겪었던 일이 떠올랐다. 독일어 수업 시간에 선생님이 갑자기 독일 동요를 불러보라고 시키셨는데, 나는 가사를 제대로 외우지 못해 목소리가 점점 작아졌다. 옆자리에 앉은 수민이는 자신있게 노래를 불러서 모두의 박수를 받았지만, 나는 부끄러움에 얼굴이 빨개져 고개를 숙였다. 그날 이후로 수업 전에 가사를 소리 내어 연습했던 기억이 난다.",독일어 수업 시간에 발화자는 어떤 상황에서 목소리가 작아졌나요?,잘 모르겠음,수업에 지각해서,동요 가사를 제대로 외우지 못해서,친구가 장난을 쳐서,동요 가사를 제대로 외우지 못해서,3,173
학창 시절 추억,외국어 수업에서 겪은 어려움,170,"중학교 때 영어 수업에서 발표를 준비해야 했던 기억이 또렷하다. 친구들과 작은 그룹을 만들어 대본을 썼는데, 내가 맡은 부분에 낯선 단어가 많아 발음이 정말 어려웠다. 특히 ‘vegetable’이라는 단어를 연습할 때마다 친구들이 웃어서 더 긴장했다. 발표 당일엔 떨려서 목소리도 작아졌지만, 친구가 옆에서 조용히 손을 잡아줘서 조금 안심할 수 있었다. 끝나고 나니 선생님께서 용기를 칭찬해 주셔서 기분이 꽤 좋아졌다.",발표 연습 중 친구들이 웃었던 단어는 무엇이었나요?,잘 모르겠음,presentation,vegetable,language,vegetable,3,179
학창 시절 추억,학교 동아리 활동의 추억,170,"중학교 2학년 때 미술 동아리에서 활동했던 기억이 아직도 생생하다. 방과 후 교실에 모여 각자 그림을 그리고, 선생님께서 준비해주신 작은 전시회를 위해 다 같이 협동해 벽을 꾸몄다. 그 과정에서 평소에 잘 몰랐던 친구와 가까워져서 방학 때 같이 미술관도 방문했었다. 그 친구와 나란히 그림 앞에 서서 서로의 감상을 나누던 시간이 무척 특별하게 느껴졌고, 그 덕분에 미술에 대한 흥미도 더 깊어졌다.",발화자가 동아리 활동을 하며 새롭게 가까워진 친구와 방학 때 함께 한 활동은 무엇이었나요?,잘 모르겠음,영화 관람,미술관 방문,도서관 공부,미술관 방문,3,165
학창 시절 추억,학교 동아리 활동의 추억,170,"중학교 2학년 때 사진 동아리에 들어갔던 기억이 떠오른다. 당시에는 카메라를 다루는 것이 서툴러서 처음엔 사진이 흔들리거나 초점이 맞지 않아 실망하기도 했다. 하지만 동아리 선배가 방과 후에 남아서 직접 삼각대 사용법과 구도 잡는 요령을 알려주셨고, 그날 이후로 내 사진이 점점 나아지기 시작했다. 첫 동아리 전시회 때 내 사진이 복도에 걸렸을 때 느꼈던 뿌듯함은 지금도 생생하게 기억난다.",동아리 선배가 방과 후에 무엇을 직접 알려줬는가?,잘 모르겠음,사진 인화 방법,삼각대 사용법과 구도 잡는 요령,사진 보정 프로그램 사용법,사진 인화 방법,2,164
학창 시절 추억,학교 동아리 활동의 추억,170,"초등학교 6학년 때 미술 동아리에서 친구들과 벽화 그리기를 했던 기억이 아직도 생생하다. 처음엔 벽이 너무 커서 부담스러웠지만, 한 명씩 맡은 부분을 조금씩 채워가다 보니 점점 그림이 완성되어 가는 모습에 모두가 신이 났다. 완성 후 교장 선생님께 칭찬도 받고, 동아리 친구들과 사진도 찍으며 정말 뿌듯했던 하루였다.",미술 동아리에서 친구들과 함께 했던 활동은 무엇이었나요?,잘 모르겠음,벽화 그리기,음악 공연 준비,로봇 만들기,벽화 그리기,2,133
학창 시절 추억,학교 동아리 활동의 추억,170,"3학년 때 처음으로 사진 동아리에 들어가게 되었는데, 첫 모임 날이 아직도 기억에 남는다. 어색하게 인사한 뒤, 선배가 오래된 필름 카메라를 건네주며 직접 조리개와 셔터를 조절해 보라고 했다. 그때 친구들과 교실 복도를 돌아다니며 서로를 모델 삼아 사진을 찍었고, 모두 필름이 몇 장 남았는지 확인하느라 신경을 곤두세웠다. 현상된 사진을 며칠 뒤 동아리실에서 함께 보며 웃음이 터졌던 그 순간이 정말 소중하다.",동아리 첫 모임에서 어떤 활동을 했는지에 대한 설명으로 알맞은 것은?,잘 모르겠음,친구들과 운동장에서 축구를 했다,필름 카메라로 서로를 촬영했다,교실에서 그림을 그렸다,필름 카메라로 서로를 촬영했다,3,172
학창 시절 추억,학교 친구와의 소중한 우정,170,"며칠 전 문득 중학교 때 가장 친했던 친구와 함께했던 점심시간이 떠올랐다. 그 친구와 나는 도시락 반찬을 서로 바꿔 먹으며 고민을 나누곤 했었다. 하루는 내가 시험을 망쳐 우울해하자, 그 친구가 직접 쓴 짧은 편지를 내 책상 서랍에 넣어줘서 정말 큰 위로가 되었던 기억이 있다. 그 편지 덕분에 다시 힘내서 공부할 수 있었고, 그 후로도 우린 힘든 일이 있을 때마다 서로를 격려하며 우정을 이어갔다.",발화자의 친구가 시험을 망친 발화자에게 어떤 행동을 했는가?,잘 모르겠음,간식을 나눠줬다,직접 쓴 짧은 편지를 책상 서랍에 넣어줬다,함께 운동을 하자고 했다,직접 쓴 짧은 편지를 책상 서랍에 넣어줬다,3,162
학창 시절 추억,학교 친구와의 소중한 우정,170,"지난 겨울방학 때 친구 수진이와 처음으로 함께 스케이트장에 갔던 기억이 떠오른다. 둘 다 스케이트를 잘 타지 못해서 넘어지기도 했지만, 서로 손을 잡고 일으켜주며 깔깔 웃었던 순간들이 정말 소중했다. 넘어질 때마다 수진이가 '괜찮아, 우리 계속 해보자'고 용기를 줬고, 결국엔 둘 다 넘어지지 않고 한 바퀴를 도는 데 성공했다. 그때 느꼈던 든든함과 우정의 따뜻함이 아직도 내 마음을 따뜻하게 만든다.",발화에서 친구 수진이는 스케이트장에서 어떤 행동으로 화자에게 힘이 되어 주었나요?,잘 모르겠음,스케이트 기술을 가르쳐줌,넘어질 때마다 용기를 줌,간식을 사줌,넘어질 때마다 용기를 줌,3,168
학창 시절 추억,학교 친구와의 소중한 우정,170,"비 오는 날이었는데, 우산을 챙기지 않아 걱정하며 교실 창가에 서 있었던 기억이 난다. 그때 평소에 말이 별로 없던 민지가 다가와 자신이 가지고 온 우산을 함께 쓰자며 건네주었다. 우산 속에서 민지와 처음으로 긴 대화를 나눴고, 그 후로 우리는 자주 서로의 비밀을 나누는 친구가 되었다. 민지와의 이 경험은 내게 진정한 우정이 무엇인지 느끼게 해줬다.",화자는 어떤 상황에서 민지와 가까워지게 되었나요?,잘 모르겠음,점심시간에 함께 도시락을 먹으면서,비 오는 날 민지가 우산을 나눠주면서,운동회에서 같은 팀이 되면서,비 오는 날 민지가 우산을 나눠주면서,3,145
학창 시절 추억,학교 친구와의 소중한 우정,170,"등굣길에 비가 많이 내리던 어느 날, 우산을 깜빡하고 챙기지 않아 학교까지 젖은 채 걸어가야 할 상황이었다. 그때 평소 말이 적었던 반 친구 민수가 다가와 자신의 우산을 함께 쓰자고 해줬다. 평소엔 크게 대화하지 않았던 민수였지만, 그날 이후 우리는 조금씩 서로의 이야기를 나누며 가까워졌다. 시험이 끝난 후엔 같이 매점에 가서 떡볶이를 사 먹기도 했고, 서로의 고민을 털어놓는 사이가 되었다. 민수와의 우정 덕분에 학교생활이 한층 더 따뜻하게 느껴졌다.",발화자가 민수와 가까워지게 된 계기는 무엇이었나요?,잘 모르겠음,함께 시험공부를 했기 때문,같이 운동을 하면서 친해졌기 때문,비 오는 날 우산을 같이 썼기 때문,비 오는 날 우산을 같이 썼기 때문,4,190
학창 시절 추억,학교 페스티벌에서의 재미있는 경험,170,"며칠 전 학교 운동장에서 열린 페스티벌에서 우리 반이 직접 준비한 솜사탕 부스를 맡게 되었다. 솜사탕 기계를 처음 다루는 거라 손에 설탕을 잔뜩 묻히며 낑낑대다가, 결국 친구와 둘이서 서로 얼굴에 솜사탕을 붙여가며 한참을 웃었다. 그러다 지나가던 선생님께서 우리 모습을 보고 깜짝 놀라시며 사진을 찍어주셨고, 그 사진이 나중에 학교 홈페이지에 올라와서 반 친구들과 단체로 크게 웃었던 기억이 남아 있다.",페스티벌에서 우리 반이 맡은 부스는 무엇이었나요?,잘 모르겠음,타로카드 부스,솜사탕 부스,음료 판매 부스,솜사탕 부스,3,169
학창 시절 추억,학교 페스티벌에서의 재미있는 경험,170,"며칠 전 학교에서 열린 페스티벌에서 친구들과 함께 즉석에서 노래자랑에 참가하게 됐다. 평소 노래 부르는 것을 부끄러워했지만, 갑자기 친구들이 나를 무대 앞으로 끌고 갔고, 결국 세 명이서 좋아하는 옛날 노래를 불렀다. 무대 위에서 조명이 쏟아질 때 심장이 엄청 뛰었지만, 막상 노래를 시작하니 친구들과 눈이 마주치면서 긴장이 풀렸다. 마지막 부분에 관객들이 박수와 함성을 보내줘서, 평소와는 다르게 정말 특별한 경험이 되었다.",발화자와 친구들은 학교 페스티벌에서 어떤 활동에 참가했나요?,잘 모르겠음,댄스 경연대회,노래자랑,마술 공연,노래자랑,3,181
학창 시절 추억,학교 페스티벌에서의 재미있는 경험,170,"며칠 전 학교에서 열린 페스티벌에서 친구들과 즉석 댄스 대회에 참가하게 됐다. 원래는 관객으로만 있으려 했는데, 갑자기 사회자가 우리 팀을 무대로 불러 올렸다. 처음에는 긴장해서 발이 잘 움직이지 않았지만, 음악이 점점 신나게 나오자 자연스럽게 몸이 따라 움직였다. 마지막에 친구가 준비해 온 깜짝 모자 소품을 쓰고 다 같이 돌면서 춤췄더니 관중석에서 큰 박수가 나와 정말 뿌듯했다.",댄스 대회에서 친구와 함께 무대에서 사용한 소품은 무엇이었나요?,잘 모르겠음,리본,모자,풍선,모자,3,161
학창 시절 추억,학교 페스티벌에서의 재미있는 경험,170,"며칠 전 친구들과 학교 페스티벌에서 퀴즈 대회에 참가했는데, 예상치 못하게 우리 팀이 결승까지 올라가 정말 신이 났다. 결승 문제는 학교 급식에 관한 것이었는데, 내가 평소에 급식 메뉴판을 자주 봐둔 덕분에 정답을 맞힐 수 있었다. 덕분에 우리 팀은 상품으로 영화 예매권을 받았고, 대회가 끝난 후 다 같이 운동장에서 사진도 찍고 기념으로 서로에게 응원 메시지를 적어주었다. 덕분에 이번 페스티벌이 내겐 더욱 특별하게 느껴졌다.",퀴즈 대회 결승 문제의 주제는 무엇이었나요?,잘 모르겠음,학교 급식,학교 교가,운동회 규칙,학교 급식,2,179
학창 시절 추억,고등학교 시절 가장 재미있었던 순간,170,"친구들과 체육 시간에 농구 경기를 하던 날이 아직도 기억에 남는다. 처음에는 모두 서툴러서 서로 패스를 놓치거나 공을 빼앗기기 일쑤였지만, 어느 순간부터 호흡이 맞아가면서 연달아 점수를 땄다. 마지막에 내가 던진 공이 극적으로 들어가서 우리 팀이 이기자 다 같이 소리를 지르며 환호했고, 그날은 한동안 모두 기분이 좋아서 수업 내내 웃음이 끊이질 않았다.",발화에서 화자가 친구들과 함께 했던 활동은 무엇이었나요?,잘 모르겠음,농구 경기,음악 연주,과학 실험,농구 경기,2,149
학창 시절 추억,고등학교 시절 가장 재미있었던 순간,170,"친구들과 야간 자율학습 시간에 몰래 준비한 깜짝 생일 파티가 아직도 기억에 남는다. 조용히 공부하던 교실에 갑자기 불이 꺼지고, 한 친구가 케이크를 들고 들어오자 모두가 박수를 쳤다. 그날 선생님도 웃으며 함께 케이크를 나눠주셨고, 덕분에 공부 스트레스도 잠시 잊고 다 같이 사진도 찍었다. 이후 그 사진을 볼 때마다 그날의 따뜻하고 즐거웠던 분위기가 떠오른다.",야간 자율학습 시간에 교실에서 벌어진 일로 옳은 것은 무엇인가요?,잘 모르겠음,시험을 치렀다,깜짝 생일 파티를 열었다,체육대회 연습을 했다,깜짝 생일 파티를 열었다,3,152
학창 시절 추억,고등학교 시절 가장 재미있었던 순간,170,"고등학교 2학년 여름방학 때 반 친구들과 학교 운동장에서 밤늦게까지 술래잡기를 했던 기억이 아직도 생생하다. 평소에 조용했던 승현이까지 적극적으로 술래를 맡아서 다 같이 웃으며 뛰어다녔다. 땀이 비 오듯 흐르고 모두 숨이 차올라서 결국 교실로 들어와서 시원한 수박을 먹으며 서로 장난을 쳤다. 그날은 선생님도 특별히 늦게까지 남아 계셔서 우리를 지켜봐 주셨고, 모두가 마음껏 자유를 만끽했던 날이었다.",술래잡기를 마치고 교실에서 친구들과 함께 먹은 음식은 무엇이었나요?,잘 모르겠음,치킨,수박,피자,수박,3,171
학창 시절 추억,고등학교 시절 가장 재미있었던 순간,170,"수학여행을 갔을 때 친구들과 밤늦게까지 숙소에서 몰래 라면을 끓여 먹었던 기억이 아직도 생생하다. 모두 조용히 웃음을 참으며 라면을 돌려가며 먹었는데, 갑자기 선생님이 순찰을 도는 소리가 들려서 불을 급히 끄고 라면 냄비를 이불로 덮었다. 덕분에 라면은 반쯤만 익었지만, 그날 서로 눈을 맞추며 참았던 웃음과 긴장감이 정말 재미있었다.",수학여행 밤에 친구들과 함께 라면을 먹다 갑자기 무슨 일이 벌어졌나요?,잘 모르겠음,라면이 넘쳤다,선생님이 순찰을 돌았다,비가 내리기 시작했다,선생님이 순찰을 돌았다,3,142
학창 시절 추억,중학교 때 느꼈던 가장 큰 실패감,170,"중학교 2학년 때 과학 경시대회 준비를 하면서 매일 늦게까지 교실에 남아 문제를 풀었던 기억이 생생하다. 나름 열심히 했다고 생각했지만, 막상 대회 당일에는 너무 긴장해서 평소 실력보다 훨씬 못 미치는 점수를 받고 말았다. 결과 발표를 듣고 집에 돌아오는 길에 발걸음이 너무 무거웠다. 그때는 친구들이 위로해 줘도 실패했다는 자책감이 쉽게 사라지지 않아 한동안 의욕이 없었지만, 시간이 지나면서 그 경험 덕분에 다음에는 실수하더라도 포기하지 않는 마음을 배울 수 있었다.",내가 중학교 2학년 때 어떤 대회를 준비하다가 가장 큰 실패감을 느꼈는가?,잘 모르겠음,수학 경시대회,과학 경시대회,영어 말하기 대회,과학 경시대회,3,198
학창 시절 추억,중학교 때 느꼈던 가장 큰 실패감,170,"중학교 2학년 때 반대표 선거에 나갔던 기억이 아직도 생생하다. 준비한 공약을 열심히 외우고 친구들에게도 적극적으로 다가갔지만, 막상 발표 날이 되니 너무 긴장해서 준비한 말을 절반도 제대로 하지 못했다. 결국 결과 발표에서 내가 아닌 다른 친구가 반대표로 뽑혔고, 그때 느꼈던 아쉬움과 실패감이 정말 컸다. 선거가 끝난 뒤 며칠 동안은 친구들과 어울리는 것도 어색하게 느껴져서 혼자 있는 시간이 많아졌다.",반대표 선거에서 실패한 후 나는 어떤 변화를 겪었는가?,잘 모르겠음,혼자 있는 시간이 많아졌다.,운동을 더 열심히 하게 되었다.,새로운 친구를 많이 사귀었다.,혼자 있는 시간이 많아졌다.,2,171
학창 시절 추억,중학교 때 느꼈던 가장 큰 실패감,170,"중학교 2학년 때 반 대표로 수학 경시대회에 참가했는데, 연습 때는 어렵지 않게 풀리던 문제가 막상 시험장에서는 머리가 하얘져서 손조차 대지 못했던 기억이 생생하다. 시험이 끝나고 친구들과 정답을 맞춰보면서 내가 틀린 부분을 깨달았고, 그때의 좌절감은 말로 표현하기 어려웠다. 이후로는 실패가 두려워서 도전조차 망설였던 적도 많았던 것 같다.",발화자는 수학 경시대회에서 어떤 감정을 가장 크게 느꼈다고 했나요?,잘 모르겠음,기쁨,좌절감,화남,좌절감,3,146
학창 시절 추억,중학교 때 느꼈던 가장 큰 실패감,170,"중학교 2학년 때 학교 대표로 수학 경시대회에 나가게 되어 기대에 부풀었지만, 시험 당일 너무 긴장해서 평소 쉽게 풀던 문제도 머릿속이 하얘져 손도 대지 못했다. 대회가 끝나고 친구들과 선생님 앞에서 실망한 표정을 감추지 못했고, 결과 발표를 들었을 때 내 이름이 없는 걸 확인하니 왠지 모르게 눈물이 날 뻔했다. 그날은 집에 돌아와 가족들에게도 아무 말 못 하고 혼자 방에 누워 한참을 멍하니 있었던 기억이 아직도 생생하다.",경시대회에서 실패한 뒤 이 화자는 집에 돌아가서 무엇을 했나요?,잘 모르겠음,가족들과 저녁을 먹으며 이야기했다.,친구에게 바로 전화를 걸었다.,혼자 방에 누워 한참을 멍하니 있었다.,혼자 방에 누워 한참을 멍하니 있었다.,4,175
학창 시절 추억,초등학교 친구와의 소중한 추억,170,"내가 초등학교 4학년이었을 때, 옆자리에 앉았던 지훈이와 매일 점심시간마다 운동장에서 숨바꼭질을 하곤 했다. 그날따라 비가 내려 체육관에서 놀기로 했는데, 지훈이가 자신이 직접 만든 종이비행기를 선물로 주었다. 비행기는 파란색 색종이로 접혀 있었고, 우리가 누가 더 멀리 날릴 수 있는지 시합도 했다. 비가 그치고 집에 갈 때까지 우리는 함께 웃으며 종이비행기를 날렸다.",지훈이가 체육관에서 준 선물은 무엇이었나요?,잘 모르겠음,빨간색 연필,파란색 종이비행기,노란색 공책,파란색 종이비행기,3,158
학창 시절 추억,초등학교 친구와의 소중한 추억,170,"내가 다니던 초등학교에서 5학년 때 전학생으로 온 수진이와 처음 친해진 날이 떠오른다. 수진이는 점심시간에 도시락 반찬을 나눠주며 먼저 말을 걸어줬고, 그날부터 우리는 서로의 비밀을 나누는 사이가 되었다. 어느 날에는 학교 앞 문방구에서 산 똑같은 연필을 서로에게 선물하며 웃었던 기억이 아직도 생생하다.",발화에서 내가 수진이와 처음 친해진 계기는 무엇이었나요?,잘 모르겠음,같은 반이 되어서,수진이가 점심시간에 반찬을 나눠주며 말을 걸어서,학교 앞에서 우연히 만났기 때문에,수진이가 점심시간에 반찬을 나눠주며 말을 걸어서,3,130
학창 시절 추억,초등학교 친구와의 소중한 추억,170,"새 학기가 시작된 지 얼마 안 됐을 때, 반에서 유난히 조용했던 민수가 어느 날 우연히 내 연필을 주워주면서 처음 말을 걸어줬다. 그날 이후 우리는 점심시간마다 학교 뒤뜰에서 서로 좋아하는 만화 이야기나 가족 이야기를 나누곤 했다. 비 오는 날에는 창가에 나란히 앉아 창밖을 바라보며 소곤소곤 비밀 얘기를 하기도 했고, 서로의 생일에는 직접 만든 카드와 조그만 선물을 주고받으며 우정을 쌓아갔다. 민수 덕분에 초등학교 시절이 한층 더 따뜻하게 기억에 남는다.",내가 민수와 함께 점심시간에 주로 했던 일은 무엇인가요?,잘 모르겠음,학교 뒤뜰에서 좋아하는 만화와 가족 이야기를 나누었다.,운동장에서 축구를 했다.,도서관에서 책을 읽었다.,학교 뒤뜰에서 좋아하는 만화와 가족 이야기를 나누었다.,2,190
학창 시절 추억,초등학교 친구와의 소중한 추억,170,"초등학교 4학년 때 담임 선생님께서 반마다 연극 대회를 열어주셨는데, 그때 나는 주연이 아닌 배경을 담당했지만, 친구 지훈이가 대사를 외우지 못해 무대에서 당황했을 때 손에 쪽지를 몰래 쥐여준 기억이 있다. 그 일 덕분에 우리는 더 가까워져 방과 후마다 서로 대본을 읽어주며 연습했고, 결국 반이 상을 받았다. 그때 이후로 지훈이와는 중학교에 가서도 연락을 이어가며 소중한 친구가 되었다.",발화에서 화자가 초등학교 연극 대회 때 친구 지훈이를 도운 방법은 무엇이었나요?,잘 모르겠음,무대 뒤에서 조명을 비췄다.,쪽지를 손에 쥐여주었다.,대사를 대신 읽어주었다.,쪽지를 손에 쥐여주었다.,3,163
학창 시절 추억,학교 축제에서의 특별한 경험,170,"며칠 전 학교 축제에서 반 친구들과 함께 직접 부스를 준비했다. 우리는 여러 번 모여 밤늦게까지 팝콘 기계 사용법을 연습하고, 서로 역할을 정해가며 장식도 손수 만들었다. 축제 당일, 예상보다 훨씬 많은 학생들이 우리 부스에 몰려 줄을 서는 바람에 정신없이 팝콘을 만들었지만, 모두가 웃으며 즐기는 모습을 보니 정말 뿌듯했다. 특히 동생이 친구들과 와서 내 이름을 크게 불러줬던 순간이 기억에 남는다.",축제 당일 화자가 경험한 일로 알맞은 것은 무엇인가요?,잘 모르겠음,친구들과 연극 공연에 출연했다,많은 학생들이 부스에 몰려 바쁘게 팝콘을 만들었다,학교 축제에서 노래 대회에 참가했다,많은 학생들이 부스에 몰려 바쁘게 팝콘을 만들었다,3,167
학창 시절 추억,학교 축제에서의 특별한 경험,170,"며칠간 준비한 반 친구들과의 연극 공연이 끝난 뒤, 무대 뒤에서 모두가 서로를 안아주며 감격의 눈물을 흘렸다. 연습할 때는 대사도 자주 틀리고, 무대 장치도 엉켜서 다들 걱정이 많았는데, 공연 날에는 모든 게 완벽하게 맞아떨어졌다. 관객석에 앉아 있던 담임선생님도 엄지손가락을 들어 보이셨고, 공연 후에는 반 친구들끼리 준비한 작은 케이크를 나눠 먹으며 서로를 칭찬했다. 그날의 무대 조명과 환호성, 그리고 친구들과의 웃음이 아직도 생생하게 기억난다.",연극 공연이 끝난 뒤에 반 친구들이 함께 한 일은 무엇이었나요?,잘 모르겠음,선생님께 편지를 썼다,작은 케이크를 나눠 먹으며 서로를 칭찬했다,운동장에서 축구를 했다,작은 케이크를 나눠 먹으며 서로를 칭찬했다,3,192
학창 시절 추억,학교 축제에서의 특별한 경험,170,"중학교 2학년 때 학교 축제에서 반 친구들과 함께 연극을 준비했던 기억이 생생하다. 나는 주인공 역할을 맡아 대사를 외우느라 며칠간 밤늦게까지 연습했다. 공연 당일, 무대에 올라가자 긴장으로 목소리가 떨렸지만, 관객석에서 친구들과 선생님들이 큰 박수를 쳐주자 용기가 생겨 마지막까지 잘 마칠 수 있었다. 공연이 끝난 후에는 선생님께서 준비해주신 케이크를 반 친구들과 나눠 먹으며 모두 함께 사진도 찍었다.",발화자가 학교 축제에서 주인공 역할을 맡아 공연을 성공적으로 마친 후 반 친구들과 함께 나눠 먹은 것은 무엇이었나요?,잘 모르겠음,아이스크림,피자,케이크,케이크,4,172
학창 시절 추억,학교 축제에서의 특별한 경험,170,"며칠 전 교실 친구들과 함께 학교 축제 준비를 했던 일이 떠올랐다. 나는 평소와 다르게 연극반 무대에 서게 되었는데, 처음엔 대사가 자꾸 헷갈려서 연습할 때마다 실수를 반복했다. 하지만 친구들이 응원해주고, 선생님도 용기를 북돋아주셔서 점점 자신감이 생겼다. 무대 당일엔 무척 떨렸지만 막상 커튼이 올라가니 객석에서 친구들과 가족이 박수쳐주는 모습이 보여서 긴장이 풀렸다. 연극이 끝나고 무대 뒤에서 친구들과 서로 포옹하며 성공을 기뻐했던 그 순간이 아직도 마음에 남아 있다.",발화자의 학교 축제에서 맡은 역할은 무엇이었나요?,잘 모르겠음,연극반 무대에 서는 역할,축제 사회자 역할,음식 부스 운영 역할,연극반 무대에 서는 역할,2,202
학창 시절 추억,학창시절 가장 기억에 남는 선생님과의 이야기,170,"수학 시험을 망치고 풀이를 이해하지 못해 속상해하던 날, 담임 선생님께서 교실에 남아 같이 문제를 풀어주셨다. 선생님은 틀린 부분을 하나하나 짚어주시며 괜찮다고, 누구나 실수한다고 다독여주셨다. 그 덕분에 자신감을 되찾았고, 다음 시험 때는 좋은 점수를 받을 수 있었다. 선생님과의 이 경험은 아직도 힘들 때마다 큰 힘이 된다.",담임 선생님이 나에게 수학 문제를 설명해주신 장소는 어디였나요?,잘 모르겠음,도서관,교실,운동장,교실,3,139
학창 시절 추억,학창시절 가장 기억에 남는 선생님과의 이야기,170,"초등학교 6학년 때 담임이셨던 김민지 선생님은 제가 수학 문제를 자주 틀린다고 혼내기보다, 쉬는 시간마다 제 자리에 와서 천천히 설명해 주셨다. 어느 날은 시험 점수가 나왔을 때 직접 손편지를 써서 수고했다고 칭찬해 주셔서 정말 감동받았고, 그때부터 수학이 점점 재미있어졌다.",김민지 선생님이 제가 수학 문제를 자주 틀릴 때 어떤 방식으로 도와주셨나요?,잘 모르겠음,쉬는 시간마다 제 자리에 와서 천천히 설명해 주셨다,수학을 그만두라고 하셨다,다른 선생님에게 보내셨다,쉬는 시간마다 제 자리에 와서 천천히 설명해 주셨다,2,117
학창 시절 추억,학창시절 가장 기억에 남는 선생님과의 이야기,170,"중학교 2학년 때 국어 선생님께서 학급 문예대회에 참가해보라고 권유해주셨던 기억이 떠오른다. 그때 나는 글쓰기에 자신이 없어서 망설였지만, 선생님께서 교실 끝자리에서 조용히 나에게 손편지를 건네주시며 네 생각을 자유롭게 써보라고 격려해주셨다. 결국 용기를 내서 시를 썼고, 덕분에 교내 장려상도 받았다. 이후로 글쓰기에 대한 두려움이 많이 사라졌고, 선생님께 감사한 마음이 오래도록 남아 있다.",선생님께서 글쓰기에 자신 없어하던 나에게 건네주신 것은 무엇이었나요?,잘 모르겠음,손편지,도서관 이용권,초콜릿,손편지,2,171
학창 시절 추억,학창시절 가장 기억에 남는 선생님과의 이야기,170,"중학교 2학년 때 담임이었던 김 선생님이 떠오른다. 수학을 어려워하던 나를 위해 방과 후에 남아서 문제 풀이를 도와주셨다. 혼자 남아 풀이 과정을 설명할 때면, 종종 자신이 중학생이었을 때 겪었던 실수와 고민도 함께 이야기해주셔서 더 용기를 얻었다. 선생님 덕분에 수학 시험에서 처음으로 90점을 넘겼고, 그날 집에 돌아와 부모님께 자랑했던 기억이 지금도 선명하다.",김 선생님이 방과 후에 나에게 어떤 도움을 주셨는가?,잘 모르겠음,과학 실험을 도와주셨다.,수학 문제 풀이를 도와주셨다.,운동 연습을 도와주셨다.,수학 문제 풀이를 도와주셨다.,3,155
휴일의 데이트,강남 한복판에서의 데이트,170,"지난 주말엔 평소와 다르게 복잡한 강남 거리에서 데이트를 했다. 점심은 골목 안 숨겨진 작은 이탈리안 레스토랑에서 먹었고, 사람이 많아 기다리는 동안 서로의 취향에 대해 더 얘기할 수 있었다. 식사 후엔 거리 공연을 보며 자연스럽게 손을 잡았다. 평소엔 조용한 곳을 선호했지만, 북적이는 분위기 속에서 연인의 다른 모습을 발견할 수 있었던 하루였다.",우리가 강남에서 데이트하며 점심을 먹은 곳은 어디였나요?,잘 모르겠음,프랜차이즈 한식당,골목 안 작은 이탈리안 레스토랑,대형 카페,골목 안 작은 이탈리안 레스토랑,3,146
휴일의 데이트,강남 한복판에서의 데이트,170,"점심을 먹고 난 뒤, 연인과 강남역 근처를 천천히 걸었다. 갑자기 비가 쏟아져 급하게 근처 카페로 뛰어들었다. 카페 창가에 앉아 서로 마주보며 따뜻한 라떼를 마셨다. 밖에서 쏟아지는 빗소리와 함께, 창밖을 보며 대화를 나누는 시간이 유난히 소중하게 느껴졌다. 비가 그치자 우리는 다시 강남의 북적거리는 거리로 나섰고, 즉석에서 사진도 몇 장 남겼다. 비 덕분에 평소와 다른 추억이 쌓였다.","강남 한복판에서 데이트 중 비가 쏟아졌을 때, 두 사람이 한 일은 무엇이었나요?",잘 모르겠음,근처 옷가게에 들어갔다,카페로 들어가 라떼를 마셨다,지하상가에서 쇼핑을 했다,카페로 들어가 라떼를 마셨다,3,163
휴일의 데이트,강남 한복판에서의 데이트,170,"지난 주말에 친구와 강남역 근처에서 만나기로 했는데, 점심시간이 지나서 그런지 거리가 꽤 붐볐다. 우리는 카페를 찾다가 사람이 적은 골목길 안쪽 작은 가게를 발견했다. 평소에 자주 가던 곳은 아니었지만, 창밖으로 보이는 풍경이 꽤 괜찮아 보였다. 창가 자리에 앉아 서로 최근에 읽은 책 얘기도 하고, 특별히 딸기케이크를 시켜서 나눠 먹었다. 밖에선 버스킹 공연이 시작돼서, 창문 너머로 음악소리도 들려왔다. 오랜만에 느긋하게 시간을 보내서 참 좋았던 기억이다.",강남역 데이트에서 친구와 특별히 나눠 먹은 음식은 무엇이었나요?,잘 모르겠음,초콜릿 케이크,딸기케이크,아이스크림,딸기케이크,3,195
휴일의 데이트,강남 한복판에서의 데이트,170,"강남역 근처에서 친구와 데이트를 하기로 해서 점심에는 작은 파스타 집에 들렀다. 소란스러운 거리와는 달리 식당 안은 조용해서 대화에 집중할 수 있었다. 식사 후엔 사람들이 붐비는 대로를 따라 걷다가 즉석 거리 공연을 우연히 만났는데, 갑자기 친구가 즉흥적으로 무대에 올라가 노래를 불러서 깜짝 놀랐다. 공연이 끝나고 관객들에게 박수를 받는 모습을 보니 왠지 뿌듯하고 특별한 하루였던 것 같다.",발화에서 친구가 강남 한복판에서 한 행동은 무엇이었나요?,잘 모르겠음,파스타를 만들었다,거리 공연 무대에 올라가 노래를 불렀다,식당에서 일했다,거리 공연 무대에 올라가 노래를 불렀다,3,165
휴일의 데이트,비오는 날의 영화관 데이트,170,"비가 내리던 주말 오후, 우산을 나란히 쓰고 영화관에 갔던 기억이 떠오른다. 표를 사고 팝콘 냄새가 가득한 로비에 서 있으니, 친구가 갑자기 영화 대신 로맨틱 코미디를 보자고 제안했다. 원래는 액션 영화를 보려고 했지만, 친구의 기분을 따라 조금은 색다른 영화를 선택했다. 상영관 안에서 비 소리와 영화 속 웃음 소리가 묘하게 어울려 오히려 더 특별한 시간이 된 것 같다. 영화가 끝나고 밖에 나오니 빗줄기가 더 굵어져, 우리는 급하게 근처 카페로 뛰어가 따뜻한 커피를 마시며 비 오는 날의 데이트를 마무리했다.",영화관에서 원래 보려고 했던 장르는 무엇이었나요?,잘 모르겠음,로맨틱 코미디,액션,공포,액션,3,211
휴일의 데이트,비오는 날의 영화관 데이트,170,"창밖에 빗방울이 부딪히는 소리를 들으며 지민이와 약속한 영화관 데이트를 위해 우산을 챙겼다. 우산을 함께 쓰고 극장에 도착하니, 로비에서 나는 팝콘 냄새가 비에 젖은 공기를 달콤하게 바꿔주었다. 우리가 예매한 영화는 긴장감 넘치는 스릴러였는데, 중간중간 천둥 소리와 영화 속 효과음이 섞여서 실제로 더 몰입되는 기분이었다. 영화가 끝난 후엔 근처 카페에서 따뜻한 커피를 마시며 비가 그치길 기다렸다.",영화관에서 영화 관람 중에 실제로 몰입감을 높여준 외부 요소는 무엇이었나요?,잘 모르겠음,팝콘 냄새,천둥 소리,커피 향기,천둥 소리,3,170
휴일의 데이트,비오는 날의 영화관 데이트,170,"비가 억수같이 쏟아져서 우산을 쓰고 조심스럽게 영화관으로 향했다. 표를 받고 나니 신발이 다 젖어버렸지만, 오랜만에 보는 연인의 얼굴에 기분이 금세 좋아졌다. 영화가 시작되기 전 팝콘을 사서 나눠 먹으며, 서로 어떤 장면이 기대되는지 이야기했다. 영화 내내 빗소리가 극장 밖에서 희미하게 들렸고, 엔딩 크레딧이 올라갈 때쯤엔 비가 조금 잦아들어 다시 우산을 펴고 나왔다.",발화 속 화자는 영화가 시작되기 전에 연인과 무엇을 했는가?,잘 모르겠음,팝콘을 나눠 먹으며 기대되는 장면을 이야기했다,커피를 마시며 창밖을 바라봤다,우산을 빌리기 위해 대기했다,팝콘을 나눠 먹으며 기대되는 장면을 이야기했다,2,157
휴일의 데이트,비오는 날의 영화관 데이트,170,"비가 내리는 오후에 영화관 앞에서 우산을 나란히 들고 기다리던 순간이 아직도 생생하다. 약속 시간보다 조금 일찍 도착한 나는 그가 분주하게 달려오는 모습을 보며 괜히 웃음이 났다. 비에 젖은 신발을 털고 매표소에서 티켓을 받고, 팝콘 냄새가 가득한 로비에서 영화 시작을 기다리며 서로 우산을 정리해줬다. 상영관 안에서는 밖의 빗소리가 잦아드는 듯했고, 어둠 속에서 조용히 팝콘을 나누며 영화를 보는 그 시간이 유난히 소중하게 느껴졌다.",영화가 시작되기 전 두 사람이 함께 했던 일은 무엇이었나요?,잘 모르겠음,상영관에서 좌석을 찾았다,서로 우산을 정리해줬다,영화관 앞 벤치에 앉아 있었다,서로 우산을 정리해줬다,3,183
휴일의 데이트,주말 캠핑 데이트,170,"지난주 금요일 저녁에 퇴근하자마자 연인과 함께 자동차에 캠핑 장비를 싣고 근교 산으로 향했다. 도착하자마자 텐트를 설치하고, 직접 준비해온 재료로 바비큐를 구워먹었다. 밤에는 모닥불 앞에서 서로 좋아하는 음악을 번갈아 들으며 이야기를 나눴다. 새벽에 일어나 텐트 밖으로 나가보니 별이 가득한 하늘이 펼쳐져 있었고, 그 순간을 사진으로 남겨두었다.",발화에서 캠핑을 하며 밤에 두 사람이 함께 한 일로 알맞은 것은 무엇인가요?,잘 모르겠음,별을 관찰했다.,서로 좋아하는 음악을 들었다.,바비큐를 구웠다.,서로 좋아하는 음악을 들었다.,3,149
휴일의 데이트,주말 캠핑 데이트,170,"며칠 전부터 캠핑을 가고 싶다는 이야기를 꺼낸 연인의 제안으로, 우리는 근처 산에 있는 캠핑장에 예약을 했다. 도착하자마자 텐트를 치고, 준비해온 고구마를 숯불에 구웠는데, 연인이 직접 만든 김치볶음밥도 함께 먹으니 기대 이상으로 맛있었다. 밤에는 별이 쏟아지는 하늘 아래에서 작은 손전등으로 그림자를 만들어 보며 웃고 떠들다가, 이른 새벽 산책을 나가자고 약속했다.",캠핑장에서 연인이 준비해온 음식은 무엇이었나요?,잘 모르겠음,고구마구이,김치볶음밥,핫도그,김치볶음밥,3,157
휴일의 데이트,주말 캠핑 데이트,170,"평소와 다르게 이번 주말에는 도심을 벗어나 자연 속에서 연인과 캠핑을 하기로 했다. 도착하자마자 텐트를 치는 데에 시간이 오래 걸렸지만, 서로 도와가며 금방 익숙해졌다. 해가 지고 나서 모닥불 옆에서 구운 고구마와 마시멜로를 나누어 먹으며 평소보다 더 많은 대화를 나눌 수 있었다. 밤에는 별이 무척 잘 보여서 함께 누워 밤하늘을 바라보기도 했는데, 이런 조용한 시간이 주는 편안함을 오랜만에 느꼈다.",캠핑 중에 연인과 함께 한 특별한 활동은 무엇이었나요?,잘 모르겠음,숲에서 자전거 타기,밤하늘을 함께 바라보기,호수에서 낚시하기,밤하늘을 함께 바라보기,3,168
휴일의 데이트,주말 캠핑 데이트,170,"한동안 바빠서 서로 얼굴 보기도 힘들었는데, 드디어 주말에 캠핑을 다녀왔다. 밤에는 불멍을 하며 따뜻한 코코아를 마시고, 작은 랜턴 불빛 아래에서 서로의 어릴 적 추억 이야기를 나눴다. 아침엔 산책을 하다가 갑자기 비가 내려 급히 텐트로 뛰어들었는데, 그 순간 우산이 없어도 어쩐지 즐거웠다. 돌아오는 길에 즉석에서 찍은 사진을 보며 한참을 웃었다.",캠핑에서 아침 산책 도중에 갑자기 어떤 일이 일어났나요?,잘 모르겠음,강아지를 만났다,비가 내렸다,텐트가 날아갔다,비가 내렸다,3,147
휴일의 데이트,집에서 보내는 데이트,170,"비가 내려 밖에 나가지 못한 우리는 서로 좋아하는 요리를 만들어 보기로 했어. 나는 파스타를 만들고, 그는 감자전을 준비했지. 요리를 하면서 서로의 실수를 웃으며 넘기고, 완성된 음식을 먹으며 영화도 봤어. 특별한 장소는 아니었지만, 둘만의 작은 파티 같아서 오히려 더 즐거웠다. 다음엔 어떤 메뉴에 도전할지 이야기하며 하루를 마무리했어.",비가 오는 날 우리는 집에서 어떤 음식을 만들어 먹었나요?,잘 모르겠음,파스타와 감자전,치킨과 피자,김치찌개와 불고기,파스타와 감자전,2,144
휴일의 데이트,집에서 보내는 데이트,170,"창밖에 비가 내려서 외출은 포기하고, 둘이서 집에서 영화를 보기로 했다. 평소에 서로 좋아하는 장르가 달라서 고르는데 꽤 시간이 걸렸지만, 결국 서로 한 편씩 고르기로 합의했다. 내가 먼저 코미디 영화를 틀었더니 웃음소리가 끊이지 않았고, 연인도 내 취향을 존중해줘서 고마웠다. 영화가 끝난 뒤에는 직접 만든 샌드위치와 따뜻한 차를 먹으며 오늘처럼 소박한 하루도 충분히 행복하다는 이야기를 나눴다.",우리가 영화 장르를 고르는 과정에서 어떻게 결정했나요?,잘 모르겠음,둘 다 좋아하는 장르로 정했다,서로 한 편씩 선택하기로 했다,무작위로 한 편을 골랐다,서로 한 편씩 선택하기로 했다,3,169
휴일의 데이트,집에서 보내는 데이트,170,"비가 많이 내린 날, 우리는 외출 대신 집에서 함께 시간을 보내기로 했다. 평소에 해보고 싶었던 홈베이킹에 도전해보자며 달걀과 밀가루를 꺼냈다. 처음이라 그런지 반죽이 너무 질어져서 한참을 웃었다. 결국 완성된 쿠키는 모양이 조금 이상했지만, 서로에게 직접 만들어주는 커피와 함께 먹으니 오히려 더 특별하게 느껴졌다. 창밖 빗소리를 들으며 좋아하는 영화를 나란히 앉아 본 것도 기억에 오래 남을 것 같다.",우리가 집에서 데이트를 하며 처음 도전했던 활동은 무엇이었나요?,잘 모르겠음,홈베이킹,공예 만들기,그림 그리기,홈베이킹,2,170
휴일의 데이트,집에서 보내는 데이트,170,"주말에 우리는 복잡한 곳을 피하고 집에서 데이트를 하기로 했다. 같이 요리책을 보며 파스타를 만들고, 식탁에 촛불도 켜서 분위기를 냈다. 저녁을 먹은 후에는 소파에 앉아 둘이 좋아하는 옛날 영화를 골라 봤다. 서로의 취향을 이야기하며 간식으로 직접 구운 쿠키도 먹으니, 밖에 나가지 않아도 충분히 특별한 하루였다.",우리가 집에서 데이트를 하며 함께 한 요리는 무엇이었나요?,잘 모르겠음,볶음밥,파스타,피자,파스타,3,132
휴일의 데이트,책방에서의 달달한 데이트,170,"비가 내리던 어느 주말, 우리는 작은 동네 책방에서 데이트를 하기로 했다. 평소와 다르게 북적이지 않아 조용히 서로가 고른 책을 구경할 수 있었고, 나는 오래된 소설책을, 그는 여행 에세이를 골랐다. 각자 책을 읽으며 조용히 손을 잡고 있었는데, 주인아저씨가 따뜻한 허브차를 내어주셔서 책 향기와 차 향이 어우러진 공간이 너무 포근하게 느껴졌다. 책을 다 읽은 후, 우리는 서로가 고른 책을 바꿔 읽으며, 어떤 구절이 마음에 남았는지 이야기하는 시간도 가졌다.",책방에서 주인아저씨가 우리에게 내어준 음료는 무엇이었나요?,잘 모르겠음,커피,허브차,오렌지주스,허브차,3,192
휴일의 데이트,책방에서의 달달한 데이트,170,"이번 주말에는 연인과 오랜만에 동네 작은 책방에 들렀다. 각자 관심 있는 책을 고른 뒤, 카페 한쪽에 앉아 서로 책 내용을 소개해 주는 시간을 가졌다. 나는 여행 에세이를 골랐고, 연인은 시집을 골랐다. 책을 읽으며 느낀 감정이나 기억을 나누다 보니 평소 몰랐던 서로의 취향과 생각을 더 알게 되어 좋았다. 책방을 나서며 서로가 읽었던 책을 교환해서 다음 만남 때까지 읽어보기로 약속했다.",책방 데이트 중 내가 고른 책의 종류는 무엇이었나요?,잘 모르겠음,소설책,여행 에세이,시집,여행 에세이,3,160
휴일의 데이트,책방에서의 달달한 데이트,170,"점심을 먹고 나서 지윤이와 함께 동네에 새로 생긴 작은 책방을 찾았다. 서로 좋아하는 장르의 책을 골라주기로 했는데, 나는 지윤이에게 에세이집을 추천했고, 지윤이는 내게 추리소설을 골라줬다. 각자 고른 책을 읽으며 조용히 커피를 마셨는데, 중간중간 책에 나온 인상 깊은 구절을 소곤소곤 나눴다. 그렇게 시간 가는 줄 모르고 책 속에 빠져 있다가, 마지막엔 서로의 책에 짧은 편지를 적어주며 하루를 마무리했다.",책방 데이트에서 지윤이가 나에게 골라준 책의 장르는 무엇이었나요?,잘 모르겠음,에세이집,추리소설,시집,추리소설,3,172
휴일의 데이트,책방에서의 달달한 데이트,170,"도심 한복판에 숨겨진 작은 책방에 들어섰을 때, 서가 사이로 퍼지는 종이 냄새와 은은한 재즈 음악이 우리 둘 사이를 더욱 가까워지게 만들었다. 서로에게 어울릴 만한 책을 골라주는 놀이를 하면서 자연스럽게 웃음이 터졌고, 내가 고른 시집을 연인에게 읽어주자 살짝 얼굴이 붉어지는 모습이 정말 귀여웠다. 계산대 옆 커피 코너에서 따뜻한 라떼를 마시며 서로의 책에 대해 이야기 나누는 그 순간이 특별하게 느껴졌다.",책방 데이트 중 연인이 얼굴이 붉어진 이유는 무엇이었나요?,잘 모르겠음,커피가 뜨거워서,내가 시집을 읽어줬기 때문에,책방이 더워서,내가 시집을 읽어줬기 때문에,3,171
